service_id,monday,tuesday,wednesday,thursday,friday,saturday,sunday,start_date,end_date
ANUM:ANEO306:306:306MFARR0325:O:2,1,1,1,1,1,0,0,20250831,20251223
ANUM:ANEO306:306:306MFARR0325:O:4,1,1,1,1,1,0,0,20250831,20251223
ANUM:ANEO306:306:306MFARR0325:O:6,1,1,1,1,1,0,0,20250831,20251223
ANUM:ANEO306:306:306MFARR0325:O:7,1,1,1,1,1,0,0,20250831,20251223
ANUM:ANEO306:306:306MFARR0325:O:10,1,1,1,1,1,0,0,20250831,20251223
ANUM:ANEO306:306:306MFARR0325:O:12,1,1,1,1,1,0,0,20250831,20251223
ANUM:ANEO306:306:306MFARR0325:O:14,1,1,1,1,1,0,0,20250831,20251223
ANUM:ANEO306:306:306MFARR0325:O:16,1,1,1,1,1,0,0,20250831,20251223
ANUM:ANEO306:306:306MFARR0325:O:17,1,1,1,1,1,0,0,20250831,20251223
ANUM:ANEO306:306:306MFARR0325:O:20,1,1,1,1,1,0,0,20250831,20251223
ANUM:ANEO306:306:306MFARR0325:O:22,1,1,1,1,1,0,0,20250831,20251223
ANUM:ANEO306:306:306MFARR0325:O:23,1,1,1,1,1,0,0,20250831,20251223
ANUM:ANEO306:306:306MFARR0325:O:26,1,1,1,1,1,0,0,20250831,20251223
ANUM:ANEO306:306:306MFARR0325:O:28,1,1,1,1,1,0,0,20250831,20251223
ANUM:ANEO306:306:306MFARR0325:O:29,1,1,1,1,1,0,0,20250831,20251223
ANUM:ANEO306:306:306MFARR0325:O:32,1,1,1,1,1,0,0,20250831,20251223
ANUM:ANEO306:306:306MFARR0325:O:34,1,1,1,1,1,0,0,20250831,20251223
ANUM:ANEO306:306:306MFARR0325:O:35,1,1,1,1,1,0,0,20250831,20251223
ANUM:ANEO306:306:306MFARR0325:O:38,1,1,1,1,1,0,0,20250831,20251223
ANUM:ANEO306:306:306MFARR0325:O:40,1,1,1,1,1,0,0,20250831,20251223
ANUM:ANEO306:306:306MFARR0325:O:41,1,1,1,1,1,0,0,20250831,20251223
ANUM:ANEO306:306:306MFARR0325:O:44,1,1,1,1,1,0,0,20250831,20251223
ANUM:ANEO306:306:306MFARR0325:O:46,1,1,1,1,1,0,0,20250831,20251223
ANUM:ANEO306:306:306MFARR0325:O:47,1,1,1,1,1,0,0,20250831,20251223
ANUM:ANEO306:306:306MFARR0325:O:50,1,1,1,1,1,0,0,20250831,20251223
ANUM:ANEO306:306:306MFARR0325:O:52,1,1,1,1,1,0,0,20250831,20251223
ANUM:ANEO306:306:306MFARR0325:O:54,1,1,1,1,1,0,0,20250831,20251223
ANUM:ANEO306:306:306MFARR0325:O:56,1,1,1,1,1,0,0,20250831,20251223
ANUM:ANEO306:306:306MFARR0325:O:58,1,1,1,1,1,0,0,20250831,20251223
ANUM:ANEO306:306:306MFARR0325:O:60,1,1,1,1,1,0,0,20250831,20251223
ANUM:ANEO306:306:306MFARR0325:O:62,1,1,1,1,1,0,0,20250831,20251223
ANUM:ANEO306:306:306MFARR0325:O:64,1,1,1,1,1,0,0,20250831,20251223
ANUM:ANEO306:306:306MFARR0325:O:66,1,1,1,1,1,0,0,20250831,20251223
ANUM:ANEO306:306:306MFARR0325:O:68,1,1,1,1,1,0,0,20250831,20251223
ANUM:ANEO306:306:306MFARR0325:O:70,1,1,1,1,1,0,0,20250831,20251223
ANUM:ANEO306:306:306MFARR0325:O:72,1,1,1,1,1,0,0,20250831,20251223
ANUM:ANEO306:306:306MFARR0325:O:74,1,1,1,1,1,0,0,20250831,20251223
ANUM:ANEO306:306:306MFARR0325:O:76,1,1,1,1,1,0,0,20250831,20251223
ANUM:ANEO306:306:306MFARR0325:O:78,1,1,1,1,1,0,0,20250831,20251223
ANUM:ANEO306:306:306MFARR0325:O:80,1,1,1,1,1,0,0,20250831,20251223
ANUM:ANEO306:306:306MFARR0325:I:3,1,1,1,1,1,0,0,20250831,20251223
ANUM:ANEO306:306:306MFARR0325:I:5,1,1,1,1,1,0,0,20250831,20251223
ANUM:ANEO306:306:306MFARR0325:I:7,1,1,1,1,1,0,0,20250831,20251223
ANUM:ANEO306:306:306MFARR0325:I:9,1,1,1,1,1,0,0,20250831,20251223
ANUM:ANEO306:306:306MFARR0325:I:11,1,1,1,1,1,0,0,20250831,20251223
ANUM:ANEO306:306:306MFARR0325:I:13,1,1,1,1,1,0,0,20250831,20251223
ANUM:ANEO306:306:306MFARR0325:I:15,1,1,1,1,1,0,0,20250831,20251223
ANUM:ANEO306:306:306MFARR0325:I:17,1,1,1,1,1,0,0,20250831,20251223
ANUM:ANEO306:306:306MFARR0325:I:19,1,1,1,1,1,0,0,20250831,20251223
ANUM:ANEO306:306:306MFARR0325:I:21,1,1,1,1,1,0,0,20250831,20251223
ANUM:ANEO306:306:306MFARR0325:I:23,1,1,1,1,1,0,0,20250831,20251223
ANUM:ANEO306:306:306MFARR0325:I:25,1,1,1,1,1,0,0,20250831,20251223
ANUM:ANEO306:306:306MFARR0325:I:27,1,1,1,1,1,0,0,20250831,20251223
ANUM:ANEO306:306:306MFARR0325:I:29,1,1,1,1,1,0,0,20250831,20251223
ANUM:ANEO306:306:306MFARR0325:I:31,1,1,1,1,1,0,0,20250831,20251223
ANUM:ANEO306:306:306MFARR0325:I:33,1,1,1,1,1,0,0,20250831,20251223
ANUM:ANEO306:306:306MFARR0325:I:35,1,1,1,1,1,0,0,20250831,20251223
ANUM:ANEO306:306:306MFARR0325:I:37,1,1,1,1,1,0,0,20250831,20251223
ANUM:ANEO306:306:306MFARR0325:I:39,1,1,1,1,1,0,0,20250831,20251223
ANUM:ANEO306:306:306MFARR0325:I:41,1,1,1,1,1,0,0,20250831,20251223
ANUM:ANEO306:306:306MFARR0325:I:43,1,1,1,1,1,0,0,20250831,20251223
ANUM:ANEO306:306:306MFARR0325:I:45,1,1,1,1,1,0,0,20250831,20251223
ANUM:ANEO306:306:306MFARR0325:I:47,1,1,1,1,1,0,0,20250831,20251223
ANUM:ANEO306:306:306MFARR0325:I:49,1,1,1,1,1,0,0,20250831,20251223
ANUM:ANEO306:306:306MFARR0325:I:51,1,1,1,1,1,0,0,20250831,20251223
ANUM:ANEO306:306:306MFARR0325:I:53,1,1,1,1,1,0,0,20250831,20251223
ANUM:ANEO306:306:306MFARR0325:I:55,1,1,1,1,1,0,0,20250831,20251223
ANUM:ANEO306:306:306MFARR0325:I:57,1,1,1,1,1,0,0,20250831,20251223
ANUM:ANEO306:306:306MFARR0325:I:59,1,1,1,1,1,0,0,20250831,20251223
ANUM:ANEO306:306:306MFARR0325:I:61,1,1,1,1,1,0,0,20250831,20251223
ANUM:ANEO306:306:306MFARR0325:I:63,1,1,1,1,1,0,0,20250831,20251223
ANUM:ANEO306:306:306MFARR0325:I:65,1,1,1,1,1,0,0,20250831,20251223
ANUM:ANEO306:306:306MFARR0325:I:67,1,1,1,1,1,0,0,20250831,20251223
ANUM:ANEO306:306:306MFARR0325:I:69,1,1,1,1,1,0,0,20250831,20251223
ANUM:ANEO306:306:306MFARR0325:I:71,1,1,1,1,1,0,0,20250831,20251223
ANUM:ANEO306:306:306MFARR0325:I:73,1,1,1,1,1,0,0,20250831,20251223
ANUM:ANEO306:306:306MFARR0325:I:75,1,1,1,1,1,0,0,20250831,20251223
ANUM:ANEO306:306:306MFARR0325:I:77,1,1,1,1,1,0,0,20250831,20251223
ANUM:ANEO306:306:306MFARR0325:I:79,1,1,1,1,1,0,0,20250831,20251223
ANUM:ANEO306:306:306MFARR0325:I:81,1,1,1,1,1,0,0,20250831,20251223
ANUM:ANEO306:306:306SAARR0325:O:2,0,0,0,0,0,1,0,20250831,20251223
ANUM:ANEO306:306:306SAARR0325:O:4,0,0,0,0,0,1,0,20250831,20251223
ANUM:ANEO306:306:306SAARR0325:O:6,0,0,0,0,0,1,0,20250831,20251223
ANUM:ANEO306:306:306SAARR0325:O:7,0,0,0,0,0,1,0,20250831,20251223
ANUM:ANEO306:306:306SAARR0325:O:9,0,0,0,0,0,1,0,20250831,20251223
ANUM:ANEO306:306:306SAARR0325:O:12,0,0,0,0,0,1,0,20250831,20251223
ANUM:ANEO306:306:306SAARR0325:O:14,0,0,0,0,0,1,0,20250831,20251223
ANUM:ANEO306:306:306SAARR0325:O:15,0,0,0,0,0,1,0,20250831,20251223
ANUM:ANEO306:306:306SAARR0325:O:18,0,0,0,0,0,1,0,20250831,20251223
ANUM:ANEO306:306:306SAARR0325:O:20,0,0,0,0,0,1,0,20250831,20251223
ANUM:ANEO306:306:306SAARR0325:O:21,0,0,0,0,0,1,0,20250831,20251223
ANUM:ANEO306:306:306SAARR0325:O:24,0,0,0,0,0,1,0,20250831,20251223
ANUM:ANEO306:306:306SAARR0325:O:26,0,0,0,0,0,1,0,20250831,20251223
ANUM:ANEO306:306:306SAARR0325:O:27,0,0,0,0,0,1,0,20250831,20251223
ANUM:ANEO306:306:306SAARR0325:O:30,0,0,0,0,0,1,0,20250831,20251223
ANUM:ANEO306:306:306SAARR0325:O:32,0,0,0,0,0,1,0,20250831,20251223
ANUM:ANEO306:306:306SAARR0325:O:33,0,0,0,0,0,1,0,20250831,20251223
ANUM:ANEO306:306:306SAARR0325:O:36,0,0,0,0,0,1,0,20250831,20251223
ANUM:ANEO306:306:306SAARR0325:O:38,0,0,0,0,0,1,0,20250831,20251223
ANUM:ANEO306:306:306SAARR0325:O:39,0,0,0,0,0,1,0,20250831,20251223
ANUM:ANEO306:306:306SAARR0325:O:42,0,0,0,0,0,1,0,20250831,20251223
ANUM:ANEO306:306:306SAARR0325:O:44,0,0,0,0,0,1,0,20250831,20251223
ANUM:ANEO306:306:306SAARR0325:O:45,0,0,0,0,0,1,0,20250831,20251223
ANUM:ANEO306:306:306SAARR0325:O:48,0,0,0,0,0,1,0,20250831,20251223
ANUM:ANEO306:306:306SAARR0325:O:50,0,0,0,0,0,1,0,20250831,20251223
ANUM:ANEO306:306:306SAARR0325:O:51,0,0,0,0,0,1,0,20250831,20251223
ANUM:ANEO306:306:306SAARR0325:O:54,0,0,0,0,0,1,0,20250831,20251223
ANUM:ANEO306:306:306SAARR0325:O:56,0,0,0,0,0,1,0,20250831,20251223
ANUM:ANEO306:306:306SAARR0325:O:57,0,0,0,0,0,1,0,20250831,20251223
ANUM:ANEO306:306:306SAARR0325:O:60,0,0,0,0,0,1,0,20250831,20251223
ANUM:ANEO306:306:306SAARR0325:O:62,0,0,0,0,0,1,0,20250831,20251223
ANUM:ANEO306:306:306SAARR0325:O:64,0,0,0,0,0,1,0,20250831,20251223
ANUM:ANEO306:306:306SAARR0325:O:66,0,0,0,0,0,1,0,20250831,20251223
ANUM:ANEO306:306:306SAARR0325:O:68,0,0,0,0,0,1,0,20250831,20251223
ANUM:ANEO306:306:306SAARR0325:O:70,0,0,0,0,0,1,0,20250831,20251223
ANUM:ANEO306:306:306SAARR0325:O:72,0,0,0,0,0,1,0,20250831,20251223
ANUM:ANEO306:306:306SAARR0325:I:2,0,0,0,0,0,1,0,20250831,20251223
ANUM:ANEO306:306:306SAARR0325:I:4,0,0,0,0,0,1,0,20250831,20251223
ANUM:ANEO306:306:306SAARR0325:I:5,0,0,0,0,0,1,0,20250831,20251223
ANUM:ANEO306:306:306SAARR0325:I:7,0,0,0,0,0,1,0,20250831,20251223
ANUM:ANEO306:306:306SAARR0325:I:8,0,0,0,0,0,1,0,20250831,20251223
ANUM:ANEO306:306:306SAARR0325:I:10,0,0,0,0,0,1,0,20250831,20251223
ANUM:ANEO306:306:306SAARR0325:I:12,0,0,0,0,0,1,0,20250831,20251223
ANUM:ANEO306:306:306SAARR0325:I:14,0,0,0,0,0,1,0,20250831,20251223
ANUM:ANEO306:306:306SAARR0325:I:16,0,0,0,0,0,1,0,20250831,20251223
ANUM:ANEO306:306:306SAARR0325:I:18,0,0,0,0,0,1,0,20250831,20251223
ANUM:ANEO306:306:306SAARR0325:I:20,0,0,0,0,0,1,0,20250831,20251223
ANUM:ANEO306:306:306SAARR0325:I:22,0,0,0,0,0,1,0,20250831,20251223
ANUM:ANEO306:306:306SAARR0325:I:24,0,0,0,0,0,1,0,20250831,20251223
ANUM:ANEO306:306:306SAARR0325:I:26,0,0,0,0,0,1,0,20250831,20251223
ANUM:ANEO306:306:306SAARR0325:I:28,0,0,0,0,0,1,0,20250831,20251223
ANUM:ANEO306:306:306SAARR0325:I:30,0,0,0,0,0,1,0,20250831,20251223
ANUM:ANEO306:306:306SAARR0325:I:32,0,0,0,0,0,1,0,20250831,20251223
ANUM:ANEO306:306:306SAARR0325:I:34,0,0,0,0,0,1,0,20250831,20251223
ANUM:ANEO306:306:306SAARR0325:I:36,0,0,0,0,0,1,0,20250831,20251223
ANUM:ANEO306:306:306SAARR0325:I:38,0,0,0,0,0,1,0,20250831,20251223
ANUM:ANEO306:306:306SAARR0325:I:40,0,0,0,0,0,1,0,20250831,20251223
ANUM:ANEO306:306:306SAARR0325:I:42,0,0,0,0,0,1,0,20250831,20251223
ANUM:ANEO306:306:306SAARR0325:I:44,0,0,0,0,0,1,0,20250831,20251223
ANUM:ANEO306:306:306SAARR0325:I:46,0,0,0,0,0,1,0,20250831,20251223
ANUM:ANEO306:306:306SAARR0325:I:48,0,0,0,0,0,1,0,20250831,20251223
ANUM:ANEO306:306:306SAARR0325:I:50,0,0,0,0,0,1,0,20250831,20251223
ANUM:ANEO306:306:306SAARR0325:I:52,0,0,0,0,0,1,0,20250831,20251223
ANUM:ANEO306:306:306SAARR0325:I:54,0,0,0,0,0,1,0,20250831,20251223
ANUM:ANEO306:306:306SAARR0325:I:56,0,0,0,0,0,1,0,20250831,20251223
ANUM:ANEO306:306:306SAARR0325:I:58,0,0,0,0,0,1,0,20250831,20251223
ANUM:ANEO306:306:306SAARR0325:I:60,0,0,0,0,0,1,0,20250831,20251223
ANUM:ANEO306:306:306SAARR0325:I:62,0,0,0,0,0,1,0,20250831,20251223
ANUM:ANEO306:306:306SAARR0325:I:64,0,0,0,0,0,1,0,20250831,20251223
ANUM:ANEO306:306:306SAARR0325:I:66,0,0,0,0,0,1,0,20250831,20251223
ANUM:ANEO306:306:306SAARR0325:I:68,0,0,0,0,0,1,0,20250831,20251223
ANUM:ANEO306:306:306SAARR0325:I:70,0,0,0,0,0,1,0,20250831,20251223
ANUM:ANEO306:306:306SAARR0325:I:72,0,0,0,0,0,1,0,20250831,20251223
ANUM:ANEO306:306:306SAARR0325:I:74,0,0,0,0,0,1,0,20250831,20251223
ANUM:ANEO306:306:306SUARR0325:O:2,0,0,0,0,0,0,1,20250831,20251223
ANUM:ANEO306:306:306SUARR0325:O:4,0,0,0,0,0,0,1,20250831,20251223
ANUM:ANEO306:306:306SUARR0325:O:6,0,0,0,0,0,0,1,20250831,20251223
ANUM:ANEO306:306:306SUARR0325:O:8,0,0,0,0,0,0,1,20250831,20251223
ANUM:ANEO306:306:306SUARR0325:O:10,0,0,0,0,0,0,1,20250831,20251223
ANUM:ANEO306:306:306SUARR0325:O:12,0,0,0,0,0,0,1,20250831,20251223
ANUM:ANEO306:306:306SUARR0325:O:14,0,0,0,0,0,0,1,20250831,20251223
ANUM:ANEO306:306:306SUARR0325:O:16,0,0,0,0,0,0,1,20250831,20251223
ANUM:ANEO306:306:306SUARR0325:O:18,0,0,0,0,0,0,1,20250831,20251223
ANUM:ANEO306:306:306SUARR0325:O:20,0,0,0,0,0,0,1,20250831,20251223
ANUM:ANEO306:306:306SUARR0325:O:22,0,0,0,0,0,0,1,20250831,20251223
ANUM:ANEO306:306:306SUARR0325:O:24,0,0,0,0,0,0,1,20250831,20251223
ANUM:ANEO306:306:306SUARR0325:O:26,0,0,0,0,0,0,1,20250831,20251223
ANUM:ANEO306:306:306SUARR0325:O:28,0,0,0,0,0,0,1,20250831,20251223
ANUM:ANEO306:306:306SUARR0325:O:30,0,0,0,0,0,0,1,20250831,20251223
ANUM:ANEO306:306:306SUARR0325:O:32,0,0,0,0,0,0,1,20250831,20251223
ANUM:ANEO306:306:306SUARR0325:O:34,0,0,0,0,0,0,1,20250831,20251223
ANUM:ANEO306:306:306SUARR0325:O:36,0,0,0,0,0,0,1,20250831,20251223
ANUM:ANEO306:306:306SUARR0325:O:38,0,0,0,0,0,0,1,20250831,20251223
ANUM:ANEO306:306:306SUARR0325:O:40,0,0,0,0,0,0,1,20250831,20251223
ANUM:ANEO306:306:306SUARR0325:O:42,0,0,0,0,0,0,1,20250831,20251223
ANUM:ANEO306:306:306SUARR0325:O:44,0,0,0,0,0,0,1,20250831,20251223
ANUM:ANEO306:306:306SUARR0325:O:46,0,0,0,0,0,0,1,20250831,20251223
ANUM:ANEO306:306:306SUARR0325:O:48,0,0,0,0,0,0,1,20250831,20251223
ANUM:ANEO306:306:306SUARR0325:O:50,0,0,0,0,0,0,1,20250831,20251223
ANUM:ANEO306:306:306SUARR0325:O:52,0,0,0,0,0,0,1,20250831,20251223
ANUM:ANEO306:306:306SUARR0325:I:2,0,0,0,0,0,0,1,20250831,20251223
ANUM:ANEO306:306:306SUARR0325:I:4,0,0,0,0,0,0,1,20250831,20251223
ANUM:ANEO306:306:306SUARR0325:I:6,0,0,0,0,0,0,1,20250831,20251223
ANUM:ANEO306:306:306SUARR0325:I:8,0,0,0,0,0,0,1,20250831,20251223
ANUM:ANEO306:306:306SUARR0325:I:10,0,0,0,0,0,0,1,20250831,20251223
ANUM:ANEO306:306:306SUARR0325:I:12,0,0,0,0,0,0,1,20250831,20251223
ANUM:ANEO306:306:306SUARR0325:I:14,0,0,0,0,0,0,1,20250831,20251223
ANUM:ANEO306:306:306SUARR0325:I:16,0,0,0,0,0,0,1,20250831,20251223
ANUM:ANEO306:306:306SUARR0325:I:18,0,0,0,0,0,0,1,20250831,20251223
ANUM:ANEO306:306:306SUARR0325:I:20,0,0,0,0,0,0,1,20250831,20251223
ANUM:ANEO306:306:306SUARR0325:I:22,0,0,0,0,0,0,1,20250831,20251223
ANUM:ANEO306:306:306SUARR0325:I:24,0,0,0,0,0,0,1,20250831,20251223
ANUM:ANEO306:306:306SUARR0325:I:26,0,0,0,0,0,0,1,20250831,20251223
ANUM:ANEO306:306:306SUARR0325:I:28,0,0,0,0,0,0,1,20250831,20251223
ANUM:ANEO306:306:306SUARR0325:I:30,0,0,0,0,0,0,1,20250831,20251223
ANUM:ANEO306:306:306SUARR0325:I:32,0,0,0,0,0,0,1,20250831,20251223
ANUM:ANEO306:306:306SUARR0325:I:34,0,0,0,0,0,0,1,20250831,20251223
ANUM:ANEO306:306:306SUARR0325:I:36,0,0,0,0,0,0,1,20250831,20251223
ANUM:ANEO306:306:306SUARR0325:I:38,0,0,0,0,0,0,1,20250831,20251223
ANUM:ANEO306:306:306SUARR0325:I:40,0,0,0,0,0,0,1,20250831,20251223
ANUM:ANEO306:306:306SUARR0325:I:42,0,0,0,0,0,0,1,20250831,20251223
ANUM:ANEO306:306:306SUARR0325:I:44,0,0,0,0,0,0,1,20250831,20251223
ANUM:ANEO306:306:306SUARR0325:I:46,0,0,0,0,0,0,1,20250831,20251223
ANUM:ANEO306:306:306SUARR0325:I:48,0,0,0,0,0,0,1,20250831,20251223
ANUM:ANEO306:306:306SUARR0325:I:50,0,0,0,0,0,0,1,20250831,20251223
ANUM:ANEO308:308:306MFARR0325:O:1,1,1,1,1,1,0,0,20250831,20251223
ANUM:ANEO308:308:306MFARR0325:O:3,1,1,1,1,1,0,0,20250831,20251223
ANUM:ANEO308:308:306MFARR0325:O:5,1,1,1,1,1,0,0,20250831,20251223
ANUM:ANEO308:308:306MFARR0325:O:8,1,1,1,1,1,0,0,20250831,20251223
ANUM:ANEO308:308:306MFARR0325:O:9,1,1,1,1,1,0,0,20250831,20251223
ANUM:ANEO308:308:306MFARR0325:O:11,1,1,1,1,1,0,0,20250831,20251223
ANUM:ANEO308:308:306MFARR0325:O:13,1,1,1,1,1,0,0,20250831,20251223
ANUM:ANEO308:308:306MFARR0325:O:15,1,1,1,1,1,0,0,20250831,20251223
ANUM:ANEO308:308:306MFARR0325:O:18,1,1,1,1,1,0,0,20250831,20251223
ANUM:ANEO308:308:306MFARR0325:O:19,1,1,1,1,1,0,0,20250831,20251223
ANUM:ANEO308:308:306MFARR0325:O:21,1,1,1,1,1,0,0,20250831,20251223
ANUM:ANEO308:308:306MFARR0325:O:24,1,1,1,1,1,0,0,20250831,20251223
ANUM:ANEO308:308:306MFARR0325:O:25,1,1,1,1,1,0,0,20250831,20251223
ANUM:ANEO308:308:306MFARR0325:O:27,1,1,1,1,1,0,0,20250831,20251223
ANUM:ANEO308:308:306MFARR0325:O:30,1,1,1,1,1,0,0,20250831,20251223
ANUM:ANEO308:308:306MFARR0325:O:31,1,1,1,1,1,0,0,20250831,20251223
ANUM:ANEO308:308:306MFARR0325:O:33,1,1,1,1,1,0,0,20250831,20251223
ANUM:ANEO308:308:306MFARR0325:O:36,1,1,1,1,1,0,0,20250831,20251223
ANUM:ANEO308:308:306MFARR0325:O:37,1,1,1,1,1,0,0,20250831,20251223
ANUM:ANEO308:308:306MFARR0325:O:39,1,1,1,1,1,0,0,20250831,20251223
ANUM:ANEO308:308:306MFARR0325:O:42,1,1,1,1,1,0,0,20250831,20251223
ANUM:ANEO308:308:306MFARR0325:O:43,1,1,1,1,1,0,0,20250831,20251223
ANUM:ANEO308:308:306MFARR0325:O:45,1,1,1,1,1,0,0,20250831,20251223
ANUM:ANEO308:308:306MFARR0325:O:48,1,1,1,1,1,0,0,20250831,20251223
ANUM:ANEO308:308:306MFARR0325:O:49,1,1,1,1,1,0,0,20250831,20251223
ANUM:ANEO308:308:306MFARR0325:O:51,1,1,1,1,1,0,0,20250831,20251223
ANUM:ANEO308:308:306MFARR0325:O:53,1,1,1,1,1,0,0,20250831,20251223
ANUM:ANEO308:308:306MFARR0325:O:55,1,1,1,1,1,0,0,20250831,20251223
ANUM:ANEO308:308:306MFARR0325:O:57,1,1,1,1,1,0,0,20250831,20251223
ANUM:ANEO308:308:306MFARR0325:O:59,1,1,1,1,1,0,0,20250831,20251223
ANUM:ANEO308:308:306MFARR0325:O:61,1,1,1,1,1,0,0,20250831,20251223
ANUM:ANEO308:308:306MFARR0325:O:63,1,1,1,1,1,0,0,20250831,20251223
ANUM:ANEO308:308:306MFARR0325:O:65,1,1,1,1,1,0,0,20250831,20251223
ANUM:ANEO308:308:306MFARR0325:O:67,1,1,1,1,1,0,0,20250831,20251223
ANUM:ANEO308:308:306MFARR0325:O:69,1,1,1,1,1,0,0,20250831,20251223
ANUM:ANEO308:308:306MFARR0325:O:71,1,1,1,1,1,0,0,20250831,20251223
ANUM:ANEO308:308:306MFARR0325:O:73,1,1,1,1,1,0,0,20250831,20251223
ANUM:ANEO308:308:306MFARR0325:O:75,1,1,1,1,1,0,0,20250831,20251223
ANUM:ANEO308:308:306MFARR0325:O:77,1,1,1,1,1,0,0,20250831,20251223
ANUM:ANEO308:308:306MFARR0325:O:79,1,1,1,1,1,0,0,20250831,20251223
ANUM:ANEO308:308:306MFARR0325:O:81,1,1,1,1,1,0,0,20250831,20251223
ANUM:ANEO308:308:306MFARR0325:I:1,1,1,1,1,1,0,0,20250831,20251223
ANUM:ANEO308:308:306MFARR0325:I:2,1,1,1,1,1,0,0,20250831,20251223
ANUM:ANEO308:308:306MFARR0325:I:4,1,1,1,1,1,0,0,20250831,20251223
ANUM:ANEO308:308:306MFARR0325:I:6,1,1,1,1,1,0,0,20250831,20251223
ANUM:ANEO308:308:306MFARR0325:I:8,1,1,1,1,1,0,0,20250831,20251223
ANUM:ANEO308:308:306MFARR0325:I:10,1,1,1,1,1,0,0,20250831,20251223
ANUM:ANEO308:308:306MFARR0325:I:12,1,1,1,1,1,0,0,20250831,20251223
ANUM:ANEO308:308:306MFARR0325:I:14,1,1,1,1,1,0,0,20250831,20251223
ANUM:ANEO308:308:306MFARR0325:I:16,1,1,1,1,1,0,0,20250831,20251223
ANUM:ANEO308:308:306MFARR0325:I:18,1,1,1,1,1,0,0,20250831,20251223
ANUM:ANEO308:308:306MFARR0325:I:20,1,1,1,1,1,0,0,20250831,20251223
ANUM:ANEO308:308:306MFARR0325:I:22,1,1,1,1,1,0,0,20250831,20251223
ANUM:ANEO308:308:306MFARR0325:I:24,1,1,1,1,1,0,0,20250831,20251223
ANUM:ANEO308:308:306MFARR0325:I:26,1,1,1,1,1,0,0,20250831,20251223
ANUM:ANEO308:308:306MFARR0325:I:28,1,1,1,1,1,0,0,20250831,20251223
ANUM:ANEO308:308:306MFARR0325:I:30,1,1,1,1,1,0,0,20250831,20251223
ANUM:ANEO308:308:306MFARR0325:I:32,1,1,1,1,1,0,0,20250831,20251223
ANUM:ANEO308:308:306MFARR0325:I:34,1,1,1,1,1,0,0,20250831,20251223
ANUM:ANEO308:308:306MFARR0325:I:36,1,1,1,1,1,0,0,20250831,20251223
ANUM:ANEO308:308:306MFARR0325:I:38,1,1,1,1,1,0,0,20250831,20251223
ANUM:ANEO308:308:306MFARR0325:I:40,1,1,1,1,1,0,0,20250831,20251223
ANUM:ANEO308:308:306MFARR0325:I:42,1,1,1,1,1,0,0,20250831,20251223
ANUM:ANEO308:308:306MFARR0325:I:44,1,1,1,1,1,0,0,20250831,20251223
ANUM:ANEO308:308:306MFARR0325:I:46,1,1,1,1,1,0,0,20250831,20251223
ANUM:ANEO308:308:306MFARR0325:I:48,1,1,1,1,1,0,0,20250831,20251223
ANUM:ANEO308:308:306MFARR0325:I:50,1,1,1,1,1,0,0,20250831,20251223
ANUM:ANEO308:308:306MFARR0325:I:52,1,1,1,1,1,0,0,20250831,20251223
ANUM:ANEO308:308:306MFARR0325:I:54,1,1,1,1,1,0,0,20250831,20251223
ANUM:ANEO308:308:306MFARR0325:I:56,1,1,1,1,1,0,0,20250831,20251223
ANUM:ANEO308:308:306MFARR0325:I:58,1,1,1,1,1,0,0,20250831,20251223
ANUM:ANEO308:308:306MFARR0325:I:60,1,1,1,1,1,0,0,20250831,20251223
ANUM:ANEO308:308:306MFARR0325:I:62,1,1,1,1,1,0,0,20250831,20251223
ANUM:ANEO308:308:306MFARR0325:I:64,1,1,1,1,1,0,0,20250831,20251223
ANUM:ANEO308:308:306MFARR0325:I:66,1,1,1,1,1,0,0,20250831,20251223
ANUM:ANEO308:308:306MFARR0325:I:68,1,1,1,1,1,0,0,20250831,20251223
ANUM:ANEO308:308:306MFARR0325:I:70,1,1,1,1,1,0,0,20250831,20251223
ANUM:ANEO308:308:306MFARR0325:I:72,1,1,1,1,1,0,0,20250831,20251223
ANUM:ANEO308:308:306MFARR0325:I:74,1,1,1,1,1,0,0,20250831,20251223
ANUM:ANEO308:308:306MFARR0325:I:76,1,1,1,1,1,0,0,20250831,20251223
ANUM:ANEO308:308:306MFARR0325:I:78,1,1,1,1,1,0,0,20250831,20251223
ANUM:ANEO308:308:306MFARR0325:I:80,1,1,1,1,1,0,0,20250831,20251223
ANUM:ANEO308:308:306MFARR0325:I:82,1,1,1,1,1,0,0,20250831,20251223
ANUM:ANEO308:308:306SAARR0325:O:1,0,0,0,0,0,1,0,20250831,20251223
ANUM:ANEO308:308:306SAARR0325:O:3,0,0,0,0,0,1,0,20250831,20251223
ANUM:ANEO308:308:306SAARR0325:O:5,0,0,0,0,0,1,0,20250831,20251223
ANUM:ANEO308:308:306SAARR0325:O:8,0,0,0,0,0,1,0,20250831,20251223
ANUM:ANEO308:308:306SAARR0325:O:10,0,0,0,0,0,1,0,20250831,20251223
ANUM:ANEO308:308:306SAARR0325:O:11,0,0,0,0,0,1,0,20250831,20251223
ANUM:ANEO308:308:306SAARR0325:O:13,0,0,0,0,0,1,0,20250831,20251223
ANUM:ANEO308:308:306SAARR0325:O:16,0,0,0,0,0,1,0,20250831,20251223
ANUM:ANEO308:308:306SAARR0325:O:17,0,0,0,0,0,1,0,20250831,20251223
ANUM:ANEO308:308:306SAARR0325:O:19,0,0,0,0,0,1,0,20250831,20251223
ANUM:ANEO308:308:306SAARR0325:O:22,0,0,0,0,0,1,0,20250831,20251223
ANUM:ANEO308:308:306SAARR0325:O:23,0,0,0,0,0,1,0,20250831,20251223
ANUM:ANEO308:308:306SAARR0325:O:25,0,0,0,0,0,1,0,20250831,20251223
ANUM:ANEO308:308:306SAARR0325:O:28,0,0,0,0,0,1,0,20250831,20251223
ANUM:ANEO308:308:306SAARR0325:O:29,0,0,0,0,0,1,0,20250831,20251223
ANUM:ANEO308:308:306SAARR0325:O:31,0,0,0,0,0,1,0,20250831,20251223
ANUM:ANEO308:308:306SAARR0325:O:34,0,0,0,0,0,1,0,20250831,20251223
ANUM:ANEO308:308:306SAARR0325:O:35,0,0,0,0,0,1,0,20250831,20251223
ANUM:ANEO308:308:306SAARR0325:O:37,0,0,0,0,0,1,0,20250831,20251223
ANUM:ANEO308:308:306SAARR0325:O:40,0,0,0,0,0,1,0,20250831,20251223
ANUM:ANEO308:308:306SAARR0325:O:41,0,0,0,0,0,1,0,20250831,20251223
ANUM:ANEO308:308:306SAARR0325:O:43,0,0,0,0,0,1,0,20250831,20251223
ANUM:ANEO308:308:306SAARR0325:O:46,0,0,0,0,0,1,0,20250831,20251223
ANUM:ANEO308:308:306SAARR0325:O:47,0,0,0,0,0,1,0,20250831,20251223
ANUM:ANEO308:308:306SAARR0325:O:49,0,0,0,0,0,1,0,20250831,20251223
ANUM:ANEO308:308:306SAARR0325:O:52,0,0,0,0,0,1,0,20250831,20251223
ANUM:ANEO308:308:306SAARR0325:O:53,0,0,0,0,0,1,0,20250831,20251223
ANUM:ANEO308:308:306SAARR0325:O:55,0,0,0,0,0,1,0,20250831,20251223
ANUM:ANEO308:308:306SAARR0325:O:58,0,0,0,0,0,1,0,20250831,20251223
ANUM:ANEO308:308:306SAARR0325:O:59,0,0,0,0,0,1,0,20250831,20251223
ANUM:ANEO308:308:306SAARR0325:O:61,0,0,0,0,0,1,0,20250831,20251223
ANUM:ANEO308:308:306SAARR0325:O:63,0,0,0,0,0,1,0,20250831,20251223
ANUM:ANEO308:308:306SAARR0325:O:65,0,0,0,0,0,1,0,20250831,20251223
ANUM:ANEO308:308:306SAARR0325:O:67,0,0,0,0,0,1,0,20250831,20251223
ANUM:ANEO308:308:306SAARR0325:O:69,0,0,0,0,0,1,0,20250831,20251223
ANUM:ANEO308:308:306SAARR0325:O:71,0,0,0,0,0,1,0,20250831,20251223
ANUM:ANEO308:308:306SAARR0325:O:73,0,0,0,0,0,1,0,20250831,20251223
ANUM:ANEO308:308:306SAARR0325:I:1,0,0,0,0,0,1,0,20250831,20251223
ANUM:ANEO308:308:306SAARR0325:I:3,0,0,0,0,0,1,0,20250831,20251223
ANUM:ANEO308:308:306SAARR0325:I:6,0,0,0,0,0,1,0,20250831,20251223
ANUM:ANEO308:308:306SAARR0325:I:9,0,0,0,0,0,1,0,20250831,20251223
ANUM:ANEO308:308:306SAARR0325:I:11,0,0,0,0,0,1,0,20250831,20251223
ANUM:ANEO308:308:306SAARR0325:I:13,0,0,0,0,0,1,0,20250831,20251223
ANUM:ANEO308:308:306SAARR0325:I:15,0,0,0,0,0,1,0,20250831,20251223
ANUM:ANEO308:308:306SAARR0325:I:17,0,0,0,0,0,1,0,20250831,20251223
ANUM:ANEO308:308:306SAARR0325:I:19,0,0,0,0,0,1,0,20250831,20251223
ANUM:ANEO308:308:306SAARR0325:I:21,0,0,0,0,0,1,0,20250831,20251223
ANUM:ANEO308:308:306SAARR0325:I:23,0,0,0,0,0,1,0,20250831,20251223
ANUM:ANEO308:308:306SAARR0325:I:25,0,0,0,0,0,1,0,20250831,20251223
ANUM:ANEO308:308:306SAARR0325:I:27,0,0,0,0,0,1,0,20250831,20251223
ANUM:ANEO308:308:306SAARR0325:I:29,0,0,0,0,0,1,0,20250831,20251223
ANUM:ANEO308:308:306SAARR0325:I:31,0,0,0,0,0,1,0,20250831,20251223
ANUM:ANEO308:308:306SAARR0325:I:33,0,0,0,0,0,1,0,20250831,20251223
ANUM:ANEO308:308:306SAARR0325:I:35,0,0,0,0,0,1,0,20250831,20251223
ANUM:ANEO308:308:306SAARR0325:I:37,0,0,0,0,0,1,0,20250831,20251223
ANUM:ANEO308:308:306SAARR0325:I:39,0,0,0,0,0,1,0,20250831,20251223
ANUM:ANEO308:308:306SAARR0325:I:41,0,0,0,0,0,1,0,20250831,20251223
ANUM:ANEO308:308:306SAARR0325:I:43,0,0,0,0,0,1,0,20250831,20251223
ANUM:ANEO308:308:306SAARR0325:I:45,0,0,0,0,0,1,0,20250831,20251223
ANUM:ANEO308:308:306SAARR0325:I:47,0,0,0,0,0,1,0,20250831,20251223
ANUM:ANEO308:308:306SAARR0325:I:49,0,0,0,0,0,1,0,20250831,20251223
ANUM:ANEO308:308:306SAARR0325:I:51,0,0,0,0,0,1,0,20250831,20251223
ANUM:ANEO308:308:306SAARR0325:I:53,0,0,0,0,0,1,0,20250831,20251223
ANUM:ANEO308:308:306SAARR0325:I:55,0,0,0,0,0,1,0,20250831,20251223
ANUM:ANEO308:308:306SAARR0325:I:57,0,0,0,0,0,1,0,20250831,20251223
ANUM:ANEO308:308:306SAARR0325:I:59,0,0,0,0,0,1,0,20250831,20251223
ANUM:ANEO308:308:306SAARR0325:I:61,0,0,0,0,0,1,0,20250831,20251223
ANUM:ANEO308:308:306SAARR0325:I:63,0,0,0,0,0,1,0,20250831,20251223
ANUM:ANEO308:308:306SAARR0325:I:65,0,0,0,0,0,1,0,20250831,20251223
ANUM:ANEO308:308:306SAARR0325:I:67,0,0,0,0,0,1,0,20250831,20251223
ANUM:ANEO308:308:306SAARR0325:I:69,0,0,0,0,0,1,0,20250831,20251223
ANUM:ANEO308:308:306SAARR0325:I:71,0,0,0,0,0,1,0,20250831,20251223
ANUM:ANEO308:308:306SAARR0325:I:73,0,0,0,0,0,1,0,20250831,20251223
ANUM:ANEO308:308:306SAARR0325:I:75,0,0,0,0,0,1,0,20250831,20251223
ANUM:ANEO308:308:306SUARR0325:O:1,0,0,0,0,0,0,1,20250831,20251223
ANUM:ANEO308:308:306SUARR0325:O:3,0,0,0,0,0,0,1,20250831,20251223
ANUM:ANEO308:308:306SUARR0325:O:5,0,0,0,0,0,0,1,20250831,20251223
ANUM:ANEO308:308:306SUARR0325:O:7,0,0,0,0,0,0,1,20250831,20251223
ANUM:ANEO308:308:306SUARR0325:O:9,0,0,0,0,0,0,1,20250831,20251223
ANUM:ANEO308:308:306SUARR0325:O:11,0,0,0,0,0,0,1,20250831,20251223
ANUM:ANEO308:308:306SUARR0325:O:13,0,0,0,0,0,0,1,20250831,20251223
ANUM:ANEO308:308:306SUARR0325:O:15,0,0,0,0,0,0,1,20250831,20251223
ANUM:ANEO308:308:306SUARR0325:O:17,0,0,0,0,0,0,1,20250831,20251223
ANUM:ANEO308:308:306SUARR0325:O:19,0,0,0,0,0,0,1,20250831,20251223
ANUM:ANEO308:308:306SUARR0325:O:21,0,0,0,0,0,0,1,20250831,20251223
ANUM:ANEO308:308:306SUARR0325:O:23,0,0,0,0,0,0,1,20250831,20251223
ANUM:ANEO308:308:306SUARR0325:O:25,0,0,0,0,0,0,1,20250831,20251223
ANUM:ANEO308:308:306SUARR0325:O:27,0,0,0,0,0,0,1,20250831,20251223
ANUM:ANEO308:308:306SUARR0325:O:29,0,0,0,0,0,0,1,20250831,20251223
ANUM:ANEO308:308:306SUARR0325:O:31,0,0,0,0,0,0,1,20250831,20251223
ANUM:ANEO308:308:306SUARR0325:O:33,0,0,0,0,0,0,1,20250831,20251223
ANUM:ANEO308:308:306SUARR0325:O:35,0,0,0,0,0,0,1,20250831,20251223
ANUM:ANEO308:308:306SUARR0325:O:37,0,0,0,0,0,0,1,20250831,20251223
ANUM:ANEO308:308:306SUARR0325:O:39,0,0,0,0,0,0,1,20250831,20251223
ANUM:ANEO308:308:306SUARR0325:O:41,0,0,0,0,0,0,1,20250831,20251223
ANUM:ANEO308:308:306SUARR0325:O:43,0,0,0,0,0,0,1,20250831,20251223
ANUM:ANEO308:308:306SUARR0325:O:45,0,0,0,0,0,0,1,20250831,20251223
ANUM:ANEO308:308:306SUARR0325:O:47,0,0,0,0,0,0,1,20250831,20251223
ANUM:ANEO308:308:306SUARR0325:O:49,0,0,0,0,0,0,1,20250831,20251223
ANUM:ANEO308:308:306SUARR0325:O:51,0,0,0,0,0,0,1,20250831,20251223
ANUM:ANEO308:308:306SUARR0325:O:53,0,0,0,0,0,0,1,20250831,20251223
ANUM:ANEO308:308:306SUARR0325:I:1,0,0,0,0,0,0,1,20250831,20251223
ANUM:ANEO308:308:306SUARR0325:I:3,0,0,0,0,0,0,1,20250831,20251223
ANUM:ANEO308:308:306SUARR0325:I:5,0,0,0,0,0,0,1,20250831,20251223
ANUM:ANEO308:308:306SUARR0325:I:7,0,0,0,0,0,0,1,20250831,20251223
ANUM:ANEO308:308:306SUARR0325:I:9,0,0,0,0,0,0,1,20250831,20251223
ANUM:ANEO308:308:306SUARR0325:I:11,0,0,0,0,0,0,1,20250831,20251223
ANUM:ANEO308:308:306SUARR0325:I:13,0,0,0,0,0,0,1,20250831,20251223
ANUM:ANEO308:308:306SUARR0325:I:15,0,0,0,0,0,0,1,20250831,20251223
ANUM:ANEO308:308:306SUARR0325:I:17,0,0,0,0,0,0,1,20250831,20251223
ANUM:ANEO308:308:306SUARR0325:I:19,0,0,0,0,0,0,1,20250831,20251223
ANUM:ANEO308:308:306SUARR0325:I:21,0,0,0,0,0,0,1,20250831,20251223
ANUM:ANEO308:308:306SUARR0325:I:23,0,0,0,0,0,0,1,20250831,20251223
ANUM:ANEO308:308:306SUARR0325:I:25,0,0,0,0,0,0,1,20250831,20251223
ANUM:ANEO308:308:306SUARR0325:I:27,0,0,0,0,0,0,1,20250831,20251223
ANUM:ANEO308:308:306SUARR0325:I:29,0,0,0,0,0,0,1,20250831,20251223
ANUM:ANEO308:308:306SUARR0325:I:31,0,0,0,0,0,0,1,20250831,20251223
ANUM:ANEO308:308:306SUARR0325:I:33,0,0,0,0,0,0,1,20250831,20251223
ANUM:ANEO308:308:306SUARR0325:I:35,0,0,0,0,0,0,1,20250831,20251223
ANUM:ANEO308:308:306SUARR0325:I:37,0,0,0,0,0,0,1,20250831,20251223
ANUM:ANEO308:308:306SUARR0325:I:39,0,0,0,0,0,0,1,20250831,20251223
ANUM:ANEO308:308:306SUARR0325:I:41,0,0,0,0,0,0,1,20250831,20251223
ANUM:ANEO308:308:306SUARR0325:I:43,0,0,0,0,0,0,1,20250831,20251223
ANUM:ANEO308:308:306SUARR0325:I:45,0,0,0,0,0,0,1,20250831,20251223
ANUM:ANEO308:308:306SUARR0325:I:47,0,0,0,0,0,0,1,20250831,20251223
ANUM:ANEO308:308:306SUARR0325:I:49,0,0,0,0,0,0,1,20250831,20251223
ANUM:ANEO308:308:306SUARR0325:I:51,0,0,0,0,0,0,1,20250831,20251223
GNE:GOAO002:2:002MF250831:O:1,1,1,1,1,1,0,0,20250831,20251223
GNE:GOAO002:2:002MF250831:O:2,1,1,1,1,1,0,0,20250831,20251223
GNE:GOAO002:2:002MF250831:O:3,1,1,1,1,1,0,0,20250831,20251223
GNE:GOAO002:2:002MF250831:O:4,1,1,1,1,1,0,0,20250831,20251223
GNE:GOAO002:2:002MF250831:O:5,1,1,1,1,1,0,0,20250831,20251223
GNE:GOAO002:2:002MF250831:O:6,1,1,1,1,1,0,0,20250831,20251223
GNE:GOAO002:2:002MF250831:O:7,1,1,1,1,1,0,0,20250831,20251223
GNE:GOAO002:2:002MF250831:O:8,1,1,1,1,1,0,0,20250831,20251223
GNE:GOAO002:2:002MF250831:O:9,1,1,1,1,1,0,0,20250831,20251223
GNE:GOAO002:2:002MF250831:O:10,1,1,1,1,1,0,0,20250831,20251223
GNE:GOAO002:2:002MF250831:O:11,1,1,1,1,1,0,0,20250831,20251223
GNE:GOAO002:2:002MF250831:O:12,1,1,1,1,1,0,0,20250831,20251223
GNE:GOAO002:2:002MF250831:O:13,1,1,1,1,1,0,0,20250831,20251223
GNE:GOAO002:2:002MF250831:O:14,1,1,1,1,1,0,0,20250831,20251223
GNE:GOAO002:2:002MF250831:O:15,1,1,1,1,1,0,0,20250831,20251223
GNE:GOAO002:2:002MF250831:O:16,1,1,1,1,1,0,0,20250831,20251223
GNE:GOAO002:2:002MF250831:O:17,1,1,1,1,1,0,0,20250831,20251223
GNE:GOAO002:2:002MF250831:O:18,1,1,1,1,1,0,0,20250831,20251223
GNE:GOAO002:2:002MF250831:O:19,1,1,1,1,1,0,0,20250831,20251223
GNE:GOAO002:2:002MF250831:O:20,1,1,1,1,1,0,0,20250831,20251223
GNE:GOAO002:2:002MF250831:O:21,1,1,1,1,1,0,0,20250831,20251223
GNE:GOAO002:2:002MF250831:O:22,1,1,1,1,1,0,0,20250831,20251223
GNE:GOAO002:2:002MF250831:O:23,1,1,1,1,1,0,0,20250831,20251223
GNE:GOAO002:2:002MF250831:O:24,1,1,1,1,1,0,0,20250831,20251223
GNE:GOAO002:2:002MF250831:O:25,1,1,1,1,1,0,0,20250831,20251223
GNE:GOAO002:2:002MF250831:O:26,1,1,1,1,1,0,0,20250831,20251223
GNE:GOAO002:2:002MF250831:O:27,1,1,1,1,1,0,0,20250831,20251223
GNE:GOAO002:2:002MF250831:O:28,1,1,1,1,1,0,0,20250831,20251223
GNE:GOAO002:2:002MF250831:O:29,1,1,1,1,1,0,0,20250831,20251223
GNE:GOAO002:2:002MF250831:O:30,1,1,1,1,1,0,0,20250831,20251223
GNE:GOAO002:2:002MF250831:O:31,1,1,1,1,1,0,0,20250831,20251223
GNE:GOAO002:2:002MF250831:O:32,1,1,1,1,1,0,0,20250831,20251223
GNE:GOAO002:2:002MF250831:O:33,1,1,1,1,1,0,0,20250831,20251223
GNE:GOAO002:2:002MF250831:O:34,1,1,1,1,1,0,0,20250831,20251223
GNE:GOAO002:2:002MF250831:O:35,1,1,1,1,1,0,0,20250831,20251223
GNE:GOAO002:2:002MF250831:O:36,1,1,1,1,1,0,0,20250831,20251223
GNE:GOAO002:2:002MF250831:O:37,1,1,1,1,1,0,0,20250831,20251223
GNE:GOAO002:2:002MF250831:O:38,1,1,1,1,1,0,0,20250831,20251223
GNE:GOAO002:2:002MF250831:O:39,1,1,1,1,1,0,0,20250831,20251223
GNE:GOAO002:2:002MF250831:O:40,1,1,1,1,1,0,0,20250831,20251223
GNE:GOAO002:2:002MF250831:O:41,1,1,1,1,1,0,0,20250831,20251223
GNE:GOAO002:2:002MF250831:O:42,1,1,1,1,1,0,0,20250831,20251223
GNE:GOAO002:2:002MF250831:O:43,1,1,1,1,1,0,0,20250831,20251223
GNE:GOAO002:2:002MF250831:O:44,1,1,1,1,1,0,0,20250831,20251223
GNE:GOAO002:2:002MF250831:O:45,1,1,1,1,1,0,0,20250831,20251223
GNE:GOAO002:2:002MF250831:O:46,1,1,1,1,1,0,0,20250831,20251223
GNE:GOAO002:2:002MF250831:O:47,1,1,1,1,1,0,0,20250831,20251223
GNE:GOAO002:2:002MF250831:I:1,1,1,1,1,1,0,0,20250831,20251223
GNE:GOAO002:2:002MF250831:I:2,1,1,1,1,1,0,0,20250831,20251223
GNE:GOAO002:2:002MF250831:I:3,1,1,1,1,1,0,0,20250831,20251223
GNE:GOAO002:2:002MF250831:I:4,1,1,1,1,1,0,0,20250831,20251223
GNE:GOAO002:2:002MF250831:I:5,1,1,1,1,1,0,0,20250831,20251223
GNE:GOAO002:2:002MF250831:I:6,1,1,1,1,1,0,0,20250831,20251223
GNE:GOAO002:2:002MF250831:I:7,1,1,1,1,1,0,0,20250831,20251223
GNE:GOAO002:2:002MF250831:I:8,1,1,1,1,1,0,0,20250831,20251223
GNE:GOAO002:2:002MF250831:I:9,1,1,1,1,1,0,0,20250831,20251223
GNE:GOAO002:2:002MF250831:I:10,1,1,1,1,1,0,0,20250831,20251223
GNE:GOAO002:2:002MF250831:I:11,1,1,1,1,1,0,0,20250831,20251223
GNE:GOAO002:2:002MF250831:I:12,1,1,1,1,1,0,0,20250831,20251223
GNE:GOAO002:2:002MF250831:I:13,1,1,1,1,1,0,0,20250831,20251223
GNE:GOAO002:2:002MF250831:I:14,1,1,1,1,1,0,0,20250831,20251223
GNE:GOAO002:2:002MF250831:I:15,1,1,1,1,1,0,0,20250831,20251223
GNE:GOAO002:2:002MF250831:I:16,1,1,1,1,1,0,0,20250831,20251223
GNE:GOAO002:2:002MF250831:I:17,1,1,1,1,1,0,0,20250831,20251223
GNE:GOAO002:2:002MF250831:I:18,1,1,1,1,1,0,0,20250831,20251223
GNE:GOAO002:2:002MF250831:I:19,1,1,1,1,1,0,0,20250831,20251223
GNE:GOAO002:2:002MF250831:I:20,1,1,1,1,1,0,0,20250831,20251223
GNE:GOAO002:2:002MF250831:I:21,1,1,1,1,1,0,0,20250831,20251223
GNE:GOAO002:2:002MF250831:I:22,1,1,1,1,1,0,0,20250831,20251223
GNE:GOAO002:2:002MF250831:I:23,1,1,1,1,1,0,0,20250831,20251223
GNE:GOAO002:2:002MF250831:I:24,1,1,1,1,1,0,0,20250831,20251223
GNE:GOAO002:2:002MF250831:I:25,1,1,1,1,1,0,0,20250831,20251223
GNE:GOAO002:2:002MF250831:I:26,1,1,1,1,1,0,0,20250831,20251223
GNE:GOAO002:2:002MF250831:I:27,1,1,1,1,1,0,0,20250831,20251223
GNE:GOAO002:2:002MF250831:I:28,1,1,1,1,1,0,0,20250831,20251223
GNE:GOAO002:2:002MF250831:I:29,1,1,1,1,1,0,0,20250831,20251223
GNE:GOAO002:2:002MF250831:I:30,1,1,1,1,1,0,0,20250831,20251223
GNE:GOAO002:2:002MF250831:I:31,1,1,1,1,1,0,0,20250831,20251223
GNE:GOAO002:2:002MF250831:I:32,1,1,1,1,1,0,0,20250831,20251223
GNE:GOAO002:2:002MF250831:I:33,1,1,1,1,1,0,0,20250831,20251223
GNE:GOAO002:2:002MF250831:I:34,1,1,1,1,1,0,0,20250831,20251223
GNE:GOAO002:2:002MF250831:I:35,1,1,1,1,1,0,0,20250831,20251223
GNE:GOAO002:2:002MF250831:I:36,1,1,1,1,1,0,0,20250831,20251223
GNE:GOAO002:2:002MF250831:I:37,1,1,1,1,1,0,0,20250831,20251223
GNE:GOAO002:2:002MF250831:I:38,1,1,1,1,1,0,0,20250831,20251223
GNE:GOAO002:2:002MF250831:I:39,1,1,1,1,1,0,0,20250831,20251223
GNE:GOAO002:2:002MF250831:I:40,1,1,1,1,1,0,0,20250831,20251223
GNE:GOAO002:2:002MF250831:I:41,1,1,1,1,1,0,0,20250831,20251223
GNE:GOAO002:2:002MF250831:I:42,1,1,1,1,1,0,0,20250831,20251223
GNE:GOAO002:2:002MF250831:I:43,1,1,1,1,1,0,0,20250831,20251223
GNE:GOAO002:2:002MF250831:I:44,1,1,1,1,1,0,0,20250831,20251223
GNE:GOAO002:2:002MF250831:I:45,1,1,1,1,1,0,0,20250831,20251223
GNE:GOAO002:2:002MF250831:I:46,1,1,1,1,1,0,0,20250831,20251223
GNE:GOAO002:2:002MF250831:I:47,1,1,1,1,1,0,0,20250831,20251223
GNE:GOAO002:2:002MF250831:I:48,1,1,1,1,1,0,0,20250831,20251223
GNE:GOAO002:2:002MF250831:I:49,1,1,1,1,1,0,0,20250831,20251223
GNE:GOAO002:2:002SA250831:O:1,0,0,0,0,0,1,0,20250831,20251223
GNE:GOAO002:2:002SA250831:O:2,0,0,0,0,0,1,0,20250831,20251223
GNE:GOAO002:2:002SA250831:O:3,0,0,0,0,0,1,0,20250831,20251223
GNE:GOAO002:2:002SA250831:O:4,0,0,0,0,0,1,0,20250831,20251223
GNE:GOAO002:2:002SA250831:O:5,0,0,0,0,0,1,0,20250831,20251223
GNE:GOAO002:2:002SA250831:O:6,0,0,0,0,0,1,0,20250831,20251223
GNE:GOAO002:2:002SA250831:O:7,0,0,0,0,0,1,0,20250831,20251223
GNE:GOAO002:2:002SA250831:O:8,0,0,0,0,0,1,0,20250831,20251223
GNE:GOAO002:2:002SA250831:O:9,0,0,0,0,0,1,0,20250831,20251223
GNE:GOAO002:2:002SA250831:O:10,0,0,0,0,0,1,0,20250831,20251223
GNE:GOAO002:2:002SA250831:O:11,0,0,0,0,0,1,0,20250831,20251223
GNE:GOAO002:2:002SA250831:O:12,0,0,0,0,0,1,0,20250831,20251223
GNE:GOAO002:2:002SA250831:O:13,0,0,0,0,0,1,0,20250831,20251223
GNE:GOAO002:2:002SA250831:O:14,0,0,0,0,0,1,0,20250831,20251223
GNE:GOAO002:2:002SA250831:O:15,0,0,0,0,0,1,0,20250831,20251223
GNE:GOAO002:2:002SA250831:O:16,0,0,0,0,0,1,0,20250831,20251223
GNE:GOAO002:2:002SA250831:O:17,0,0,0,0,0,1,0,20250831,20251223
GNE:GOAO002:2:002SA250831:O:18,0,0,0,0,0,1,0,20250831,20251223
GNE:GOAO002:2:002SA250831:O:19,0,0,0,0,0,1,0,20250831,20251223
GNE:GOAO002:2:002SA250831:O:20,0,0,0,0,0,1,0,20250831,20251223
GNE:GOAO002:2:002SA250831:O:21,0,0,0,0,0,1,0,20250831,20251223
GNE:GOAO002:2:002SA250831:O:22,0,0,0,0,0,1,0,20250831,20251223
GNE:GOAO002:2:002SA250831:O:23,0,0,0,0,0,1,0,20250831,20251223
GNE:GOAO002:2:002SA250831:O:24,0,0,0,0,0,1,0,20250831,20251223
GNE:GOAO002:2:002SA250831:O:25,0,0,0,0,0,1,0,20250831,20251223
GNE:GOAO002:2:002SA250831:O:26,0,0,0,0,0,1,0,20250831,20251223
GNE:GOAO002:2:002SA250831:O:27,0,0,0,0,0,1,0,20250831,20251223
GNE:GOAO002:2:002SA250831:O:28,0,0,0,0,0,1,0,20250831,20251223
GNE:GOAO002:2:002SA250831:O:29,0,0,0,0,0,1,0,20250831,20251223
GNE:GOAO002:2:002SA250831:O:30,0,0,0,0,0,1,0,20250831,20251223
GNE:GOAO002:2:002SA250831:O:31,0,0,0,0,0,1,0,20250831,20251223
GNE:GOAO002:2:002SA250831:O:32,0,0,0,0,0,1,0,20250831,20251223
GNE:GOAO002:2:002SA250831:O:33,0,0,0,0,0,1,0,20250831,20251223
GNE:GOAO002:2:002SA250831:O:34,0,0,0,0,0,1,0,20250831,20251223
GNE:GOAO002:2:002SA250831:O:35,0,0,0,0,0,1,0,20250831,20251223
GNE:GOAO002:2:002SA250831:O:36,0,0,0,0,0,1,0,20250831,20251223
GNE:GOAO002:2:002SA250831:O:37,0,0,0,0,0,1,0,20250831,20251223
GNE:GOAO002:2:002SA250831:O:38,0,0,0,0,0,1,0,20250831,20251223
GNE:GOAO002:2:002SA250831:O:39,0,0,0,0,0,1,0,20250831,20251223
GNE:GOAO002:2:002SA250831:O:40,0,0,0,0,0,1,0,20250831,20251223
GNE:GOAO002:2:002SA250831:O:41,0,0,0,0,0,1,0,20250831,20251223
GNE:GOAO002:2:002SA250831:O:42,0,0,0,0,0,1,0,20250831,20251223
GNE:GOAO002:2:002SA250831:O:43,0,0,0,0,0,1,0,20250831,20251223
GNE:GOAO002:2:002SA250831:I:1,0,0,0,0,0,1,0,20250831,20251223
GNE:GOAO002:2:002SA250831:I:2,0,0,0,0,0,1,0,20250831,20251223
GNE:GOAO002:2:002SA250831:I:3,0,0,0,0,0,1,0,20250831,20251223
GNE:GOAO002:2:002SA250831:I:4,0,0,0,0,0,1,0,20250831,20251223
GNE:GOAO002:2:002SA250831:I:5,0,0,0,0,0,1,0,20250831,20251223
GNE:GOAO002:2:002SA250831:I:6,0,0,0,0,0,1,0,20250831,20251223
GNE:GOAO002:2:002SA250831:I:7,0,0,0,0,0,1,0,20250831,20251223
GNE:GOAO002:2:002SA250831:I:8,0,0,0,0,0,1,0,20250831,20251223
GNE:GOAO002:2:002SA250831:I:9,0,0,0,0,0,1,0,20250831,20251223
GNE:GOAO002:2:002SA250831:I:10,0,0,0,0,0,1,0,20250831,20251223
GNE:GOAO002:2:002SA250831:I:11,0,0,0,0,0,1,0,20250831,20251223
GNE:GOAO002:2:002SA250831:I:12,0,0,0,0,0,1,0,20250831,20251223
GNE:GOAO002:2:002SA250831:I:13,0,0,0,0,0,1,0,20250831,20251223
GNE:GOAO002:2:002SA250831:I:14,0,0,0,0,0,1,0,20250831,20251223
GNE:GOAO002:2:002SA250831:I:15,0,0,0,0,0,1,0,20250831,20251223
GNE:GOAO002:2:002SA250831:I:16,0,0,0,0,0,1,0,20250831,20251223
GNE:GOAO002:2:002SA250831:I:17,0,0,0,0,0,1,0,20250831,20251223
GNE:GOAO002:2:002SA250831:I:18,0,0,0,0,0,1,0,20250831,20251223
GNE:GOAO002:2:002SA250831:I:19,0,0,0,0,0,1,0,20250831,20251223
GNE:GOAO002:2:002SA250831:I:20,0,0,0,0,0,1,0,20250831,20251223
GNE:GOAO002:2:002SA250831:I:21,0,0,0,0,0,1,0,20250831,20251223
GNE:GOAO002:2:002SA250831:I:22,0,0,0,0,0,1,0,20250831,20251223
GNE:GOAO002:2:002SA250831:I:23,0,0,0,0,0,1,0,20250831,20251223
GNE:GOAO002:2:002SA250831:I:24,0,0,0,0,0,1,0,20250831,20251223
GNE:GOAO002:2:002SA250831:I:25,0,0,0,0,0,1,0,20250831,20251223
GNE:GOAO002:2:002SA250831:I:26,0,0,0,0,0,1,0,20250831,20251223
GNE:GOAO002:2:002SA250831:I:27,0,0,0,0,0,1,0,20250831,20251223
GNE:GOAO002:2:002SA250831:I:28,0,0,0,0,0,1,0,20250831,20251223
GNE:GOAO002:2:002SA250831:I:29,0,0,0,0,0,1,0,20250831,20251223
GNE:GOAO002:2:002SA250831:I:30,0,0,0,0,0,1,0,20250831,20251223
GNE:GOAO002:2:002SA250831:I:31,0,0,0,0,0,1,0,20250831,20251223
GNE:GOAO002:2:002SA250831:I:32,0,0,0,0,0,1,0,20250831,20251223
GNE:GOAO002:2:002SA250831:I:33,0,0,0,0,0,1,0,20250831,20251223
GNE:GOAO002:2:002SA250831:I:34,0,0,0,0,0,1,0,20250831,20251223
GNE:GOAO002:2:002SA250831:I:35,0,0,0,0,0,1,0,20250831,20251223
GNE:GOAO002:2:002SA250831:I:36,0,0,0,0,0,1,0,20250831,20251223
GNE:GOAO002:2:002SA250831:I:37,0,0,0,0,0,1,0,20250831,20251223
GNE:GOAO002:2:002SA250831:I:38,0,0,0,0,0,1,0,20250831,20251223
GNE:GOAO002:2:002SA250831:I:39,0,0,0,0,0,1,0,20250831,20251223
GNE:GOAO002:2:002SA250831:I:40,0,0,0,0,0,1,0,20250831,20251223
GNE:GOAO002:2:002SA250831:I:41,0,0,0,0,0,1,0,20250831,20251223
GNE:GOAO002:2:002SA250831:I:42,0,0,0,0,0,1,0,20250831,20251223
GNE:GOAO002:2:002SA250831:I:43,0,0,0,0,0,1,0,20250831,20251223
GNE:GOAO002:2:002SA250831:I:44,0,0,0,0,0,1,0,20250831,20251223
GNE:GOAO002:2:002SA250831:I:45,0,0,0,0,0,1,0,20250831,20251223
GNE:GOAO002:2:002SU250831:O:1,0,0,0,0,0,0,1,20250831,20251223
GNE:GOAO002:2:002SU250831:O:2,0,0,0,0,0,0,1,20250831,20251223
GNE:GOAO002:2:002SU250831:O:3,0,0,0,0,0,0,1,20250831,20251223
GNE:GOAO002:2:002SU250831:O:4,0,0,0,0,0,0,1,20250831,20251223
GNE:GOAO002:2:002SU250831:O:5,0,0,0,0,0,0,1,20250831,20251223
GNE:GOAO002:2:002SU250831:O:6,0,0,0,0,0,0,1,20250831,20251223
GNE:GOAO002:2:002SU250831:O:7,0,0,0,0,0,0,1,20250831,20251223
GNE:GOAO002:2:002SU250831:O:8,0,0,0,0,0,0,1,20250831,20251223
GNE:GOAO002:2:002SU250831:O:9,0,0,0,0,0,0,1,20250831,20251223
GNE:GOAO002:2:002SU250831:O:10,0,0,0,0,0,0,1,20250831,20251223
GNE:GOAO002:2:002SU250831:O:11,0,0,0,0,0,0,1,20250831,20251223
GNE:GOAO002:2:002SU250831:O:12,0,0,0,0,0,0,1,20250831,20251223
GNE:GOAO002:2:002SU250831:O:13,0,0,0,0,0,0,1,20250831,20251223
GNE:GOAO002:2:002SU250831:O:14,0,0,0,0,0,0,1,20250831,20251223
GNE:GOAO002:2:002SU250831:O:15,0,0,0,0,0,0,1,20250831,20251223
GNE:GOAO002:2:002SU250831:O:16,0,0,0,0,0,0,1,20250831,20251223
GNE:GOAO002:2:002SU250831:O:17,0,0,0,0,0,0,1,20250831,20251223
GNE:GOAO002:2:002SU250831:O:18,0,0,0,0,0,0,1,20250831,20251223
GNE:GOAO002:2:002SU250831:O:19,0,0,0,0,0,0,1,20250831,20251223
GNE:GOAO002:2:002SU250831:O:20,0,0,0,0,0,0,1,20250831,20251223
GNE:GOAO002:2:002SU250831:O:21,0,0,0,0,0,0,1,20250831,20251223
GNE:GOAO002:2:002SU250831:O:22,0,0,0,0,0,0,1,20250831,20251223
GNE:GOAO002:2:002SU250831:O:23,0,0,0,0,0,0,1,20250831,20251223
GNE:GOAO002:2:002SU250831:O:24,0,0,0,0,0,0,1,20250831,20251223
GNE:GOAO002:2:002SU250831:O:25,0,0,0,0,0,0,1,20250831,20251223
GNE:GOAO002:2:002SU250831:O:26,0,0,0,0,0,0,1,20250831,20251223
GNE:GOAO002:2:002SU250831:O:27,0,0,0,0,0,0,1,20250831,20251223
GNE:GOAO002:2:002SU250831:O:28,0,0,0,0,0,0,1,20250831,20251223
GNE:GOAO002:2:002SU250831:O:29,0,0,0,0,0,0,1,20250831,20251223
GNE:GOAO002:2:002SU250831:O:30,0,0,0,0,0,0,1,20250831,20251223
GNE:GOAO002:2:002SU250831:O:31,0,0,0,0,0,0,1,20250831,20251223
GNE:GOAO002:2:002SU250831:O:32,0,0,0,0,0,0,1,20250831,20251223
GNE:GOAO002:2:002SU250831:I:1,0,0,0,0,0,0,1,20250831,20251223
GNE:GOAO002:2:002SU250831:I:2,0,0,0,0,0,0,1,20250831,20251223
GNE:GOAO002:2:002SU250831:I:3,0,0,0,0,0,0,1,20250831,20251223
GNE:GOAO002:2:002SU250831:I:4,0,0,0,0,0,0,1,20250831,20251223
GNE:GOAO002:2:002SU250831:I:5,0,0,0,0,0,0,1,20250831,20251223
GNE:GOAO002:2:002SU250831:I:6,0,0,0,0,0,0,1,20250831,20251223
GNE:GOAO002:2:002SU250831:I:7,0,0,0,0,0,0,1,20250831,20251223
GNE:GOAO002:2:002SU250831:I:8,0,0,0,0,0,0,1,20250831,20251223
GNE:GOAO002:2:002SU250831:I:9,0,0,0,0,0,0,1,20250831,20251223
GNE:GOAO002:2:002SU250831:I:10,0,0,0,0,0,0,1,20250831,20251223
GNE:GOAO002:2:002SU250831:I:11,0,0,0,0,0,0,1,20250831,20251223
GNE:GOAO002:2:002SU250831:I:12,0,0,0,0,0,0,1,20250831,20251223
GNE:GOAO002:2:002SU250831:I:13,0,0,0,0,0,0,1,20250831,20251223
GNE:GOAO002:2:002SU250831:I:14,0,0,0,0,0,0,1,20250831,20251223
GNE:GOAO002:2:002SU250831:I:15,0,0,0,0,0,0,1,20250831,20251223
GNE:GOAO002:2:002SU250831:I:16,0,0,0,0,0,0,1,20250831,20251223
GNE:GOAO002:2:002SU250831:I:17,0,0,0,0,0,0,1,20250831,20251223
GNE:GOAO002:2:002SU250831:I:18,0,0,0,0,0,0,1,20250831,20251223
GNE:GOAO002:2:002SU250831:I:19,0,0,0,0,0,0,1,20250831,20251223
GNE:GOAO002:2:002SU250831:I:20,0,0,0,0,0,0,1,20250831,20251223
GNE:GOAO002:2:002SU250831:I:21,0,0,0,0,0,0,1,20250831,20251223
GNE:GOAO002:2:002SU250831:I:22,0,0,0,0,0,0,1,20250831,20251223
GNE:GOAO002:2:002SU250831:I:23,0,0,0,0,0,0,1,20250831,20251223
GNE:GOAO002:2:002SU250831:I:24,0,0,0,0,0,0,1,20250831,20251223
GNE:GOAO002:2:002SU250831:I:25,0,0,0,0,0,0,1,20250831,20251223
GNE:GOAO002:2:002SU250831:I:26,0,0,0,0,0,0,1,20250831,20251223
GNE:GOAO002:2:002SU250831:I:27,0,0,0,0,0,0,1,20250831,20251223
GNE:GOAO002:2:002SU250831:I:28,0,0,0,0,0,0,1,20250831,20251223
GNE:GOAO002:2:002SU250831:I:29,0,0,0,0,0,0,1,20250831,20251223
GNE:GOAO002:2:002SU250831:I:30,0,0,0,0,0,0,1,20250831,20251223
GNE:GOAO004:4:004MF250831:O:1,1,1,1,1,1,0,0,20250831,20251223
GNE:GOAO004:4:004MF250831:O:2,1,1,1,1,1,0,0,20250831,20251223
GNE:GOAO004:4:004MF250831:O:3,1,1,1,1,1,0,0,20250831,20251223
GNE:GOAO004:4:004MF250831:O:4,1,1,1,1,1,0,0,20250831,20251223
GNE:GOAO004:4:004MF250831:O:5,1,1,1,1,1,0,0,20250831,20251223
GNE:GOAO004:4:004MF250831:O:6,1,1,1,1,1,0,0,20250831,20251223
GNE:GOAO004:4:004MF250831:O:7,1,1,1,1,1,0,0,20250831,20251223
GNE:GOAO004:4:004MF250831:O:8,1,1,1,1,1,0,0,20250831,20251223
GNE:GOAO004:4:004MF250831:O:9,1,1,1,1,1,0,0,20250831,20251223
GNE:GOAO004:4:004MF250831:O:10,1,1,1,1,1,0,0,20250831,20251223
GNE:GOAO004:4:004MF250831:O:11,1,1,1,1,1,0,0,20250831,20251223
GNE:GOAO004:4:004MF250831:O:12,1,1,1,1,1,0,0,20250831,20251223
GNE:GOAO004:4:004MF250831:O:13,1,1,1,1,1,0,0,20250831,20251223
GNE:GOAO004:4:004MF250831:O:14,0,0,0,0,0,0,0,20250831,20251223
GNE:GOAO004:4:004MF250831:O:15,1,1,1,1,1,0,0,20250831,20251223
GNE:GOAO004:4:004MF250831:O:16,1,1,1,1,1,0,0,20250831,20251223
GNE:GOAO004:4:004MF250831:O:17,1,1,1,1,1,0,0,20250831,20251223
GNE:GOAO004:4:004MF250831:O:18,1,1,1,1,1,0,0,20250831,20251223
GNE:GOAO004:4:004MF250831:O:19,1,1,1,1,1,0,0,20250831,20251223
GNE:GOAO004:4:004MF250831:O:20,1,1,1,1,1,0,0,20250831,20251223
GNE:GOAO004:4:004MF250831:O:21,1,1,1,1,1,0,0,20250831,20251223
GNE:GOAO004:4:004MF250831:O:22,1,1,1,1,1,0,0,20250831,20251223
GNE:GOAO004:4:004MF250831:O:23,1,1,1,1,1,0,0,20250831,20251223
GNE:GOAO004:4:004MF250831:O:24,1,1,1,1,1,0,0,20250831,20251223
GNE:GOAO004:4:004MF250831:O:25,1,1,1,1,1,0,0,20250831,20251223
GNE:GOAO004:4:004MF250831:O:26,1,1,1,1,1,0,0,20250831,20251223
GNE:GOAO004:4:004MF250831:O:27,1,1,1,1,1,0,0,20250831,20251223
GNE:GOAO004:4:004MF250831:O:28,1,1,1,1,1,0,0,20250831,20251223
GNE:GOAO004:4:004MF250831:O:29,1,1,1,1,1,0,0,20250831,20251223
GNE:GOAO004:4:004MF250831:O:30,1,1,1,1,1,0,0,20250831,20251223
GNE:GOAO004:4:004MF250831:O:31,1,1,1,1,1,0,0,20250831,20251223
GNE:GOAO004:4:004MF250831:O:32,1,1,1,1,1,0,0,20250831,20251223
GNE:GOAO004:4:004MF250831:O:33,1,1,1,1,1,0,0,20250831,20251223
GNE:GOAO004:4:004MF250831:O:34,1,1,1,1,1,0,0,20250831,20251223
GNE:GOAO004:4:004MF250831:O:35,1,1,1,1,1,0,0,20250831,20251223
GNE:GOAO004:4:004MF250831:O:36,1,1,1,1,1,0,0,20250831,20251223
GNE:GOAO004:4:004MF250831:O:37,1,1,1,1,1,0,0,20250831,20251223
GNE:GOAO004:4:004MF250831:O:38,1,1,1,1,1,0,0,20250831,20251223
GNE:GOAO004:4:004MF250831:O:39,1,1,1,1,1,0,0,20250831,20251223
GNE:GOAO004:4:004MF250831:O:40,1,1,1,1,1,0,0,20250831,20251223
GNE:GOAO004:4:004MF250831:O:41,1,1,1,1,1,0,0,20250831,20251223
GNE:GOAO004:4:004MF250831:O:42,0,0,0,0,0,0,0,20250831,20251223
GNE:GOAO004:4:004MF250831:O:43,1,1,1,1,1,0,0,20250831,20251223
GNE:GOAO004:4:004MF250831:O:44,1,1,1,1,1,0,0,20250831,20251223
GNE:GOAO004:4:004MF250831:O:45,1,1,1,1,1,0,0,20250831,20251223
GNE:GOAO004:4:004MF250831:O:46,1,1,1,1,1,0,0,20250831,20251223
GNE:GOAO004:4:004MF250831:O:47,1,1,1,1,1,0,0,20250831,20251223
GNE:GOAO004:4:004MF250831:O:48,1,1,1,1,1,0,0,20250831,20251223
GNE:GOAO004:4:004MF250831:O:49,1,1,1,1,1,0,0,20250831,20251223
GNE:GOAO004:4:004MF250831:O:50,1,1,1,1,1,0,0,20250831,20251223
GNE:GOAO004:4:004MF250831:O:51,1,1,1,1,1,0,0,20250831,20251223
GNE:GOAO004:4:004MF250831:O:52,1,1,1,1,1,0,0,20250831,20251223
GNE:GOAO004:4:004MF250831:O:53,1,1,1,1,1,0,0,20250831,20251223
GNE:GOAO004:4:004MF250831:O:54,1,1,1,1,1,0,0,20250831,20251223
GNE:GOAO004:4:004MF250831:O:55,1,1,1,1,1,0,0,20250831,20251223
GNE:GOAO004:4:004MF250831:O:56,1,1,1,1,1,0,0,20250831,20251223
GNE:GOAO004:4:004MF250831:O:57,1,1,1,1,1,0,0,20250831,20251223
GNE:GOAO004:4:004MF250831:O:58,1,1,1,1,1,0,0,20250831,20251223
GNE:GOAO004:4:004MF250831:O:59,1,1,1,1,1,0,0,20250831,20251223
GNE:GOAO004:4:004MF250831:O:60,1,1,1,1,1,0,0,20250831,20251223
GNE:GOAO004:4:004MF250831:O:61,1,1,1,1,1,0,0,20250831,20251223
GNE:GOAO004:4:004MF250831:O:62,1,1,1,1,1,0,0,20250831,20251223
GNE:GOAO004:4:004MF250831:O:63,1,1,1,1,1,0,0,20250831,20251223
GNE:GOAO004:4:004MF250831:O:64,1,1,1,1,1,0,0,20250831,20251223
GNE:GOAO004:4:004MF250831:I:1,1,1,1,1,1,0,0,20250831,20251223
GNE:GOAO004:4:004MF250831:I:2,1,1,1,1,1,0,0,20250831,20251223
GNE:GOAO004:4:004MF250831:I:3,1,1,1,1,1,0,0,20250831,20251223
GNE:GOAO004:4:004MF250831:I:4,1,1,1,1,1,0,0,20250831,20251223
GNE:GOAO004:4:004MF250831:I:5,1,1,1,1,1,0,0,20250831,20251223
GNE:GOAO004:4:004MF250831:I:6,1,1,1,1,1,0,0,20250831,20251223
GNE:GOAO004:4:004MF250831:I:7,1,1,1,1,1,0,0,20250831,20251223
GNE:GOAO004:4:004MF250831:I:8,1,1,1,1,1,0,0,20250831,20251223
GNE:GOAO004:4:004MF250831:I:9,1,1,1,1,1,0,0,20250831,20251223
GNE:GOAO004:4:004MF250831:I:10,1,1,1,1,1,0,0,20250831,20251223
GNE:GOAO004:4:004MF250831:I:11,1,1,1,1,1,0,0,20250831,20251223
GNE:GOAO004:4:004MF250831:I:12,1,1,1,1,1,0,0,20250831,20251223
GNE:GOAO004:4:004MF250831:I:13,1,1,1,1,1,0,0,20250831,20251223
GNE:GOAO004:4:004MF250831:I:14,1,1,1,1,1,0,0,20250831,20251223
GNE:GOAO004:4:004MF250831:I:15,1,1,1,1,1,0,0,20250831,20251223
GNE:GOAO004:4:004MF250831:I:16,1,1,1,1,1,0,0,20250831,20251223
GNE:GOAO004:4:004MF250831:I:17,1,1,1,1,1,0,0,20250831,20251223
GNE:GOAO004:4:004MF250831:I:18,1,1,1,1,1,0,0,20250831,20251223
GNE:GOAO004:4:004MF250831:I:19,1,1,1,1,1,0,0,20250831,20251223
GNE:GOAO004:4:004MF250831:I:20,1,1,1,1,1,0,0,20250831,20251223
GNE:GOAO004:4:004MF250831:I:21,1,1,1,1,1,0,0,20250831,20251223
GNE:GOAO004:4:004MF250831:I:22,1,1,1,1,1,0,0,20250831,20251223
GNE:GOAO004:4:004MF250831:I:23,1,1,1,1,1,0,0,20250831,20251223
GNE:GOAO004:4:004MF250831:I:24,1,1,1,1,1,0,0,20250831,20251223
GNE:GOAO004:4:004MF250831:I:25,1,1,1,1,1,0,0,20250831,20251223
GNE:GOAO004:4:004MF250831:I:26,1,1,1,1,1,0,0,20250831,20251223
GNE:GOAO004:4:004MF250831:I:27,1,1,1,1,1,0,0,20250831,20251223
GNE:GOAO004:4:004MF250831:I:28,1,1,1,1,1,0,0,20250831,20251223
GNE:GOAO004:4:004MF250831:I:29,1,1,1,1,1,0,0,20250831,20251223
GNE:GOAO004:4:004MF250831:I:30,1,1,1,1,1,0,0,20250831,20251223
GNE:GOAO004:4:004MF250831:I:31,1,1,1,1,1,0,0,20250831,20251223
GNE:GOAO004:4:004MF250831:I:32,1,1,1,1,1,0,0,20250831,20251223
GNE:GOAO004:4:004MF250831:I:33,1,1,1,1,1,0,0,20250831,20251223
GNE:GOAO004:4:004MF250831:I:34,1,1,1,1,1,0,0,20250831,20251223
GNE:GOAO004:4:004MF250831:I:35,1,1,1,1,1,0,0,20250831,20251223
GNE:GOAO004:4:004MF250831:I:36,1,1,1,1,1,0,0,20250831,20251223
GNE:GOAO004:4:004MF250831:I:37,1,1,1,1,1,0,0,20250831,20251223
GNE:GOAO004:4:004MF250831:I:38,1,1,1,1,1,0,0,20250831,20251223
GNE:GOAO004:4:004MF250831:I:39,1,1,1,1,1,0,0,20250831,20251223
GNE:GOAO004:4:004MF250831:I:40,1,1,1,1,1,0,0,20250831,20251223
GNE:GOAO004:4:004MF250831:I:41,1,1,1,1,1,0,0,20250831,20251223
GNE:GOAO004:4:004MF250831:I:42,1,1,1,1,1,0,0,20250831,20251223
GNE:GOAO004:4:004MF250831:I:43,1,1,1,1,1,0,0,20250831,20251223
GNE:GOAO004:4:004MF250831:I:44,1,1,1,1,1,0,0,20250831,20251223
GNE:GOAO004:4:004MF250831:I:45,1,1,1,1,1,0,0,20250831,20251223
GNE:GOAO004:4:004MF250831:I:46,1,1,1,1,1,0,0,20250831,20251223
GNE:GOAO004:4:004MF250831:I:47,1,1,1,1,1,0,0,20250831,20251223
GNE:GOAO004:4:004MF250831:I:48,1,1,1,1,1,0,0,20250831,20251223
GNE:GOAO004:4:004MF250831:I:49,1,1,1,1,1,0,0,20250831,20251223
GNE:GOAO004:4:004MF250831:I:50,1,1,1,1,1,0,0,20250831,20251223
GNE:GOAO004:4:004MF250831:I:51,1,1,1,1,1,0,0,20250831,20251223
GNE:GOAO004:4:004MF250831:I:52,1,1,1,1,1,0,0,20250831,20251223
GNE:GOAO004:4:004MF250831:I:53,1,1,1,1,1,0,0,20250831,20251223
GNE:GOAO004:4:004MF250831:I:54,1,1,1,1,1,0,0,20250831,20251223
GNE:GOAO004:4:004MF250831:I:55,1,1,1,1,1,0,0,20250831,20251223
GNE:GOAO004:4:004MF250831:I:56,1,1,1,1,1,0,0,20250831,20251223
GNE:GOAO004:4:004MF250831:I:57,1,1,1,1,1,0,0,20250831,20251223
GNE:GOAO004:4:004MF250831:I:58,1,1,1,1,1,0,0,20250831,20251223
GNE:GOAO004:4:004MF250831:I:59,1,1,1,1,1,0,0,20250831,20251223
GNE:GOAO004:4:004MF250831:I:60,1,1,1,1,1,0,0,20250831,20251223
GNE:GOAO004:4:004MF250831:I:61,1,1,1,1,1,0,0,20250831,20251223
GNE:GOAO004:4:004MF250831:I:62,1,1,1,1,1,0,0,20250831,20251223
GNE:GOAO004:4:004MF250831:I:63,1,1,1,1,1,0,0,20250831,20251223
GNE:GOAO004:4:004MF250831:I:64,1,1,1,1,1,0,0,20250831,20251223
GNE:GOAO004:4:004MF250831:I:65,1,1,1,1,1,0,0,20250831,20251223
GNE:GOAO004:4:004SA250831:O:1,0,0,0,0,0,1,0,20250831,20251223
GNE:GOAO004:4:004SA250831:O:2,0,0,0,0,0,1,0,20250831,20251223
GNE:GOAO004:4:004SA250831:O:3,0,0,0,0,0,1,0,20250831,20251223
GNE:GOAO004:4:004SA250831:O:4,0,0,0,0,0,1,0,20250831,20251223
GNE:GOAO004:4:004SA250831:O:5,0,0,0,0,0,1,0,20250831,20251223
GNE:GOAO004:4:004SA250831:O:6,0,0,0,0,0,1,0,20250831,20251223
GNE:GOAO004:4:004SA250831:O:7,0,0,0,0,0,1,0,20250831,20251223
GNE:GOAO004:4:004SA250831:O:8,0,0,0,0,0,1,0,20250831,20251223
GNE:GOAO004:4:004SA250831:O:9,0,0,0,0,0,1,0,20250831,20251223
GNE:GOAO004:4:004SA250831:O:10,0,0,0,0,0,1,0,20250831,20251223
GNE:GOAO004:4:004SA250831:O:11,0,0,0,0,0,1,0,20250831,20251223
GNE:GOAO004:4:004SA250831:O:12,0,0,0,0,0,1,0,20250831,20251223
GNE:GOAO004:4:004SA250831:O:13,0,0,0,0,0,1,0,20250831,20251223
GNE:GOAO004:4:004SA250831:O:14,0,0,0,0,0,1,0,20250831,20251223
GNE:GOAO004:4:004SA250831:O:15,0,0,0,0,0,1,0,20250831,20251223
GNE:GOAO004:4:004SA250831:O:16,0,0,0,0,0,1,0,20250831,20251223
GNE:GOAO004:4:004SA250831:O:17,0,0,0,0,0,1,0,20250831,20251223
GNE:GOAO004:4:004SA250831:O:18,0,0,0,0,0,1,0,20250831,20251223
GNE:GOAO004:4:004SA250831:O:19,0,0,0,0,0,1,0,20250831,20251223
GNE:GOAO004:4:004SA250831:O:20,0,0,0,0,0,1,0,20250831,20251223
GNE:GOAO004:4:004SA250831:O:21,0,0,0,0,0,1,0,20250831,20251223
GNE:GOAO004:4:004SA250831:O:22,0,0,0,0,0,1,0,20250831,20251223
GNE:GOAO004:4:004SA250831:O:23,0,0,0,0,0,1,0,20250831,20251223
GNE:GOAO004:4:004SA250831:O:24,0,0,0,0,0,1,0,20250831,20251223
GNE:GOAO004:4:004SA250831:O:25,0,0,0,0,0,1,0,20250831,20251223
GNE:GOAO004:4:004SA250831:O:26,0,0,0,0,0,1,0,20250831,20251223
GNE:GOAO004:4:004SA250831:O:27,0,0,0,0,0,1,0,20250831,20251223
GNE:GOAO004:4:004SA250831:O:28,0,0,0,0,0,1,0,20250831,20251223
GNE:GOAO004:4:004SA250831:O:29,0,0,0,0,0,1,0,20250831,20251223
GNE:GOAO004:4:004SA250831:O:30,0,0,0,0,0,1,0,20250831,20251223
GNE:GOAO004:4:004SA250831:O:31,0,0,0,0,0,1,0,20250831,20251223
GNE:GOAO004:4:004SA250831:O:32,0,0,0,0,0,1,0,20250831,20251223
GNE:GOAO004:4:004SA250831:O:33,0,0,0,0,0,1,0,20250831,20251223
GNE:GOAO004:4:004SA250831:O:34,0,0,0,0,0,1,0,20250831,20251223
GNE:GOAO004:4:004SA250831:O:35,0,0,0,0,0,1,0,20250831,20251223
GNE:GOAO004:4:004SA250831:O:36,0,0,0,0,0,1,0,20250831,20251223
GNE:GOAO004:4:004SA250831:O:37,0,0,0,0,0,1,0,20250831,20251223
GNE:GOAO004:4:004SA250831:O:38,0,0,0,0,0,1,0,20250831,20251223
GNE:GOAO004:4:004SA250831:O:39,0,0,0,0,0,1,0,20250831,20251223
GNE:GOAO004:4:004SA250831:O:40,0,0,0,0,0,1,0,20250831,20251223
GNE:GOAO004:4:004SA250831:O:41,0,0,0,0,0,1,0,20250831,20251223
GNE:GOAO004:4:004SA250831:O:42,0,0,0,0,0,1,0,20250831,20251223
GNE:GOAO004:4:004SA250831:O:43,0,0,0,0,0,1,0,20250831,20251223
GNE:GOAO004:4:004SA250831:O:44,0,0,0,0,0,1,0,20250831,20251223
GNE:GOAO004:4:004SA250831:O:45,0,0,0,0,0,1,0,20250831,20251223
GNE:GOAO004:4:004SA250831:O:46,0,0,0,0,0,1,0,20250831,20251223
GNE:GOAO004:4:004SA250831:O:47,0,0,0,0,0,1,0,20250831,20251223
GNE:GOAO004:4:004SA250831:O:48,0,0,0,0,0,1,0,20250831,20251223
GNE:GOAO004:4:004SA250831:O:49,0,0,0,0,0,1,0,20250831,20251223
GNE:GOAO004:4:004SA250831:O:50,0,0,0,0,0,1,0,20250831,20251223
GNE:GOAO004:4:004SA250831:O:51,0,0,0,0,0,1,0,20250831,20251223
GNE:GOAO004:4:004SA250831:O:52,0,0,0,0,0,1,0,20250831,20251223
GNE:GOAO004:4:004SA250831:O:53,0,0,0,0,0,1,0,20250831,20251223
GNE:GOAO004:4:004SA250831:O:54,0,0,0,0,0,1,0,20250831,20251223
GNE:GOAO004:4:004SA250831:O:55,0,0,0,0,0,1,0,20250831,20251223
GNE:GOAO004:4:004SA250831:O:56,0,0,0,0,0,1,0,20250831,20251223
GNE:GOAO004:4:004SA250831:O:57,0,0,0,0,0,1,0,20250831,20251223
GNE:GOAO004:4:004SA250831:O:58,0,0,0,0,0,1,0,20250831,20251223
GNE:GOAO004:4:004SA250831:O:59,0,0,0,0,0,1,0,20250831,20251223
GNE:GOAO004:4:004SA250831:O:60,0,0,0,0,0,1,0,20250831,20251223
GNE:GOAO004:4:004SA250831:O:61,0,0,0,0,0,1,0,20250831,20251223
GNE:GOAO004:4:004SA250831:I:1,0,0,0,0,0,1,0,20250831,20251223
GNE:GOAO004:4:004SA250831:I:2,0,0,0,0,0,1,0,20250831,20251223
GNE:GOAO004:4:004SA250831:I:3,0,0,0,0,0,1,0,20250831,20251223
GNE:GOAO004:4:004SA250831:I:4,0,0,0,0,0,1,0,20250831,20251223
GNE:GOAO004:4:004SA250831:I:5,0,0,0,0,0,1,0,20250831,20251223
GNE:GOAO004:4:004SA250831:I:6,0,0,0,0,0,1,0,20250831,20251223
GNE:GOAO004:4:004SA250831:I:7,0,0,0,0,0,1,0,20250831,20251223
GNE:GOAO004:4:004SA250831:I:8,0,0,0,0,0,1,0,20250831,20251223
GNE:GOAO004:4:004SA250831:I:9,0,0,0,0,0,1,0,20250831,20251223
GNE:GOAO004:4:004SA250831:I:10,0,0,0,0,0,1,0,20250831,20251223
GNE:GOAO004:4:004SA250831:I:11,0,0,0,0,0,1,0,20250831,20251223
GNE:GOAO004:4:004SA250831:I:12,0,0,0,0,0,1,0,20250831,20251223
GNE:GOAO004:4:004SA250831:I:13,0,0,0,0,0,1,0,20250831,20251223
GNE:GOAO004:4:004SA250831:I:14,0,0,0,0,0,1,0,20250831,20251223
GNE:GOAO004:4:004SA250831:I:15,0,0,0,0,0,1,0,20250831,20251223
GNE:GOAO004:4:004SA250831:I:16,0,0,0,0,0,1,0,20250831,20251223
GNE:GOAO004:4:004SA250831:I:17,0,0,0,0,0,1,0,20250831,20251223
GNE:GOAO004:4:004SA250831:I:18,0,0,0,0,0,1,0,20250831,20251223
GNE:GOAO004:4:004SA250831:I:19,0,0,0,0,0,1,0,20250831,20251223
GNE:GOAO004:4:004SA250831:I:20,0,0,0,0,0,1,0,20250831,20251223
GNE:GOAO004:4:004SA250831:I:21,0,0,0,0,0,1,0,20250831,20251223
GNE:GOAO004:4:004SA250831:I:22,0,0,0,0,0,1,0,20250831,20251223
GNE:GOAO004:4:004SA250831:I:23,0,0,0,0,0,1,0,20250831,20251223
GNE:GOAO004:4:004SA250831:I:24,0,0,0,0,0,1,0,20250831,20251223
GNE:GOAO004:4:004SA250831:I:25,0,0,0,0,0,1,0,20250831,20251223
GNE:GOAO004:4:004SA250831:I:26,0,0,0,0,0,1,0,20250831,20251223
GNE:GOAO004:4:004SA250831:I:27,0,0,0,0,0,1,0,20250831,20251223
GNE:GOAO004:4:004SA250831:I:28,0,0,0,0,0,1,0,20250831,20251223
GNE:GOAO004:4:004SA250831:I:29,0,0,0,0,0,1,0,20250831,20251223
GNE:GOAO004:4:004SA250831:I:30,0,0,0,0,0,1,0,20250831,20251223
GNE:GOAO004:4:004SA250831:I:31,0,0,0,0,0,1,0,20250831,20251223
GNE:GOAO004:4:004SA250831:I:32,0,0,0,0,0,1,0,20250831,20251223
GNE:GOAO004:4:004SA250831:I:33,0,0,0,0,0,1,0,20250831,20251223
GNE:GOAO004:4:004SA250831:I:34,0,0,0,0,0,1,0,20250831,20251223
GNE:GOAO004:4:004SA250831:I:35,0,0,0,0,0,1,0,20250831,20251223
GNE:GOAO004:4:004SA250831:I:36,0,0,0,0,0,1,0,20250831,20251223
GNE:GOAO004:4:004SA250831:I:37,0,0,0,0,0,1,0,20250831,20251223
GNE:GOAO004:4:004SA250831:I:38,0,0,0,0,0,1,0,20250831,20251223
GNE:GOAO004:4:004SA250831:I:39,0,0,0,0,0,1,0,20250831,20251223
GNE:GOAO004:4:004SA250831:I:40,0,0,0,0,0,1,0,20250831,20251223
GNE:GOAO004:4:004SA250831:I:41,0,0,0,0,0,1,0,20250831,20251223
GNE:GOAO004:4:004SA250831:I:42,0,0,0,0,0,1,0,20250831,20251223
GNE:GOAO004:4:004SA250831:I:43,0,0,0,0,0,1,0,20250831,20251223
GNE:GOAO004:4:004SA250831:I:44,0,0,0,0,0,1,0,20250831,20251223
GNE:GOAO004:4:004SA250831:I:45,0,0,0,0,0,1,0,20250831,20251223
GNE:GOAO004:4:004SA250831:I:46,0,0,0,0,0,1,0,20250831,20251223
GNE:GOAO004:4:004SA250831:I:47,0,0,0,0,0,1,0,20250831,20251223
GNE:GOAO004:4:004SA250831:I:48,0,0,0,0,0,1,0,20250831,20251223
GNE:GOAO004:4:004SA250831:I:49,0,0,0,0,0,1,0,20250831,20251223
GNE:GOAO004:4:004SA250831:I:50,0,0,0,0,0,1,0,20250831,20251223
GNE:GOAO004:4:004SA250831:I:51,0,0,0,0,0,1,0,20250831,20251223
GNE:GOAO004:4:004SA250831:I:52,0,0,0,0,0,1,0,20250831,20251223
GNE:GOAO004:4:004SA250831:I:53,0,0,0,0,0,1,0,20250831,20251223
GNE:GOAO004:4:004SA250831:I:54,0,0,0,0,0,1,0,20250831,20251223
GNE:GOAO004:4:004SA250831:I:55,0,0,0,0,0,1,0,20250831,20251223
GNE:GOAO004:4:004SA250831:I:56,0,0,0,0,0,1,0,20250831,20251223
GNE:GOAO004:4:004SA250831:I:57,0,0,0,0,0,1,0,20250831,20251223
GNE:GOAO004:4:004SA250831:I:58,0,0,0,0,0,1,0,20250831,20251223
GNE:GOAO004:4:004SA250831:I:59,0,0,0,0,0,1,0,20250831,20251223
GNE:GOAO004:4:004SA250831:I:60,0,0,0,0,0,1,0,20250831,20251223
GNE:GOAO004:4:004SA250831:I:61,0,0,0,0,0,1,0,20250831,20251223
GNE:GOAO004:4:004SA250831:I:62,0,0,0,0,0,1,0,20250831,20251223
GNE:GOAO004:4:004SA250831:I:63,0,0,0,0,0,1,0,20250831,20251223
GNE:GOAO004:4:004SU250831:O:1,0,0,0,0,0,0,1,20250831,20251223
GNE:GOAO004:4:004SU250831:O:2,0,0,0,0,0,0,1,20250831,20251223
GNE:GOAO004:4:004SU250831:O:3,0,0,0,0,0,0,1,20250831,20251223
GNE:GOAO004:4:004SU250831:O:4,0,0,0,0,0,0,1,20250831,20251223
GNE:GOAO004:4:004SU250831:O:5,0,0,0,0,0,0,1,20250831,20251223
GNE:GOAO004:4:004SU250831:O:6,0,0,0,0,0,0,1,20250831,20251223
GNE:GOAO004:4:004SU250831:O:7,0,0,0,0,0,0,1,20250831,20251223
GNE:GOAO004:4:004SU250831:O:8,0,0,0,0,0,0,1,20250831,20251223
GNE:GOAO004:4:004SU250831:O:9,0,0,0,0,0,0,1,20250831,20251223
GNE:GOAO004:4:004SU250831:O:10,0,0,0,0,0,0,1,20250831,20251223
GNE:GOAO004:4:004SU250831:O:11,0,0,0,0,0,0,1,20250831,20251223
GNE:GOAO004:4:004SU250831:O:12,0,0,0,0,0,0,1,20250831,20251223
GNE:GOAO004:4:004SU250831:O:13,0,0,0,0,0,0,1,20250831,20251223
GNE:GOAO004:4:004SU250831:O:14,0,0,0,0,0,0,1,20250831,20251223
GNE:GOAO004:4:004SU250831:O:15,0,0,0,0,0,0,1,20250831,20251223
GNE:GOAO004:4:004SU250831:O:16,0,0,0,0,0,0,1,20250831,20251223
GNE:GOAO004:4:004SU250831:O:17,0,0,0,0,0,0,1,20250831,20251223
GNE:GOAO004:4:004SU250831:O:18,0,0,0,0,0,0,1,20250831,20251223
GNE:GOAO004:4:004SU250831:O:19,0,0,0,0,0,0,1,20250831,20251223
GNE:GOAO004:4:004SU250831:O:20,0,0,0,0,0,0,1,20250831,20251223
GNE:GOAO004:4:004SU250831:O:21,0,0,0,0,0,0,1,20250831,20251223
GNE:GOAO004:4:004SU250831:O:22,0,0,0,0,0,0,1,20250831,20251223
GNE:GOAO004:4:004SU250831:O:23,0,0,0,0,0,0,1,20250831,20251223
GNE:GOAO004:4:004SU250831:O:24,0,0,0,0,0,0,1,20250831,20251223
GNE:GOAO004:4:004SU250831:O:25,0,0,0,0,0,0,1,20250831,20251223
GNE:GOAO004:4:004SU250831:O:26,0,0,0,0,0,0,1,20250831,20251223
GNE:GOAO004:4:004SU250831:O:27,0,0,0,0,0,0,1,20250831,20251223
GNE:GOAO004:4:004SU250831:O:28,0,0,0,0,0,0,1,20250831,20251223
GNE:GOAO004:4:004SU250831:O:29,0,0,0,0,0,0,1,20250831,20251223
GNE:GOAO004:4:004SU250831:O:30,0,0,0,0,0,0,1,20250831,20251223
GNE:GOAO004:4:004SU250831:O:31,0,0,0,0,0,0,1,20250831,20251223
GNE:GOAO004:4:004SU250831:O:32,0,0,0,0,0,0,1,20250831,20251223
GNE:GOAO004:4:004SU250831:O:33,0,0,0,0,0,0,1,20250831,20251223
GNE:GOAO004:4:004SU250831:O:34,0,0,0,0,0,0,1,20250831,20251223
GNE:GOAO004:4:004SU250831:O:35,0,0,0,0,0,0,1,20250831,20251223
GNE:GOAO004:4:004SU250831:O:36,0,0,0,0,0,0,1,20250831,20251223
GNE:GOAO004:4:004SU250831:I:1,0,0,0,0,0,0,1,20250831,20251223
GNE:GOAO004:4:004SU250831:I:2,0,0,0,0,0,0,1,20250831,20251223
GNE:GOAO004:4:004SU250831:I:3,0,0,0,0,0,0,1,20250831,20251223
GNE:GOAO004:4:004SU250831:I:4,0,0,0,0,0,0,1,20250831,20251223
GNE:GOAO004:4:004SU250831:I:5,0,0,0,0,0,0,1,20250831,20251223
GNE:GOAO004:4:004SU250831:I:6,0,0,0,0,0,0,1,20250831,20251223
GNE:GOAO004:4:004SU250831:I:7,0,0,0,0,0,0,1,20250831,20251223
GNE:GOAO004:4:004SU250831:I:8,0,0,0,0,0,0,1,20250831,20251223
GNE:GOAO004:4:004SU250831:I:9,0,0,0,0,0,0,1,20250831,20251223
GNE:GOAO004:4:004SU250831:I:10,0,0,0,0,0,0,1,20250831,20251223
GNE:GOAO004:4:004SU250831:I:11,0,0,0,0,0,0,1,20250831,20251223
GNE:GOAO004:4:004SU250831:I:12,0,0,0,0,0,0,1,20250831,20251223
GNE:GOAO004:4:004SU250831:I:13,0,0,0,0,0,0,1,20250831,20251223
GNE:GOAO004:4:004SU250831:I:14,0,0,0,0,0,0,1,20250831,20251223
GNE:GOAO004:4:004SU250831:I:15,0,0,0,0,0,0,1,20250831,20251223
GNE:GOAO004:4:004SU250831:I:16,0,0,0,0,0,0,1,20250831,20251223
GNE:GOAO004:4:004SU250831:I:17,0,0,0,0,0,0,1,20250831,20251223
GNE:GOAO004:4:004SU250831:I:18,0,0,0,0,0,0,1,20250831,20251223
GNE:GOAO004:4:004SU250831:I:19,0,0,0,0,0,0,1,20250831,20251223
GNE:GOAO004:4:004SU250831:I:20,0,0,0,0,0,0,1,20250831,20251223
GNE:GOAO004:4:004SU250831:I:21,0,0,0,0,0,0,1,20250831,20251223
GNE:GOAO004:4:004SU250831:I:22,0,0,0,0,0,0,1,20250831,20251223
GNE:GOAO004:4:004SU250831:I:23,0,0,0,0,0,0,1,20250831,20251223
GNE:GOAO004:4:004SU250831:I:24,0,0,0,0,0,0,1,20250831,20251223
GNE:GOAO004:4:004SU250831:I:25,0,0,0,0,0,0,1,20250831,20251223
GNE:GOAO004:4:004SU250831:I:26,0,0,0,0,0,0,1,20250831,20251223
GNE:GOAO004:4:004SU250831:I:27,0,0,0,0,0,0,1,20250831,20251223
GNE:GOAO004:4:004SU250831:I:28,0,0,0,0,0,0,1,20250831,20251223
GNE:GOAO004:4:004SU250831:I:29,0,0,0,0,0,0,1,20250831,20251223
GNE:GOAO004:4:004SU250831:I:30,0,0,0,0,0,0,1,20250831,20251223
GNE:GOAO004:4:004SU250831:I:31,0,0,0,0,0,0,1,20250831,20251223
GNE:GOAO004:4:004SU250831:I:32,0,0,0,0,0,0,1,20250831,20251223
GNE:GOAO004:4:004SU250831:I:33,0,0,0,0,0,0,1,20250831,20251223
GNE:GOAO004:4:004SU250831:I:34,0,0,0,0,0,0,1,20250831,20251223
GNE:GOAO004:4:004SU250831:I:35,0,0,0,0,0,0,1,20250831,20251223
GNE:GOAO004:4:004SU250831:I:36,0,0,0,0,0,0,1,20250831,20251223
GNE:GOAO004:4:004SU250831:I:37,0,0,0,0,0,0,1,20250831,20251223
GNE:GOAO004:4:004SU250831:I:38,0,0,0,0,0,0,1,20250831,20251223
GNE:GOAO006:6:006MF250831:O:1,1,1,1,1,1,0,0,20250831,20251223
GNE:GOAO006:6:006MF250831:O:2,1,1,1,1,1,0,0,20250831,20251223
GNE:GOAO006:6:006MF250831:O:3,1,1,1,1,1,0,0,20250831,20251223
GNE:GOAO006:6:006MF250831:O:4,1,1,1,1,1,0,0,20250831,20251223
GNE:GOAO006:6:006MF250831:O:5,1,1,1,1,1,0,0,20250831,20251223
GNE:GOAO006:6:006MF250831:O:6,1,1,1,1,1,0,0,20250831,20251223
GNE:GOAO006:6:006MF250831:O:7,1,1,1,1,1,0,0,20250831,20251223
GNE:GOAO006:6:006MF250831:O:8,1,1,1,1,1,0,0,20250831,20251223
GNE:GOAO006:6:006MF250831:O:9,1,1,1,1,1,0,0,20250831,20251223
GNE:GOAO006:6:006MF250831:O:10,1,1,1,1,1,0,0,20250831,20251223
GNE:GOAO006:6:006MF250831:O:11,1,1,1,1,1,0,0,20250831,20251223
GNE:GOAO006:6:006MF250831:O:12,1,1,1,1,1,0,0,20250831,20251223
GNE:GOAO006:6:006MF250831:O:13,1,1,1,1,1,0,0,20250831,20251223
GNE:GOAO006:6:006MF250831:O:14,1,1,1,1,1,0,0,20250831,20251223
GNE:GOAO006:6:006MF250831:O:15,1,1,1,1,1,0,0,20250831,20251223
GNE:GOAO006:6:006MF250831:O:16,1,1,1,1,1,0,0,20250831,20251223
GNE:GOAO006:6:006MF250831:O:17,1,1,1,1,1,0,0,20250831,20251223
GNE:GOAO006:6:006MF250831:O:18,1,1,1,1,1,0,0,20250831,20251223
GNE:GOAO006:6:006MF250831:O:19,1,1,1,1,1,0,0,20250831,20251223
GNE:GOAO006:6:006MF250831:O:20,1,1,1,1,1,0,0,20250831,20251223
GNE:GOAO006:6:006MF250831:O:21,1,1,1,1,1,0,0,20250831,20251223
GNE:GOAO006:6:006MF250831:O:22,1,1,1,1,1,0,0,20250831,20251223
GNE:GOAO006:6:006MF250831:O:23,1,1,1,1,1,0,0,20250831,20251223
GNE:GOAO006:6:006MF250831:O:24,1,1,1,1,1,0,0,20250831,20251223
GNE:GOAO006:6:006MF250831:O:25,1,1,1,1,1,0,0,20250831,20251223
GNE:GOAO006:6:006MF250831:O:26,1,1,1,1,1,0,0,20250831,20251223
GNE:GOAO006:6:006MF250831:O:27,1,1,1,1,1,0,0,20250831,20251223
GNE:GOAO006:6:006MF250831:O:28,1,1,1,1,1,0,0,20250831,20251223
GNE:GOAO006:6:006MF250831:O:29,1,1,1,1,1,0,0,20250831,20251223
GNE:GOAO006:6:006MF250831:O:30,1,1,1,1,1,0,0,20250831,20251223
GNE:GOAO006:6:006MF250831:O:31,1,1,1,1,1,0,0,20250831,20251223
GNE:GOAO006:6:006MF250831:O:32,1,1,1,1,1,0,0,20250831,20251223
GNE:GOAO006:6:006MF250831:I:1,1,1,1,1,1,0,0,20250831,20251223
GNE:GOAO006:6:006MF250831:I:2,1,1,1,1,1,0,0,20250831,20251223
GNE:GOAO006:6:006MF250831:I:3,1,1,1,1,1,0,0,20250831,20251223
GNE:GOAO006:6:006MF250831:I:4,1,1,1,1,1,0,0,20250831,20251223
GNE:GOAO006:6:006MF250831:I:5,1,1,1,1,1,0,0,20250831,20251223
GNE:GOAO006:6:006MF250831:I:6,1,1,1,1,1,0,0,20250831,20251223
GNE:GOAO006:6:006MF250831:I:7,1,1,1,1,1,0,0,20250831,20251223
GNE:GOAO006:6:006MF250831:I:8,1,1,1,1,1,0,0,20250831,20251223
GNE:GOAO006:6:006MF250831:I:9,1,1,1,1,1,0,0,20250831,20251223
GNE:GOAO006:6:006MF250831:I:10,1,1,1,1,1,0,0,20250831,20251223
GNE:GOAO006:6:006MF250831:I:11,1,1,1,1,1,0,0,20250831,20251223
GNE:GOAO006:6:006MF250831:I:12,1,1,1,1,1,0,0,20250831,20251223
GNE:GOAO006:6:006MF250831:I:13,1,1,1,1,1,0,0,20250831,20251223
GNE:GOAO006:6:006MF250831:I:14,1,1,1,1,1,0,0,20250831,20251223
GNE:GOAO006:6:006MF250831:I:15,1,1,1,1,1,0,0,20250831,20251223
GNE:GOAO006:6:006MF250831:I:16,1,1,1,1,1,0,0,20250831,20251223
GNE:GOAO006:6:006MF250831:I:17,1,1,1,1,1,0,0,20250831,20251223
GNE:GOAO006:6:006MF250831:I:18,1,1,1,1,1,0,0,20250831,20251223
GNE:GOAO006:6:006MF250831:I:19,1,1,1,1,1,0,0,20250831,20251223
GNE:GOAO006:6:006MF250831:I:20,1,1,1,1,1,0,0,20250831,20251223
GNE:GOAO006:6:006MF250831:I:21,1,1,1,1,1,0,0,20250831,20251223
GNE:GOAO006:6:006MF250831:I:22,1,1,1,1,1,0,0,20250831,20251223
GNE:GOAO006:6:006MF250831:I:23,1,1,1,1,1,0,0,20250831,20251223
GNE:GOAO006:6:006MF250831:I:24,1,1,1,1,1,0,0,20250831,20251223
GNE:GOAO006:6:006MF250831:I:25,1,1,1,1,1,0,0,20250831,20251223
GNE:GOAO006:6:006MF250831:I:26,1,1,1,1,1,0,0,20250831,20251223
GNE:GOAO006:6:006MF250831:I:27,1,1,1,1,1,0,0,20250831,20251223
GNE:GOAO006:6:006MF250831:I:28,1,1,1,1,1,0,0,20250831,20251223
GNE:GOAO006:6:006MF250831:I:29,1,1,1,1,1,0,0,20250831,20251223
GNE:GOAO006:6:006SA250831:O:1,0,0,0,0,0,1,0,20250831,20251223
GNE:GOAO006:6:006SA250831:O:2,0,0,0,0,0,1,0,20250831,20251223
GNE:GOAO006:6:006SA250831:O:3,0,0,0,0,0,1,0,20250831,20251223
GNE:GOAO006:6:006SA250831:O:4,0,0,0,0,0,1,0,20250831,20251223
GNE:GOAO006:6:006SA250831:O:5,0,0,0,0,0,1,0,20250831,20251223
GNE:GOAO006:6:006SA250831:O:6,0,0,0,0,0,1,0,20250831,20251223
GNE:GOAO006:6:006SA250831:O:7,0,0,0,0,0,1,0,20250831,20251223
GNE:GOAO006:6:006SA250831:O:8,0,0,0,0,0,1,0,20250831,20251223
GNE:GOAO006:6:006SA250831:O:9,0,0,0,0,0,1,0,20250831,20251223
GNE:GOAO006:6:006SA250831:O:10,0,0,0,0,0,1,0,20250831,20251223
GNE:GOAO006:6:006SA250831:O:11,0,0,0,0,0,1,0,20250831,20251223
GNE:GOAO006:6:006SA250831:O:12,0,0,0,0,0,1,0,20250831,20251223
GNE:GOAO006:6:006SA250831:O:13,0,0,0,0,0,1,0,20250831,20251223
GNE:GOAO006:6:006SA250831:O:14,0,0,0,0,0,1,0,20250831,20251223
GNE:GOAO006:6:006SA250831:O:15,0,0,0,0,0,1,0,20250831,20251223
GNE:GOAO006:6:006SA250831:O:16,0,0,0,0,0,1,0,20250831,20251223
GNE:GOAO006:6:006SA250831:O:17,0,0,0,0,0,1,0,20250831,20251223
GNE:GOAO006:6:006SA250831:O:18,0,0,0,0,0,1,0,20250831,20251223
GNE:GOAO006:6:006SA250831:O:19,0,0,0,0,0,1,0,20250831,20251223
GNE:GOAO006:6:006SA250831:O:20,0,0,0,0,0,1,0,20250831,20251223
GNE:GOAO006:6:006SA250831:O:21,0,0,0,0,0,1,0,20250831,20251223
GNE:GOAO006:6:006SA250831:O:22,0,0,0,0,0,1,0,20250831,20251223
GNE:GOAO006:6:006SA250831:O:23,0,0,0,0,0,1,0,20250831,20251223
GNE:GOAO006:6:006SA250831:O:24,0,0,0,0,0,1,0,20250831,20251223
GNE:GOAO006:6:006SA250831:O:25,0,0,0,0,0,1,0,20250831,20251223
GNE:GOAO006:6:006SA250831:O:26,0,0,0,0,0,1,0,20250831,20251223
GNE:GOAO006:6:006SA250831:O:27,0,0,0,0,0,1,0,20250831,20251223
GNE:GOAO006:6:006SA250831:O:28,0,0,0,0,0,1,0,20250831,20251223
GNE:GOAO006:6:006SA250831:O:29,0,0,0,0,0,1,0,20250831,20251223
GNE:GOAO006:6:006SA250831:I:1,0,0,0,0,0,1,0,20250831,20251223
GNE:GOAO006:6:006SA250831:I:2,0,0,0,0,0,1,0,20250831,20251223
GNE:GOAO006:6:006SA250831:I:3,0,0,0,0,0,1,0,20250831,20251223
GNE:GOAO006:6:006SA250831:I:4,0,0,0,0,0,1,0,20250831,20251223
GNE:GOAO006:6:006SA250831:I:5,0,0,0,0,0,1,0,20250831,20251223
GNE:GOAO006:6:006SA250831:I:6,0,0,0,0,0,1,0,20250831,20251223
GNE:GOAO006:6:006SA250831:I:7,0,0,0,0,0,1,0,20250831,20251223
GNE:GOAO006:6:006SA250831:I:8,0,0,0,0,0,1,0,20250831,20251223
GNE:GOAO006:6:006SA250831:I:9,0,0,0,0,0,1,0,20250831,20251223
GNE:GOAO006:6:006SA250831:I:10,0,0,0,0,0,1,0,20250831,20251223
GNE:GOAO006:6:006SA250831:I:11,0,0,0,0,0,1,0,20250831,20251223
GNE:GOAO006:6:006SA250831:I:12,0,0,0,0,0,1,0,20250831,20251223
GNE:GOAO006:6:006SA250831:I:13,0,0,0,0,0,1,0,20250831,20251223
GNE:GOAO006:6:006SA250831:I:14,0,0,0,0,0,1,0,20250831,20251223
GNE:GOAO006:6:006SA250831:I:15,0,0,0,0,0,1,0,20250831,20251223
GNE:GOAO006:6:006SA250831:I:16,0,0,0,0,0,1,0,20250831,20251223
GNE:GOAO006:6:006SA250831:I:17,0,0,0,0,0,1,0,20250831,20251223
GNE:GOAO006:6:006SA250831:I:18,0,0,0,0,0,1,0,20250831,20251223
GNE:GOAO006:6:006SA250831:I:19,0,0,0,0,0,1,0,20250831,20251223
GNE:GOAO006:6:006SA250831:I:20,0,0,0,0,0,1,0,20250831,20251223
GNE:GOAO006:6:006SA250831:I:21,0,0,0,0,0,1,0,20250831,20251223
GNE:GOAO006:6:006SA250831:I:22,0,0,0,0,0,1,0,20250831,20251223
GNE:GOAO006:6:006SA250831:I:23,0,0,0,0,0,1,0,20250831,20251223
GNE:GOAO006:6:006SA250831:I:24,0,0,0,0,0,1,0,20250831,20251223
GNE:GOAO006:6:006SA250831:I:25,0,0,0,0,0,1,0,20250831,20251223
GNE:GOAO006:6:006SA250831:I:26,0,0,0,0,0,1,0,20250831,20251223
GNE:GOAO006:6:006SA250831:I:27,0,0,0,0,0,1,0,20250831,20251223
GNE:GOAO006:6:006SA250831:I:28,0,0,0,0,0,1,0,20250831,20251223
GNE:GOAO006:6:006SA250831:I:29,0,0,0,0,0,1,0,20250831,20251223
GNE:GOAO006:6:006SU250831:O:1,0,0,0,0,0,0,1,20250831,20251223
GNE:GOAO006:6:006SU250831:O:2,0,0,0,0,0,0,1,20250831,20251223
GNE:GOAO006:6:006SU250831:O:3,0,0,0,0,0,0,1,20250831,20251223
GNE:GOAO006:6:006SU250831:O:4,0,0,0,0,0,0,1,20250831,20251223
GNE:GOAO006:6:006SU250831:O:5,0,0,0,0,0,0,1,20250831,20251223
GNE:GOAO006:6:006SU250831:O:6,0,0,0,0,0,0,1,20250831,20251223
GNE:GOAO006:6:006SU250831:O:7,0,0,0,0,0,0,1,20250831,20251223
GNE:GOAO006:6:006SU250831:O:8,0,0,0,0,0,0,1,20250831,20251223
GNE:GOAO006:6:006SU250831:O:9,0,0,0,0,0,0,1,20250831,20251223
GNE:GOAO006:6:006SU250831:O:10,0,0,0,0,0,0,1,20250831,20251223
GNE:GOAO006:6:006SU250831:O:11,0,0,0,0,0,0,1,20250831,20251223
GNE:GOAO006:6:006SU250831:O:12,0,0,0,0,0,0,1,20250831,20251223
GNE:GOAO006:6:006SU250831:O:13,0,0,0,0,0,0,1,20250831,20251223
GNE:GOAO006:6:006SU250831:O:14,0,0,0,0,0,0,1,20250831,20251223
GNE:GOAO006:6:006SU250831:O:15,0,0,0,0,0,0,1,20250831,20251223
GNE:GOAO006:6:006SU250831:O:16,0,0,0,0,0,0,1,20250831,20251223
GNE:GOAO006:6:006SU250831:O:17,0,0,0,0,0,0,1,20250831,20251223
GNE:GOAO006:6:006SU250831:I:1,0,0,0,0,0,0,1,20250831,20251223
GNE:GOAO006:6:006SU250831:I:2,0,0,0,0,0,0,1,20250831,20251223
GNE:GOAO006:6:006SU250831:I:3,0,0,0,0,0,0,1,20250831,20251223
GNE:GOAO006:6:006SU250831:I:4,0,0,0,0,0,0,1,20250831,20251223
GNE:GOAO006:6:006SU250831:I:5,0,0,0,0,0,0,1,20250831,20251223
GNE:GOAO006:6:006SU250831:I:6,0,0,0,0,0,0,1,20250831,20251223
GNE:GOAO006:6:006SU250831:I:7,0,0,0,0,0,0,1,20250831,20251223
GNE:GOAO006:6:006SU250831:I:8,0,0,0,0,0,0,1,20250831,20251223
GNE:GOAO006:6:006SU250831:I:9,0,0,0,0,0,0,1,20250831,20251223
GNE:GOAO006:6:006SU250831:I:10,0,0,0,0,0,0,1,20250831,20251223
GNE:GOAO006:6:006SU250831:I:11,0,0,0,0,0,0,1,20250831,20251223
GNE:GOAO006:6:006SU250831:I:12,0,0,0,0,0,0,1,20250831,20251223
GNE:GOAO006:6:006SU250831:I:13,0,0,0,0,0,0,1,20250831,20251223
GNE:GOAO006:6:006SU250831:I:14,0,0,0,0,0,0,1,20250831,20251223
GNE:GOAO006:6:006SU250831:I:15,0,0,0,0,0,0,1,20250831,20251223
GNE:GOAO006:6:006SU250831:I:16,0,0,0,0,0,0,1,20250831,20251223
GNE:GOAO008:8:008MF250831:O:1,1,1,1,1,1,0,0,20250831,20251223
GNE:GOAO008:8:008MF250831:O:2,1,1,1,1,1,0,0,20250831,20251223
GNE:GOAO008:8:008MF250831:O:4,1,1,1,1,1,0,0,20250831,20251223
GNE:GOAO008:8:008MF250831:O:5,1,1,1,1,1,0,0,20250831,20251223
GNE:GOAO008:8:008MF250831:O:6,0,0,0,0,0,0,0,20250831,20251223
GNE:GOAO008:8:008MF250831:O:7,1,1,1,1,1,0,0,20250831,20251223
GNE:GOAO008:8:008MF250831:O:8,1,1,1,1,1,0,0,20250831,20251223
GNE:GOAO008:8:008MF250831:O:9,1,1,1,1,1,0,0,20250831,20251223
GNE:GOAO008:8:008MF250831:O:10,1,1,1,1,1,0,0,20250831,20251223
GNE:GOAO008:8:008MF250831:O:11,1,1,1,1,1,0,0,20250831,20251223
GNE:GOAO008:8:008MF250831:O:12,1,1,1,1,1,0,0,20250831,20251223
GNE:GOAO008:8:008MF250831:O:13,1,1,1,1,1,0,0,20250831,20251223
GNE:GOAO008:8:008MF250831:O:14,1,1,1,1,1,0,0,20250831,20251223
GNE:GOAO008:8:008MF250831:O:15,1,1,1,1,1,0,0,20250831,20251223
GNE:GOAO008:8:008MF250831:O:16,1,1,1,1,1,0,0,20250831,20251223
GNE:GOAO008:8:008MF250831:O:17,1,1,1,1,1,0,0,20250831,20251223
GNE:GOAO008:8:008MF250831:O:18,0,0,0,0,0,0,0,20250831,20251223
GNE:GOAO008:8:008MF250831:O:19,1,1,1,1,1,0,0,20250831,20251223
GNE:GOAO008:8:008MF250831:O:20,1,1,1,1,1,0,0,20250831,20251223
GNE:GOAO008:8:008MF250831:O:21,1,1,1,1,1,0,0,20250831,20251223
GNE:GOAO008:8:008MF250831:O:22,1,1,1,1,1,0,0,20250831,20251223
GNE:GOAO008:8:008MF250831:O:23,1,1,1,1,1,0,0,20250831,20251223
GNE:GOAO008:8:008MF250831:O:24,0,0,0,0,0,0,0,20250831,20251223
GNE:GOAO008:8:008MF250831:O:25,1,1,1,1,1,0,0,20250831,20251223
GNE:GOAO008:8:008MF250831:O:26,1,1,1,1,1,0,0,20250831,20251223
GNE:GOAO008:8:008MF250831:O:27,1,1,1,1,1,0,0,20250831,20251223
GNE:GOAO008:8:008MF250831:O:28,1,1,1,1,1,0,0,20250831,20251223
GNE:GOAO008:8:008MF250831:O:29,1,1,1,1,1,0,0,20250831,20251223
GNE:GOAO008:8:008MF250831:O:30,1,1,1,1,1,0,0,20250831,20251223
GNE:GOAO008:8:008MF250831:O:31,1,1,1,1,1,0,0,20250831,20251223
GNE:GOAO008:8:008MF250831:O:32,1,1,1,1,1,0,0,20250831,20251223
GNE:GOAO008:8:008MF250831:O:33,1,1,1,1,1,0,0,20250831,20251223
GNE:GOAO008:8:008MF250831:O:34,1,1,1,1,1,0,0,20250831,20251223
GNE:GOAO008:8:008MF250831:I:4,1,1,1,1,1,0,0,20250831,20251223
GNE:GOAO008:8:008MF250831:I:5,1,1,1,1,1,0,0,20250831,20251223
GNE:GOAO008:8:008MF250831:I:6,1,1,1,1,1,0,0,20250831,20251223
GNE:GOAO008:8:008MF250831:I:7,1,1,1,1,1,0,0,20250831,20251223
GNE:GOAO008:8:008MF250831:I:8,1,1,1,1,1,0,0,20250831,20251223
GNE:GOAO008:8:008MF250831:I:9,1,1,1,1,1,0,0,20250831,20251223
GNE:GOAO008:8:008MF250831:I:10,1,1,1,1,1,0,0,20250831,20251223
GNE:GOAO008:8:008MF250831:I:11,1,1,1,1,1,0,0,20250831,20251223
GNE:GOAO008:8:008MF250831:I:12,1,1,1,1,1,0,0,20250831,20251223
GNE:GOAO008:8:008MF250831:I:13,1,1,1,1,1,0,0,20250831,20251223
GNE:GOAO008:8:008MF250831:I:14,1,1,1,1,1,0,0,20250831,20251223
GNE:GOAO008:8:008MF250831:I:15,1,1,1,1,1,0,0,20250831,20251223
GNE:GOAO008:8:008MF250831:I:16,1,1,1,1,1,0,0,20250831,20251223
GNE:GOAO008:8:008MF250831:I:17,1,1,1,1,1,0,0,20250831,20251223
GNE:GOAO008:8:008MF250831:I:18,1,1,1,1,1,0,0,20250831,20251223
GNE:GOAO008:8:008MF250831:I:19,0,0,0,0,0,0,0,20250831,20251223
GNE:GOAO008:8:008MF250831:I:20,1,1,1,1,1,0,0,20250831,20251223
GNE:GOAO008:8:008MF250831:I:21,1,1,1,1,1,0,0,20250831,20251223
GNE:GOAO008:8:008MF250831:I:22,1,1,1,1,1,0,0,20250831,20251223
GNE:GOAO008:8:008MF250831:I:23,0,0,0,0,0,0,0,20250831,20251223
GNE:GOAO008:8:008MF250831:I:24,1,1,1,1,1,0,0,20250831,20251223
GNE:GOAO008:8:008MF250831:I:25,1,1,1,1,1,0,0,20250831,20251223
GNE:GOAO008:8:008MF250831:I:26,1,1,1,1,1,0,0,20250831,20251223
GNE:GOAO008:8:008MF250831:I:27,1,1,1,1,1,0,0,20250831,20251223
GNE:GOAO008:8:008MF250831:I:28,1,1,1,1,1,0,0,20250831,20251223
GNE:GOAO008:8:008MF250831:I:29,1,1,1,1,1,0,0,20250831,20251223
GNE:GOAO008:8:008MF250831:I:30,1,1,1,1,1,0,0,20250831,20251223
GNE:GOAO008:8:008MF250831:I:31,1,1,1,1,1,0,0,20250831,20251223
GNE:GOAO008:8:008MF250831:I:32,1,1,1,1,1,0,0,20250831,20251223
GNE:GOAO008:8:008MF250831:I:33,1,1,1,1,1,0,0,20250831,20251223
GNE:GOAO008:8:008MF250831:I:34,1,1,1,1,1,0,0,20250831,20251223
GNE:GOAO008:8:008SA250831:O:1,0,0,0,0,0,1,0,20250831,20251223
GNE:GOAO008:8:008SA250831:O:2,0,0,0,0,0,1,0,20250831,20251223
GNE:GOAO008:8:008SA250831:O:3,0,0,0,0,0,1,0,20250831,20251223
GNE:GOAO008:8:008SA250831:O:4,0,0,0,0,0,1,0,20250831,20251223
GNE:GOAO008:8:008SA250831:O:5,0,0,0,0,0,1,0,20250831,20251223
GNE:GOAO008:8:008SA250831:O:6,0,0,0,0,0,1,0,20250831,20251223
GNE:GOAO008:8:008SA250831:O:7,0,0,0,0,0,1,0,20250831,20251223
GNE:GOAO008:8:008SA250831:O:8,0,0,0,0,0,1,0,20250831,20251223
GNE:GOAO008:8:008SA250831:O:9,0,0,0,0,0,1,0,20250831,20251223
GNE:GOAO008:8:008SA250831:O:10,0,0,0,0,0,1,0,20250831,20251223
GNE:GOAO008:8:008SA250831:O:11,0,0,0,0,0,1,0,20250831,20251223
GNE:GOAO008:8:008SA250831:O:12,0,0,0,0,0,1,0,20250831,20251223
GNE:GOAO008:8:008SA250831:O:13,0,0,0,0,0,1,0,20250831,20251223
GNE:GOAO008:8:008SA250831:O:14,0,0,0,0,0,1,0,20250831,20251223
GNE:GOAO008:8:008SA250831:O:15,0,0,0,0,0,1,0,20250831,20251223
GNE:GOAO008:8:008SA250831:O:16,0,0,0,0,0,1,0,20250831,20251223
GNE:GOAO008:8:008SA250831:O:17,0,0,0,0,0,1,0,20250831,20251223
GNE:GOAO008:8:008SA250831:O:18,0,0,0,0,0,1,0,20250831,20251223
GNE:GOAO008:8:008SA250831:O:19,0,0,0,0,0,1,0,20250831,20251223
GNE:GOAO008:8:008SA250831:O:20,0,0,0,0,0,1,0,20250831,20251223
GNE:GOAO008:8:008SA250831:O:21,0,0,0,0,0,1,0,20250831,20251223
GNE:GOAO008:8:008SA250831:O:22,0,0,0,0,0,1,0,20250831,20251223
GNE:GOAO008:8:008SA250831:O:23,0,0,0,0,0,1,0,20250831,20251223
GNE:GOAO008:8:008SA250831:O:24,0,0,0,0,0,1,0,20250831,20251223
GNE:GOAO008:8:008SA250831:O:25,0,0,0,0,0,1,0,20250831,20251223
GNE:GOAO008:8:008SA250831:O:26,0,0,0,0,0,1,0,20250831,20251223
GNE:GOAO008:8:008SA250831:O:27,0,0,0,0,0,1,0,20250831,20251223
GNE:GOAO008:8:008SA250831:O:28,0,0,0,0,0,1,0,20250831,20251223
GNE:GOAO008:8:008SA250831:I:4,0,0,0,0,0,1,0,20250831,20251223
GNE:GOAO008:8:008SA250831:I:5,0,0,0,0,0,1,0,20250831,20251223
GNE:GOAO008:8:008SA250831:I:6,0,0,0,0,0,1,0,20250831,20251223
GNE:GOAO008:8:008SA250831:I:7,0,0,0,0,0,1,0,20250831,20251223
GNE:GOAO008:8:008SA250831:I:8,0,0,0,0,0,1,0,20250831,20251223
GNE:GOAO008:8:008SA250831:I:9,0,0,0,0,0,1,0,20250831,20251223
GNE:GOAO008:8:008SA250831:I:10,0,0,0,0,0,1,0,20250831,20251223
GNE:GOAO008:8:008SA250831:I:11,0,0,0,0,0,1,0,20250831,20251223
GNE:GOAO008:8:008SA250831:I:12,0,0,0,0,0,1,0,20250831,20251223
GNE:GOAO008:8:008SA250831:I:13,0,0,0,0,0,1,0,20250831,20251223
GNE:GOAO008:8:008SA250831:I:14,0,0,0,0,0,1,0,20250831,20251223
GNE:GOAO008:8:008SA250831:I:15,0,0,0,0,0,1,0,20250831,20251223
GNE:GOAO008:8:008SA250831:I:16,0,0,0,0,0,1,0,20250831,20251223
GNE:GOAO008:8:008SA250831:I:17,0,0,0,0,0,1,0,20250831,20251223
GNE:GOAO008:8:008SA250831:I:18,0,0,0,0,0,1,0,20250831,20251223
GNE:GOAO008:8:008SA250831:I:19,0,0,0,0,0,1,0,20250831,20251223
GNE:GOAO008:8:008SA250831:I:20,0,0,0,0,0,1,0,20250831,20251223
GNE:GOAO008:8:008SA250831:I:21,0,0,0,0,0,1,0,20250831,20251223
GNE:GOAO008:8:008SA250831:I:22,0,0,0,0,0,1,0,20250831,20251223
GNE:GOAO008:8:008SA250831:I:23,0,0,0,0,0,1,0,20250831,20251223
GNE:GOAO008:8:008SA250831:I:24,0,0,0,0,0,1,0,20250831,20251223
GNE:GOAO008:8:008SA250831:I:25,0,0,0,0,0,1,0,20250831,20251223
GNE:GOAO008:8:008SA250831:I:26,0,0,0,0,0,1,0,20250831,20251223
GNE:GOAO008:8:008SA250831:I:27,0,0,0,0,0,1,0,20250831,20251223
GNE:GOAO008:8:008SA250831:I:28,0,0,0,0,0,1,0,20250831,20251223
GNE:GOAO008:8:008SA250831:I:29,0,0,0,0,0,1,0,20250831,20251223
GNE:GOAO008:8:008SA250831:I:30,0,0,0,0,0,1,0,20250831,20251223
GNE:GOAO008:8:008SA250831:I:31,0,0,0,0,0,1,0,20250831,20251223
GNE:GOAO008:8:008SU250831:O:1,0,0,0,0,0,0,1,20250831,20251223
GNE:GOAO008:8:008SU250831:O:2,0,0,0,0,0,0,1,20250831,20251223
GNE:GOAO008:8:008SU250831:O:3,0,0,0,0,0,0,1,20250831,20251223
GNE:GOAO008:8:008SU250831:O:4,0,0,0,0,0,0,1,20250831,20251223
GNE:GOAO008:8:008SU250831:O:5,0,0,0,0,0,0,1,20250831,20251223
GNE:GOAO008:8:008SU250831:O:6,0,0,0,0,0,0,1,20250831,20251223
GNE:GOAO008:8:008SU250831:O:7,0,0,0,0,0,0,1,20250831,20251223
GNE:GOAO008:8:008SU250831:O:8,0,0,0,0,0,0,1,20250831,20251223
GNE:GOAO008:8:008SU250831:O:9,0,0,0,0,0,0,1,20250831,20251223
GNE:GOAO008:8:008SU250831:O:10,0,0,0,0,0,0,1,20250831,20251223
GNE:GOAO008:8:008SU250831:O:11,0,0,0,0,0,0,1,20250831,20251223
GNE:GOAO008:8:008SU250831:O:12,0,0,0,0,0,0,1,20250831,20251223
GNE:GOAO008:8:008SU250831:O:13,0,0,0,0,0,0,1,20250831,20251223
GNE:GOAO008:8:008SU250831:O:14,0,0,0,0,0,0,1,20250831,20251223
GNE:GOAO008:8:008SU250831:O:15,0,0,0,0,0,0,1,20250831,20251223
GNE:GOAO008:8:008SU250831:O:16,0,0,0,0,0,0,1,20250831,20251223
GNE:GOAO008:8:008SU250831:I:1,0,0,0,0,0,0,1,20250831,20251223
GNE:GOAO008:8:008SU250831:I:2,0,0,0,0,0,0,1,20250831,20251223
GNE:GOAO008:8:008SU250831:I:3,0,0,0,0,0,0,1,20250831,20251223
GNE:GOAO008:8:008SU250831:I:4,0,0,0,0,0,0,1,20250831,20251223
GNE:GOAO008:8:008SU250831:I:5,0,0,0,0,0,0,1,20250831,20251223
GNE:GOAO008:8:008SU250831:I:6,0,0,0,0,0,0,1,20250831,20251223
GNE:GOAO008:8:008SU250831:I:7,0,0,0,0,0,0,1,20250831,20251223
GNE:GOAO008:8:008SU250831:I:8,0,0,0,0,0,0,1,20250831,20251223
GNE:GOAO008:8:008SU250831:I:9,0,0,0,0,0,0,1,20250831,20251223
GNE:GOAO008:8:008SU250831:I:10,0,0,0,0,0,0,1,20250831,20251223
GNE:GOAO008:8:008SU250831:I:11,0,0,0,0,0,0,1,20250831,20251223
GNE:GOAO008:8:008SU250831:I:12,0,0,0,0,0,0,1,20250831,20251223
GNE:GOAO008:8:008SU250831:I:13,0,0,0,0,0,0,1,20250831,20251223
GNE:GOAO008:8:008SU250831:I:14,0,0,0,0,0,0,1,20250831,20251223
GNE:GOAO008:8:008SU250831:I:15,0,0,0,0,0,0,1,20250831,20251223
GNE:GOAO008:8:008SU250831:I:16,0,0,0,0,0,0,1,20250831,20251223
GNE:GOAO008A:8A:008MF250831:O:3,1,1,1,1,1,0,0,20250831,20251223
GNE:GOAO008A:8A:008MF250831:I:1,1,1,1,1,1,0,0,20250831,20251223
GNE:GOAO008A:8A:008MF250831:I:2,1,1,1,1,1,0,0,20250831,20251223
GNE:GOAO008A:8A:008MF250831:I:3,1,1,1,1,1,0,0,20250831,20251223
GNE:GOAO008A:8A:008SA250831:I:1,0,0,0,0,0,1,0,20250831,20251223
GNE:GOAO008A:8A:008SA250831:I:2,0,0,0,0,0,1,0,20250831,20251223
GNE:GOAO008A:8A:008SA250831:I:3,0,0,0,0,0,1,0,20250831,20251223
GNE:GOAO009:9:009MF250831:O:1,1,1,1,1,1,0,0,20250831,20251223
GNE:GOAO009:9:009MF250831:O:2,1,1,1,1,1,0,0,20250831,20251223
GNE:GOAO009:9:009MF250831:O:3,1,1,1,1,1,0,0,20250831,20251223
GNE:GOAO009:9:009MF250831:O:4,1,1,1,1,1,0,0,20250831,20251223
GNE:GOAO009:9:009MF250831:O:5,1,1,1,1,1,0,0,20250831,20251223
GNE:GOAO009:9:009MF250831:O:6,1,1,1,1,1,0,0,20250831,20251223
GNE:GOAO009:9:009MF250831:O:7,1,1,1,1,1,0,0,20250831,20251223
GNE:GOAO009:9:009MF250831:O:8,1,1,1,1,1,0,0,20250831,20251223
GNE:GOAO009:9:009MF250831:O:9,1,1,1,1,1,0,0,20250831,20251223
GNE:GOAO009:9:009MF250831:O:10,1,1,1,1,1,0,0,20250831,20251223
GNE:GOAO009:9:009MF250831:O:11,1,1,1,1,1,0,0,20250831,20251223
GNE:GOAO009:9:009MF250831:O:12,1,1,1,1,1,0,0,20250831,20251223
GNE:GOAO009:9:009MF250831:O:13,1,1,1,1,1,0,0,20250831,20251223
GNE:GOAO009:9:009MF250831:O:14,1,1,1,1,1,0,0,20250831,20251223
GNE:GOAO009:9:009MF250831:O:15,1,1,1,1,1,0,0,20250831,20251223
GNE:GOAO009:9:009MF250831:O:16,1,1,1,1,1,0,0,20250831,20251223
GNE:GOAO009:9:009MF250831:O:17,1,1,1,1,1,0,0,20250831,20251223
GNE:GOAO009:9:009MF250831:O:18,1,1,1,1,1,0,0,20250831,20251223
GNE:GOAO009:9:009MF250831:O:19,1,1,1,1,1,0,0,20250831,20251223
GNE:GOAO009:9:009MF250831:O:20,1,1,1,1,1,0,0,20250831,20251223
GNE:GOAO009:9:009MF250831:O:21,1,1,1,1,1,0,0,20250831,20251223
GNE:GOAO009:9:009MF250831:O:22,1,1,1,1,1,0,0,20250831,20251223
GNE:GOAO009:9:009MF250831:O:23,1,1,1,1,1,0,0,20250831,20251223
GNE:GOAO009:9:009MF250831:O:24,1,1,1,1,1,0,0,20250831,20251223
GNE:GOAO009:9:009MF250831:O:25,1,1,1,1,1,0,0,20250831,20251223
GNE:GOAO009:9:009MF250831:O:26,1,1,1,1,1,0,0,20250831,20251223
GNE:GOAO009:9:009MF250831:O:27,1,1,1,1,1,0,0,20250831,20251223
GNE:GOAO009:9:009MF250831:O:28,1,1,1,1,1,0,0,20250831,20251223
GNE:GOAO009:9:009MF250831:O:29,1,1,1,1,1,0,0,20250831,20251223
GNE:GOAO009:9:009MF250831:O:30,1,1,1,1,1,0,0,20250831,20251223
GNE:GOAO009:9:009MF250831:I:1,1,1,1,1,1,0,0,20250831,20251223
GNE:GOAO009:9:009MF250831:I:2,1,1,1,1,1,0,0,20250831,20251223
GNE:GOAO009:9:009MF250831:I:3,1,1,1,1,1,0,0,20250831,20251223
GNE:GOAO009:9:009MF250831:I:4,1,1,1,1,1,0,0,20250831,20251223
GNE:GOAO009:9:009MF250831:I:5,1,1,1,1,1,0,0,20250831,20251223
GNE:GOAO009:9:009MF250831:I:6,1,1,1,1,1,0,0,20250831,20251223
GNE:GOAO009:9:009MF250831:I:7,1,1,1,1,1,0,0,20250831,20251223
GNE:GOAO009:9:009MF250831:I:8,1,1,1,1,1,0,0,20250831,20251223
GNE:GOAO009:9:009MF250831:I:9,1,1,1,1,1,0,0,20250831,20251223
GNE:GOAO009:9:009MF250831:I:10,1,1,1,1,1,0,0,20250831,20251223
GNE:GOAO009:9:009MF250831:I:11,1,1,1,1,1,0,0,20250831,20251223
GNE:GOAO009:9:009MF250831:I:12,1,1,1,1,1,0,0,20250831,20251223
GNE:GOAO009:9:009MF250831:I:13,1,1,1,1,1,0,0,20250831,20251223
GNE:GOAO009:9:009MF250831:I:14,1,1,1,1,1,0,0,20250831,20251223
GNE:GOAO009:9:009MF250831:I:15,1,1,1,1,1,0,0,20250831,20251223
GNE:GOAO009:9:009MF250831:I:16,1,1,1,1,1,0,0,20250831,20251223
GNE:GOAO009:9:009MF250831:I:17,1,1,1,1,1,0,0,20250831,20251223
GNE:GOAO009:9:009MF250831:I:18,1,1,1,1,1,0,0,20250831,20251223
GNE:GOAO009:9:009MF250831:I:19,1,1,1,1,1,0,0,20250831,20251223
GNE:GOAO009:9:009MF250831:I:20,1,1,1,1,1,0,0,20250831,20251223
GNE:GOAO009:9:009MF250831:I:21,1,1,1,1,1,0,0,20250831,20251223
GNE:GOAO009:9:009MF250831:I:22,1,1,1,1,1,0,0,20250831,20251223
GNE:GOAO009:9:009MF250831:I:23,1,1,1,1,1,0,0,20250831,20251223
GNE:GOAO009:9:009MF250831:I:24,1,1,1,1,1,0,0,20250831,20251223
GNE:GOAO009:9:009MF250831:I:25,1,1,1,1,1,0,0,20250831,20251223
GNE:GOAO009:9:009MF250831:I:26,1,1,1,1,1,0,0,20250831,20251223
GNE:GOAO009:9:009MF250831:I:27,1,1,1,1,1,0,0,20250831,20251223
GNE:GOAO009:9:009MF250831:I:28,1,1,1,1,1,0,0,20250831,20251223
GNE:GOAO009:9:009MF250831:I:29,1,1,1,1,1,0,0,20250831,20251223
GNE:GOAO009:9:009MF250831:I:30,1,1,1,1,1,0,0,20250831,20251223
GNE:GOAO009:9:009MF250831:I:31,1,1,1,1,1,0,0,20250831,20251223
GNE:GOAO009:9:009SA250831:O:1,0,0,0,0,0,1,0,20250831,20251223
GNE:GOAO009:9:009SA250831:O:2,0,0,0,0,0,1,0,20250831,20251223
GNE:GOAO009:9:009SA250831:O:3,0,0,0,0,0,1,0,20250831,20251223
GNE:GOAO009:9:009SA250831:O:4,0,0,0,0,0,1,0,20250831,20251223
GNE:GOAO009:9:009SA250831:O:5,0,0,0,0,0,1,0,20250831,20251223
GNE:GOAO009:9:009SA250831:O:6,0,0,0,0,0,1,0,20250831,20251223
GNE:GOAO009:9:009SA250831:O:7,0,0,0,0,0,1,0,20250831,20251223
GNE:GOAO009:9:009SA250831:O:8,0,0,0,0,0,1,0,20250831,20251223
GNE:GOAO009:9:009SA250831:O:9,0,0,0,0,0,1,0,20250831,20251223
GNE:GOAO009:9:009SA250831:O:10,0,0,0,0,0,1,0,20250831,20251223
GNE:GOAO009:9:009SA250831:O:11,0,0,0,0,0,1,0,20250831,20251223
GNE:GOAO009:9:009SA250831:O:12,0,0,0,0,0,1,0,20250831,20251223
GNE:GOAO009:9:009SA250831:O:13,0,0,0,0,0,1,0,20250831,20251223
GNE:GOAO009:9:009SA250831:O:14,0,0,0,0,0,1,0,20250831,20251223
GNE:GOAO009:9:009SA250831:O:15,0,0,0,0,0,1,0,20250831,20251223
GNE:GOAO009:9:009SA250831:O:16,0,0,0,0,0,1,0,20250831,20251223
GNE:GOAO009:9:009SA250831:O:17,0,0,0,0,0,1,0,20250831,20251223
GNE:GOAO009:9:009SA250831:O:18,0,0,0,0,0,1,0,20250831,20251223
GNE:GOAO009:9:009SA250831:O:19,0,0,0,0,0,1,0,20250831,20251223
GNE:GOAO009:9:009SA250831:O:20,0,0,0,0,0,1,0,20250831,20251223
GNE:GOAO009:9:009SA250831:O:21,0,0,0,0,0,1,0,20250831,20251223
GNE:GOAO009:9:009SA250831:O:22,0,0,0,0,0,1,0,20250831,20251223
GNE:GOAO009:9:009SA250831:O:23,0,0,0,0,0,1,0,20250831,20251223
GNE:GOAO009:9:009SA250831:O:24,0,0,0,0,0,1,0,20250831,20251223
GNE:GOAO009:9:009SA250831:O:25,0,0,0,0,0,1,0,20250831,20251223
GNE:GOAO009:9:009SA250831:O:26,0,0,0,0,0,1,0,20250831,20251223
GNE:GOAO009:9:009SA250831:O:27,0,0,0,0,0,1,0,20250831,20251223
GNE:GOAO009:9:009SA250831:O:28,0,0,0,0,0,1,0,20250831,20251223
GNE:GOAO009:9:009SA250831:I:1,0,0,0,0,0,1,0,20250831,20251223
GNE:GOAO009:9:009SA250831:I:2,0,0,0,0,0,1,0,20250831,20251223
GNE:GOAO009:9:009SA250831:I:3,0,0,0,0,0,1,0,20250831,20251223
GNE:GOAO009:9:009SA250831:I:4,0,0,0,0,0,1,0,20250831,20251223
GNE:GOAO009:9:009SA250831:I:5,0,0,0,0,0,1,0,20250831,20251223
GNE:GOAO009:9:009SA250831:I:6,0,0,0,0,0,1,0,20250831,20251223
GNE:GOAO009:9:009SA250831:I:7,0,0,0,0,0,1,0,20250831,20251223
GNE:GOAO009:9:009SA250831:I:8,0,0,0,0,0,1,0,20250831,20251223
GNE:GOAO009:9:009SA250831:I:9,0,0,0,0,0,1,0,20250831,20251223
GNE:GOAO009:9:009SA250831:I:10,0,0,0,0,0,1,0,20250831,20251223
GNE:GOAO009:9:009SA250831:I:11,0,0,0,0,0,1,0,20250831,20251223
GNE:GOAO009:9:009SA250831:I:12,0,0,0,0,0,1,0,20250831,20251223
GNE:GOAO009:9:009SA250831:I:13,0,0,0,0,0,1,0,20250831,20251223
GNE:GOAO009:9:009SA250831:I:14,0,0,0,0,0,1,0,20250831,20251223
GNE:GOAO009:9:009SA250831:I:15,0,0,0,0,0,1,0,20250831,20251223
GNE:GOAO009:9:009SA250831:I:16,0,0,0,0,0,1,0,20250831,20251223
GNE:GOAO009:9:009SA250831:I:17,0,0,0,0,0,1,0,20250831,20251223
GNE:GOAO009:9:009SA250831:I:18,0,0,0,0,0,1,0,20250831,20251223
GNE:GOAO009:9:009SA250831:I:19,0,0,0,0,0,1,0,20250831,20251223
GNE:GOAO009:9:009SA250831:I:20,0,0,0,0,0,1,0,20250831,20251223
GNE:GOAO009:9:009SA250831:I:21,0,0,0,0,0,1,0,20250831,20251223
GNE:GOAO009:9:009SA250831:I:22,0,0,0,0,0,1,0,20250831,20251223
GNE:GOAO009:9:009SA250831:I:23,0,0,0,0,0,1,0,20250831,20251223
GNE:GOAO009:9:009SA250831:I:24,0,0,0,0,0,1,0,20250831,20251223
GNE:GOAO009:9:009SA250831:I:25,0,0,0,0,0,1,0,20250831,20251223
GNE:GOAO009:9:009SA250831:I:26,0,0,0,0,0,1,0,20250831,20251223
GNE:GOAO009:9:009SA250831:I:27,0,0,0,0,0,1,0,20250831,20251223
GNE:GOAO009:9:009SA250831:I:28,0,0,0,0,0,1,0,20250831,20251223
GNE:GOAO009:9:009SA250831:I:29,0,0,0,0,0,1,0,20250831,20251223
GNE:GOAO009:9:009SU250831:O:1,0,0,0,0,0,0,1,20250831,20251223
GNE:GOAO009:9:009SU250831:O:2,0,0,0,0,0,0,1,20250831,20251223
GNE:GOAO009:9:009SU250831:O:3,0,0,0,0,0,0,1,20250831,20251223
GNE:GOAO009:9:009SU250831:O:4,0,0,0,0,0,0,1,20250831,20251223
GNE:GOAO009:9:009SU250831:O:5,0,0,0,0,0,0,1,20250831,20251223
GNE:GOAO009:9:009SU250831:O:6,0,0,0,0,0,0,1,20250831,20251223
GNE:GOAO009:9:009SU250831:O:7,0,0,0,0,0,0,1,20250831,20251223
GNE:GOAO009:9:009SU250831:O:8,0,0,0,0,0,0,1,20250831,20251223
GNE:GOAO009:9:009SU250831:O:9,0,0,0,0,0,0,1,20250831,20251223
GNE:GOAO009:9:009SU250831:O:10,0,0,0,0,0,0,1,20250831,20251223
GNE:GOAO009:9:009SU250831:O:11,0,0,0,0,0,0,1,20250831,20251223
GNE:GOAO009:9:009SU250831:O:12,0,0,0,0,0,0,1,20250831,20251223
GNE:GOAO009:9:009SU250831:O:13,0,0,0,0,0,0,1,20250831,20251223
GNE:GOAO009:9:009SU250831:O:14,0,0,0,0,0,0,1,20250831,20251223
GNE:GOAO009:9:009SU250831:O:15,0,0,0,0,0,0,1,20250831,20251223
GNE:GOAO009:9:009SU250831:O:16,0,0,0,0,0,0,1,20250831,20251223
GNE:GOAO009:9:009SU250831:O:17,0,0,0,0,0,0,1,20250831,20251223
GNE:GOAO009:9:009SU250831:O:18,0,0,0,0,0,0,1,20250831,20251223
GNE:GOAO009:9:009SU250831:O:19,0,0,0,0,0,0,1,20250831,20251223
GNE:GOAO009:9:009SU250831:O:20,0,0,0,0,0,0,1,20250831,20251223
GNE:GOAO009:9:009SU250831:O:21,0,0,0,0,0,0,1,20250831,20251223
GNE:GOAO009:9:009SU250831:O:22,0,0,0,0,0,0,1,20250831,20251223
GNE:GOAO009:9:009SU250831:O:23,0,0,0,0,0,0,1,20250831,20251223
GNE:GOAO009:9:009SU250831:O:24,0,0,0,0,0,0,1,20250831,20251223
GNE:GOAO009:9:009SU250831:O:25,0,0,0,0,0,0,1,20250831,20251223
GNE:GOAO009:9:009SU250831:I:1,0,0,0,0,0,0,1,20250831,20251223
GNE:GOAO009:9:009SU250831:I:2,0,0,0,0,0,0,1,20250831,20251223
GNE:GOAO009:9:009SU250831:I:3,0,0,0,0,0,0,1,20250831,20251223
GNE:GOAO009:9:009SU250831:I:4,0,0,0,0,0,0,1,20250831,20251223
GNE:GOAO009:9:009SU250831:I:5,0,0,0,0,0,0,1,20250831,20251223
GNE:GOAO009:9:009SU250831:I:6,0,0,0,0,0,0,1,20250831,20251223
GNE:GOAO009:9:009SU250831:I:7,0,0,0,0,0,0,1,20250831,20251223
GNE:GOAO009:9:009SU250831:I:8,0,0,0,0,0,0,1,20250831,20251223
GNE:GOAO009:9:009SU250831:I:9,0,0,0,0,0,0,1,20250831,20251223
GNE:GOAO009:9:009SU250831:I:10,0,0,0,0,0,0,1,20250831,20251223
GNE:GOAO009:9:009SU250831:I:11,0,0,0,0,0,0,1,20250831,20251223
GNE:GOAO009:9:009SU250831:I:12,0,0,0,0,0,0,1,20250831,20251223
GNE:GOAO009:9:009SU250831:I:13,0,0,0,0,0,0,1,20250831,20251223
GNE:GOAO009:9:009SU250831:I:14,0,0,0,0,0,0,1,20250831,20251223
GNE:GOAO009:9:009SU250831:I:15,0,0,0,0,0,0,1,20250831,20251223
GNE:GOAO009:9:009SU250831:I:16,0,0,0,0,0,0,1,20250831,20251223
GNE:GOAO009:9:009SU250831:I:17,0,0,0,0,0,0,1,20250831,20251223
GNE:GOAO009:9:009SU250831:I:18,0,0,0,0,0,0,1,20250831,20251223
GNE:GOAO009:9:009SU250831:I:19,0,0,0,0,0,0,1,20250831,20251223
GNE:GOAO009:9:009SU250831:I:20,0,0,0,0,0,0,1,20250831,20251223
GNE:GOAO009:9:009SU250831:I:21,0,0,0,0,0,0,1,20250831,20251223
GNE:GOAO009:9:009SU250831:I:22,0,0,0,0,0,0,1,20250831,20251223
GNE:GOAO009:9:009SU250831:I:23,0,0,0,0,0,0,1,20250831,20251223
GNE:GOAO009:9:009SU250831:I:24,0,0,0,0,0,0,1,20250831,20251223
GNE:GOAO009:9:009SU250831:I:25,0,0,0,0,0,0,1,20250831,20251223
GNE:GOAO010:10:010MF250831:O:4,1,1,1,1,1,0,0,20250831,20251223
GNE:GOAO010:10:010MF250831:O:8,1,1,1,1,1,0,0,20250831,20251223
GNE:GOAO010:10:010MF250831:O:11,1,1,1,1,1,0,0,20250831,20251223
GNE:GOAO010:10:010MF250831:O:14,1,1,1,1,1,0,0,20250831,20251223
GNE:GOAO010:10:010MF250831:O:18,1,1,1,1,1,0,0,20250831,20251223
GNE:GOAO010:10:010MF250831:O:20,1,1,1,1,1,0,0,20250831,20251223
GNE:GOAO010:10:010MF250831:O:23,1,1,1,1,1,0,0,20250831,20251223
GNE:GOAO010:10:010MF250831:O:25,1,1,1,1,1,0,0,20250831,20251223
GNE:GOAO010:10:010MF250831:O:28,1,1,1,1,1,0,0,20250831,20251223
GNE:GOAO010:10:010MF250831:O:30,1,1,1,1,1,0,0,20250831,20251223
GNE:GOAO010:10:010MF250831:O:33,1,1,1,1,1,0,0,20250831,20251223
GNE:GOAO010:10:010MF250831:O:35,1,1,1,1,1,0,0,20250831,20251223
GNE:GOAO010:10:010MF250831:O:38,1,1,1,1,1,0,0,20250831,20251223
GNE:GOAO010:10:010MF250831:O:40,1,1,1,1,1,0,0,20250831,20251223
GNE:GOAO010:10:010MF250831:O:43,1,1,1,1,1,0,0,20250831,20251223
GNE:GOAO010:10:010MF250831:O:45,1,1,1,1,1,0,0,20250831,20251223
GNE:GOAO010:10:010MF250831:O:48,1,1,1,1,1,0,0,20250831,20251223
GNE:GOAO010:10:010MF250831:O:51,1,1,1,1,1,0,0,20250831,20251223
GNE:GOAO010:10:010MF250831:O:52,0,0,0,0,0,0,0,20250831,20251223
GNE:GOAO010:10:010MF250831:O:56,1,1,1,1,1,0,0,20250831,20251223
GNE:GOAO010:10:010MF250831:O:58,1,1,1,1,1,0,0,20250831,20251223
GNE:GOAO010:10:010MF250831:O:61,1,1,1,1,1,0,0,20250831,20251223
GNE:GOAO010:10:010MF250831:O:63,1,1,1,1,1,0,0,20250831,20251223
GNE:GOAO010:10:010MF250831:O:66,1,1,1,1,1,0,0,20250831,20251223
GNE:GOAO010:10:010MF250831:O:68,1,1,1,1,1,0,0,20250831,20251223
GNE:GOAO010:10:010MF250831:O:70,1,1,1,1,1,0,0,20250831,20251223
GNE:GOAO010:10:010MF250831:O:72,1,1,1,1,1,0,0,20250831,20251223
GNE:GOAO010:10:010MF250831:O:74,1,1,1,1,1,0,0,20250831,20251223
GNE:GOAO010:10:010MF250831:O:76,0,0,0,0,0,0,0,20250831,20251223
GNE:GOAO010:10:010MF250831:O:77,1,1,1,1,1,0,0,20250831,20251223
GNE:GOAO010:10:010MF250831:O:80,1,1,1,1,1,0,0,20250831,20251223
GNE:GOAO010:10:010MF250831:O:84,1,1,1,1,1,0,0,20250831,20251223
GNE:GOAO010:10:010MF250831:O:87,1,1,1,1,1,0,0,20250831,20251223
GNE:GOAO010:10:010MF250831:O:92,1,1,1,1,1,0,0,20250831,20251223
GNE:GOAO010:10:010MF250831:I:1,1,1,1,1,1,0,0,20250831,20251223
GNE:GOAO010:10:010MF250831:I:3,1,1,1,1,1,0,0,20250831,20251223
GNE:GOAO010:10:010MF250831:I:5,1,1,1,1,1,0,0,20250831,20251223
GNE:GOAO010:10:010MF250831:I:6,1,1,1,1,1,0,0,20250831,20251223
GNE:GOAO010:10:010MF250831:I:8,1,1,1,1,1,0,0,20250831,20251223
GNE:GOAO010:10:010MF250831:I:11,1,1,1,1,1,0,0,20250831,20251223
GNE:GOAO010:10:010MF250831:I:13,1,1,1,1,1,0,0,20250831,20251223
GNE:GOAO010:10:010MF250831:I:16,1,1,1,1,1,0,0,20250831,20251223
GNE:GOAO010:10:010MF250831:I:18,1,1,1,1,1,0,0,20250831,20251223
GNE:GOAO010:10:010MF250831:I:21,1,1,1,1,1,0,0,20250831,20251223
GNE:GOAO010:10:010MF250831:I:23,1,1,1,1,1,0,0,20250831,20251223
GNE:GOAO010:10:010MF250831:I:26,1,1,1,1,1,0,0,20250831,20251223
GNE:GOAO010:10:010MF250831:I:28,1,1,1,1,1,0,0,20250831,20251223
GNE:GOAO010:10:010MF250831:I:31,1,1,1,1,1,0,0,20250831,20251223
GNE:GOAO010:10:010MF250831:I:33,1,1,1,1,1,0,0,20250831,20251223
GNE:GOAO010:10:010MF250831:I:36,1,1,1,1,1,0,0,20250831,20251223
GNE:GOAO010:10:010MF250831:I:38,1,1,1,1,1,0,0,20250831,20251223
GNE:GOAO010:10:010MF250831:I:42,1,1,1,1,1,0,0,20250831,20251223
GNE:GOAO010:10:010MF250831:I:44,1,1,1,1,1,0,0,20250831,20251223
GNE:GOAO010:10:010MF250831:I:47,1,1,1,1,1,0,0,20250831,20251223
GNE:GOAO010:10:010MF250831:I:49,1,1,1,1,1,0,0,20250831,20251223
GNE:GOAO010:10:010MF250831:I:52,1,1,1,1,1,0,0,20250831,20251223
GNE:GOAO010:10:010MF250831:I:54,1,1,1,1,1,0,0,20250831,20251223
GNE:GOAO010:10:010MF250831:I:57,1,1,1,1,1,0,0,20250831,20251223
GNE:GOAO010:10:010MF250831:I:59,0,0,0,0,0,0,0,20250831,20251223
GNE:GOAO010:10:010MF250831:I:60,1,1,1,1,1,0,0,20250831,20251223
GNE:GOAO010:10:010MF250831:I:63,1,1,1,1,1,0,0,20250831,20251223
GNE:GOAO010:10:010MF250831:I:65,1,1,1,1,1,0,0,20250831,20251223
GNE:GOAO010:10:010MF250831:I:67,1,1,1,1,1,0,0,20250831,20251223
GNE:GOAO010:10:010MF250831:I:71,1,1,1,1,1,0,0,20250831,20251223
GNE:GOAO010:10:010MF250831:I:75,1,1,1,1,1,0,0,20250831,20251223
GNE:GOAO010:10:010MF250831:I:78,1,1,1,1,1,0,0,20250831,20251223
GNE:GOAO010:10:010MF250831:I:83,1,1,1,1,1,0,0,20250831,20251223
GNE:GOAO010:10:010SA250831:O:3,0,0,0,0,0,1,0,20250831,20251223
GNE:GOAO010:10:010SA250831:O:7,0,0,0,0,0,1,0,20250831,20251223
GNE:GOAO010:10:010SA250831:O:11,0,0,0,0,0,1,0,20250831,20251223
GNE:GOAO010:10:010SA250831:O:14,0,0,0,0,0,1,0,20250831,20251223
GNE:GOAO010:10:010SA250831:O:16,0,0,0,0,0,1,0,20250831,20251223
GNE:GOAO010:10:010SA250831:O:19,0,0,0,0,0,1,0,20250831,20251223
GNE:GOAO010:10:010SA250831:O:21,0,0,0,0,0,1,0,20250831,20251223
GNE:GOAO010:10:010SA250831:O:24,0,0,0,0,0,1,0,20250831,20251223
GNE:GOAO010:10:010SA250831:O:26,0,0,0,0,0,1,0,20250831,20251223
GNE:GOAO010:10:010SA250831:O:29,0,0,0,0,0,1,0,20250831,20251223
GNE:GOAO010:10:010SA250831:O:31,0,0,0,0,0,1,0,20250831,20251223
GNE:GOAO010:10:010SA250831:O:34,0,0,0,0,0,1,0,20250831,20251223
GNE:GOAO010:10:010SA250831:O:36,0,0,0,0,0,1,0,20250831,20251223
GNE:GOAO010:10:010SA250831:O:39,0,0,0,0,0,1,0,20250831,20251223
GNE:GOAO010:10:010SA250831:O:41,0,0,0,0,0,1,0,20250831,20251223
GNE:GOAO010:10:010SA250831:O:44,0,0,0,0,0,1,0,20250831,20251223
GNE:GOAO010:10:010SA250831:O:46,0,0,0,0,0,1,0,20250831,20251223
GNE:GOAO010:10:010SA250831:O:49,0,0,0,0,0,1,0,20250831,20251223
GNE:GOAO010:10:010SA250831:O:51,0,0,0,0,0,1,0,20250831,20251223
GNE:GOAO010:10:010SA250831:O:54,0,0,0,0,0,1,0,20250831,20251223
GNE:GOAO010:10:010SA250831:O:56,0,0,0,0,0,1,0,20250831,20251223
GNE:GOAO010:10:010SA250831:O:58,0,0,0,0,0,1,0,20250831,20251223
GNE:GOAO010:10:010SA250831:O:60,0,0,0,0,0,1,0,20250831,20251223
GNE:GOAO010:10:010SA250831:O:63,0,0,0,0,0,1,0,20250831,20251223
GNE:GOAO010:10:010SA250831:O:64,0,0,0,0,0,1,0,20250831,20251223
GNE:GOAO010:10:010SA250831:O:67,0,0,0,0,0,1,0,20250831,20251223
GNE:GOAO010:10:010SA250831:O:70,0,0,0,0,0,1,0,20250831,20251223
GNE:GOAO010:10:010SA250831:O:73,0,0,0,0,0,1,0,20250831,20251223
GNE:GOAO010:10:010SA250831:O:77,0,0,0,0,0,1,0,20250831,20251223
GNE:GOAO010:10:010SA250831:I:1,0,0,0,0,0,1,0,20250831,20251223
GNE:GOAO010:10:010SA250831:I:3,0,0,0,0,0,1,0,20250831,20251223
GNE:GOAO010:10:010SA250831:I:4,0,0,0,0,0,1,0,20250831,20251223
GNE:GOAO010:10:010SA250831:I:5,0,0,0,0,0,1,0,20250831,20251223
GNE:GOAO010:10:010SA250831:I:8,0,0,0,0,0,1,0,20250831,20251223
GNE:GOAO010:10:010SA250831:I:10,0,0,0,0,0,1,0,20250831,20251223
GNE:GOAO010:10:010SA250831:I:12,0,0,0,0,0,1,0,20250831,20251223
GNE:GOAO010:10:010SA250831:I:14,0,0,0,0,0,1,0,20250831,20251223
GNE:GOAO010:10:010SA250831:I:17,0,0,0,0,0,1,0,20250831,20251223
GNE:GOAO010:10:010SA250831:I:19,0,0,0,0,0,1,0,20250831,20251223
GNE:GOAO010:10:010SA250831:I:22,0,0,0,0,0,1,0,20250831,20251223
GNE:GOAO010:10:010SA250831:I:24,0,0,0,0,0,1,0,20250831,20251223
GNE:GOAO010:10:010SA250831:I:27,0,0,0,0,0,1,0,20250831,20251223
GNE:GOAO010:10:010SA250831:I:29,0,0,0,0,0,1,0,20250831,20251223
GNE:GOAO010:10:010SA250831:I:32,0,0,0,0,0,1,0,20250831,20251223
GNE:GOAO010:10:010SA250831:I:34,0,0,0,0,0,1,0,20250831,20251223
GNE:GOAO010:10:010SA250831:I:37,0,0,0,0,0,1,0,20250831,20251223
GNE:GOAO010:10:010SA250831:I:39,0,0,0,0,0,1,0,20250831,20251223
GNE:GOAO010:10:010SA250831:I:42,0,0,0,0,0,1,0,20250831,20251223
GNE:GOAO010:10:010SA250831:I:44,0,0,0,0,0,1,0,20250831,20251223
GNE:GOAO010:10:010SA250831:I:47,0,0,0,0,0,1,0,20250831,20251223
GNE:GOAO010:10:010SA250831:I:49,0,0,0,0,0,1,0,20250831,20251223
GNE:GOAO010:10:010SA250831:I:52,0,0,0,0,0,1,0,20250831,20251223
GNE:GOAO010:10:010SA250831:I:54,0,0,0,0,0,1,0,20250831,20251223
GNE:GOAO010:10:010SA250831:I:57,0,0,0,0,0,1,0,20250831,20251223
GNE:GOAO010:10:010SA250831:I:59,0,0,0,0,0,1,0,20250831,20251223
GNE:GOAO010:10:010SA250831:I:61,0,0,0,0,0,1,0,20250831,20251223
GNE:GOAO010:10:010SA250831:I:63,0,0,0,0,0,1,0,20250831,20251223
GNE:GOAO010:10:010SA250831:I:65,0,0,0,0,0,1,0,20250831,20251223
GNE:GOAO010:10:010SA250831:I:68,0,0,0,0,0,1,0,20250831,20251223
GNE:GOAO010:10:010SA250831:I:71,0,0,0,0,0,1,0,20250831,20251223
GNE:GOAO010:10:010SA250831:I:75,0,0,0,0,0,1,0,20250831,20251223
GNE:GOAO010:10:010SU250831:O:4,0,0,0,0,0,0,1,20250831,20251223
GNE:GOAO010:10:010SU250831:O:7,0,0,0,0,0,0,1,20250831,20251223
GNE:GOAO010:10:010SU250831:O:10,0,0,0,0,0,0,1,20250831,20251223
GNE:GOAO010:10:010SU250831:O:13,0,0,0,0,0,0,1,20250831,20251223
GNE:GOAO010:10:010SU250831:O:16,0,0,0,0,0,0,1,20250831,20251223
GNE:GOAO010:10:010SU250831:O:19,0,0,0,0,0,0,1,20250831,20251223
GNE:GOAO010:10:010SU250831:O:22,0,0,0,0,0,0,1,20250831,20251223
GNE:GOAO010:10:010SU250831:O:25,0,0,0,0,0,0,1,20250831,20251223
GNE:GOAO010:10:010SU250831:O:28,0,0,0,0,0,0,1,20250831,20251223
GNE:GOAO010:10:010SU250831:O:31,0,0,0,0,0,0,1,20250831,20251223
GNE:GOAO010:10:010SU250831:O:34,0,0,0,0,0,0,1,20250831,20251223
GNE:GOAO010:10:010SU250831:O:37,0,0,0,0,0,0,1,20250831,20251223
GNE:GOAO010:10:010SU250831:O:39,0,0,0,0,0,0,1,20250831,20251223
GNE:GOAO010:10:010SU250831:O:41,0,0,0,0,0,0,1,20250831,20251223
GNE:GOAO010:10:010SU250831:O:43,0,0,0,0,0,0,1,20250831,20251223
GNE:GOAO010:10:010SU250831:O:45,0,0,0,0,0,0,1,20250831,20251223
GNE:GOAO010:10:010SU250831:I:1,0,0,0,0,0,0,1,20250831,20251223
GNE:GOAO010:10:010SU250831:I:2,0,0,0,0,0,0,1,20250831,20251223
GNE:GOAO010:10:010SU250831:I:3,0,0,0,0,0,0,1,20250831,20251223
GNE:GOAO010:10:010SU250831:I:5,0,0,0,0,0,0,1,20250831,20251223
GNE:GOAO010:10:010SU250831:I:8,0,0,0,0,0,0,1,20250831,20251223
GNE:GOAO010:10:010SU250831:I:11,0,0,0,0,0,0,1,20250831,20251223
GNE:GOAO010:10:010SU250831:I:14,0,0,0,0,0,0,1,20250831,20251223
GNE:GOAO010:10:010SU250831:I:17,0,0,0,0,0,0,1,20250831,20251223
GNE:GOAO010:10:010SU250831:I:20,0,0,0,0,0,0,1,20250831,20251223
GNE:GOAO010:10:010SU250831:I:23,0,0,0,0,0,0,1,20250831,20251223
GNE:GOAO010:10:010SU250831:I:26,0,0,0,0,0,0,1,20250831,20251223
GNE:GOAO010:10:010SU250831:I:29,0,0,0,0,0,0,1,20250831,20251223
GNE:GOAO010:10:010SU250831:I:32,0,0,0,0,0,0,1,20250831,20251223
GNE:GOAO010:10:010SU250831:I:35,0,0,0,0,0,0,1,20250831,20251223
GNE:GOAO010:10:010SU250831:I:38,0,0,0,0,0,0,1,20250831,20251223
GNE:GOAO010:10:010SU250831:I:40,0,0,0,0,0,0,1,20250831,20251223
GNE:GOAO010:10:010SU250831:I:42,0,0,0,0,0,0,1,20250831,20251223
GNE:GOAO010:10:010SU250831:I:44,0,0,0,0,0,0,1,20250831,20251223
GNE:GOAO010A:10A:010MF250831:O:1,1,1,1,1,1,0,0,20250831,20251223
GNE:GOAO010A:10A:010MF250831:O:2,1,1,1,1,1,0,0,20250831,20251223
GNE:GOAO010A:10A:010MF250831:O:3,1,1,1,1,1,0,0,20250831,20251223
GNE:GOAO010A:10A:010MF250831:O:5,1,1,1,1,1,0,0,20250831,20251223
GNE:GOAO010A:10A:010MF250831:O:6,1,1,1,1,1,0,0,20250831,20251223
GNE:GOAO010A:10A:010MF250831:O:9,1,1,1,1,1,0,0,20250831,20251223
GNE:GOAO010A:10A:010MF250831:O:10,1,1,1,1,1,0,0,20250831,20251223
GNE:GOAO010A:10A:010MF250831:O:12,1,1,1,1,1,0,0,20250831,20251223
GNE:GOAO010A:10A:010MF250831:O:15,1,1,1,1,1,0,0,20250831,20251223
GNE:GOAO010A:10A:010MF250831:O:16,1,1,1,1,1,0,0,20250831,20251223
GNE:GOAO010A:10A:010MF250831:O:17,0,0,0,0,0,0,0,20250831,20251223
GNE:GOAO010A:10A:010MF250831:O:19,1,1,1,1,1,0,0,20250831,20251223
GNE:GOAO010A:10A:010MF250831:O:21,1,1,1,1,1,0,0,20250831,20251223
GNE:GOAO010A:10A:010MF250831:O:24,1,1,1,1,1,0,0,20250831,20251223
GNE:GOAO010A:10A:010MF250831:O:26,1,1,1,1,1,0,0,20250831,20251223
GNE:GOAO010A:10A:010MF250831:O:29,1,1,1,1,1,0,0,20250831,20251223
GNE:GOAO010A:10A:010MF250831:O:31,1,1,1,1,1,0,0,20250831,20251223
GNE:GOAO010A:10A:010MF250831:O:34,1,1,1,1,1,0,0,20250831,20251223
GNE:GOAO010A:10A:010MF250831:O:36,1,1,1,1,1,0,0,20250831,20251223
GNE:GOAO010A:10A:010MF250831:O:39,1,1,1,1,1,0,0,20250831,20251223
GNE:GOAO010A:10A:010MF250831:O:41,1,1,1,1,1,0,0,20250831,20251223
GNE:GOAO010A:10A:010MF250831:O:44,1,1,1,1,1,0,0,20250831,20251223
GNE:GOAO010A:10A:010MF250831:O:46,1,1,1,1,1,0,0,20250831,20251223
GNE:GOAO010A:10A:010MF250831:O:49,1,1,1,1,1,0,0,20250831,20251223
GNE:GOAO010A:10A:010MF250831:O:50,0,0,0,0,0,0,0,20250831,20251223
GNE:GOAO010A:10A:010MF250831:O:53,1,1,1,1,1,0,0,20250831,20251223
GNE:GOAO010A:10A:010MF250831:O:57,1,1,1,1,1,0,0,20250831,20251223
GNE:GOAO010A:10A:010MF250831:O:59,1,1,1,1,1,0,0,20250831,20251223
GNE:GOAO010A:10A:010MF250831:O:62,1,1,1,1,1,0,0,20250831,20251223
GNE:GOAO010A:10A:010MF250831:O:64,1,1,1,1,1,0,0,20250831,20251223
GNE:GOAO010A:10A:010MF250831:O:67,1,1,1,1,1,0,0,20250831,20251223
GNE:GOAO010A:10A:010MF250831:O:71,1,1,1,1,1,0,0,20250831,20251223
GNE:GOAO010A:10A:010MF250831:O:75,1,1,1,1,1,0,0,20250831,20251223
GNE:GOAO010A:10A:010MF250831:O:78,1,1,1,1,1,0,0,20250831,20251223
GNE:GOAO010A:10A:010MF250831:O:81,1,1,1,1,1,0,0,20250831,20251223
GNE:GOAO010A:10A:010MF250831:O:85,1,1,1,1,1,0,0,20250831,20251223
GNE:GOAO010A:10A:010MF250831:O:88,0,0,0,0,0,0,0,20250831,20251223
GNE:GOAO010A:10A:010MF250831:O:89,1,1,1,1,1,0,0,20250831,20251223
GNE:GOAO010A:10A:010MF250831:O:91,1,1,1,1,1,0,0,20250831,20251223
GNE:GOAO010A:10A:010MF250831:I:2,1,1,1,1,1,0,0,20250831,20251223
GNE:GOAO010A:10A:010MF250831:I:4,1,1,1,1,1,0,0,20250831,20251223
GNE:GOAO010A:10A:010MF250831:I:7,1,1,1,1,1,0,0,20250831,20251223
GNE:GOAO010A:10A:010MF250831:I:10,1,1,1,1,1,0,0,20250831,20251223
GNE:GOAO010A:10A:010MF250831:I:12,1,1,1,1,1,0,0,20250831,20251223
GNE:GOAO010A:10A:010MF250831:I:15,1,1,1,1,1,0,0,20250831,20251223
GNE:GOAO010A:10A:010MF250831:I:17,1,1,1,1,1,0,0,20250831,20251223
GNE:GOAO010A:10A:010MF250831:I:20,1,1,1,1,1,0,0,20250831,20251223
GNE:GOAO010A:10A:010MF250831:I:22,1,1,1,1,1,0,0,20250831,20251223
GNE:GOAO010A:10A:010MF250831:I:25,1,1,1,1,1,0,0,20250831,20251223
GNE:GOAO010A:10A:010MF250831:I:27,1,1,1,1,1,0,0,20250831,20251223
GNE:GOAO010A:10A:010MF250831:I:30,1,1,1,1,1,0,0,20250831,20251223
GNE:GOAO010A:10A:010MF250831:I:32,1,1,1,1,1,0,0,20250831,20251223
GNE:GOAO010A:10A:010MF250831:I:35,1,1,1,1,1,0,0,20250831,20251223
GNE:GOAO010A:10A:010MF250831:I:37,1,1,1,1,1,0,0,20250831,20251223
GNE:GOAO010A:10A:010MF250831:I:40,1,1,1,1,1,0,0,20250831,20251223
GNE:GOAO010A:10A:010MF250831:I:41,0,0,0,0,0,0,0,20250831,20251223
GNE:GOAO010A:10A:010MF250831:I:43,1,1,1,1,1,0,0,20250831,20251223
GNE:GOAO010A:10A:010MF250831:I:46,1,1,1,1,1,0,0,20250831,20251223
GNE:GOAO010A:10A:010MF250831:I:48,1,1,1,1,1,0,0,20250831,20251223
GNE:GOAO010A:10A:010MF250831:I:51,1,1,1,1,1,0,0,20250831,20251223
GNE:GOAO010A:10A:010MF250831:I:53,1,1,1,1,1,0,0,20250831,20251223
GNE:GOAO010A:10A:010MF250831:I:56,1,1,1,1,1,0,0,20250831,20251223
GNE:GOAO010A:10A:010MF250831:I:58,1,1,1,1,1,0,0,20250831,20251223
GNE:GOAO010A:10A:010MF250831:I:62,1,1,1,1,1,0,0,20250831,20251223
GNE:GOAO010A:10A:010MF250831:I:64,1,1,1,1,1,0,0,20250831,20251223
GNE:GOAO010A:10A:010MF250831:I:68,1,1,1,1,1,0,0,20250831,20251223
GNE:GOAO010A:10A:010MF250831:I:70,1,1,1,1,1,0,0,20250831,20251223
GNE:GOAO010A:10A:010MF250831:I:72,1,1,1,1,1,0,0,20250831,20251223
GNE:GOAO010A:10A:010MF250831:I:76,1,1,1,1,1,0,0,20250831,20251223
GNE:GOAO010A:10A:010MF250831:I:79,0,0,0,0,0,0,0,20250831,20251223
GNE:GOAO010A:10A:010MF250831:I:80,1,1,1,1,1,0,0,20250831,20251223
GNE:GOAO010A:10A:010MF250831:I:82,1,1,1,1,1,0,0,20250831,20251223
GNE:GOAO010A:10A:010SA250831:O:1,0,0,0,0,0,1,0,20250831,20251223
GNE:GOAO010A:10A:010SA250831:O:4,0,0,0,0,0,1,0,20250831,20251223
GNE:GOAO010A:10A:010SA250831:O:6,0,0,0,0,0,1,0,20250831,20251223
GNE:GOAO010A:10A:010SA250831:O:8,0,0,0,0,0,1,0,20250831,20251223
GNE:GOAO010A:10A:010SA250831:O:10,0,0,0,0,0,1,0,20250831,20251223
GNE:GOAO010A:10A:010SA250831:O:12,0,0,0,0,0,1,0,20250831,20251223
GNE:GOAO010A:10A:010SA250831:O:15,0,0,0,0,0,1,0,20250831,20251223
GNE:GOAO010A:10A:010SA250831:O:17,0,0,0,0,0,1,0,20250831,20251223
GNE:GOAO010A:10A:010SA250831:O:20,0,0,0,0,0,1,0,20250831,20251223
GNE:GOAO010A:10A:010SA250831:O:22,0,0,0,0,0,1,0,20250831,20251223
GNE:GOAO010A:10A:010SA250831:O:25,0,0,0,0,0,1,0,20250831,20251223
GNE:GOAO010A:10A:010SA250831:O:27,0,0,0,0,0,1,0,20250831,20251223
GNE:GOAO010A:10A:010SA250831:O:30,0,0,0,0,0,1,0,20250831,20251223
GNE:GOAO010A:10A:010SA250831:O:32,0,0,0,0,0,1,0,20250831,20251223
GNE:GOAO010A:10A:010SA250831:O:35,0,0,0,0,0,1,0,20250831,20251223
GNE:GOAO010A:10A:010SA250831:O:37,0,0,0,0,0,1,0,20250831,20251223
GNE:GOAO010A:10A:010SA250831:O:40,0,0,0,0,0,1,0,20250831,20251223
GNE:GOAO010A:10A:010SA250831:O:42,0,0,0,0,0,1,0,20250831,20251223
GNE:GOAO010A:10A:010SA250831:O:45,0,0,0,0,0,1,0,20250831,20251223
GNE:GOAO010A:10A:010SA250831:O:47,0,0,0,0,0,1,0,20250831,20251223
GNE:GOAO010A:10A:010SA250831:O:50,0,0,0,0,0,1,0,20250831,20251223
GNE:GOAO010A:10A:010SA250831:O:52,0,0,0,0,0,1,0,20250831,20251223
GNE:GOAO010A:10A:010SA250831:O:55,0,0,0,0,0,1,0,20250831,20251223
GNE:GOAO010A:10A:010SA250831:O:59,0,0,0,0,0,1,0,20250831,20251223
GNE:GOAO010A:10A:010SA250831:O:62,0,0,0,0,0,1,0,20250831,20251223
GNE:GOAO010A:10A:010SA250831:O:65,0,0,0,0,0,1,0,20250831,20251223
GNE:GOAO010A:10A:010SA250831:O:68,0,0,0,0,0,1,0,20250831,20251223
GNE:GOAO010A:10A:010SA250831:O:71,0,0,0,0,0,1,0,20250831,20251223
GNE:GOAO010A:10A:010SA250831:O:74,0,0,0,0,0,1,0,20250831,20251223
GNE:GOAO010A:10A:010SA250831:O:76,0,0,0,0,0,1,0,20250831,20251223
GNE:GOAO010A:10A:010SA250831:I:6,0,0,0,0,0,1,0,20250831,20251223
GNE:GOAO010A:10A:010SA250831:I:9,0,0,0,0,0,1,0,20250831,20251223
GNE:GOAO010A:10A:010SA250831:I:13,0,0,0,0,0,1,0,20250831,20251223
GNE:GOAO010A:10A:010SA250831:I:16,0,0,0,0,0,1,0,20250831,20251223
GNE:GOAO010A:10A:010SA250831:I:18,0,0,0,0,0,1,0,20250831,20251223
GNE:GOAO010A:10A:010SA250831:I:21,0,0,0,0,0,1,0,20250831,20251223
GNE:GOAO010A:10A:010SA250831:I:23,0,0,0,0,0,1,0,20250831,20251223
GNE:GOAO010A:10A:010SA250831:I:26,0,0,0,0,0,1,0,20250831,20251223
GNE:GOAO010A:10A:010SA250831:I:28,0,0,0,0,0,1,0,20250831,20251223
GNE:GOAO010A:10A:010SA250831:I:31,0,0,0,0,0,1,0,20250831,20251223
GNE:GOAO010A:10A:010SA250831:I:33,0,0,0,0,0,1,0,20250831,20251223
GNE:GOAO010A:10A:010SA250831:I:36,0,0,0,0,0,1,0,20250831,20251223
GNE:GOAO010A:10A:010SA250831:I:38,0,0,0,0,0,1,0,20250831,20251223
GNE:GOAO010A:10A:010SA250831:I:41,0,0,0,0,0,1,0,20250831,20251223
GNE:GOAO010A:10A:010SA250831:I:43,0,0,0,0,0,1,0,20250831,20251223
GNE:GOAO010A:10A:010SA250831:I:46,0,0,0,0,0,1,0,20250831,20251223
GNE:GOAO010A:10A:010SA250831:I:48,0,0,0,0,0,1,0,20250831,20251223
GNE:GOAO010A:10A:010SA250831:I:51,0,0,0,0,0,1,0,20250831,20251223
GNE:GOAO010A:10A:010SA250831:I:53,0,0,0,0,0,1,0,20250831,20251223
GNE:GOAO010A:10A:010SA250831:I:56,0,0,0,0,0,1,0,20250831,20251223
GNE:GOAO010A:10A:010SA250831:I:58,0,0,0,0,0,1,0,20250831,20251223
GNE:GOAO010A:10A:010SA250831:I:62,0,0,0,0,0,1,0,20250831,20251223
GNE:GOAO010A:10A:010SA250831:I:66,0,0,0,0,0,1,0,20250831,20251223
GNE:GOAO010A:10A:010SA250831:I:69,0,0,0,0,0,1,0,20250831,20251223
GNE:GOAO010A:10A:010SA250831:I:72,0,0,0,0,0,1,0,20250831,20251223
GNE:GOAO010A:10A:010SA250831:I:74,0,0,0,0,0,1,0,20250831,20251223
GNE:GOAO010A:10A:010SU250831:O:1,0,0,0,0,0,0,1,20250831,20251223
GNE:GOAO010A:10A:010SU250831:O:3,0,0,0,0,0,0,1,20250831,20251223
GNE:GOAO010A:10A:010SU250831:O:5,0,0,0,0,0,0,1,20250831,20251223
GNE:GOAO010A:10A:010SU250831:O:8,0,0,0,0,0,0,1,20250831,20251223
GNE:GOAO010A:10A:010SU250831:O:11,0,0,0,0,0,0,1,20250831,20251223
GNE:GOAO010A:10A:010SU250831:O:14,0,0,0,0,0,0,1,20250831,20251223
GNE:GOAO010A:10A:010SU250831:O:17,0,0,0,0,0,0,1,20250831,20251223
GNE:GOAO010A:10A:010SU250831:O:20,0,0,0,0,0,0,1,20250831,20251223
GNE:GOAO010A:10A:010SU250831:O:23,0,0,0,0,0,0,1,20250831,20251223
GNE:GOAO010A:10A:010SU250831:O:26,0,0,0,0,0,0,1,20250831,20251223
GNE:GOAO010A:10A:010SU250831:O:29,0,0,0,0,0,0,1,20250831,20251223
GNE:GOAO010A:10A:010SU250831:O:32,0,0,0,0,0,0,1,20250831,20251223
GNE:GOAO010A:10A:010SU250831:O:35,0,0,0,0,0,0,1,20250831,20251223
GNE:GOAO010A:10A:010SU250831:O:38,0,0,0,0,0,0,1,20250831,20251223
GNE:GOAO010A:10A:010SU250831:O:40,0,0,0,0,0,0,1,20250831,20251223
GNE:GOAO010A:10A:010SU250831:O:42,0,0,0,0,0,0,1,20250831,20251223
GNE:GOAO010A:10A:010SU250831:O:44,0,0,0,0,0,0,1,20250831,20251223
GNE:GOAO010A:10A:010SU250831:O:46,0,0,0,0,0,0,1,20250831,20251223
GNE:GOAO010A:10A:010SU250831:I:6,0,0,0,0,0,0,1,20250831,20251223
GNE:GOAO010A:10A:010SU250831:I:9,0,0,0,0,0,0,1,20250831,20251223
GNE:GOAO010A:10A:010SU250831:I:12,0,0,0,0,0,0,1,20250831,20251223
GNE:GOAO010A:10A:010SU250831:I:15,0,0,0,0,0,0,1,20250831,20251223
GNE:GOAO010A:10A:010SU250831:I:18,0,0,0,0,0,0,1,20250831,20251223
GNE:GOAO010A:10A:010SU250831:I:21,0,0,0,0,0,0,1,20250831,20251223
GNE:GOAO010A:10A:010SU250831:I:24,0,0,0,0,0,0,1,20250831,20251223
GNE:GOAO010A:10A:010SU250831:I:27,0,0,0,0,0,0,1,20250831,20251223
GNE:GOAO010A:10A:010SU250831:I:30,0,0,0,0,0,0,1,20250831,20251223
GNE:GOAO010A:10A:010SU250831:I:33,0,0,0,0,0,0,1,20250831,20251223
GNE:GOAO010A:10A:010SU250831:I:36,0,0,0,0,0,0,1,20250831,20251223
GNE:GOAO010A:10A:010SU250831:I:39,0,0,0,0,0,0,1,20250831,20251223
GNE:GOAO010A:10A:010SU250831:I:41,0,0,0,0,0,0,1,20250831,20251223
GNE:GOAO010A:10A:010SU250831:I:43,0,0,0,0,0,0,1,20250831,20251223
GNE:GOAO010B:10B:010MF250831:O:7,1,1,1,1,1,0,0,20250831,20251223
GNE:GOAO010B:10B:010MF250831:O:13,1,1,1,1,1,0,0,20250831,20251223
GNE:GOAO010B:10B:010MF250831:O:22,1,1,1,1,1,0,0,20250831,20251223
GNE:GOAO010B:10B:010MF250831:O:27,1,1,1,1,1,0,0,20250831,20251223
GNE:GOAO010B:10B:010MF250831:O:32,1,1,1,1,1,0,0,20250831,20251223
GNE:GOAO010B:10B:010MF250831:O:37,1,1,1,1,1,0,0,20250831,20251223
GNE:GOAO010B:10B:010MF250831:O:42,1,1,1,1,1,0,0,20250831,20251223
GNE:GOAO010B:10B:010MF250831:O:47,1,1,1,1,1,0,0,20250831,20251223
GNE:GOAO010B:10B:010MF250831:O:54,0,0,0,0,0,0,0,20250831,20251223
GNE:GOAO010B:10B:010MF250831:O:55,1,1,1,1,1,0,0,20250831,20251223
GNE:GOAO010B:10B:010MF250831:O:60,1,1,1,1,1,0,0,20250831,20251223
GNE:GOAO010B:10B:010MF250831:O:65,1,1,1,1,1,0,0,20250831,20251223
GNE:GOAO010B:10B:010MF250831:O:69,1,1,1,1,1,0,0,20250831,20251223
GNE:GOAO010B:10B:010MF250831:O:73,1,1,1,1,1,0,0,20250831,20251223
GNE:GOAO010B:10B:010MF250831:O:79,1,1,1,1,1,0,0,20250831,20251223
GNE:GOAO010B:10B:010MF250831:O:82,0,0,0,0,0,0,0,20250831,20251223
GNE:GOAO010B:10B:010MF250831:O:83,1,1,1,1,1,0,0,20250831,20251223
GNE:GOAO010B:10B:010MF250831:O:86,1,1,1,1,1,0,0,20250831,20251223
GNE:GOAO010B:10B:010MF250831:O:90,1,1,1,1,1,0,0,20250831,20251223
GNE:GOAO010B:10B:010MF250831:I:9,1,1,1,1,1,0,0,20250831,20251223
GNE:GOAO010B:10B:010MF250831:I:14,1,1,1,1,1,0,0,20250831,20251223
GNE:GOAO010B:10B:010MF250831:I:19,1,1,1,1,1,0,0,20250831,20251223
GNE:GOAO010B:10B:010MF250831:I:24,1,1,1,1,1,0,0,20250831,20251223
GNE:GOAO010B:10B:010MF250831:I:29,1,1,1,1,1,0,0,20250831,20251223
GNE:GOAO010B:10B:010MF250831:I:34,1,1,1,1,1,0,0,20250831,20251223
GNE:GOAO010B:10B:010MF250831:I:39,1,1,1,1,1,0,0,20250831,20251223
GNE:GOAO010B:10B:010MF250831:I:45,1,1,1,1,1,0,0,20250831,20251223
GNE:GOAO010B:10B:010MF250831:I:50,1,1,1,1,1,0,0,20250831,20251223
GNE:GOAO010B:10B:010MF250831:I:55,1,1,1,1,1,0,0,20250831,20251223
GNE:GOAO010B:10B:010MF250831:I:61,1,1,1,1,1,0,0,20250831,20251223
GNE:GOAO010B:10B:010MF250831:I:66,1,1,1,1,1,0,0,20250831,20251223
GNE:GOAO010B:10B:010MF250831:I:69,1,1,1,1,1,0,0,20250831,20251223
GNE:GOAO010B:10B:010MF250831:I:73,0,0,0,0,0,0,0,20250831,20251223
GNE:GOAO010B:10B:010MF250831:I:74,1,1,1,1,1,0,0,20250831,20251223
GNE:GOAO010B:10B:010MF250831:I:77,1,1,1,1,1,0,0,20250831,20251223
GNE:GOAO010B:10B:010MF250831:I:81,1,1,1,1,1,0,0,20250831,20251223
GNE:GOAO010B:10B:010SA250831:O:2,0,0,0,0,0,1,0,20250831,20251223
GNE:GOAO010B:10B:010SA250831:O:5,0,0,0,0,0,1,0,20250831,20251223
GNE:GOAO010B:10B:010SA250831:O:9,0,0,0,0,0,1,0,20250831,20251223
GNE:GOAO010B:10B:010SA250831:O:13,0,0,0,0,0,1,0,20250831,20251223
GNE:GOAO010B:10B:010SA250831:O:18,0,0,0,0,0,1,0,20250831,20251223
GNE:GOAO010B:10B:010SA250831:O:23,0,0,0,0,0,1,0,20250831,20251223
GNE:GOAO010B:10B:010SA250831:O:28,0,0,0,0,0,1,0,20250831,20251223
GNE:GOAO010B:10B:010SA250831:O:33,0,0,0,0,0,1,0,20250831,20251223
GNE:GOAO010B:10B:010SA250831:O:38,0,0,0,0,0,1,0,20250831,20251223
GNE:GOAO010B:10B:010SA250831:O:43,0,0,0,0,0,1,0,20250831,20251223
GNE:GOAO010B:10B:010SA250831:O:48,0,0,0,0,0,1,0,20250831,20251223
GNE:GOAO010B:10B:010SA250831:O:53,0,0,0,0,0,1,0,20250831,20251223
GNE:GOAO010B:10B:010SA250831:O:57,0,0,0,0,0,1,0,20250831,20251223
GNE:GOAO010B:10B:010SA250831:O:61,0,0,0,0,0,1,0,20250831,20251223
GNE:GOAO010B:10B:010SA250831:O:66,0,0,0,0,0,1,0,20250831,20251223
GNE:GOAO010B:10B:010SA250831:O:69,0,0,0,0,0,1,0,20250831,20251223
GNE:GOAO010B:10B:010SA250831:O:72,0,0,0,0,0,1,0,20250831,20251223
GNE:GOAO010B:10B:010SA250831:O:75,0,0,0,0,0,1,0,20250831,20251223
GNE:GOAO010B:10B:010SA250831:I:2,0,0,0,0,0,1,0,20250831,20251223
GNE:GOAO010B:10B:010SA250831:I:7,0,0,0,0,0,1,0,20250831,20251223
GNE:GOAO010B:10B:010SA250831:I:11,0,0,0,0,0,1,0,20250831,20251223
GNE:GOAO010B:10B:010SA250831:I:15,0,0,0,0,0,1,0,20250831,20251223
GNE:GOAO010B:10B:010SA250831:I:20,0,0,0,0,0,1,0,20250831,20251223
GNE:GOAO010B:10B:010SA250831:I:25,0,0,0,0,0,1,0,20250831,20251223
GNE:GOAO010B:10B:010SA250831:I:30,0,0,0,0,0,1,0,20250831,20251223
GNE:GOAO010B:10B:010SA250831:I:35,0,0,0,0,0,1,0,20250831,20251223
GNE:GOAO010B:10B:010SA250831:I:40,0,0,0,0,0,1,0,20250831,20251223
GNE:GOAO010B:10B:010SA250831:I:45,0,0,0,0,0,1,0,20250831,20251223
GNE:GOAO010B:10B:010SA250831:I:50,0,0,0,0,0,1,0,20250831,20251223
GNE:GOAO010B:10B:010SA250831:I:55,0,0,0,0,0,1,0,20250831,20251223
GNE:GOAO010B:10B:010SA250831:I:60,0,0,0,0,0,1,0,20250831,20251223
GNE:GOAO010B:10B:010SA250831:I:64,0,0,0,0,0,1,0,20250831,20251223
GNE:GOAO010B:10B:010SA250831:I:67,0,0,0,0,0,1,0,20250831,20251223
GNE:GOAO010B:10B:010SA250831:I:70,0,0,0,0,0,1,0,20250831,20251223
GNE:GOAO010B:10B:010SA250831:I:73,0,0,0,0,0,1,0,20250831,20251223
GNE:GOAO010B:10B:010SU250831:O:2,0,0,0,0,0,0,1,20250831,20251223
GNE:GOAO010B:10B:010SU250831:O:6,0,0,0,0,0,0,1,20250831,20251223
GNE:GOAO010B:10B:010SU250831:O:9,0,0,0,0,0,0,1,20250831,20251223
GNE:GOAO010B:10B:010SU250831:O:12,0,0,0,0,0,0,1,20250831,20251223
GNE:GOAO010B:10B:010SU250831:O:15,0,0,0,0,0,0,1,20250831,20251223
GNE:GOAO010B:10B:010SU250831:O:18,0,0,0,0,0,0,1,20250831,20251223
GNE:GOAO010B:10B:010SU250831:O:21,0,0,0,0,0,0,1,20250831,20251223
GNE:GOAO010B:10B:010SU250831:O:24,0,0,0,0,0,0,1,20250831,20251223
GNE:GOAO010B:10B:010SU250831:O:27,0,0,0,0,0,0,1,20250831,20251223
GNE:GOAO010B:10B:010SU250831:O:30,0,0,0,0,0,0,1,20250831,20251223
GNE:GOAO010B:10B:010SU250831:O:33,0,0,0,0,0,0,1,20250831,20251223
GNE:GOAO010B:10B:010SU250831:O:36,0,0,0,0,0,0,1,20250831,20251223
GNE:GOAO010B:10B:010SU250831:I:4,0,0,0,0,0,0,1,20250831,20251223
GNE:GOAO010B:10B:010SU250831:I:7,0,0,0,0,0,0,1,20250831,20251223
GNE:GOAO010B:10B:010SU250831:I:10,0,0,0,0,0,0,1,20250831,20251223
GNE:GOAO010B:10B:010SU250831:I:13,0,0,0,0,0,0,1,20250831,20251223
GNE:GOAO010B:10B:010SU250831:I:16,0,0,0,0,0,0,1,20250831,20251223
GNE:GOAO010B:10B:010SU250831:I:19,0,0,0,0,0,0,1,20250831,20251223
GNE:GOAO010B:10B:010SU250831:I:22,0,0,0,0,0,0,1,20250831,20251223
GNE:GOAO010B:10B:010SU250831:I:25,0,0,0,0,0,0,1,20250831,20251223
GNE:GOAO010B:10B:010SU250831:I:28,0,0,0,0,0,0,1,20250831,20251223
GNE:GOAO010B:10B:010SU250831:I:31,0,0,0,0,0,0,1,20250831,20251223
GNE:GOAO010B:10B:010SU250831:I:34,0,0,0,0,0,0,1,20250831,20251223
GNE:GOAO010B:10B:010SU250831:I:37,0,0,0,0,0,0,1,20250831,20251223
GNE:GOAO012:12:012MF250831:O:1,1,1,1,1,1,0,0,20250831,20251223
GNE:GOAO012:12:012MF250831:O:2,1,1,1,1,1,0,0,20250831,20251223
GNE:GOAO012:12:012MF250831:O:3,1,1,1,1,1,0,0,20250831,20251223
GNE:GOAO012:12:012MF250831:O:4,1,1,1,1,1,0,0,20250831,20251223
GNE:GOAO012:12:012MF250831:O:5,1,1,1,1,1,0,0,20250831,20251223
GNE:GOAO012:12:012MF250831:O:6,1,1,1,1,1,0,0,20250831,20251223
GNE:GOAO012:12:012MF250831:O:7,1,1,1,1,1,0,0,20250831,20251223
GNE:GOAO012:12:012MF250831:O:8,1,1,1,1,1,0,0,20250831,20251223
GNE:GOAO012:12:012MF250831:O:9,1,1,1,1,1,0,0,20250831,20251223
GNE:GOAO012:12:012MF250831:O:10,1,1,1,1,1,0,0,20250831,20251223
GNE:GOAO012:12:012MF250831:O:11,1,1,1,1,1,0,0,20250831,20251223
GNE:GOAO012:12:012MF250831:O:12,1,1,1,1,1,0,0,20250831,20251223
GNE:GOAO012:12:012MF250831:O:13,1,1,1,1,1,0,0,20250831,20251223
GNE:GOAO012:12:012MF250831:O:14,1,1,1,1,1,0,0,20250831,20251223
GNE:GOAO012:12:012MF250831:O:15,1,1,1,1,1,0,0,20250831,20251223
GNE:GOAO012:12:012MF250831:O:16,1,1,1,1,1,0,0,20250831,20251223
GNE:GOAO012:12:012MF250831:O:17,1,1,1,1,1,0,0,20250831,20251223
GNE:GOAO012:12:012MF250831:O:18,1,1,1,1,1,0,0,20250831,20251223
GNE:GOAO012:12:012MF250831:O:19,1,1,1,1,1,0,0,20250831,20251223
GNE:GOAO012:12:012MF250831:O:20,0,0,0,0,0,0,0,20250831,20251223
GNE:GOAO012:12:012MF250831:O:21,1,1,1,1,1,0,0,20250831,20251223
GNE:GOAO012:12:012MF250831:O:22,1,1,1,1,1,0,0,20250831,20251223
GNE:GOAO012:12:012MF250831:O:23,1,1,1,1,1,0,0,20250831,20251223
GNE:GOAO012:12:012MF250831:O:24,1,1,1,1,1,0,0,20250831,20251223
GNE:GOAO012:12:012MF250831:O:25,1,1,1,1,1,0,0,20250831,20251223
GNE:GOAO012:12:012MF250831:O:26,1,1,1,1,1,0,0,20250831,20251223
GNE:GOAO012:12:012MF250831:O:27,1,1,1,1,1,0,0,20250831,20251223
GNE:GOAO012:12:012MF250831:O:28,1,1,1,1,1,0,0,20250831,20251223
GNE:GOAO012:12:012MF250831:O:29,1,1,1,1,1,0,0,20250831,20251223
GNE:GOAO012:12:012MF250831:O:30,1,1,1,1,1,0,0,20250831,20251223
GNE:GOAO012:12:012MF250831:O:31,1,1,1,1,1,0,0,20250831,20251223
GNE:GOAO012:12:012MF250831:I:1,1,1,1,1,1,0,0,20250831,20251223
GNE:GOAO012:12:012MF250831:I:2,1,1,1,1,1,0,0,20250831,20251223
GNE:GOAO012:12:012MF250831:I:3,1,1,1,1,1,0,0,20250831,20251223
GNE:GOAO012:12:012MF250831:I:4,1,1,1,1,1,0,0,20250831,20251223
GNE:GOAO012:12:012MF250831:I:5,1,1,1,1,1,0,0,20250831,20251223
GNE:GOAO012:12:012MF250831:I:6,1,1,1,1,1,0,0,20250831,20251223
GNE:GOAO012:12:012MF250831:I:7,1,1,1,1,1,0,0,20250831,20251223
GNE:GOAO012:12:012MF250831:I:8,1,1,1,1,1,0,0,20250831,20251223
GNE:GOAO012:12:012MF250831:I:9,1,1,1,1,1,0,0,20250831,20251223
GNE:GOAO012:12:012MF250831:I:10,1,1,1,1,1,0,0,20250831,20251223
GNE:GOAO012:12:012MF250831:I:11,1,1,1,1,1,0,0,20250831,20251223
GNE:GOAO012:12:012MF250831:I:12,1,1,1,1,1,0,0,20250831,20251223
GNE:GOAO012:12:012MF250831:I:13,1,1,1,1,1,0,0,20250831,20251223
GNE:GOAO012:12:012MF250831:I:14,1,1,1,1,1,0,0,20250831,20251223
GNE:GOAO012:12:012MF250831:I:15,1,1,1,1,1,0,0,20250831,20251223
GNE:GOAO012:12:012MF250831:I:16,1,1,1,1,1,0,0,20250831,20251223
GNE:GOAO012:12:012MF250831:I:17,1,1,1,1,1,0,0,20250831,20251223
GNE:GOAO012:12:012MF250831:I:18,1,1,1,1,1,0,0,20250831,20251223
GNE:GOAO012:12:012MF250831:I:19,1,1,1,1,1,0,0,20250831,20251223
GNE:GOAO012:12:012MF250831:I:20,1,1,1,1,1,0,0,20250831,20251223
GNE:GOAO012:12:012MF250831:I:21,1,1,1,1,1,0,0,20250831,20251223
GNE:GOAO012:12:012MF250831:I:22,1,1,1,1,1,0,0,20250831,20251223
GNE:GOAO012:12:012MF250831:I:23,1,1,1,1,1,0,0,20250831,20251223
GNE:GOAO012:12:012MF250831:I:24,0,0,0,0,0,0,0,20250831,20251223
GNE:GOAO012:12:012MF250831:I:25,1,1,1,1,1,0,0,20250831,20251223
GNE:GOAO012:12:012MF250831:I:26,1,1,1,1,1,0,0,20250831,20251223
GNE:GOAO012:12:012MF250831:I:27,1,1,1,1,1,0,0,20250831,20251223
GNE:GOAO012:12:012MF250831:I:28,1,1,1,1,1,0,0,20250831,20251223
GNE:GOAO012:12:012MF250831:I:29,1,1,1,1,1,0,0,20250831,20251223
GNE:GOAO012:12:012MF250831:I:30,1,1,1,1,1,0,0,20250831,20251223
GNE:GOAO012:12:012MF250831:I:31,1,1,1,1,1,0,0,20250831,20251223
GNE:GOAO012:12:012MF250831:I:32,1,1,1,1,1,0,0,20250831,20251223
GNE:GOAO012:12:012MF250831:I:33,1,1,1,1,1,0,0,20250831,20251223
GNE:GOAO012:12:012SA250831:O:1,0,0,0,0,0,1,0,20250831,20251223
GNE:GOAO012:12:012SA250831:O:2,0,0,0,0,0,1,0,20250831,20251223
GNE:GOAO012:12:012SA250831:O:3,0,0,0,0,0,1,0,20250831,20251223
GNE:GOAO012:12:012SA250831:O:4,0,0,0,0,0,1,0,20250831,20251223
GNE:GOAO012:12:012SA250831:O:5,0,0,0,0,0,1,0,20250831,20251223
GNE:GOAO012:12:012SA250831:O:6,0,0,0,0,0,1,0,20250831,20251223
GNE:GOAO012:12:012SA250831:O:7,0,0,0,0,0,1,0,20250831,20251223
GNE:GOAO012:12:012SA250831:O:8,0,0,0,0,0,1,0,20250831,20251223
GNE:GOAO012:12:012SA250831:O:9,0,0,0,0,0,1,0,20250831,20251223
GNE:GOAO012:12:012SA250831:O:10,0,0,0,0,0,1,0,20250831,20251223
GNE:GOAO012:12:012SA250831:O:11,0,0,0,0,0,1,0,20250831,20251223
GNE:GOAO012:12:012SA250831:O:12,0,0,0,0,0,1,0,20250831,20251223
GNE:GOAO012:12:012SA250831:O:13,0,0,0,0,0,1,0,20250831,20251223
GNE:GOAO012:12:012SA250831:O:14,0,0,0,0,0,1,0,20250831,20251223
GNE:GOAO012:12:012SA250831:O:15,0,0,0,0,0,1,0,20250831,20251223
GNE:GOAO012:12:012SA250831:O:16,0,0,0,0,0,1,0,20250831,20251223
GNE:GOAO012:12:012SA250831:O:17,0,0,0,0,0,1,0,20250831,20251223
GNE:GOAO012:12:012SA250831:O:18,0,0,0,0,0,1,0,20250831,20251223
GNE:GOAO012:12:012SA250831:O:19,0,0,0,0,0,1,0,20250831,20251223
GNE:GOAO012:12:012SA250831:O:20,0,0,0,0,0,1,0,20250831,20251223
GNE:GOAO012:12:012SA250831:O:21,0,0,0,0,0,1,0,20250831,20251223
GNE:GOAO012:12:012SA250831:O:22,0,0,0,0,0,1,0,20250831,20251223
GNE:GOAO012:12:012SA250831:O:23,0,0,0,0,0,1,0,20250831,20251223
GNE:GOAO012:12:012SA250831:O:24,0,0,0,0,0,1,0,20250831,20251223
GNE:GOAO012:12:012SA250831:O:25,0,0,0,0,0,1,0,20250831,20251223
GNE:GOAO012:12:012SA250831:O:26,0,0,0,0,0,1,0,20250831,20251223
GNE:GOAO012:12:012SA250831:O:27,0,0,0,0,0,1,0,20250831,20251223
GNE:GOAO012:12:012SA250831:O:28,0,0,0,0,0,1,0,20250831,20251223
GNE:GOAO012:12:012SA250831:O:29,0,0,0,0,0,1,0,20250831,20251223
GNE:GOAO012:12:012SA250831:I:1,0,0,0,0,0,1,0,20250831,20251223
GNE:GOAO012:12:012SA250831:I:2,0,0,0,0,0,1,0,20250831,20251223
GNE:GOAO012:12:012SA250831:I:3,0,0,0,0,0,1,0,20250831,20251223
GNE:GOAO012:12:012SA250831:I:4,0,0,0,0,0,1,0,20250831,20251223
GNE:GOAO012:12:012SA250831:I:5,0,0,0,0,0,1,0,20250831,20251223
GNE:GOAO012:12:012SA250831:I:6,0,0,0,0,0,1,0,20250831,20251223
GNE:GOAO012:12:012SA250831:I:7,0,0,0,0,0,1,0,20250831,20251223
GNE:GOAO012:12:012SA250831:I:8,0,0,0,0,0,1,0,20250831,20251223
GNE:GOAO012:12:012SA250831:I:9,0,0,0,0,0,1,0,20250831,20251223
GNE:GOAO012:12:012SA250831:I:10,0,0,0,0,0,1,0,20250831,20251223
GNE:GOAO012:12:012SA250831:I:11,0,0,0,0,0,1,0,20250831,20251223
GNE:GOAO012:12:012SA250831:I:12,0,0,0,0,0,1,0,20250831,20251223
GNE:GOAO012:12:012SA250831:I:13,0,0,0,0,0,1,0,20250831,20251223
GNE:GOAO012:12:012SA250831:I:14,0,0,0,0,0,1,0,20250831,20251223
GNE:GOAO012:12:012SA250831:I:15,0,0,0,0,0,1,0,20250831,20251223
GNE:GOAO012:12:012SA250831:I:16,0,0,0,0,0,1,0,20250831,20251223
GNE:GOAO012:12:012SA250831:I:17,0,0,0,0,0,1,0,20250831,20251223
GNE:GOAO012:12:012SA250831:I:18,0,0,0,0,0,1,0,20250831,20251223
GNE:GOAO012:12:012SA250831:I:19,0,0,0,0,0,1,0,20250831,20251223
GNE:GOAO012:12:012SA250831:I:20,0,0,0,0,0,1,0,20250831,20251223
GNE:GOAO012:12:012SA250831:I:21,0,0,0,0,0,1,0,20250831,20251223
GNE:GOAO012:12:012SA250831:I:22,0,0,0,0,0,1,0,20250831,20251223
GNE:GOAO012:12:012SA250831:I:23,0,0,0,0,0,1,0,20250831,20251223
GNE:GOAO012:12:012SA250831:I:24,0,0,0,0,0,1,0,20250831,20251223
GNE:GOAO012:12:012SA250831:I:25,0,0,0,0,0,1,0,20250831,20251223
GNE:GOAO012:12:012SA250831:I:26,0,0,0,0,0,1,0,20250831,20251223
GNE:GOAO012:12:012SA250831:I:27,0,0,0,0,0,1,0,20250831,20251223
GNE:GOAO012:12:012SA250831:I:28,0,0,0,0,0,1,0,20250831,20251223
GNE:GOAO012:12:012SA250831:I:29,0,0,0,0,0,1,0,20250831,20251223
GNE:GOAO012:12:012SA250831:I:30,0,0,0,0,0,1,0,20250831,20251223
GNE:GOAO012:12:012SU250831:O:1,0,0,0,0,0,0,1,20250831,20251223
GNE:GOAO012:12:012SU250831:O:2,0,0,0,0,0,0,1,20250831,20251223
GNE:GOAO012:12:012SU250831:O:3,0,0,0,0,0,0,1,20250831,20251223
GNE:GOAO012:12:012SU250831:O:4,0,0,0,0,0,0,1,20250831,20251223
GNE:GOAO012:12:012SU250831:O:5,0,0,0,0,0,0,1,20250831,20251223
GNE:GOAO012:12:012SU250831:O:6,0,0,0,0,0,0,1,20250831,20251223
GNE:GOAO012:12:012SU250831:O:7,0,0,0,0,0,0,1,20250831,20251223
GNE:GOAO012:12:012SU250831:O:8,0,0,0,0,0,0,1,20250831,20251223
GNE:GOAO012:12:012SU250831:O:9,0,0,0,0,0,0,1,20250831,20251223
GNE:GOAO012:12:012SU250831:O:10,0,0,0,0,0,0,1,20250831,20251223
GNE:GOAO012:12:012SU250831:O:11,0,0,0,0,0,0,1,20250831,20251223
GNE:GOAO012:12:012SU250831:O:12,0,0,0,0,0,0,1,20250831,20251223
GNE:GOAO012:12:012SU250831:O:13,0,0,0,0,0,0,1,20250831,20251223
GNE:GOAO012:12:012SU250831:O:14,0,0,0,0,0,0,1,20250831,20251223
GNE:GOAO012:12:012SU250831:O:15,0,0,0,0,0,0,1,20250831,20251223
GNE:GOAO012:12:012SU250831:O:16,0,0,0,0,0,0,1,20250831,20251223
GNE:GOAO012:12:012SU250831:O:17,0,0,0,0,0,0,1,20250831,20251223
GNE:GOAO012:12:012SU250831:I:1,0,0,0,0,0,0,1,20250831,20251223
GNE:GOAO012:12:012SU250831:I:2,0,0,0,0,0,0,1,20250831,20251223
GNE:GOAO012:12:012SU250831:I:3,0,0,0,0,0,0,1,20250831,20251223
GNE:GOAO012:12:012SU250831:I:4,0,0,0,0,0,0,1,20250831,20251223
GNE:GOAO012:12:012SU250831:I:5,0,0,0,0,0,0,1,20250831,20251223
GNE:GOAO012:12:012SU250831:I:6,0,0,0,0,0,0,1,20250831,20251223
GNE:GOAO012:12:012SU250831:I:7,0,0,0,0,0,0,1,20250831,20251223
GNE:GOAO012:12:012SU250831:I:8,0,0,0,0,0,0,1,20250831,20251223
GNE:GOAO012:12:012SU250831:I:9,0,0,0,0,0,0,1,20250831,20251223
GNE:GOAO012:12:012SU250831:I:10,0,0,0,0,0,0,1,20250831,20251223
GNE:GOAO012:12:012SU250831:I:11,0,0,0,0,0,0,1,20250831,20251223
GNE:GOAO012:12:012SU250831:I:12,0,0,0,0,0,0,1,20250831,20251223
GNE:GOAO012:12:012SU250831:I:13,0,0,0,0,0,0,1,20250831,20251223
GNE:GOAO012:12:012SU250831:I:14,0,0,0,0,0,0,1,20250831,20251223
GNE:GOAO012:12:012SU250831:I:15,0,0,0,0,0,0,1,20250831,20251223
GNE:GOAO012:12:012SU250831:I:16,0,0,0,0,0,0,1,20250831,20251223
GNE:GOAO012:12:012SU250831:I:17,0,0,0,0,0,0,1,20250831,20251223
GNE:GOAO012:12:012SU250831:I:18,0,0,0,0,0,0,1,20250831,20251223
GNE:GOAO016:16:016MF250831:O:2,1,1,1,1,1,0,0,20250831,20251223
GNE:GOAO016:16:016MF250831:O:4,1,1,1,1,1,0,0,20250831,20251223
GNE:GOAO016:16:016MF250831:O:6,1,1,1,1,1,0,0,20250831,20251223
GNE:GOAO016:16:016MF250831:O:9,1,1,1,1,1,0,0,20250831,20251223
GNE:GOAO016:16:016MF250831:O:11,1,1,1,1,1,0,0,20250831,20251223
GNE:GOAO016:16:016MF250831:O:13,1,1,1,1,1,0,0,20250831,20251223
GNE:GOAO016:16:016MF250831:O:15,1,1,1,1,1,0,0,20250831,20251223
GNE:GOAO016:16:016MF250831:O:17,1,1,1,1,1,0,0,20250831,20251223
GNE:GOAO016:16:016MF250831:O:19,1,1,1,1,1,0,0,20250831,20251223
GNE:GOAO016:16:016MF250831:O:21,1,1,1,1,1,0,0,20250831,20251223
GNE:GOAO016:16:016MF250831:O:23,1,1,1,1,1,0,0,20250831,20251223
GNE:GOAO016:16:016MF250831:O:25,1,1,1,1,1,0,0,20250831,20251223
GNE:GOAO016:16:016MF250831:O:27,1,1,1,1,1,0,0,20250831,20251223
GNE:GOAO016:16:016MF250831:O:29,1,1,1,1,1,0,0,20250831,20251223
GNE:GOAO016:16:016MF250831:O:31,1,1,1,1,1,0,0,20250831,20251223
GNE:GOAO016:16:016MF250831:O:33,1,1,1,1,1,0,0,20250831,20251223
GNE:GOAO016:16:016MF250831:O:35,1,1,1,1,1,0,0,20250831,20251223
GNE:GOAO016:16:016MF250831:O:37,1,1,1,1,1,0,0,20250831,20251223
GNE:GOAO016:16:016MF250831:O:39,1,1,1,1,1,0,0,20250831,20251223
GNE:GOAO016:16:016MF250831:O:41,1,1,1,1,1,0,0,20250831,20251223
GNE:GOAO016:16:016MF250831:O:43,1,1,1,1,1,0,0,20250831,20251223
GNE:GOAO016:16:016MF250831:O:45,1,1,1,1,1,0,0,20250831,20251223
GNE:GOAO016:16:016MF250831:O:47,1,1,1,1,1,0,0,20250831,20251223
GNE:GOAO016:16:016MF250831:O:48,1,1,1,1,1,0,0,20250831,20251223
GNE:GOAO016:16:016MF250831:O:50,1,1,1,1,1,0,0,20250831,20251223
GNE:GOAO016:16:016MF250831:O:51,1,1,1,1,1,0,0,20250831,20251223
GNE:GOAO016:16:016MF250831:I:1,1,1,1,1,1,0,0,20250831,20251223
GNE:GOAO016:16:016MF250831:I:2,1,1,1,1,1,0,0,20250831,20251223
GNE:GOAO016:16:016MF250831:I:3,1,1,1,1,1,0,0,20250831,20251223
GNE:GOAO016:16:016MF250831:I:4,1,1,1,1,1,0,0,20250831,20251223
GNE:GOAO016:16:016MF250831:I:6,1,1,1,1,1,0,0,20250831,20251223
GNE:GOAO016:16:016MF250831:I:8,1,1,1,1,1,0,0,20250831,20251223
GNE:GOAO016:16:016MF250831:I:10,1,1,1,1,1,0,0,20250831,20251223
GNE:GOAO016:16:016MF250831:I:12,1,1,1,1,1,0,0,20250831,20251223
GNE:GOAO016:16:016MF250831:I:14,1,1,1,1,1,0,0,20250831,20251223
GNE:GOAO016:16:016MF250831:I:16,1,1,1,1,1,0,0,20250831,20251223
GNE:GOAO016:16:016MF250831:I:18,1,1,1,1,1,0,0,20250831,20251223
GNE:GOAO016:16:016MF250831:I:20,1,1,1,1,1,0,0,20250831,20251223
GNE:GOAO016:16:016MF250831:I:22,1,1,1,1,1,0,0,20250831,20251223
GNE:GOAO016:16:016MF250831:I:24,1,1,1,1,1,0,0,20250831,20251223
GNE:GOAO016:16:016MF250831:I:26,1,1,1,1,1,0,0,20250831,20251223
GNE:GOAO016:16:016MF250831:I:28,1,1,1,1,1,0,0,20250831,20251223
GNE:GOAO016:16:016MF250831:I:30,1,1,1,1,1,0,0,20250831,20251223
GNE:GOAO016:16:016MF250831:I:32,1,1,1,1,1,0,0,20250831,20251223
GNE:GOAO016:16:016MF250831:I:34,1,1,1,1,1,0,0,20250831,20251223
GNE:GOAO016:16:016MF250831:I:36,1,1,1,1,1,0,0,20250831,20251223
GNE:GOAO016:16:016MF250831:I:38,1,1,1,1,1,0,0,20250831,20251223
GNE:GOAO016:16:016MF250831:I:40,1,1,1,1,1,0,0,20250831,20251223
GNE:GOAO016:16:016MF250831:I:42,1,1,1,1,1,0,0,20250831,20251223
GNE:GOAO016:16:016MF250831:I:44,1,1,1,1,1,0,0,20250831,20251223
GNE:GOAO016:16:016MF250831:I:46,1,1,1,1,1,0,0,20250831,20251223
GNE:GOAO016:16:016MF250831:I:48,1,1,1,1,1,0,0,20250831,20251223
GNE:GOAO016:16:016SA250831:O:2,0,0,0,0,0,1,0,20250831,20251223
GNE:GOAO016:16:016SA250831:O:4,0,0,0,0,0,1,0,20250831,20251223
GNE:GOAO016:16:016SA250831:O:6,0,0,0,0,0,1,0,20250831,20251223
GNE:GOAO016:16:016SA250831:O:8,0,0,0,0,0,1,0,20250831,20251223
GNE:GOAO016:16:016SA250831:O:10,0,0,0,0,0,1,0,20250831,20251223
GNE:GOAO016:16:016SA250831:O:12,0,0,0,0,0,1,0,20250831,20251223
GNE:GOAO016:16:016SA250831:O:14,0,0,0,0,0,1,0,20250831,20251223
GNE:GOAO016:16:016SA250831:O:16,0,0,0,0,0,1,0,20250831,20251223
GNE:GOAO016:16:016SA250831:O:18,0,0,0,0,0,1,0,20250831,20251223
GNE:GOAO016:16:016SA250831:O:20,0,0,0,0,0,1,0,20250831,20251223
GNE:GOAO016:16:016SA250831:O:22,0,0,0,0,0,1,0,20250831,20251223
GNE:GOAO016:16:016SA250831:O:24,0,0,0,0,0,1,0,20250831,20251223
GNE:GOAO016:16:016SA250831:O:26,0,0,0,0,0,1,0,20250831,20251223
GNE:GOAO016:16:016SA250831:O:28,0,0,0,0,0,1,0,20250831,20251223
GNE:GOAO016:16:016SA250831:O:30,0,0,0,0,0,1,0,20250831,20251223
GNE:GOAO016:16:016SA250831:O:32,0,0,0,0,0,1,0,20250831,20251223
GNE:GOAO016:16:016SA250831:O:34,0,0,0,0,0,1,0,20250831,20251223
GNE:GOAO016:16:016SA250831:O:36,0,0,0,0,0,1,0,20250831,20251223
GNE:GOAO016:16:016SA250831:O:38,0,0,0,0,0,1,0,20250831,20251223
GNE:GOAO016:16:016SA250831:O:40,0,0,0,0,0,1,0,20250831,20251223
GNE:GOAO016:16:016SA250831:O:42,0,0,0,0,0,1,0,20250831,20251223
GNE:GOAO016:16:016SA250831:O:43,0,0,0,0,0,1,0,20250831,20251223
GNE:GOAO016:16:016SA250831:O:45,0,0,0,0,0,1,0,20250831,20251223
GNE:GOAO016:16:016SA250831:I:1,0,0,0,0,0,1,0,20250831,20251223
GNE:GOAO016:16:016SA250831:I:2,0,0,0,0,0,1,0,20250831,20251223
GNE:GOAO016:16:016SA250831:I:3,0,0,0,0,0,1,0,20250831,20251223
GNE:GOAO016:16:016SA250831:I:4,0,0,0,0,0,1,0,20250831,20251223
GNE:GOAO016:16:016SA250831:I:6,0,0,0,0,0,1,0,20250831,20251223
GNE:GOAO016:16:016SA250831:I:8,0,0,0,0,0,1,0,20250831,20251223
GNE:GOAO016:16:016SA250831:I:10,0,0,0,0,0,1,0,20250831,20251223
GNE:GOAO016:16:016SA250831:I:12,0,0,0,0,0,1,0,20250831,20251223
GNE:GOAO016:16:016SA250831:I:14,0,0,0,0,0,1,0,20250831,20251223
GNE:GOAO016:16:016SA250831:I:16,0,0,0,0,0,1,0,20250831,20251223
GNE:GOAO016:16:016SA250831:I:18,0,0,0,0,0,1,0,20250831,20251223
GNE:GOAO016:16:016SA250831:I:20,0,0,0,0,0,1,0,20250831,20251223
GNE:GOAO016:16:016SA250831:I:22,0,0,0,0,0,1,0,20250831,20251223
GNE:GOAO016:16:016SA250831:I:24,0,0,0,0,0,1,0,20250831,20251223
GNE:GOAO016:16:016SA250831:I:26,0,0,0,0,0,1,0,20250831,20251223
GNE:GOAO016:16:016SA250831:I:28,0,0,0,0,0,1,0,20250831,20251223
GNE:GOAO016:16:016SA250831:I:30,0,0,0,0,0,1,0,20250831,20251223
GNE:GOAO016:16:016SA250831:I:32,0,0,0,0,0,1,0,20250831,20251223
GNE:GOAO016:16:016SA250831:I:34,0,0,0,0,0,1,0,20250831,20251223
GNE:GOAO016:16:016SA250831:I:36,0,0,0,0,0,1,0,20250831,20251223
GNE:GOAO016:16:016SA250831:I:38,0,0,0,0,0,1,0,20250831,20251223
GNE:GOAO016:16:016SA250831:I:40,0,0,0,0,0,1,0,20250831,20251223
GNE:GOAO016:16:016SA250831:I:42,0,0,0,0,0,1,0,20250831,20251223
GNE:GOAO016:16:016SA250831:I:44,0,0,0,0,0,1,0,20250831,20251223
GNE:GOAO016A:16A:016MF250831:O:1,1,1,1,1,1,0,0,20250831,20251223
GNE:GOAO016A:16A:016MF250831:O:3,1,1,1,1,1,0,0,20250831,20251223
GNE:GOAO016A:16A:016MF250831:O:5,1,1,1,1,1,0,0,20250831,20251223
GNE:GOAO016A:16A:016MF250831:O:7,1,1,1,1,1,0,0,20250831,20251223
GNE:GOAO016A:16A:016MF250831:O:8,0,0,0,0,0,0,0,20250831,20251223
GNE:GOAO016A:16A:016MF250831:O:10,1,1,1,1,1,0,0,20250831,20251223
GNE:GOAO016A:16A:016MF250831:O:12,1,1,1,1,1,0,0,20250831,20251223
GNE:GOAO016A:16A:016MF250831:O:14,1,1,1,1,1,0,0,20250831,20251223
GNE:GOAO016A:16A:016MF250831:O:16,1,1,1,1,1,0,0,20250831,20251223
GNE:GOAO016A:16A:016MF250831:O:18,1,1,1,1,1,0,0,20250831,20251223
GNE:GOAO016A:16A:016MF250831:O:20,1,1,1,1,1,0,0,20250831,20251223
GNE:GOAO016A:16A:016MF250831:O:22,1,1,1,1,1,0,0,20250831,20251223
GNE:GOAO016A:16A:016MF250831:O:24,1,1,1,1,1,0,0,20250831,20251223
GNE:GOAO016A:16A:016MF250831:O:26,1,1,1,1,1,0,0,20250831,20251223
GNE:GOAO016A:16A:016MF250831:O:28,1,1,1,1,1,0,0,20250831,20251223
GNE:GOAO016A:16A:016MF250831:O:30,1,1,1,1,1,0,0,20250831,20251223
GNE:GOAO016A:16A:016MF250831:O:32,1,1,1,1,1,0,0,20250831,20251223
GNE:GOAO016A:16A:016MF250831:O:34,1,1,1,1,1,0,0,20250831,20251223
GNE:GOAO016A:16A:016MF250831:O:36,1,1,1,1,1,0,0,20250831,20251223
GNE:GOAO016A:16A:016MF250831:O:38,1,1,1,1,1,0,0,20250831,20251223
GNE:GOAO016A:16A:016MF250831:O:40,1,1,1,1,1,0,0,20250831,20251223
GNE:GOAO016A:16A:016MF250831:O:42,1,1,1,1,1,0,0,20250831,20251223
GNE:GOAO016A:16A:016MF250831:O:44,1,1,1,1,1,0,0,20250831,20251223
GNE:GOAO016A:16A:016MF250831:O:46,1,1,1,1,1,0,0,20250831,20251223
GNE:GOAO016A:16A:016MF250831:O:49,1,1,1,1,1,0,0,20250831,20251223
GNE:GOAO016A:16A:016MF250831:O:52,1,1,1,1,1,0,0,20250831,20251223
GNE:GOAO016A:16A:016MF250831:O:53,1,1,1,1,1,0,0,20250831,20251223
GNE:GOAO016A:16A:016MF250831:O:54,1,1,1,1,1,0,0,20250831,20251223
GNE:GOAO016A:16A:016MF250831:O:55,1,1,1,1,1,0,0,20250831,20251223
GNE:GOAO016A:16A:016MF250831:I:5,1,1,1,1,1,0,0,20250831,20251223
GNE:GOAO016A:16A:016MF250831:I:7,1,1,1,1,1,0,0,20250831,20251223
GNE:GOAO016A:16A:016MF250831:I:9,1,1,1,1,1,0,0,20250831,20251223
GNE:GOAO016A:16A:016MF250831:I:11,1,1,1,1,1,0,0,20250831,20251223
GNE:GOAO016A:16A:016MF250831:I:13,1,1,1,1,1,0,0,20250831,20251223
GNE:GOAO016A:16A:016MF250831:I:15,1,1,1,1,1,0,0,20250831,20251223
GNE:GOAO016A:16A:016MF250831:I:17,1,1,1,1,1,0,0,20250831,20251223
GNE:GOAO016A:16A:016MF250831:I:19,1,1,1,1,1,0,0,20250831,20251223
GNE:GOAO016A:16A:016MF250831:I:21,1,1,1,1,1,0,0,20250831,20251223
GNE:GOAO016A:16A:016MF250831:I:23,1,1,1,1,1,0,0,20250831,20251223
GNE:GOAO016A:16A:016MF250831:I:25,1,1,1,1,1,0,0,20250831,20251223
GNE:GOAO016A:16A:016MF250831:I:27,1,1,1,1,1,0,0,20250831,20251223
GNE:GOAO016A:16A:016MF250831:I:29,1,1,1,1,1,0,0,20250831,20251223
GNE:GOAO016A:16A:016MF250831:I:31,1,1,1,1,1,0,0,20250831,20251223
GNE:GOAO016A:16A:016MF250831:I:33,1,1,1,1,1,0,0,20250831,20251223
GNE:GOAO016A:16A:016MF250831:I:35,1,1,1,1,1,0,0,20250831,20251223
GNE:GOAO016A:16A:016MF250831:I:37,1,1,1,1,1,0,0,20250831,20251223
GNE:GOAO016A:16A:016MF250831:I:39,1,1,1,1,1,0,0,20250831,20251223
GNE:GOAO016A:16A:016MF250831:I:41,1,1,1,1,1,0,0,20250831,20251223
GNE:GOAO016A:16A:016MF250831:I:43,1,1,1,1,1,0,0,20250831,20251223
GNE:GOAO016A:16A:016MF250831:I:45,1,1,1,1,1,0,0,20250831,20251223
GNE:GOAO016A:16A:016MF250831:I:47,1,1,1,1,1,0,0,20250831,20251223
GNE:GOAO016A:16A:016MF250831:I:49,1,1,1,1,1,0,0,20250831,20251223
GNE:GOAO016A:16A:016MF250831:I:50,1,1,1,1,1,0,0,20250831,20251223
GNE:GOAO016A:16A:016MF250831:I:51,1,1,1,1,1,0,0,20250831,20251223
GNE:GOAO016A:16A:016MF250831:I:52,1,1,1,1,1,0,0,20250831,20251223
GNE:GOAO016A:16A:016MF250831:I:53,1,1,1,1,1,0,0,20250831,20251223
GNE:GOAO016A:16A:016SA250831:O:1,0,0,0,0,0,1,0,20250831,20251223
GNE:GOAO016A:16A:016SA250831:O:3,0,0,0,0,0,1,0,20250831,20251223
GNE:GOAO016A:16A:016SA250831:O:5,0,0,0,0,0,1,0,20250831,20251223
GNE:GOAO016A:16A:016SA250831:O:7,0,0,0,0,0,1,0,20250831,20251223
GNE:GOAO016A:16A:016SA250831:O:9,0,0,0,0,0,1,0,20250831,20251223
GNE:GOAO016A:16A:016SA250831:O:11,0,0,0,0,0,1,0,20250831,20251223
GNE:GOAO016A:16A:016SA250831:O:13,0,0,0,0,0,1,0,20250831,20251223
GNE:GOAO016A:16A:016SA250831:O:15,0,0,0,0,0,1,0,20250831,20251223
GNE:GOAO016A:16A:016SA250831:O:17,0,0,0,0,0,1,0,20250831,20251223
GNE:GOAO016A:16A:016SA250831:O:19,0,0,0,0,0,1,0,20250831,20251223
GNE:GOAO016A:16A:016SA250831:O:21,0,0,0,0,0,1,0,20250831,20251223
GNE:GOAO016A:16A:016SA250831:O:23,0,0,0,0,0,1,0,20250831,20251223
GNE:GOAO016A:16A:016SA250831:O:25,0,0,0,0,0,1,0,20250831,20251223
GNE:GOAO016A:16A:016SA250831:O:27,0,0,0,0,0,1,0,20250831,20251223
GNE:GOAO016A:16A:016SA250831:O:29,0,0,0,0,0,1,0,20250831,20251223
GNE:GOAO016A:16A:016SA250831:O:31,0,0,0,0,0,1,0,20250831,20251223
GNE:GOAO016A:16A:016SA250831:O:33,0,0,0,0,0,1,0,20250831,20251223
GNE:GOAO016A:16A:016SA250831:O:35,0,0,0,0,0,1,0,20250831,20251223
GNE:GOAO016A:16A:016SA250831:O:37,0,0,0,0,0,1,0,20250831,20251223
GNE:GOAO016A:16A:016SA250831:O:39,0,0,0,0,0,1,0,20250831,20251223
GNE:GOAO016A:16A:016SA250831:O:41,0,0,0,0,0,1,0,20250831,20251223
GNE:GOAO016A:16A:016SA250831:O:44,0,0,0,0,0,1,0,20250831,20251223
GNE:GOAO016A:16A:016SA250831:O:46,0,0,0,0,0,1,0,20250831,20251223
GNE:GOAO016A:16A:016SA250831:O:47,0,0,0,0,0,1,0,20250831,20251223
GNE:GOAO016A:16A:016SA250831:O:48,0,0,0,0,0,1,0,20250831,20251223
GNE:GOAO016A:16A:016SA250831:O:49,0,0,0,0,0,1,0,20250831,20251223
GNE:GOAO016A:16A:016SA250831:I:5,0,0,0,0,0,1,0,20250831,20251223
GNE:GOAO016A:16A:016SA250831:I:7,0,0,0,0,0,1,0,20250831,20251223
GNE:GOAO016A:16A:016SA250831:I:9,0,0,0,0,0,1,0,20250831,20251223
GNE:GOAO016A:16A:016SA250831:I:11,0,0,0,0,0,1,0,20250831,20251223
GNE:GOAO016A:16A:016SA250831:I:13,0,0,0,0,0,1,0,20250831,20251223
GNE:GOAO016A:16A:016SA250831:I:15,0,0,0,0,0,1,0,20250831,20251223
GNE:GOAO016A:16A:016SA250831:I:17,0,0,0,0,0,1,0,20250831,20251223
GNE:GOAO016A:16A:016SA250831:I:19,0,0,0,0,0,1,0,20250831,20251223
GNE:GOAO016A:16A:016SA250831:I:21,0,0,0,0,0,1,0,20250831,20251223
GNE:GOAO016A:16A:016SA250831:I:23,0,0,0,0,0,1,0,20250831,20251223
GNE:GOAO016A:16A:016SA250831:I:25,0,0,0,0,0,1,0,20250831,20251223
GNE:GOAO016A:16A:016SA250831:I:27,0,0,0,0,0,1,0,20250831,20251223
GNE:GOAO016A:16A:016SA250831:I:29,0,0,0,0,0,1,0,20250831,20251223
GNE:GOAO016A:16A:016SA250831:I:31,0,0,0,0,0,1,0,20250831,20251223
GNE:GOAO016A:16A:016SA250831:I:33,0,0,0,0,0,1,0,20250831,20251223
GNE:GOAO016A:16A:016SA250831:I:35,0,0,0,0,0,1,0,20250831,20251223
GNE:GOAO016A:16A:016SA250831:I:37,0,0,0,0,0,1,0,20250831,20251223
GNE:GOAO016A:16A:016SA250831:I:39,0,0,0,0,0,1,0,20250831,20251223
GNE:GOAO016A:16A:016SA250831:I:41,0,0,0,0,0,1,0,20250831,20251223
GNE:GOAO016A:16A:016SA250831:I:43,0,0,0,0,0,1,0,20250831,20251223
GNE:GOAO016A:16A:016SA250831:I:45,0,0,0,0,0,1,0,20250831,20251223
GNE:GOAO016A:16A:016SA250831:I:46,0,0,0,0,0,1,0,20250831,20251223
GNE:GOAO016A:16A:016SA250831:I:47,0,0,0,0,0,1,0,20250831,20251223
GNE:GOAO016A:16A:016SA250831:I:48,0,0,0,0,0,1,0,20250831,20251223
GNE:GOAO016B:16B:016SU250831:O:1,0,0,0,0,0,0,1,20250831,20251223
GNE:GOAO016B:16B:016SU250831:O:2,0,0,0,0,0,0,1,20250831,20251223
GNE:GOAO016B:16B:016SU250831:O:3,0,0,0,0,0,0,1,20250831,20251223
GNE:GOAO016B:16B:016SU250831:O:4,0,0,0,0,0,0,1,20250831,20251223
GNE:GOAO016B:16B:016SU250831:O:5,0,0,0,0,0,0,1,20250831,20251223
GNE:GOAO016B:16B:016SU250831:O:6,0,0,0,0,0,0,1,20250831,20251223
GNE:GOAO016B:16B:016SU250831:O:7,0,0,0,0,0,0,1,20250831,20251223
GNE:GOAO016B:16B:016SU250831:O:8,0,0,0,0,0,0,1,20250831,20251223
GNE:GOAO016B:16B:016SU250831:O:9,0,0,0,0,0,0,1,20250831,20251223
GNE:GOAO016B:16B:016SU250831:O:10,0,0,0,0,0,0,1,20250831,20251223
GNE:GOAO016B:16B:016SU250831:O:11,0,0,0,0,0,0,1,20250831,20251223
GNE:GOAO016B:16B:016SU250831:O:12,0,0,0,0,0,0,1,20250831,20251223
GNE:GOAO016B:16B:016SU250831:O:13,0,0,0,0,0,0,1,20250831,20251223
GNE:GOAO016B:16B:016SU250831:O:14,0,0,0,0,0,0,1,20250831,20251223
GNE:GOAO016B:16B:016SU250831:O:15,0,0,0,0,0,0,1,20250831,20251223
GNE:GOAO016B:16B:016SU250831:O:16,0,0,0,0,0,0,1,20250831,20251223
GNE:GOAO016B:16B:016SU250831:O:17,0,0,0,0,0,0,1,20250831,20251223
GNE:GOAO016B:16B:016SU250831:I:1,0,0,0,0,0,0,1,20250831,20251223
GNE:GOAO016B:16B:016SU250831:I:2,0,0,0,0,0,0,1,20250831,20251223
GNE:GOAO016B:16B:016SU250831:I:3,0,0,0,0,0,0,1,20250831,20251223
GNE:GOAO016B:16B:016SU250831:I:4,0,0,0,0,0,0,1,20250831,20251223
GNE:GOAO016B:16B:016SU250831:I:5,0,0,0,0,0,0,1,20250831,20251223
GNE:GOAO016B:16B:016SU250831:I:6,0,0,0,0,0,0,1,20250831,20251223
GNE:GOAO016B:16B:016SU250831:I:7,0,0,0,0,0,0,1,20250831,20251223
GNE:GOAO016B:16B:016SU250831:I:8,0,0,0,0,0,0,1,20250831,20251223
GNE:GOAO016B:16B:016SU250831:I:9,0,0,0,0,0,0,1,20250831,20251223
GNE:GOAO016B:16B:016SU250831:I:10,0,0,0,0,0,0,1,20250831,20251223
GNE:GOAO016B:16B:016SU250831:I:11,0,0,0,0,0,0,1,20250831,20251223
GNE:GOAO016B:16B:016SU250831:I:12,0,0,0,0,0,0,1,20250831,20251223
GNE:GOAO016B:16B:016SU250831:I:13,0,0,0,0,0,0,1,20250831,20251223
GNE:GOAO016B:16B:016SU250831:I:14,0,0,0,0,0,0,1,20250831,20251223
GNE:GOAO016B:16B:016SU250831:I:15,0,0,0,0,0,0,1,20250831,20251223
GNE:GOAO016B:16B:016SU250831:I:16,0,0,0,0,0,0,1,20250831,20251223
GNE:GOAO016B:16B:016SU250831:I:17,0,0,0,0,0,0,1,20250831,20251223
GNE:GOAO020:20:020MF250831:O:1,1,1,1,1,1,0,0,20250831,20251223
GNE:GOAO020:20:020MF250831:O:2,1,1,1,1,1,0,0,20250831,20251223
GNE:GOAO020:20:020MF250831:O:3,1,1,1,1,1,0,0,20250831,20251223
GNE:GOAO020:20:020MF250831:O:4,1,1,1,1,1,0,0,20250831,20251223
GNE:GOAO020:20:020MF250831:O:5,1,1,1,1,1,0,0,20250831,20251223
GNE:GOAO020:20:020MF250831:O:6,1,1,1,1,1,0,0,20250831,20251223
GNE:GOAO020:20:020MF250831:O:7,1,1,1,1,1,0,0,20250831,20251223
GNE:GOAO020:20:020MF250831:O:8,1,1,1,1,1,0,0,20250831,20251223
GNE:GOAO020:20:020MF250831:O:9,1,1,1,1,1,0,0,20250831,20251223
GNE:GOAO020:20:020MF250831:O:10,1,1,1,1,1,0,0,20250831,20251223
GNE:GOAO020:20:020MF250831:O:11,1,1,1,1,1,0,0,20250831,20251223
GNE:GOAO020:20:020MF250831:O:12,1,1,1,1,1,0,0,20250831,20251223
GNE:GOAO020:20:020MF250831:O:13,1,1,1,1,1,0,0,20250831,20251223
GNE:GOAO020:20:020MF250831:O:14,1,1,1,1,1,0,0,20250831,20251223
GNE:GOAO020:20:020MF250831:O:15,1,1,1,1,1,0,0,20250831,20251223
GNE:GOAO020:20:020MF250831:O:16,1,1,1,1,1,0,0,20250831,20251223
GNE:GOAO020:20:020MF250831:O:17,1,1,1,1,1,0,0,20250831,20251223
GNE:GOAO020:20:020MF250831:O:18,1,1,1,1,1,0,0,20250831,20251223
GNE:GOAO020:20:020MF250831:O:19,1,1,1,1,1,0,0,20250831,20251223
GNE:GOAO020:20:020MF250831:O:20,1,1,1,1,1,0,0,20250831,20251223
GNE:GOAO020:20:020MF250831:O:21,1,1,1,1,1,0,0,20250831,20251223
GNE:GOAO020:20:020MF250831:O:22,1,1,1,1,1,0,0,20250831,20251223
GNE:GOAO020:20:020MF250831:O:23,1,1,1,1,1,0,0,20250831,20251223
GNE:GOAO020:20:020MF250831:O:24,1,1,1,1,1,0,0,20250831,20251223
GNE:GOAO020:20:020MF250831:O:25,1,1,1,1,1,0,0,20250831,20251223
GNE:GOAO020:20:020MF250831:O:26,1,1,1,1,1,0,0,20250831,20251223
GNE:GOAO020:20:020MF250831:O:27,1,1,1,1,1,0,0,20250831,20251223
GNE:GOAO020:20:020MF250831:O:28,1,1,1,1,1,0,0,20250831,20251223
GNE:GOAO020:20:020MF250831:O:29,1,1,1,1,1,0,0,20250831,20251223
GNE:GOAO020:20:020MF250831:O:30,1,1,1,1,1,0,0,20250831,20251223
GNE:GOAO020:20:020MF250831:O:31,1,1,1,1,1,0,0,20250831,20251223
GNE:GOAO020:20:020MF250831:O:32,1,1,1,1,1,0,0,20250831,20251223
GNE:GOAO020:20:020MF250831:O:33,1,1,1,1,1,0,0,20250831,20251223
GNE:GOAO020:20:020MF250831:O:34,1,1,1,1,1,0,0,20250831,20251223
GNE:GOAO020:20:020MF250831:O:35,1,1,1,1,1,0,0,20250831,20251223
GNE:GOAO020:20:020MF250831:O:36,1,1,1,1,1,0,0,20250831,20251223
GNE:GOAO020:20:020MF250831:O:37,1,1,1,1,1,0,0,20250831,20251223
GNE:GOAO020:20:020MF250831:O:38,1,1,1,1,1,0,0,20250831,20251223
GNE:GOAO020:20:020MF250831:O:39,1,1,1,1,1,0,0,20250831,20251223
GNE:GOAO020:20:020MF250831:O:40,1,1,1,1,1,0,0,20250831,20251223
GNE:GOAO020:20:020MF250831:O:41,1,1,1,1,1,0,0,20250831,20251223
GNE:GOAO020:20:020MF250831:O:42,1,1,1,1,1,0,0,20250831,20251223
GNE:GOAO020:20:020MF250831:O:43,1,1,1,1,1,0,0,20250831,20251223
GNE:GOAO020:20:020MF250831:O:44,1,1,1,1,1,0,0,20250831,20251223
GNE:GOAO020:20:020MF250831:O:45,1,1,1,1,1,0,0,20250831,20251223
GNE:GOAO020:20:020MF250831:O:46,1,1,1,1,1,0,0,20250831,20251223
GNE:GOAO020:20:020MF250831:O:47,1,1,1,1,1,0,0,20250831,20251223
GNE:GOAO020:20:020MF250831:O:48,1,1,1,1,1,0,0,20250831,20251223
GNE:GOAO020:20:020MF250831:O:49,1,1,1,1,1,0,0,20250831,20251223
GNE:GOAO020:20:020MF250831:O:50,1,1,1,1,1,0,0,20250831,20251223
GNE:GOAO020:20:020MF250831:O:52,1,1,1,1,1,0,0,20250831,20251223
GNE:GOAO020:20:020MF250831:O:54,1,1,1,1,1,0,0,20250831,20251223
GNE:GOAO020:20:020MF250831:O:56,1,1,1,1,1,0,0,20250831,20251223
GNE:GOAO020:20:020MF250831:O:58,1,1,1,1,1,0,0,20250831,20251223
GNE:GOAO020:20:020MF250831:O:60,1,1,1,1,1,0,0,20250831,20251223
GNE:GOAO020:20:020MF250831:I:1,1,1,1,1,1,0,0,20250831,20251223
GNE:GOAO020:20:020MF250831:I:2,1,1,1,1,1,0,0,20250831,20251223
GNE:GOAO020:20:020MF250831:I:3,1,1,1,1,1,0,0,20250831,20251223
GNE:GOAO020:20:020MF250831:I:4,1,1,1,1,1,0,0,20250831,20251223
GNE:GOAO020:20:020MF250831:I:5,1,1,1,1,1,0,0,20250831,20251223
GNE:GOAO020:20:020MF250831:I:6,1,1,1,1,1,0,0,20250831,20251223
GNE:GOAO020:20:020MF250831:I:7,1,1,1,1,1,0,0,20250831,20251223
GNE:GOAO020:20:020MF250831:I:8,1,1,1,1,1,0,0,20250831,20251223
GNE:GOAO020:20:020MF250831:I:9,1,1,1,1,1,0,0,20250831,20251223
GNE:GOAO020:20:020MF250831:I:10,1,1,1,1,1,0,0,20250831,20251223
GNE:GOAO020:20:020MF250831:I:11,1,1,1,1,1,0,0,20250831,20251223
GNE:GOAO020:20:020MF250831:I:12,1,1,1,1,1,0,0,20250831,20251223
GNE:GOAO020:20:020MF250831:I:13,1,1,1,1,1,0,0,20250831,20251223
GNE:GOAO020:20:020MF250831:I:14,1,1,1,1,1,0,0,20250831,20251223
GNE:GOAO020:20:020MF250831:I:15,1,1,1,1,1,0,0,20250831,20251223
GNE:GOAO020:20:020MF250831:I:16,1,1,1,1,1,0,0,20250831,20251223
GNE:GOAO020:20:020MF250831:I:17,1,1,1,1,1,0,0,20250831,20251223
GNE:GOAO020:20:020MF250831:I:18,1,1,1,1,1,0,0,20250831,20251223
GNE:GOAO020:20:020MF250831:I:19,1,1,1,1,1,0,0,20250831,20251223
GNE:GOAO020:20:020MF250831:I:20,1,1,1,1,1,0,0,20250831,20251223
GNE:GOAO020:20:020MF250831:I:21,1,1,1,1,1,0,0,20250831,20251223
GNE:GOAO020:20:020MF250831:I:22,1,1,1,1,1,0,0,20250831,20251223
GNE:GOAO020:20:020MF250831:I:23,1,1,1,1,1,0,0,20250831,20251223
GNE:GOAO020:20:020MF250831:I:24,1,1,1,1,1,0,0,20250831,20251223
GNE:GOAO020:20:020MF250831:I:25,1,1,1,1,1,0,0,20250831,20251223
GNE:GOAO020:20:020MF250831:I:26,1,1,1,1,1,0,0,20250831,20251223
GNE:GOAO020:20:020MF250831:I:27,1,1,1,1,1,0,0,20250831,20251223
GNE:GOAO020:20:020MF250831:I:28,1,1,1,1,1,0,0,20250831,20251223
GNE:GOAO020:20:020MF250831:I:29,1,1,1,1,1,0,0,20250831,20251223
GNE:GOAO020:20:020MF250831:I:30,1,1,1,1,1,0,0,20250831,20251223
GNE:GOAO020:20:020MF250831:I:31,1,1,1,1,1,0,0,20250831,20251223
GNE:GOAO020:20:020MF250831:I:32,1,1,1,1,1,0,0,20250831,20251223
GNE:GOAO020:20:020MF250831:I:33,1,1,1,1,1,0,0,20250831,20251223
GNE:GOAO020:20:020MF250831:I:34,1,1,1,1,1,0,0,20250831,20251223
GNE:GOAO020:20:020MF250831:I:35,1,1,1,1,1,0,0,20250831,20251223
GNE:GOAO020:20:020MF250831:I:36,1,1,1,1,1,0,0,20250831,20251223
GNE:GOAO020:20:020MF250831:I:37,1,1,1,1,1,0,0,20250831,20251223
GNE:GOAO020:20:020MF250831:I:38,1,1,1,1,1,0,0,20250831,20251223
GNE:GOAO020:20:020MF250831:I:39,1,1,1,1,1,0,0,20250831,20251223
GNE:GOAO020:20:020MF250831:I:40,1,1,1,1,1,0,0,20250831,20251223
GNE:GOAO020:20:020MF250831:I:41,1,1,1,1,1,0,0,20250831,20251223
GNE:GOAO020:20:020MF250831:I:42,1,1,1,1,1,0,0,20250831,20251223
GNE:GOAO020:20:020MF250831:I:43,1,1,1,1,1,0,0,20250831,20251223
GNE:GOAO020:20:020MF250831:I:44,1,1,1,1,1,0,0,20250831,20251223
GNE:GOAO020:20:020MF250831:I:45,1,1,1,1,1,0,0,20250831,20251223
GNE:GOAO020:20:020MF250831:I:46,1,1,1,1,1,0,0,20250831,20251223
GNE:GOAO020:20:020MF250831:I:47,1,1,1,1,1,0,0,20250831,20251223
GNE:GOAO020:20:020MF250831:I:48,1,1,1,1,1,0,0,20250831,20251223
GNE:GOAO020:20:020MF250831:I:49,1,1,1,1,1,0,0,20250831,20251223
GNE:GOAO020:20:020MF250831:I:50,1,1,1,1,1,0,0,20250831,20251223
GNE:GOAO020:20:020MF250831:I:51,1,1,1,1,1,0,0,20250831,20251223
GNE:GOAO020:20:020MF250831:I:53,1,1,1,1,1,0,0,20250831,20251223
GNE:GOAO020:20:020MF250831:I:55,1,1,1,1,1,0,0,20250831,20251223
GNE:GOAO020:20:020MF250831:I:57,1,1,1,1,1,0,0,20250831,20251223
GNE:GOAO020:20:020MF250831:I:59,1,1,1,1,1,0,0,20250831,20251223
GNE:GOAO020:20:020MF250831:I:61,1,1,1,1,1,0,0,20250831,20251223
GNE:GOAO020:20:020SA250831:O:1,0,0,0,0,0,1,0,20250831,20251223
GNE:GOAO020:20:020SA250831:O:2,0,0,0,0,0,1,0,20250831,20251223
GNE:GOAO020:20:020SA250831:O:3,0,0,0,0,0,1,0,20250831,20251223
GNE:GOAO020:20:020SA250831:O:4,0,0,0,0,0,1,0,20250831,20251223
GNE:GOAO020:20:020SA250831:O:5,0,0,0,0,0,1,0,20250831,20251223
GNE:GOAO020:20:020SA250831:O:6,0,0,0,0,0,1,0,20250831,20251223
GNE:GOAO020:20:020SA250831:O:7,0,0,0,0,0,1,0,20250831,20251223
GNE:GOAO020:20:020SA250831:O:8,0,0,0,0,0,1,0,20250831,20251223
GNE:GOAO020:20:020SA250831:O:9,0,0,0,0,0,1,0,20250831,20251223
GNE:GOAO020:20:020SA250831:O:10,0,0,0,0,0,1,0,20250831,20251223
GNE:GOAO020:20:020SA250831:O:11,0,0,0,0,0,1,0,20250831,20251223
GNE:GOAO020:20:020SA250831:O:12,0,0,0,0,0,1,0,20250831,20251223
GNE:GOAO020:20:020SA250831:O:13,0,0,0,0,0,1,0,20250831,20251223
GNE:GOAO020:20:020SA250831:O:14,0,0,0,0,0,1,0,20250831,20251223
GNE:GOAO020:20:020SA250831:O:15,0,0,0,0,0,1,0,20250831,20251223
GNE:GOAO020:20:020SA250831:O:16,0,0,0,0,0,1,0,20250831,20251223
GNE:GOAO020:20:020SA250831:O:17,0,0,0,0,0,1,0,20250831,20251223
GNE:GOAO020:20:020SA250831:O:18,0,0,0,0,0,1,0,20250831,20251223
GNE:GOAO020:20:020SA250831:O:19,0,0,0,0,0,1,0,20250831,20251223
GNE:GOAO020:20:020SA250831:O:20,0,0,0,0,0,1,0,20250831,20251223
GNE:GOAO020:20:020SA250831:O:21,0,0,0,0,0,1,0,20250831,20251223
GNE:GOAO020:20:020SA250831:O:22,0,0,0,0,0,1,0,20250831,20251223
GNE:GOAO020:20:020SA250831:O:23,0,0,0,0,0,1,0,20250831,20251223
GNE:GOAO020:20:020SA250831:O:24,0,0,0,0,0,1,0,20250831,20251223
GNE:GOAO020:20:020SA250831:O:25,0,0,0,0,0,1,0,20250831,20251223
GNE:GOAO020:20:020SA250831:O:26,0,0,0,0,0,1,0,20250831,20251223
GNE:GOAO020:20:020SA250831:O:27,0,0,0,0,0,1,0,20250831,20251223
GNE:GOAO020:20:020SA250831:O:28,0,0,0,0,0,1,0,20250831,20251223
GNE:GOAO020:20:020SA250831:O:29,0,0,0,0,0,1,0,20250831,20251223
GNE:GOAO020:20:020SA250831:O:30,0,0,0,0,0,1,0,20250831,20251223
GNE:GOAO020:20:020SA250831:O:31,0,0,0,0,0,1,0,20250831,20251223
GNE:GOAO020:20:020SA250831:O:32,0,0,0,0,0,1,0,20250831,20251223
GNE:GOAO020:20:020SA250831:O:33,0,0,0,0,0,1,0,20250831,20251223
GNE:GOAO020:20:020SA250831:O:34,0,0,0,0,0,1,0,20250831,20251223
GNE:GOAO020:20:020SA250831:O:35,0,0,0,0,0,1,0,20250831,20251223
GNE:GOAO020:20:020SA250831:O:36,0,0,0,0,0,1,0,20250831,20251223
GNE:GOAO020:20:020SA250831:O:37,0,0,0,0,0,1,0,20250831,20251223
GNE:GOAO020:20:020SA250831:O:38,0,0,0,0,0,1,0,20250831,20251223
GNE:GOAO020:20:020SA250831:O:39,0,0,0,0,0,1,0,20250831,20251223
GNE:GOAO020:20:020SA250831:O:40,0,0,0,0,0,1,0,20250831,20251223
GNE:GOAO020:20:020SA250831:O:41,0,0,0,0,0,1,0,20250831,20251223
GNE:GOAO020:20:020SA250831:O:42,0,0,0,0,0,1,0,20250831,20251223
GNE:GOAO020:20:020SA250831:O:43,0,0,0,0,0,1,0,20250831,20251223
GNE:GOAO020:20:020SA250831:O:44,0,0,0,0,0,1,0,20250831,20251223
GNE:GOAO020:20:020SA250831:O:46,0,0,0,0,0,1,0,20250831,20251223
GNE:GOAO020:20:020SA250831:O:48,0,0,0,0,0,1,0,20250831,20251223
GNE:GOAO020:20:020SA250831:O:50,0,0,0,0,0,1,0,20250831,20251223
GNE:GOAO020:20:020SA250831:O:52,0,0,0,0,0,1,0,20250831,20251223
GNE:GOAO020:20:020SA250831:O:54,0,0,0,0,0,1,0,20250831,20251223
GNE:GOAO020:20:020SA250831:I:1,0,0,0,0,0,1,0,20250831,20251223
GNE:GOAO020:20:020SA250831:I:2,0,0,0,0,0,1,0,20250831,20251223
GNE:GOAO020:20:020SA250831:I:3,0,0,0,0,0,1,0,20250831,20251223
GNE:GOAO020:20:020SA250831:I:4,0,0,0,0,0,1,0,20250831,20251223
GNE:GOAO020:20:020SA250831:I:5,0,0,0,0,0,1,0,20250831,20251223
GNE:GOAO020:20:020SA250831:I:6,0,0,0,0,0,1,0,20250831,20251223
GNE:GOAO020:20:020SA250831:I:7,0,0,0,0,0,1,0,20250831,20251223
GNE:GOAO020:20:020SA250831:I:8,0,0,0,0,0,1,0,20250831,20251223
GNE:GOAO020:20:020SA250831:I:9,0,0,0,0,0,1,0,20250831,20251223
GNE:GOAO020:20:020SA250831:I:10,0,0,0,0,0,1,0,20250831,20251223
GNE:GOAO020:20:020SA250831:I:11,0,0,0,0,0,1,0,20250831,20251223
GNE:GOAO020:20:020SA250831:I:12,0,0,0,0,0,1,0,20250831,20251223
GNE:GOAO020:20:020SA250831:I:13,0,0,0,0,0,1,0,20250831,20251223
GNE:GOAO020:20:020SA250831:I:14,0,0,0,0,0,1,0,20250831,20251223
GNE:GOAO020:20:020SA250831:I:15,0,0,0,0,0,1,0,20250831,20251223
GNE:GOAO020:20:020SA250831:I:16,0,0,0,0,0,1,0,20250831,20251223
GNE:GOAO020:20:020SA250831:I:17,0,0,0,0,0,1,0,20250831,20251223
GNE:GOAO020:20:020SA250831:I:18,0,0,0,0,0,1,0,20250831,20251223
GNE:GOAO020:20:020SA250831:I:19,0,0,0,0,0,1,0,20250831,20251223
GNE:GOAO020:20:020SA250831:I:20,0,0,0,0,0,1,0,20250831,20251223
GNE:GOAO020:20:020SA250831:I:21,0,0,0,0,0,1,0,20250831,20251223
GNE:GOAO020:20:020SA250831:I:22,0,0,0,0,0,1,0,20250831,20251223
GNE:GOAO020:20:020SA250831:I:23,0,0,0,0,0,1,0,20250831,20251223
GNE:GOAO020:20:020SA250831:I:24,0,0,0,0,0,1,0,20250831,20251223
GNE:GOAO020:20:020SA250831:I:25,0,0,0,0,0,1,0,20250831,20251223
GNE:GOAO020:20:020SA250831:I:26,0,0,0,0,0,1,0,20250831,20251223
GNE:GOAO020:20:020SA250831:I:27,0,0,0,0,0,1,0,20250831,20251223
GNE:GOAO020:20:020SA250831:I:28,0,0,0,0,0,1,0,20250831,20251223
GNE:GOAO020:20:020SA250831:I:29,0,0,0,0,0,1,0,20250831,20251223
GNE:GOAO020:20:020SA250831:I:30,0,0,0,0,0,1,0,20250831,20251223
GNE:GOAO020:20:020SA250831:I:31,0,0,0,0,0,1,0,20250831,20251223
GNE:GOAO020:20:020SA250831:I:32,0,0,0,0,0,1,0,20250831,20251223
GNE:GOAO020:20:020SA250831:I:33,0,0,0,0,0,1,0,20250831,20251223
GNE:GOAO020:20:020SA250831:I:34,0,0,0,0,0,1,0,20250831,20251223
GNE:GOAO020:20:020SA250831:I:35,0,0,0,0,0,1,0,20250831,20251223
GNE:GOAO020:20:020SA250831:I:36,0,0,0,0,0,1,0,20250831,20251223
GNE:GOAO020:20:020SA250831:I:37,0,0,0,0,0,1,0,20250831,20251223
GNE:GOAO020:20:020SA250831:I:38,0,0,0,0,0,1,0,20250831,20251223
GNE:GOAO020:20:020SA250831:I:39,0,0,0,0,0,1,0,20250831,20251223
GNE:GOAO020:20:020SA250831:I:40,0,0,0,0,0,1,0,20250831,20251223
GNE:GOAO020:20:020SA250831:I:41,0,0,0,0,0,1,0,20250831,20251223
GNE:GOAO020:20:020SA250831:I:42,0,0,0,0,0,1,0,20250831,20251223
GNE:GOAO020:20:020SA250831:I:43,0,0,0,0,0,1,0,20250831,20251223
GNE:GOAO020:20:020SA250831:I:44,0,0,0,0,0,1,0,20250831,20251223
GNE:GOAO020:20:020SA250831:I:45,0,0,0,0,0,1,0,20250831,20251223
GNE:GOAO020:20:020SA250831:I:47,0,0,0,0,0,1,0,20250831,20251223
GNE:GOAO020:20:020SA250831:I:49,0,0,0,0,0,1,0,20250831,20251223
GNE:GOAO020:20:020SA250831:I:51,0,0,0,0,0,1,0,20250831,20251223
GNE:GOAO020:20:020SA250831:I:53,0,0,0,0,0,1,0,20250831,20251223
GNE:GOAO020:20:020SA250831:I:55,0,0,0,0,0,1,0,20250831,20251223
GNE:GOAO020:20:020SU250831:O:1,0,0,0,0,0,0,1,20250831,20251223
GNE:GOAO020:20:020SU250831:O:2,0,0,0,0,0,0,1,20250831,20251223
GNE:GOAO020:20:020SU250831:O:3,0,0,0,0,0,0,1,20250831,20251223
GNE:GOAO020:20:020SU250831:O:4,0,0,0,0,0,0,1,20250831,20251223
GNE:GOAO020:20:020SU250831:O:5,0,0,0,0,0,0,1,20250831,20251223
GNE:GOAO020:20:020SU250831:O:6,0,0,0,0,0,0,1,20250831,20251223
GNE:GOAO020:20:020SU250831:O:7,0,0,0,0,0,0,1,20250831,20251223
GNE:GOAO020:20:020SU250831:O:9,0,0,0,0,0,0,1,20250831,20251223
GNE:GOAO020:20:020SU250831:O:10,0,0,0,0,0,0,1,20250831,20251223
GNE:GOAO020:20:020SU250831:O:12,0,0,0,0,0,0,1,20250831,20251223
GNE:GOAO020:20:020SU250831:O:13,0,0,0,0,0,0,1,20250831,20251223
GNE:GOAO020:20:020SU250831:O:15,0,0,0,0,0,0,1,20250831,20251223
GNE:GOAO020:20:020SU250831:O:16,0,0,0,0,0,0,1,20250831,20251223
GNE:GOAO020:20:020SU250831:O:18,0,0,0,0,0,0,1,20250831,20251223
GNE:GOAO020:20:020SU250831:O:19,0,0,0,0,0,0,1,20250831,20251223
GNE:GOAO020:20:020SU250831:O:21,0,0,0,0,0,0,1,20250831,20251223
GNE:GOAO020:20:020SU250831:O:22,0,0,0,0,0,0,1,20250831,20251223
GNE:GOAO020:20:020SU250831:O:24,0,0,0,0,0,0,1,20250831,20251223
GNE:GOAO020:20:020SU250831:O:25,0,0,0,0,0,0,1,20250831,20251223
GNE:GOAO020:20:020SU250831:O:27,0,0,0,0,0,0,1,20250831,20251223
GNE:GOAO020:20:020SU250831:O:28,0,0,0,0,0,0,1,20250831,20251223
GNE:GOAO020:20:020SU250831:O:30,0,0,0,0,0,0,1,20250831,20251223
GNE:GOAO020:20:020SU250831:O:31,0,0,0,0,0,0,1,20250831,20251223
GNE:GOAO020:20:020SU250831:O:33,0,0,0,0,0,0,1,20250831,20251223
GNE:GOAO020:20:020SU250831:O:35,0,0,0,0,0,0,1,20250831,20251223
GNE:GOAO020:20:020SU250831:O:37,0,0,0,0,0,0,1,20250831,20251223
GNE:GOAO020:20:020SU250831:O:39,0,0,0,0,0,0,1,20250831,20251223
GNE:GOAO020:20:020SU250831:O:41,0,0,0,0,0,0,1,20250831,20251223
GNE:GOAO020:20:020SU250831:O:43,0,0,0,0,0,0,1,20250831,20251223
GNE:GOAO020:20:020SU250831:I:1,0,0,0,0,0,0,1,20250831,20251223
GNE:GOAO020:20:020SU250831:I:2,0,0,0,0,0,0,1,20250831,20251223
GNE:GOAO020:20:020SU250831:I:3,0,0,0,0,0,0,1,20250831,20251223
GNE:GOAO020:20:020SU250831:I:4,0,0,0,0,0,0,1,20250831,20251223
GNE:GOAO020:20:020SU250831:I:5,0,0,0,0,0,0,1,20250831,20251223
GNE:GOAO020:20:020SU250831:I:6,0,0,0,0,0,0,1,20250831,20251223
GNE:GOAO020:20:020SU250831:I:7,0,0,0,0,0,0,1,20250831,20251223
GNE:GOAO020:20:020SU250831:I:9,0,0,0,0,0,0,1,20250831,20251223
GNE:GOAO020:20:020SU250831:I:10,0,0,0,0,0,0,1,20250831,20251223
GNE:GOAO020:20:020SU250831:I:12,0,0,0,0,0,0,1,20250831,20251223
GNE:GOAO020:20:020SU250831:I:13,0,0,0,0,0,0,1,20250831,20251223
GNE:GOAO020:20:020SU250831:I:15,0,0,0,0,0,0,1,20250831,20251223
GNE:GOAO020:20:020SU250831:I:16,0,0,0,0,0,0,1,20250831,20251223
GNE:GOAO020:20:020SU250831:I:18,0,0,0,0,0,0,1,20250831,20251223
GNE:GOAO020:20:020SU250831:I:19,0,0,0,0,0,0,1,20250831,20251223
GNE:GOAO020:20:020SU250831:I:21,0,0,0,0,0,0,1,20250831,20251223
GNE:GOAO020:20:020SU250831:I:22,0,0,0,0,0,0,1,20250831,20251223
GNE:GOAO020:20:020SU250831:I:24,0,0,0,0,0,0,1,20250831,20251223
GNE:GOAO020:20:020SU250831:I:25,0,0,0,0,0,0,1,20250831,20251223
GNE:GOAO020:20:020SU250831:I:27,0,0,0,0,0,0,1,20250831,20251223
GNE:GOAO020:20:020SU250831:I:28,0,0,0,0,0,0,1,20250831,20251223
GNE:GOAO020:20:020SU250831:I:30,0,0,0,0,0,0,1,20250831,20251223
GNE:GOAO020:20:020SU250831:I:31,0,0,0,0,0,0,1,20250831,20251223
GNE:GOAO020:20:020SU250831:I:33,0,0,0,0,0,0,1,20250831,20251223
GNE:GOAO020:20:020SU250831:I:35,0,0,0,0,0,0,1,20250831,20251223
GNE:GOAO020:20:020SU250831:I:37,0,0,0,0,0,0,1,20250831,20251223
GNE:GOAO020:20:020SU250831:I:39,0,0,0,0,0,0,1,20250831,20251223
GNE:GOAO020:20:020SU250831:I:41,0,0,0,0,0,0,1,20250831,20251223
GNE:GOAO020A:20A:020MF250831:O:51,1,1,1,1,1,0,0,20250831,20251223
GNE:GOAO020A:20A:020MF250831:O:53,1,1,1,1,1,0,0,20250831,20251223
GNE:GOAO020A:20A:020MF250831:O:55,1,1,1,1,1,0,0,20250831,20251223
GNE:GOAO020A:20A:020MF250831:O:57,1,1,1,1,1,0,0,20250831,20251223
GNE:GOAO020A:20A:020MF250831:O:59,1,1,1,1,1,0,0,20250831,20251223
GNE:GOAO020A:20A:020MF250831:O:61,1,1,1,1,1,0,0,20250831,20251223
GNE:GOAO020A:20A:020MF250831:I:52,1,1,1,1,1,0,0,20250831,20251223
GNE:GOAO020A:20A:020MF250831:I:54,1,1,1,1,1,0,0,20250831,20251223
GNE:GOAO020A:20A:020MF250831:I:56,1,1,1,1,1,0,0,20250831,20251223
GNE:GOAO020A:20A:020MF250831:I:58,1,1,1,1,1,0,0,20250831,20251223
GNE:GOAO020A:20A:020MF250831:I:60,1,1,1,1,1,0,0,20250831,20251223
GNE:GOAO020A:20A:020SA250831:O:45,0,0,0,0,0,1,0,20250831,20251223
GNE:GOAO020A:20A:020SA250831:O:47,0,0,0,0,0,1,0,20250831,20251223
GNE:GOAO020A:20A:020SA250831:O:49,0,0,0,0,0,1,0,20250831,20251223
GNE:GOAO020A:20A:020SA250831:O:51,0,0,0,0,0,1,0,20250831,20251223
GNE:GOAO020A:20A:020SA250831:O:53,0,0,0,0,0,1,0,20250831,20251223
GNE:GOAO020A:20A:020SA250831:O:55,0,0,0,0,0,1,0,20250831,20251223
GNE:GOAO020A:20A:020SA250831:I:46,0,0,0,0,0,1,0,20250831,20251223
GNE:GOAO020A:20A:020SA250831:I:48,0,0,0,0,0,1,0,20250831,20251223
GNE:GOAO020A:20A:020SA250831:I:50,0,0,0,0,0,1,0,20250831,20251223
GNE:GOAO020A:20A:020SA250831:I:52,0,0,0,0,0,1,0,20250831,20251223
GNE:GOAO020A:20A:020SA250831:I:54,0,0,0,0,0,1,0,20250831,20251223
GNE:GOAO020A:20A:020SU250831:O:8,0,0,0,0,0,0,1,20250831,20251223
GNE:GOAO020A:20A:020SU250831:O:11,0,0,0,0,0,0,1,20250831,20251223
GNE:GOAO020A:20A:020SU250831:O:14,0,0,0,0,0,0,1,20250831,20251223
GNE:GOAO020A:20A:020SU250831:O:17,0,0,0,0,0,0,1,20250831,20251223
GNE:GOAO020A:20A:020SU250831:O:20,0,0,0,0,0,0,1,20250831,20251223
GNE:GOAO020A:20A:020SU250831:O:23,0,0,0,0,0,0,1,20250831,20251223
GNE:GOAO020A:20A:020SU250831:O:26,0,0,0,0,0,0,1,20250831,20251223
GNE:GOAO020A:20A:020SU250831:O:29,0,0,0,0,0,0,1,20250831,20251223
GNE:GOAO020A:20A:020SU250831:O:32,0,0,0,0,0,0,1,20250831,20251223
GNE:GOAO020A:20A:020SU250831:O:34,0,0,0,0,0,0,1,20250831,20251223
GNE:GOAO020A:20A:020SU250831:O:36,0,0,0,0,0,0,1,20250831,20251223
GNE:GOAO020A:20A:020SU250831:O:38,0,0,0,0,0,0,1,20250831,20251223
GNE:GOAO020A:20A:020SU250831:O:40,0,0,0,0,0,0,1,20250831,20251223
GNE:GOAO020A:20A:020SU250831:O:42,0,0,0,0,0,0,1,20250831,20251223
GNE:GOAO020A:20A:020SU250831:O:44,0,0,0,0,0,0,1,20250831,20251223
GNE:GOAO020A:20A:020SU250831:I:8,0,0,0,0,0,0,1,20250831,20251223
GNE:GOAO020A:20A:020SU250831:I:11,0,0,0,0,0,0,1,20250831,20251223
GNE:GOAO020A:20A:020SU250831:I:14,0,0,0,0,0,0,1,20250831,20251223
GNE:GOAO020A:20A:020SU250831:I:17,0,0,0,0,0,0,1,20250831,20251223
GNE:GOAO020A:20A:020SU250831:I:20,0,0,0,0,0,0,1,20250831,20251223
GNE:GOAO020A:20A:020SU250831:I:23,0,0,0,0,0,0,1,20250831,20251223
GNE:GOAO020A:20A:020SU250831:I:26,0,0,0,0,0,0,1,20250831,20251223
GNE:GOAO020A:20A:020SU250831:I:29,0,0,0,0,0,0,1,20250831,20251223
GNE:GOAO020A:20A:020SU250831:I:32,0,0,0,0,0,0,1,20250831,20251223
GNE:GOAO020A:20A:020SU250831:I:34,0,0,0,0,0,0,1,20250831,20251223
GNE:GOAO020A:20A:020SU250831:I:36,0,0,0,0,0,0,1,20250831,20251223
GNE:GOAO020A:20A:020SU250831:I:38,0,0,0,0,0,0,1,20250831,20251223
GNE:GOAO020A:20A:020SU250831:I:40,0,0,0,0,0,0,1,20250831,20251223
GNE:GOAO020A:20A:020SU250831:I:42,0,0,0,0,0,0,1,20250831,20251223
GNE:GOAO021:21:021MF250831:O:1,1,1,1,1,1,0,0,20250831,20251223
GNE:GOAO021:21:021MF250831:O:2,1,1,1,1,1,0,0,20250831,20251223
GNE:GOAO021:21:021MF250831:O:3,1,1,1,1,1,0,0,20250831,20251223
GNE:GOAO021:21:021MF250831:O:4,1,1,1,1,1,0,0,20250831,20251223
GNE:GOAO021:21:021MF250831:O:5,1,1,1,1,1,0,0,20250831,20251223
GNE:GOAO021:21:021MF250831:O:6,1,1,1,1,1,0,0,20250831,20251223
GNE:GOAO021:21:021MF250831:O:7,1,1,1,1,1,0,0,20250831,20251223
GNE:GOAO021:21:021MF250831:O:8,1,1,1,1,1,0,0,20250831,20251223
GNE:GOAO021:21:021MF250831:O:9,1,1,1,1,1,0,0,20250831,20251223
GNE:GOAO021:21:021MF250831:O:10,1,1,1,1,1,0,0,20250831,20251223
GNE:GOAO021:21:021MF250831:O:11,0,0,0,0,0,0,0,20250831,20251223
GNE:GOAO021:21:021MF250831:O:12,1,1,1,1,1,0,0,20250831,20251223
GNE:GOAO021:21:021MF250831:O:13,1,1,1,1,1,0,0,20250831,20251223
GNE:GOAO021:21:021MF250831:O:14,1,1,1,1,1,0,0,20250831,20251223
GNE:GOAO021:21:021MF250831:O:15,1,1,1,1,1,0,0,20250831,20251223
GNE:GOAO021:21:021MF250831:O:16,1,1,1,1,1,0,0,20250831,20251223
GNE:GOAO021:21:021MF250831:O:17,1,1,1,1,1,0,0,20250831,20251223
GNE:GOAO021:21:021MF250831:O:18,1,1,1,1,1,0,0,20250831,20251223
GNE:GOAO021:21:021MF250831:O:19,1,1,1,1,1,0,0,20250831,20251223
GNE:GOAO021:21:021MF250831:O:20,1,1,1,1,1,0,0,20250831,20251223
GNE:GOAO021:21:021MF250831:O:21,1,1,1,1,1,0,0,20250831,20251223
GNE:GOAO021:21:021MF250831:O:22,1,1,1,1,1,0,0,20250831,20251223
GNE:GOAO021:21:021MF250831:O:23,1,1,1,1,1,0,0,20250831,20251223
GNE:GOAO021:21:021MF250831:O:24,1,1,1,1,1,0,0,20250831,20251223
GNE:GOAO021:21:021MF250831:O:25,1,1,1,1,1,0,0,20250831,20251223
GNE:GOAO021:21:021MF250831:O:26,1,1,1,1,1,0,0,20250831,20251223
GNE:GOAO021:21:021MF250831:O:27,1,1,1,1,1,0,0,20250831,20251223
GNE:GOAO021:21:021MF250831:O:28,1,1,1,1,1,0,0,20250831,20251223
GNE:GOAO021:21:021MF250831:O:29,1,1,1,1,1,0,0,20250831,20251223
GNE:GOAO021:21:021MF250831:O:30,1,1,1,1,1,0,0,20250831,20251223
GNE:GOAO021:21:021MF250831:O:31,1,1,1,1,1,0,0,20250831,20251223
GNE:GOAO021:21:021MF250831:O:32,1,1,1,1,1,0,0,20250831,20251223
GNE:GOAO021:21:021MF250831:O:33,1,1,1,1,1,0,0,20250831,20251223
GNE:GOAO021:21:021MF250831:O:34,1,1,1,1,1,0,0,20250831,20251223
GNE:GOAO021:21:021MF250831:O:35,1,1,1,1,1,0,0,20250831,20251223
GNE:GOAO021:21:021MF250831:O:36,1,1,1,1,1,0,0,20250831,20251223
GNE:GOAO021:21:021MF250831:O:37,1,1,1,1,1,0,0,20250831,20251223
GNE:GOAO021:21:021MF250831:O:38,1,1,1,1,1,0,0,20250831,20251223
GNE:GOAO021:21:021MF250831:O:39,1,1,1,1,1,0,0,20250831,20251223
GNE:GOAO021:21:021MF250831:O:40,1,1,1,1,1,0,0,20250831,20251223
GNE:GOAO021:21:021MF250831:O:41,1,1,1,1,1,0,0,20250831,20251223
GNE:GOAO021:21:021MF250831:O:42,1,1,1,1,1,0,0,20250831,20251223
GNE:GOAO021:21:021MF250831:O:43,1,1,1,1,1,0,0,20250831,20251223
GNE:GOAO021:21:021MF250831:O:44,1,1,1,1,1,0,0,20250831,20251223
GNE:GOAO021:21:021MF250831:O:45,1,1,1,1,1,0,0,20250831,20251223
GNE:GOAO021:21:021MF250831:O:46,1,1,1,1,1,0,0,20250831,20251223
GNE:GOAO021:21:021MF250831:O:47,1,1,1,1,1,0,0,20250831,20251223
GNE:GOAO021:21:021MF250831:O:48,1,1,1,1,1,0,0,20250831,20251223
GNE:GOAO021:21:021MF250831:O:49,1,1,1,1,1,0,0,20250831,20251223
GNE:GOAO021:21:021MF250831:O:50,1,1,1,1,1,0,0,20250831,20251223
GNE:GOAO021:21:021MF250831:O:51,1,1,1,1,1,0,0,20250831,20251223
GNE:GOAO021:21:021MF250831:O:52,1,1,1,1,1,0,0,20250831,20251223
GNE:GOAO021:21:021MF250831:O:53,1,1,1,1,1,0,0,20250831,20251223
GNE:GOAO021:21:021MF250831:O:54,1,1,1,1,1,0,0,20250831,20251223
GNE:GOAO021:21:021MF250831:O:55,1,1,1,1,1,0,0,20250831,20251223
GNE:GOAO021:21:021MF250831:O:56,1,1,1,1,1,0,0,20250831,20251223
GNE:GOAO021:21:021MF250831:O:57,1,1,1,1,1,0,0,20250831,20251223
GNE:GOAO021:21:021MF250831:O:58,1,1,1,1,1,0,0,20250831,20251223
GNE:GOAO021:21:021MF250831:O:59,1,1,1,1,1,0,0,20250831,20251223
GNE:GOAO021:21:021MF250831:O:60,1,1,1,1,1,0,0,20250831,20251223
GNE:GOAO021:21:021MF250831:O:61,1,1,1,1,1,0,0,20250831,20251223
GNE:GOAO021:21:021MF250831:O:62,1,1,1,1,1,0,0,20250831,20251223
GNE:GOAO021:21:021MF250831:O:63,1,1,1,1,1,0,0,20250831,20251223
GNE:GOAO021:21:021MF250831:O:64,1,1,1,1,1,0,0,20250831,20251223
GNE:GOAO021:21:021MF250831:O:65,1,1,1,1,1,0,0,20250831,20251223
GNE:GOAO021:21:021MF250831:O:66,1,1,1,1,1,0,0,20250831,20251223
GNE:GOAO021:21:021MF250831:O:67,1,1,1,1,1,0,0,20250831,20251223
GNE:GOAO021:21:021MF250831:O:68,1,1,1,1,1,0,0,20250831,20251223
GNE:GOAO021:21:021MF250831:O:69,1,1,1,1,1,0,0,20250831,20251223
GNE:GOAO021:21:021MF250831:O:70,1,1,1,1,1,0,0,20250831,20251223
GNE:GOAO021:21:021MF250831:O:71,1,1,1,1,1,0,0,20250831,20251223
GNE:GOAO021:21:021MF250831:O:72,1,1,1,1,1,0,0,20250831,20251223
GNE:GOAO021:21:021MF250831:O:73,1,1,1,1,1,0,0,20250831,20251223
GNE:GOAO021:21:021MF250831:O:74,1,1,1,1,1,0,0,20250831,20251223
GNE:GOAO021:21:021MF250831:O:75,1,1,1,1,1,0,0,20250831,20251223
GNE:GOAO021:21:021MF250831:O:76,0,0,0,0,0,0,0,20250831,20251223
GNE:GOAO021:21:021MF250831:O:77,1,1,1,1,1,0,0,20250831,20251223
GNE:GOAO021:21:021MF250831:O:78,0,0,0,0,0,0,0,20250831,20251223
GNE:GOAO021:21:021MF250831:O:79,1,1,1,1,1,0,0,20250831,20251223
GNE:GOAO021:21:021MF250831:O:80,0,0,0,0,0,0,0,20250831,20251223
GNE:GOAO021:21:021MF250831:O:81,1,1,1,1,1,0,0,20250831,20251223
GNE:GOAO021:21:021MF250831:O:82,1,1,1,1,1,0,0,20250831,20251223
GNE:GOAO021:21:021MF250831:O:83,1,1,1,1,1,0,0,20250831,20251223
GNE:GOAO021:21:021MF250831:O:84,1,1,1,1,1,0,0,20250831,20251223
GNE:GOAO021:21:021MF250831:O:85,1,1,1,1,1,0,0,20250831,20251223
GNE:GOAO021:21:021MF250831:O:86,1,1,1,1,1,0,0,20250831,20251223
GNE:GOAO021:21:021MF250831:O:87,1,1,1,1,1,0,0,20250831,20251223
GNE:GOAO021:21:021MF250831:O:88,1,1,1,1,1,0,0,20250831,20251223
GNE:GOAO021:21:021MF250831:O:89,1,1,1,1,1,0,0,20250831,20251223
GNE:GOAO021:21:021MF250831:O:90,1,1,1,1,1,0,0,20250831,20251223
GNE:GOAO021:21:021MF250831:O:91,1,1,1,1,1,0,0,20250831,20251223
GNE:GOAO021:21:021MF250831:O:92,1,1,1,1,1,0,0,20250831,20251223
GNE:GOAO021:21:021MF250831:O:93,1,1,1,1,1,0,0,20250831,20251223
GNE:GOAO021:21:021MF250831:O:94,1,1,1,1,1,0,0,20250831,20251223
GNE:GOAO021:21:021MF250831:O:95,1,1,1,1,1,0,0,20250831,20251223
GNE:GOAO021:21:021MF250831:O:96,1,1,1,1,1,0,0,20250831,20251223
GNE:GOAO021:21:021MF250831:O:97,1,1,1,1,1,0,0,20250831,20251223
GNE:GOAO021:21:021MF250831:O:98,1,1,1,1,1,0,0,20250831,20251223
GNE:GOAO021:21:021MF250831:O:99,1,1,1,1,1,0,0,20250831,20251223
GNE:GOAO021:21:021MF250831:O:100,1,1,1,1,1,0,0,20250831,20251223
GNE:GOAO021:21:021MF250831:O:101,1,1,1,1,1,0,0,20250831,20251223
GNE:GOAO021:21:021MF250831:O:102,1,1,1,1,1,0,0,20250831,20251223
GNE:GOAO021:21:021MF250831:O:103,1,1,1,1,1,0,0,20250831,20251223
GNE:GOAO021:21:021MF250831:O:104,1,1,1,1,1,0,0,20250831,20251223
GNE:GOAO021:21:021MF250831:O:105,1,1,1,1,1,0,0,20250831,20251223
GNE:GOAO021:21:021MF250831:O:106,1,1,1,1,1,0,0,20250831,20251223
GNE:GOAO021:21:021MF250831:O:107,1,1,1,1,1,0,0,20250831,20251223
GNE:GOAO021:21:021MF250831:O:108,1,1,1,1,1,0,0,20250831,20251223
GNE:GOAO021:21:021MF250831:O:109,1,1,1,1,1,0,0,20250831,20251223
GNE:GOAO021:21:021MF250831:O:110,1,1,1,1,1,0,0,20250831,20251223
GNE:GOAO021:21:021MF250831:O:111,1,1,1,1,1,0,0,20250831,20251223
GNE:GOAO021:21:021MF250831:O:112,1,1,1,1,1,0,0,20250831,20251223
GNE:GOAO021:21:021MF250831:O:113,1,1,1,1,1,0,0,20250831,20251223
GNE:GOAO021:21:021MF250831:O:114,1,1,1,1,1,0,0,20250831,20251223
GNE:GOAO021:21:021MF250831:O:115,1,1,1,1,0,0,0,20250831,20251223
GNE:GOAO021:21:021MF250831:O:116,0,0,0,0,1,0,0,20250831,20251223
GNE:GOAO021:21:021MF250831:O:117,1,1,1,1,1,0,0,20250831,20251223
GNE:GOAO021:21:021MF250831:O:118,1,1,1,1,1,0,0,20250831,20251223
GNE:GOAO021:21:021MF250831:O:119,1,1,1,1,0,0,0,20250831,20251223
GNE:GOAO021:21:021MF250831:O:120,0,0,0,0,1,0,0,20250831,20251223
GNE:GOAO021:21:021MF250831:O:121,1,1,1,1,1,0,0,20250831,20251223
GNE:GOAO021:21:021MF250831:O:122,1,1,1,1,1,0,0,20250831,20251223
GNE:GOAO021:21:021MF250831:I:1,1,1,1,1,1,0,0,20250831,20251223
GNE:GOAO021:21:021MF250831:I:2,1,1,1,1,1,0,0,20250831,20251223
GNE:GOAO021:21:021MF250831:I:3,1,1,1,1,1,0,0,20250831,20251223
GNE:GOAO021:21:021MF250831:I:4,1,1,1,1,1,0,0,20250831,20251223
GNE:GOAO021:21:021MF250831:I:5,1,1,1,1,1,0,0,20250831,20251223
GNE:GOAO021:21:021MF250831:I:6,1,1,1,1,1,0,0,20250831,20251223
GNE:GOAO021:21:021MF250831:I:7,1,1,1,1,1,0,0,20250831,20251223
GNE:GOAO021:21:021MF250831:I:8,1,1,1,1,1,0,0,20250831,20251223
GNE:GOAO021:21:021MF250831:I:9,1,1,1,1,1,0,0,20250831,20251223
GNE:GOAO021:21:021MF250831:I:10,1,1,1,1,1,0,0,20250831,20251223
GNE:GOAO021:21:021MF250831:I:11,1,1,1,1,1,0,0,20250831,20251223
GNE:GOAO021:21:021MF250831:I:12,1,1,1,1,1,0,0,20250831,20251223
GNE:GOAO021:21:021MF250831:I:13,1,1,1,1,1,0,0,20250831,20251223
GNE:GOAO021:21:021MF250831:I:14,1,1,1,1,1,0,0,20250831,20251223
GNE:GOAO021:21:021MF250831:I:15,1,1,1,1,1,0,0,20250831,20251223
GNE:GOAO021:21:021MF250831:I:16,1,1,1,1,1,0,0,20250831,20251223
GNE:GOAO021:21:021MF250831:I:17,1,1,1,1,1,0,0,20250831,20251223
GNE:GOAO021:21:021MF250831:I:18,1,1,1,1,1,0,0,20250831,20251223
GNE:GOAO021:21:021MF250831:I:19,1,1,1,1,1,0,0,20250831,20251223
GNE:GOAO021:21:021MF250831:I:20,1,1,1,1,1,0,0,20250831,20251223
GNE:GOAO021:21:021MF250831:I:21,1,1,1,1,1,0,0,20250831,20251223
GNE:GOAO021:21:021MF250831:I:22,1,1,1,1,1,0,0,20250831,20251223
GNE:GOAO021:21:021MF250831:I:23,1,1,1,1,1,0,0,20250831,20251223
GNE:GOAO021:21:021MF250831:I:24,1,1,1,1,1,0,0,20250831,20251223
GNE:GOAO021:21:021MF250831:I:25,1,1,1,1,1,0,0,20250831,20251223
GNE:GOAO021:21:021MF250831:I:26,1,1,1,1,1,0,0,20250831,20251223
GNE:GOAO021:21:021MF250831:I:27,1,1,1,1,1,0,0,20250831,20251223
GNE:GOAO021:21:021MF250831:I:28,1,1,1,1,1,0,0,20250831,20251223
GNE:GOAO021:21:021MF250831:I:29,1,1,1,1,1,0,0,20250831,20251223
GNE:GOAO021:21:021MF250831:I:30,1,1,1,1,1,0,0,20250831,20251223
GNE:GOAO021:21:021MF250831:I:31,1,1,1,1,1,0,0,20250831,20251223
GNE:GOAO021:21:021MF250831:I:32,1,1,1,1,1,0,0,20250831,20251223
GNE:GOAO021:21:021MF250831:I:33,1,1,1,1,1,0,0,20250831,20251223
GNE:GOAO021:21:021MF250831:I:34,1,1,1,1,1,0,0,20250831,20251223
GNE:GOAO021:21:021MF250831:I:35,1,1,1,1,1,0,0,20250831,20251223
GNE:GOAO021:21:021MF250831:I:36,1,1,1,1,1,0,0,20250831,20251223
GNE:GOAO021:21:021MF250831:I:37,1,1,1,1,1,0,0,20250831,20251223
GNE:GOAO021:21:021MF250831:I:38,1,1,1,1,1,0,0,20250831,20251223
GNE:GOAO021:21:021MF250831:I:39,1,1,1,1,1,0,0,20250831,20251223
GNE:GOAO021:21:021MF250831:I:40,1,1,1,1,1,0,0,20250831,20251223
GNE:GOAO021:21:021MF250831:I:41,1,1,1,1,1,0,0,20250831,20251223
GNE:GOAO021:21:021MF250831:I:42,1,1,1,1,1,0,0,20250831,20251223
GNE:GOAO021:21:021MF250831:I:43,1,1,1,1,1,0,0,20250831,20251223
GNE:GOAO021:21:021MF250831:I:44,1,1,1,1,1,0,0,20250831,20251223
GNE:GOAO021:21:021MF250831:I:45,1,1,1,1,1,0,0,20250831,20251223
GNE:GOAO021:21:021MF250831:I:46,1,1,1,1,1,0,0,20250831,20251223
GNE:GOAO021:21:021MF250831:I:47,1,1,1,1,1,0,0,20250831,20251223
GNE:GOAO021:21:021MF250831:I:48,1,1,1,1,1,0,0,20250831,20251223
GNE:GOAO021:21:021MF250831:I:49,1,1,1,1,1,0,0,20250831,20251223
GNE:GOAO021:21:021MF250831:I:50,1,1,1,1,1,0,0,20250831,20251223
GNE:GOAO021:21:021MF250831:I:51,1,1,1,1,1,0,0,20250831,20251223
GNE:GOAO021:21:021MF250831:I:52,1,1,1,1,1,0,0,20250831,20251223
GNE:GOAO021:21:021MF250831:I:53,1,1,1,1,1,0,0,20250831,20251223
GNE:GOAO021:21:021MF250831:I:54,1,1,1,1,1,0,0,20250831,20251223
GNE:GOAO021:21:021MF250831:I:55,1,1,1,1,1,0,0,20250831,20251223
GNE:GOAO021:21:021MF250831:I:56,1,1,1,1,1,0,0,20250831,20251223
GNE:GOAO021:21:021MF250831:I:57,1,1,1,1,1,0,0,20250831,20251223
GNE:GOAO021:21:021MF250831:I:58,1,1,1,1,1,0,0,20250831,20251223
GNE:GOAO021:21:021MF250831:I:59,1,1,1,1,1,0,0,20250831,20251223
GNE:GOAO021:21:021MF250831:I:60,1,1,1,1,1,0,0,20250831,20251223
GNE:GOAO021:21:021MF250831:I:61,1,1,1,1,1,0,0,20250831,20251223
GNE:GOAO021:21:021MF250831:I:62,1,1,1,1,1,0,0,20250831,20251223
GNE:GOAO021:21:021MF250831:I:63,1,1,1,1,1,0,0,20250831,20251223
GNE:GOAO021:21:021MF250831:I:64,1,1,1,1,1,0,0,20250831,20251223
GNE:GOAO021:21:021MF250831:I:65,1,1,1,1,1,0,0,20250831,20251223
GNE:GOAO021:21:021MF250831:I:66,1,1,1,1,1,0,0,20250831,20251223
GNE:GOAO021:21:021MF250831:I:67,1,1,1,1,1,0,0,20250831,20251223
GNE:GOAO021:21:021MF250831:I:68,1,1,1,1,1,0,0,20250831,20251223
GNE:GOAO021:21:021MF250831:I:69,1,1,1,1,1,0,0,20250831,20251223
GNE:GOAO021:21:021MF250831:I:70,1,1,1,1,1,0,0,20250831,20251223
GNE:GOAO021:21:021MF250831:I:71,1,1,1,1,1,0,0,20250831,20251223
GNE:GOAO021:21:021MF250831:I:72,1,1,1,1,1,0,0,20250831,20251223
GNE:GOAO021:21:021MF250831:I:73,0,0,0,0,0,0,0,20250831,20251223
GNE:GOAO021:21:021MF250831:I:74,1,1,1,1,1,0,0,20250831,20251223
GNE:GOAO021:21:021MF250831:I:75,0,0,0,0,0,0,0,20250831,20251223
GNE:GOAO021:21:021MF250831:I:76,1,1,1,1,1,0,0,20250831,20251223
GNE:GOAO021:21:021MF250831:I:77,1,1,1,1,1,0,0,20250831,20251223
GNE:GOAO021:21:021MF250831:I:78,1,1,1,1,1,0,0,20250831,20251223
GNE:GOAO021:21:021MF250831:I:79,1,1,1,1,1,0,0,20250831,20251223
GNE:GOAO021:21:021MF250831:I:80,1,1,1,1,1,0,0,20250831,20251223
GNE:GOAO021:21:021MF250831:I:81,1,1,1,1,1,0,0,20250831,20251223
GNE:GOAO021:21:021MF250831:I:82,1,1,1,1,1,0,0,20250831,20251223
GNE:GOAO021:21:021MF250831:I:83,1,1,1,1,1,0,0,20250831,20251223
GNE:GOAO021:21:021MF250831:I:84,1,1,1,1,1,0,0,20250831,20251223
GNE:GOAO021:21:021MF250831:I:85,1,1,1,1,1,0,0,20250831,20251223
GNE:GOAO021:21:021MF250831:I:86,1,1,1,1,1,0,0,20250831,20251223
GNE:GOAO021:21:021MF250831:I:87,1,1,1,1,1,0,0,20250831,20251223
GNE:GOAO021:21:021MF250831:I:88,1,1,1,1,1,0,0,20250831,20251223
GNE:GOAO021:21:021MF250831:I:89,1,1,1,1,1,0,0,20250831,20251223
GNE:GOAO021:21:021MF250831:I:90,1,1,1,1,1,0,0,20250831,20251223
GNE:GOAO021:21:021MF250831:I:91,1,1,1,1,1,0,0,20250831,20251223
GNE:GOAO021:21:021MF250831:I:92,1,1,1,1,1,0,0,20250831,20251223
GNE:GOAO021:21:021MF250831:I:93,1,1,1,1,1,0,0,20250831,20251223
GNE:GOAO021:21:021MF250831:I:94,1,1,1,1,1,0,0,20250831,20251223
GNE:GOAO021:21:021MF250831:I:95,1,1,1,1,1,0,0,20250831,20251223
GNE:GOAO021:21:021MF250831:I:96,1,1,1,1,1,0,0,20250831,20251223
GNE:GOAO021:21:021MF250831:I:97,1,1,1,1,1,0,0,20250831,20251223
GNE:GOAO021:21:021MF250831:I:98,1,1,1,1,1,0,0,20250831,20251223
GNE:GOAO021:21:021MF250831:I:99,1,1,1,1,1,0,0,20250831,20251223
GNE:GOAO021:21:021MF250831:I:100,1,1,1,1,1,0,0,20250831,20251223
GNE:GOAO021:21:021MF250831:I:101,1,1,1,1,1,0,0,20250831,20251223
GNE:GOAO021:21:021MF250831:I:102,1,1,1,1,1,0,0,20250831,20251223
GNE:GOAO021:21:021MF250831:I:103,1,1,1,1,1,0,0,20250831,20251223
GNE:GOAO021:21:021MF250831:I:104,1,1,1,1,1,0,0,20250831,20251223
GNE:GOAO021:21:021MF250831:I:105,1,1,1,1,1,0,0,20250831,20251223
GNE:GOAO021:21:021MF250831:I:106,1,1,1,1,1,0,0,20250831,20251223
GNE:GOAO021:21:021MF250831:I:107,1,1,1,1,1,0,0,20250831,20251223
GNE:GOAO021:21:021MF250831:I:108,1,1,1,1,1,0,0,20250831,20251223
GNE:GOAO021:21:021MF250831:I:109,1,1,1,1,1,0,0,20250831,20251223
GNE:GOAO021:21:021MF250831:I:110,1,1,1,1,1,0,0,20250831,20251223
GNE:GOAO021:21:021MF250831:I:111,1,1,1,1,1,0,0,20250831,20251223
GNE:GOAO021:21:021MF250831:I:112,1,1,1,1,0,0,0,20250831,20251223
GNE:GOAO021:21:021MF250831:I:113,0,0,0,0,1,0,0,20250831,20251223
GNE:GOAO021:21:021MF250831:I:114,1,1,1,1,1,0,0,20250831,20251223
GNE:GOAO021:21:021MF250831:I:115,1,1,1,1,1,0,0,20250831,20251223
GNE:GOAO021:21:021MF250831:I:116,1,1,1,1,1,0,0,20250831,20251223
GNE:GOAO021:21:021MF250831:I:117,1,1,1,1,1,0,0,20250831,20251223
GNE:GOAO021:21:021MF250831:I:118,1,1,1,1,1,0,0,20250831,20251223
GNE:GOAO021:21:021MF250831:I:119,1,1,1,1,1,0,0,20250831,20251223
GNE:GOAO021:21:021SA250831:O:1,0,0,0,0,0,1,0,20250831,20251223
GNE:GOAO021:21:021SA250831:O:2,0,0,0,0,0,1,0,20250831,20251223
GNE:GOAO021:21:021SA250831:O:3,0,0,0,0,0,1,0,20250831,20251223
GNE:GOAO021:21:021SA250831:O:4,0,0,0,0,0,1,0,20250831,20251223
GNE:GOAO021:21:021SA250831:O:5,0,0,0,0,0,1,0,20250831,20251223
GNE:GOAO021:21:021SA250831:O:6,0,0,0,0,0,1,0,20250831,20251223
GNE:GOAO021:21:021SA250831:O:7,0,0,0,0,0,1,0,20250831,20251223
GNE:GOAO021:21:021SA250831:O:8,0,0,0,0,0,1,0,20250831,20251223
GNE:GOAO021:21:021SA250831:O:9,0,0,0,0,0,1,0,20250831,20251223
GNE:GOAO021:21:021SA250831:O:10,0,0,0,0,0,1,0,20250831,20251223
GNE:GOAO021:21:021SA250831:O:11,0,0,0,0,0,1,0,20250831,20251223
GNE:GOAO021:21:021SA250831:O:12,0,0,0,0,0,1,0,20250831,20251223
GNE:GOAO021:21:021SA250831:O:13,0,0,0,0,0,1,0,20250831,20251223
GNE:GOAO021:21:021SA250831:O:14,0,0,0,0,0,1,0,20250831,20251223
GNE:GOAO021:21:021SA250831:O:15,0,0,0,0,0,1,0,20250831,20251223
GNE:GOAO021:21:021SA250831:O:16,0,0,0,0,0,1,0,20250831,20251223
GNE:GOAO021:21:021SA250831:O:17,0,0,0,0,0,1,0,20250831,20251223
GNE:GOAO021:21:021SA250831:O:18,0,0,0,0,0,1,0,20250831,20251223
GNE:GOAO021:21:021SA250831:O:19,0,0,0,0,0,1,0,20250831,20251223
GNE:GOAO021:21:021SA250831:O:20,0,0,0,0,0,1,0,20250831,20251223
GNE:GOAO021:21:021SA250831:O:21,0,0,0,0,0,1,0,20250831,20251223
GNE:GOAO021:21:021SA250831:O:22,0,0,0,0,0,1,0,20250831,20251223
GNE:GOAO021:21:021SA250831:O:23,0,0,0,0,0,1,0,20250831,20251223
GNE:GOAO021:21:021SA250831:O:24,0,0,0,0,0,1,0,20250831,20251223
GNE:GOAO021:21:021SA250831:O:25,0,0,0,0,0,1,0,20250831,20251223
GNE:GOAO021:21:021SA250831:O:26,0,0,0,0,0,1,0,20250831,20251223
GNE:GOAO021:21:021SA250831:O:27,0,0,0,0,0,1,0,20250831,20251223
GNE:GOAO021:21:021SA250831:O:28,0,0,0,0,0,1,0,20250831,20251223
GNE:GOAO021:21:021SA250831:O:29,0,0,0,0,0,1,0,20250831,20251223
GNE:GOAO021:21:021SA250831:O:30,0,0,0,0,0,1,0,20250831,20251223
GNE:GOAO021:21:021SA250831:O:31,0,0,0,0,0,1,0,20250831,20251223
GNE:GOAO021:21:021SA250831:O:32,0,0,0,0,0,1,0,20250831,20251223
GNE:GOAO021:21:021SA250831:O:33,0,0,0,0,0,1,0,20250831,20251223
GNE:GOAO021:21:021SA250831:O:34,0,0,0,0,0,1,0,20250831,20251223
GNE:GOAO021:21:021SA250831:O:35,0,0,0,0,0,1,0,20250831,20251223
GNE:GOAO021:21:021SA250831:O:36,0,0,0,0,0,1,0,20250831,20251223
GNE:GOAO021:21:021SA250831:O:37,0,0,0,0,0,1,0,20250831,20251223
GNE:GOAO021:21:021SA250831:O:38,0,0,0,0,0,1,0,20250831,20251223
GNE:GOAO021:21:021SA250831:O:39,0,0,0,0,0,1,0,20250831,20251223
GNE:GOAO021:21:021SA250831:O:40,0,0,0,0,0,1,0,20250831,20251223
GNE:GOAO021:21:021SA250831:O:41,0,0,0,0,0,1,0,20250831,20251223
GNE:GOAO021:21:021SA250831:O:42,0,0,0,0,0,1,0,20250831,20251223
GNE:GOAO021:21:021SA250831:O:43,0,0,0,0,0,1,0,20250831,20251223
GNE:GOAO021:21:021SA250831:O:44,0,0,0,0,0,1,0,20250831,20251223
GNE:GOAO021:21:021SA250831:O:45,0,0,0,0,0,1,0,20250831,20251223
GNE:GOAO021:21:021SA250831:O:46,0,0,0,0,0,1,0,20250831,20251223
GNE:GOAO021:21:021SA250831:O:47,0,0,0,0,0,1,0,20250831,20251223
GNE:GOAO021:21:021SA250831:O:48,0,0,0,0,0,1,0,20250831,20251223
GNE:GOAO021:21:021SA250831:O:49,0,0,0,0,0,1,0,20250831,20251223
GNE:GOAO021:21:021SA250831:O:50,0,0,0,0,0,1,0,20250831,20251223
GNE:GOAO021:21:021SA250831:O:51,0,0,0,0,0,1,0,20250831,20251223
GNE:GOAO021:21:021SA250831:O:52,0,0,0,0,0,1,0,20250831,20251223
GNE:GOAO021:21:021SA250831:O:53,0,0,0,0,0,1,0,20250831,20251223
GNE:GOAO021:21:021SA250831:O:54,0,0,0,0,0,1,0,20250831,20251223
GNE:GOAO021:21:021SA250831:O:55,0,0,0,0,0,1,0,20250831,20251223
GNE:GOAO021:21:021SA250831:O:56,0,0,0,0,0,1,0,20250831,20251223
GNE:GOAO021:21:021SA250831:O:57,0,0,0,0,0,1,0,20250831,20251223
GNE:GOAO021:21:021SA250831:O:58,0,0,0,0,0,1,0,20250831,20251223
GNE:GOAO021:21:021SA250831:O:59,0,0,0,0,0,1,0,20250831,20251223
GNE:GOAO021:21:021SA250831:O:60,0,0,0,0,0,1,0,20250831,20251223
GNE:GOAO021:21:021SA250831:O:61,0,0,0,0,0,1,0,20250831,20251223
GNE:GOAO021:21:021SA250831:O:62,0,0,0,0,0,1,0,20250831,20251223
GNE:GOAO021:21:021SA250831:O:63,0,0,0,0,0,1,0,20250831,20251223
GNE:GOAO021:21:021SA250831:O:64,0,0,0,0,0,1,0,20250831,20251223
GNE:GOAO021:21:021SA250831:O:65,0,0,0,0,0,1,0,20250831,20251223
GNE:GOAO021:21:021SA250831:O:66,0,0,0,0,0,1,0,20250831,20251223
GNE:GOAO021:21:021SA250831:O:67,0,0,0,0,0,1,0,20250831,20251223
GNE:GOAO021:21:021SA250831:O:68,0,0,0,0,0,1,0,20250831,20251223
GNE:GOAO021:21:021SA250831:O:69,0,0,0,0,0,1,0,20250831,20251223
GNE:GOAO021:21:021SA250831:O:70,0,0,0,0,0,1,0,20250831,20251223
GNE:GOAO021:21:021SA250831:O:71,0,0,0,0,0,1,0,20250831,20251223
GNE:GOAO021:21:021SA250831:O:72,0,0,0,0,0,1,0,20250831,20251223
GNE:GOAO021:21:021SA250831:O:73,0,0,0,0,0,1,0,20250831,20251223
GNE:GOAO021:21:021SA250831:O:74,0,0,0,0,0,1,0,20250831,20251223
GNE:GOAO021:21:021SA250831:O:75,0,0,0,0,0,1,0,20250831,20251223
GNE:GOAO021:21:021SA250831:O:76,0,0,0,0,0,1,0,20250831,20251223
GNE:GOAO021:21:021SA250831:O:77,0,0,0,0,0,1,0,20250831,20251223
GNE:GOAO021:21:021SA250831:O:78,0,0,0,0,0,1,0,20250831,20251223
GNE:GOAO021:21:021SA250831:O:79,0,0,0,0,0,1,0,20250831,20251223
GNE:GOAO021:21:021SA250831:O:80,0,0,0,0,0,1,0,20250831,20251223
GNE:GOAO021:21:021SA250831:O:81,0,0,0,0,0,1,0,20250831,20251223
GNE:GOAO021:21:021SA250831:O:82,0,0,0,0,0,1,0,20250831,20251223
GNE:GOAO021:21:021SA250831:O:83,0,0,0,0,0,1,0,20250831,20251223
GNE:GOAO021:21:021SA250831:O:84,0,0,0,0,0,1,0,20250831,20251223
GNE:GOAO021:21:021SA250831:O:85,0,0,0,0,0,1,0,20250831,20251223
GNE:GOAO021:21:021SA250831:O:86,0,0,0,0,0,1,0,20250831,20251223
GNE:GOAO021:21:021SA250831:O:87,0,0,0,0,0,1,0,20250831,20251223
GNE:GOAO021:21:021SA250831:O:88,0,0,0,0,0,1,0,20250831,20251223
GNE:GOAO021:21:021SA250831:O:89,0,0,0,0,0,1,0,20250831,20251223
GNE:GOAO021:21:021SA250831:O:90,0,0,0,0,0,1,0,20250831,20251223
GNE:GOAO021:21:021SA250831:O:91,0,0,0,0,0,1,0,20250831,20251223
GNE:GOAO021:21:021SA250831:O:92,0,0,0,0,0,1,0,20250831,20251223
GNE:GOAO021:21:021SA250831:O:93,0,0,0,0,0,1,0,20250831,20251223
GNE:GOAO021:21:021SA250831:O:94,0,0,0,0,0,1,0,20250831,20251223
GNE:GOAO021:21:021SA250831:O:95,0,0,0,0,0,1,0,20250831,20251223
GNE:GOAO021:21:021SA250831:O:96,0,0,0,0,0,1,0,20250831,20251223
GNE:GOAO021:21:021SA250831:O:97,0,0,0,0,0,1,0,20250831,20251223
GNE:GOAO021:21:021SA250831:O:98,0,0,0,0,0,1,0,20250831,20251223
GNE:GOAO021:21:021SA250831:O:99,0,0,0,0,0,1,0,20250831,20251223
GNE:GOAO021:21:021SA250831:O:100,0,0,0,0,0,1,0,20250831,20251223
GNE:GOAO021:21:021SA250831:O:101,0,0,0,0,0,1,0,20250831,20251223
GNE:GOAO021:21:021SA250831:O:102,0,0,0,0,0,1,0,20250831,20251223
GNE:GOAO021:21:021SA250831:O:103,0,0,0,0,0,1,0,20250831,20251223
GNE:GOAO021:21:021SA250831:O:104,0,0,0,0,0,1,0,20250831,20251223
GNE:GOAO021:21:021SA250831:I:1,0,0,0,0,0,1,0,20250831,20251223
GNE:GOAO021:21:021SA250831:I:2,0,0,0,0,0,1,0,20250831,20251223
GNE:GOAO021:21:021SA250831:I:3,0,0,0,0,0,1,0,20250831,20251223
GNE:GOAO021:21:021SA250831:I:4,0,0,0,0,0,1,0,20250831,20251223
GNE:GOAO021:21:021SA250831:I:5,0,0,0,0,0,1,0,20250831,20251223
GNE:GOAO021:21:021SA250831:I:6,0,0,0,0,0,1,0,20250831,20251223
GNE:GOAO021:21:021SA250831:I:7,0,0,0,0,0,1,0,20250831,20251223
GNE:GOAO021:21:021SA250831:I:8,0,0,0,0,0,1,0,20250831,20251223
GNE:GOAO021:21:021SA250831:I:9,0,0,0,0,0,1,0,20250831,20251223
GNE:GOAO021:21:021SA250831:I:10,0,0,0,0,0,1,0,20250831,20251223
GNE:GOAO021:21:021SA250831:I:11,0,0,0,0,0,1,0,20250831,20251223
GNE:GOAO021:21:021SA250831:I:12,0,0,0,0,0,1,0,20250831,20251223
GNE:GOAO021:21:021SA250831:I:13,0,0,0,0,0,1,0,20250831,20251223
GNE:GOAO021:21:021SA250831:I:14,0,0,0,0,0,1,0,20250831,20251223
GNE:GOAO021:21:021SA250831:I:15,0,0,0,0,0,1,0,20250831,20251223
GNE:GOAO021:21:021SA250831:I:16,0,0,0,0,0,1,0,20250831,20251223
GNE:GOAO021:21:021SA250831:I:17,0,0,0,0,0,1,0,20250831,20251223
GNE:GOAO021:21:021SA250831:I:18,0,0,0,0,0,1,0,20250831,20251223
GNE:GOAO021:21:021SA250831:I:19,0,0,0,0,0,1,0,20250831,20251223
GNE:GOAO021:21:021SA250831:I:20,0,0,0,0,0,1,0,20250831,20251223
GNE:GOAO021:21:021SA250831:I:21,0,0,0,0,0,1,0,20250831,20251223
GNE:GOAO021:21:021SA250831:I:22,0,0,0,0,0,1,0,20250831,20251223
GNE:GOAO021:21:021SA250831:I:23,0,0,0,0,0,1,0,20250831,20251223
GNE:GOAO021:21:021SA250831:I:24,0,0,0,0,0,1,0,20250831,20251223
GNE:GOAO021:21:021SA250831:I:25,0,0,0,0,0,1,0,20250831,20251223
GNE:GOAO021:21:021SA250831:I:26,0,0,0,0,0,1,0,20250831,20251223
GNE:GOAO021:21:021SA250831:I:27,0,0,0,0,0,1,0,20250831,20251223
GNE:GOAO021:21:021SA250831:I:28,0,0,0,0,0,1,0,20250831,20251223
GNE:GOAO021:21:021SA250831:I:29,0,0,0,0,0,1,0,20250831,20251223
GNE:GOAO021:21:021SA250831:I:30,0,0,0,0,0,1,0,20250831,20251223
GNE:GOAO021:21:021SA250831:I:31,0,0,0,0,0,1,0,20250831,20251223
GNE:GOAO021:21:021SA250831:I:32,0,0,0,0,0,1,0,20250831,20251223
GNE:GOAO021:21:021SA250831:I:33,0,0,0,0,0,1,0,20250831,20251223
GNE:GOAO021:21:021SA250831:I:34,0,0,0,0,0,1,0,20250831,20251223
GNE:GOAO021:21:021SA250831:I:35,0,0,0,0,0,1,0,20250831,20251223
GNE:GOAO021:21:021SA250831:I:36,0,0,0,0,0,1,0,20250831,20251223
GNE:GOAO021:21:021SA250831:I:37,0,0,0,0,0,1,0,20250831,20251223
GNE:GOAO021:21:021SA250831:I:38,0,0,0,0,0,1,0,20250831,20251223
GNE:GOAO021:21:021SA250831:I:39,0,0,0,0,0,1,0,20250831,20251223
GNE:GOAO021:21:021SA250831:I:40,0,0,0,0,0,1,0,20250831,20251223
GNE:GOAO021:21:021SA250831:I:41,0,0,0,0,0,1,0,20250831,20251223
GNE:GOAO021:21:021SA250831:I:42,0,0,0,0,0,1,0,20250831,20251223
GNE:GOAO021:21:021SA250831:I:43,0,0,0,0,0,1,0,20250831,20251223
GNE:GOAO021:21:021SA250831:I:44,0,0,0,0,0,1,0,20250831,20251223
GNE:GOAO021:21:021SA250831:I:45,0,0,0,0,0,1,0,20250831,20251223
GNE:GOAO021:21:021SA250831:I:46,0,0,0,0,0,1,0,20250831,20251223
GNE:GOAO021:21:021SA250831:I:47,0,0,0,0,0,1,0,20250831,20251223
GNE:GOAO021:21:021SA250831:I:48,0,0,0,0,0,1,0,20250831,20251223
GNE:GOAO021:21:021SA250831:I:49,0,0,0,0,0,1,0,20250831,20251223
GNE:GOAO021:21:021SA250831:I:50,0,0,0,0,0,1,0,20250831,20251223
GNE:GOAO021:21:021SA250831:I:51,0,0,0,0,0,1,0,20250831,20251223
GNE:GOAO021:21:021SA250831:I:52,0,0,0,0,0,1,0,20250831,20251223
GNE:GOAO021:21:021SA250831:I:53,0,0,0,0,0,1,0,20250831,20251223
GNE:GOAO021:21:021SA250831:I:54,0,0,0,0,0,1,0,20250831,20251223
GNE:GOAO021:21:021SA250831:I:55,0,0,0,0,0,1,0,20250831,20251223
GNE:GOAO021:21:021SA250831:I:56,0,0,0,0,0,1,0,20250831,20251223
GNE:GOAO021:21:021SA250831:I:57,0,0,0,0,0,1,0,20250831,20251223
GNE:GOAO021:21:021SA250831:I:58,0,0,0,0,0,1,0,20250831,20251223
GNE:GOAO021:21:021SA250831:I:59,0,0,0,0,0,1,0,20250831,20251223
GNE:GOAO021:21:021SA250831:I:60,0,0,0,0,0,1,0,20250831,20251223
GNE:GOAO021:21:021SA250831:I:61,0,0,0,0,0,1,0,20250831,20251223
GNE:GOAO021:21:021SA250831:I:62,0,0,0,0,0,1,0,20250831,20251223
GNE:GOAO021:21:021SA250831:I:63,0,0,0,0,0,1,0,20250831,20251223
GNE:GOAO021:21:021SA250831:I:64,0,0,0,0,0,1,0,20250831,20251223
GNE:GOAO021:21:021SA250831:I:65,0,0,0,0,0,1,0,20250831,20251223
GNE:GOAO021:21:021SA250831:I:66,0,0,0,0,0,1,0,20250831,20251223
GNE:GOAO021:21:021SA250831:I:67,0,0,0,0,0,1,0,20250831,20251223
GNE:GOAO021:21:021SA250831:I:68,0,0,0,0,0,1,0,20250831,20251223
GNE:GOAO021:21:021SA250831:I:69,0,0,0,0,0,1,0,20250831,20251223
GNE:GOAO021:21:021SA250831:I:70,0,0,0,0,0,1,0,20250831,20251223
GNE:GOAO021:21:021SA250831:I:71,0,0,0,0,0,1,0,20250831,20251223
GNE:GOAO021:21:021SA250831:I:72,0,0,0,0,0,1,0,20250831,20251223
GNE:GOAO021:21:021SA250831:I:73,0,0,0,0,0,1,0,20250831,20251223
GNE:GOAO021:21:021SA250831:I:74,0,0,0,0,0,1,0,20250831,20251223
GNE:GOAO021:21:021SA250831:I:75,0,0,0,0,0,1,0,20250831,20251223
GNE:GOAO021:21:021SA250831:I:76,0,0,0,0,0,1,0,20250831,20251223
GNE:GOAO021:21:021SA250831:I:77,0,0,0,0,0,1,0,20250831,20251223
GNE:GOAO021:21:021SA250831:I:78,0,0,0,0,0,1,0,20250831,20251223
GNE:GOAO021:21:021SA250831:I:79,0,0,0,0,0,1,0,20250831,20251223
GNE:GOAO021:21:021SA250831:I:80,0,0,0,0,0,1,0,20250831,20251223
GNE:GOAO021:21:021SA250831:I:81,0,0,0,0,0,1,0,20250831,20251223
GNE:GOAO021:21:021SA250831:I:82,0,0,0,0,0,1,0,20250831,20251223
GNE:GOAO021:21:021SA250831:I:83,0,0,0,0,0,1,0,20250831,20251223
GNE:GOAO021:21:021SA250831:I:84,0,0,0,0,0,1,0,20250831,20251223
GNE:GOAO021:21:021SA250831:I:85,0,0,0,0,0,1,0,20250831,20251223
GNE:GOAO021:21:021SA250831:I:86,0,0,0,0,0,1,0,20250831,20251223
GNE:GOAO021:21:021SA250831:I:87,0,0,0,0,0,1,0,20250831,20251223
GNE:GOAO021:21:021SA250831:I:88,0,0,0,0,0,1,0,20250831,20251223
GNE:GOAO021:21:021SA250831:I:89,0,0,0,0,0,1,0,20250831,20251223
GNE:GOAO021:21:021SA250831:I:90,0,0,0,0,0,1,0,20250831,20251223
GNE:GOAO021:21:021SA250831:I:91,0,0,0,0,0,1,0,20250831,20251223
GNE:GOAO021:21:021SA250831:I:92,0,0,0,0,0,1,0,20250831,20251223
GNE:GOAO021:21:021SA250831:I:93,0,0,0,0,0,1,0,20250831,20251223
GNE:GOAO021:21:021SA250831:I:94,0,0,0,0,0,1,0,20250831,20251223
GNE:GOAO021:21:021SA250831:I:95,0,0,0,0,0,1,0,20250831,20251223
GNE:GOAO021:21:021SA250831:I:96,0,0,0,0,0,1,0,20250831,20251223
GNE:GOAO021:21:021SA250831:I:97,0,0,0,0,0,1,0,20250831,20251223
GNE:GOAO021:21:021SA250831:I:98,0,0,0,0,0,1,0,20250831,20251223
GNE:GOAO021:21:021SA250831:I:99,0,0,0,0,0,1,0,20250831,20251223
GNE:GOAO021:21:021SA250831:I:100,0,0,0,0,0,1,0,20250831,20251223
GNE:GOAO021:21:021SA250831:I:101,0,0,0,0,0,1,0,20250831,20251223
GNE:GOAO021:21:021SA250831:I:102,0,0,0,0,0,1,0,20250831,20251223
GNE:GOAO021:21:021SA250831:I:103,0,0,0,0,0,1,0,20250831,20251223
GNE:GOAO021:21:021SA250831:I:104,0,0,0,0,0,1,0,20250831,20251223
GNE:GOAO021:21:021SU250831:O:1,0,0,0,0,0,0,1,20250831,20251223
GNE:GOAO021:21:021SU250831:O:2,0,0,0,0,0,0,1,20250831,20251223
GNE:GOAO021:21:021SU250831:O:3,0,0,0,0,0,0,1,20250831,20251223
GNE:GOAO021:21:021SU250831:O:4,0,0,0,0,0,0,1,20250831,20251223
GNE:GOAO021:21:021SU250831:O:5,0,0,0,0,0,0,1,20250831,20251223
GNE:GOAO021:21:021SU250831:O:6,0,0,0,0,0,0,1,20250831,20251223
GNE:GOAO021:21:021SU250831:O:7,0,0,0,0,0,0,1,20250831,20251223
GNE:GOAO021:21:021SU250831:O:8,0,0,0,0,0,0,1,20250831,20251223
GNE:GOAO021:21:021SU250831:O:9,0,0,0,0,0,0,1,20250831,20251223
GNE:GOAO021:21:021SU250831:O:10,0,0,0,0,0,0,1,20250831,20251223
GNE:GOAO021:21:021SU250831:O:11,0,0,0,0,0,0,1,20250831,20251223
GNE:GOAO021:21:021SU250831:O:12,0,0,0,0,0,0,1,20250831,20251223
GNE:GOAO021:21:021SU250831:O:13,0,0,0,0,0,0,1,20250831,20251223
GNE:GOAO021:21:021SU250831:O:14,0,0,0,0,0,0,1,20250831,20251223
GNE:GOAO021:21:021SU250831:O:15,0,0,0,0,0,0,1,20250831,20251223
GNE:GOAO021:21:021SU250831:O:16,0,0,0,0,0,0,1,20250831,20251223
GNE:GOAO021:21:021SU250831:O:17,0,0,0,0,0,0,1,20250831,20251223
GNE:GOAO021:21:021SU250831:O:18,0,0,0,0,0,0,1,20250831,20251223
GNE:GOAO021:21:021SU250831:O:19,0,0,0,0,0,0,1,20250831,20251223
GNE:GOAO021:21:021SU250831:O:20,0,0,0,0,0,0,1,20250831,20251223
GNE:GOAO021:21:021SU250831:O:21,0,0,0,0,0,0,1,20250831,20251223
GNE:GOAO021:21:021SU250831:O:22,0,0,0,0,0,0,1,20250831,20251223
GNE:GOAO021:21:021SU250831:O:23,0,0,0,0,0,0,1,20250831,20251223
GNE:GOAO021:21:021SU250831:O:24,0,0,0,0,0,0,1,20250831,20251223
GNE:GOAO021:21:021SU250831:O:25,0,0,0,0,0,0,1,20250831,20251223
GNE:GOAO021:21:021SU250831:O:26,0,0,0,0,0,0,1,20250831,20251223
GNE:GOAO021:21:021SU250831:O:27,0,0,0,0,0,0,1,20250831,20251223
GNE:GOAO021:21:021SU250831:O:28,0,0,0,0,0,0,1,20250831,20251223
GNE:GOAO021:21:021SU250831:O:29,0,0,0,0,0,0,1,20250831,20251223
GNE:GOAO021:21:021SU250831:O:30,0,0,0,0,0,0,1,20250831,20251223
GNE:GOAO021:21:021SU250831:O:31,0,0,0,0,0,0,1,20250831,20251223
GNE:GOAO021:21:021SU250831:O:32,0,0,0,0,0,0,1,20250831,20251223
GNE:GOAO021:21:021SU250831:O:33,0,0,0,0,0,0,1,20250831,20251223
GNE:GOAO021:21:021SU250831:O:34,0,0,0,0,0,0,1,20250831,20251223
GNE:GOAO021:21:021SU250831:O:35,0,0,0,0,0,0,1,20250831,20251223
GNE:GOAO021:21:021SU250831:O:36,0,0,0,0,0,0,1,20250831,20251223
GNE:GOAO021:21:021SU250831:O:37,0,0,0,0,0,0,1,20250831,20251223
GNE:GOAO021:21:021SU250831:O:38,0,0,0,0,0,0,1,20250831,20251223
GNE:GOAO021:21:021SU250831:O:39,0,0,0,0,0,0,1,20250831,20251223
GNE:GOAO021:21:021SU250831:O:40,0,0,0,0,0,0,1,20250831,20251223
GNE:GOAO021:21:021SU250831:O:41,0,0,0,0,0,0,1,20250831,20251223
GNE:GOAO021:21:021SU250831:O:42,0,0,0,0,0,0,1,20250831,20251223
GNE:GOAO021:21:021SU250831:O:43,0,0,0,0,0,0,1,20250831,20251223
GNE:GOAO021:21:021SU250831:O:44,0,0,0,0,0,0,1,20250831,20251223
GNE:GOAO021:21:021SU250831:O:45,0,0,0,0,0,0,1,20250831,20251223
GNE:GOAO021:21:021SU250831:O:46,0,0,0,0,0,0,1,20250831,20251223
GNE:GOAO021:21:021SU250831:O:47,0,0,0,0,0,0,1,20250831,20251223
GNE:GOAO021:21:021SU250831:O:48,0,0,0,0,0,0,1,20250831,20251223
GNE:GOAO021:21:021SU250831:O:49,0,0,0,0,0,0,1,20250831,20251223
GNE:GOAO021:21:021SU250831:O:50,0,0,0,0,0,0,1,20250831,20251223
GNE:GOAO021:21:021SU250831:O:51,0,0,0,0,0,0,1,20250831,20251223
GNE:GOAO021:21:021SU250831:O:52,0,0,0,0,0,0,1,20250831,20251223
GNE:GOAO021:21:021SU250831:O:53,0,0,0,0,0,0,1,20250831,20251223
GNE:GOAO021:21:021SU250831:O:54,0,0,0,0,0,0,1,20250831,20251223
GNE:GOAO021:21:021SU250831:O:55,0,0,0,0,0,0,1,20250831,20251223
GNE:GOAO021:21:021SU250831:O:56,0,0,0,0,0,0,1,20250831,20251223
GNE:GOAO021:21:021SU250831:O:57,0,0,0,0,0,0,1,20250831,20251223
GNE:GOAO021:21:021SU250831:O:58,0,0,0,0,0,0,1,20250831,20251223
GNE:GOAO021:21:021SU250831:O:59,0,0,0,0,0,0,1,20250831,20251223
GNE:GOAO021:21:021SU250831:I:1,0,0,0,0,0,0,1,20250831,20251223
GNE:GOAO021:21:021SU250831:I:2,0,0,0,0,0,0,1,20250831,20251223
GNE:GOAO021:21:021SU250831:I:3,0,0,0,0,0,0,1,20250831,20251223
GNE:GOAO021:21:021SU250831:I:4,0,0,0,0,0,0,1,20250831,20251223
GNE:GOAO021:21:021SU250831:I:5,0,0,0,0,0,0,1,20250831,20251223
GNE:GOAO021:21:021SU250831:I:6,0,0,0,0,0,0,1,20250831,20251223
GNE:GOAO021:21:021SU250831:I:7,0,0,0,0,0,0,1,20250831,20251223
GNE:GOAO021:21:021SU250831:I:8,0,0,0,0,0,0,1,20250831,20251223
GNE:GOAO021:21:021SU250831:I:9,0,0,0,0,0,0,1,20250831,20251223
GNE:GOAO021:21:021SU250831:I:10,0,0,0,0,0,0,1,20250831,20251223
GNE:GOAO021:21:021SU250831:I:11,0,0,0,0,0,0,1,20250831,20251223
GNE:GOAO021:21:021SU250831:I:12,0,0,0,0,0,0,1,20250831,20251223
GNE:GOAO021:21:021SU250831:I:13,0,0,0,0,0,0,1,20250831,20251223
GNE:GOAO021:21:021SU250831:I:14,0,0,0,0,0,0,1,20250831,20251223
GNE:GOAO021:21:021SU250831:I:15,0,0,0,0,0,0,1,20250831,20251223
GNE:GOAO021:21:021SU250831:I:16,0,0,0,0,0,0,1,20250831,20251223
GNE:GOAO021:21:021SU250831:I:17,0,0,0,0,0,0,1,20250831,20251223
GNE:GOAO021:21:021SU250831:I:18,0,0,0,0,0,0,1,20250831,20251223
GNE:GOAO021:21:021SU250831:I:19,0,0,0,0,0,0,1,20250831,20251223
GNE:GOAO021:21:021SU250831:I:20,0,0,0,0,0,0,1,20250831,20251223
GNE:GOAO021:21:021SU250831:I:21,0,0,0,0,0,0,1,20250831,20251223
GNE:GOAO021:21:021SU250831:I:22,0,0,0,0,0,0,1,20250831,20251223
GNE:GOAO021:21:021SU250831:I:23,0,0,0,0,0,0,1,20250831,20251223
GNE:GOAO021:21:021SU250831:I:24,0,0,0,0,0,0,1,20250831,20251223
GNE:GOAO021:21:021SU250831:I:25,0,0,0,0,0,0,1,20250831,20251223
GNE:GOAO021:21:021SU250831:I:26,0,0,0,0,0,0,1,20250831,20251223
GNE:GOAO021:21:021SU250831:I:27,0,0,0,0,0,0,1,20250831,20251223
GNE:GOAO021:21:021SU250831:I:28,0,0,0,0,0,0,1,20250831,20251223
GNE:GOAO021:21:021SU250831:I:29,0,0,0,0,0,0,1,20250831,20251223
GNE:GOAO021:21:021SU250831:I:30,0,0,0,0,0,0,1,20250831,20251223
GNE:GOAO021:21:021SU250831:I:31,0,0,0,0,0,0,1,20250831,20251223
GNE:GOAO021:21:021SU250831:I:32,0,0,0,0,0,0,1,20250831,20251223
GNE:GOAO021:21:021SU250831:I:33,0,0,0,0,0,0,1,20250831,20251223
GNE:GOAO021:21:021SU250831:I:34,0,0,0,0,0,0,1,20250831,20251223
GNE:GOAO021:21:021SU250831:I:35,0,0,0,0,0,0,1,20250831,20251223
GNE:GOAO021:21:021SU250831:I:36,0,0,0,0,0,0,1,20250831,20251223
GNE:GOAO021:21:021SU250831:I:37,0,0,0,0,0,0,1,20250831,20251223
GNE:GOAO021:21:021SU250831:I:38,0,0,0,0,0,0,1,20250831,20251223
GNE:GOAO021:21:021SU250831:I:39,0,0,0,0,0,0,1,20250831,20251223
GNE:GOAO021:21:021SU250831:I:40,0,0,0,0,0,0,1,20250831,20251223
GNE:GOAO021:21:021SU250831:I:41,0,0,0,0,0,0,1,20250831,20251223
GNE:GOAO021:21:021SU250831:I:42,0,0,0,0,0,0,1,20250831,20251223
GNE:GOAO021:21:021SU250831:I:43,0,0,0,0,0,0,1,20250831,20251223
GNE:GOAO021:21:021SU250831:I:44,0,0,0,0,0,0,1,20250831,20251223
GNE:GOAO021:21:021SU250831:I:45,0,0,0,0,0,0,1,20250831,20251223
GNE:GOAO021:21:021SU250831:I:46,0,0,0,0,0,0,1,20250831,20251223
GNE:GOAO021:21:021SU250831:I:47,0,0,0,0,0,0,1,20250831,20251223
GNE:GOAO021:21:021SU250831:I:48,0,0,0,0,0,0,1,20250831,20251223
GNE:GOAO021:21:021SU250831:I:49,0,0,0,0,0,0,1,20250831,20251223
GNE:GOAO021:21:021SU250831:I:50,0,0,0,0,0,0,1,20250831,20251223
GNE:GOAO021:21:021SU250831:I:51,0,0,0,0,0,0,1,20250831,20251223
GNE:GOAO021:21:021SU250831:I:52,0,0,0,0,0,0,1,20250831,20251223
GNE:GOAO021:21:021SU250831:I:53,0,0,0,0,0,0,1,20250831,20251223
GNE:GOAO021:21:021SU250831:I:54,0,0,0,0,0,0,1,20250831,20251223
GNE:GOAO021:21:021SU250831:I:55,0,0,0,0,0,0,1,20250831,20251223
GNE:GOAO021:21:021SU250831:I:56,0,0,0,0,0,0,1,20250831,20251223
GNE:GOAO021:21:021SU250831:I:57,0,0,0,0,0,0,1,20250831,20251223
GNE:GOAO021:21:021SU250831:I:58,0,0,0,0,0,0,1,20250831,20251223
GNE:GOAO021:21:021SU250831:I:59,0,0,0,0,0,0,1,20250831,20251223
GNE:GOAO022:22:022MF250831:O:1,1,1,1,1,1,0,0,20250831,20251223
GNE:GOAO022:22:022MF250831:O:2,1,1,1,1,1,0,0,20250831,20251223
GNE:GOAO022:22:022MF250831:O:3,1,1,1,1,1,0,0,20250831,20251223
GNE:GOAO022:22:022MF250831:O:4,1,1,1,1,1,0,0,20250831,20251223
GNE:GOAO022:22:022MF250831:O:5,1,1,1,1,1,0,0,20250831,20251223
GNE:GOAO022:22:022MF250831:O:6,1,1,1,1,1,0,0,20250831,20251223
GNE:GOAO022:22:022MF250831:O:7,1,1,1,1,1,0,0,20250831,20251223
GNE:GOAO022:22:022MF250831:O:8,1,1,1,1,1,0,0,20250831,20251223
GNE:GOAO022:22:022MF250831:O:9,1,1,1,1,1,0,0,20250831,20251223
GNE:GOAO022:22:022MF250831:O:10,1,1,1,1,1,0,0,20250831,20251223
GNE:GOAO022:22:022MF250831:O:11,1,1,1,1,1,0,0,20250831,20251223
GNE:GOAO022:22:022MF250831:O:12,1,1,1,1,1,0,0,20250831,20251223
GNE:GOAO022:22:022MF250831:I:1,1,1,1,1,1,0,0,20250831,20251223
GNE:GOAO022:22:022MF250831:I:2,1,1,1,1,1,0,0,20250831,20251223
GNE:GOAO022:22:022MF250831:I:3,1,1,1,1,1,0,0,20250831,20251223
GNE:GOAO022:22:022MF250831:I:4,1,1,1,1,1,0,0,20250831,20251223
GNE:GOAO022:22:022MF250831:I:5,1,1,1,1,1,0,0,20250831,20251223
GNE:GOAO022:22:022MF250831:I:6,1,1,1,1,1,0,0,20250831,20251223
GNE:GOAO022:22:022MF250831:I:7,1,1,1,1,1,0,0,20250831,20251223
GNE:GOAO022:22:022MF250831:I:8,1,1,1,1,1,0,0,20250831,20251223
GNE:GOAO022:22:022MF250831:I:9,1,1,1,1,1,0,0,20250831,20251223
GNE:GOAO022:22:022MF250831:I:10,1,1,1,1,1,0,0,20250831,20251223
GNE:GOAO022:22:022MF250831:I:11,1,1,1,1,1,0,0,20250831,20251223
GNE:GOAO022:22:022MF250831:I:12,1,1,1,1,1,0,0,20250831,20251223
GNE:GOAO022:22:022SA250831:O:1,0,0,0,0,0,1,0,20250831,20251223
GNE:GOAO022:22:022SA250831:O:2,0,0,0,0,0,1,0,20250831,20251223
GNE:GOAO022:22:022SA250831:O:3,0,0,0,0,0,1,0,20250831,20251223
GNE:GOAO022:22:022SA250831:O:4,0,0,0,0,0,1,0,20250831,20251223
GNE:GOAO022:22:022SA250831:O:5,0,0,0,0,0,1,0,20250831,20251223
GNE:GOAO022:22:022SA250831:O:6,0,0,0,0,0,1,0,20250831,20251223
GNE:GOAO022:22:022SA250831:O:7,0,0,0,0,0,1,0,20250831,20251223
GNE:GOAO022:22:022SA250831:O:8,0,0,0,0,0,1,0,20250831,20251223
GNE:GOAO022:22:022SA250831:O:9,0,0,0,0,0,1,0,20250831,20251223
GNE:GOAO022:22:022SA250831:O:10,0,0,0,0,0,1,0,20250831,20251223
GNE:GOAO022:22:022SA250831:O:11,0,0,0,0,0,1,0,20250831,20251223
GNE:GOAO022:22:022SA250831:I:1,0,0,0,0,0,1,0,20250831,20251223
GNE:GOAO022:22:022SA250831:I:2,0,0,0,0,0,1,0,20250831,20251223
GNE:GOAO022:22:022SA250831:I:3,0,0,0,0,0,1,0,20250831,20251223
GNE:GOAO022:22:022SA250831:I:4,0,0,0,0,0,1,0,20250831,20251223
GNE:GOAO022:22:022SA250831:I:5,0,0,0,0,0,1,0,20250831,20251223
GNE:GOAO022:22:022SA250831:I:6,0,0,0,0,0,1,0,20250831,20251223
GNE:GOAO022:22:022SA250831:I:7,0,0,0,0,0,1,0,20250831,20251223
GNE:GOAO022:22:022SA250831:I:8,0,0,0,0,0,1,0,20250831,20251223
GNE:GOAO022:22:022SA250831:I:9,0,0,0,0,0,1,0,20250831,20251223
GNE:GOAO022:22:022SA250831:I:10,0,0,0,0,0,1,0,20250831,20251223
GNE:GOAO022:22:022SA250831:I:11,0,0,0,0,0,1,0,20250831,20251223
GNE:GOAO022:22:022SA250831:I:12,0,0,0,0,0,1,0,20250831,20251223
GNE:GOAO024:24:024MF250831:O:1,1,1,1,1,1,0,0,20250831,20251223
GNE:GOAO024:24:024MF250831:O:2,1,1,1,1,1,0,0,20250831,20251223
GNE:GOAO024:24:024MF250831:O:3,1,1,1,1,1,0,0,20250831,20251223
GNE:GOAO024:24:024MF250831:O:4,1,1,1,1,1,0,0,20250831,20251223
GNE:GOAO024:24:024MF250831:O:5,1,1,1,1,1,0,0,20250831,20251223
GNE:GOAO024:24:024MF250831:O:6,1,1,1,1,1,0,0,20250831,20251223
GNE:GOAO024:24:024MF250831:O:7,1,1,1,1,1,0,0,20250831,20251223
GNE:GOAO024:24:024MF250831:O:8,1,1,1,1,1,0,0,20250831,20251223
GNE:GOAO024:24:024MF250831:O:9,1,1,1,1,1,0,0,20250831,20251223
GNE:GOAO024:24:024MF250831:O:10,1,1,1,1,1,0,0,20250831,20251223
GNE:GOAO024:24:024MF250831:O:11,1,1,1,1,1,0,0,20250831,20251223
GNE:GOAO024:24:024MF250831:O:12,1,1,1,1,1,0,0,20250831,20251223
GNE:GOAO024:24:024MF250831:O:13,1,1,1,1,1,0,0,20250831,20251223
GNE:GOAO024:24:024MF250831:O:14,1,1,1,1,1,0,0,20250831,20251223
GNE:GOAO024:24:024MF250831:O:15,1,1,1,1,1,0,0,20250831,20251223
GNE:GOAO024:24:024MF250831:O:16,1,1,1,1,1,0,0,20250831,20251223
GNE:GOAO024:24:024MF250831:O:17,1,1,1,1,1,0,0,20250831,20251223
GNE:GOAO024:24:024MF250831:O:18,1,1,1,1,1,0,0,20250831,20251223
GNE:GOAO024:24:024MF250831:O:19,1,1,1,1,1,0,0,20250831,20251223
GNE:GOAO024:24:024MF250831:O:20,1,1,1,1,1,0,0,20250831,20251223
GNE:GOAO024:24:024MF250831:O:21,1,1,1,1,1,0,0,20250831,20251223
GNE:GOAO024:24:024MF250831:O:22,1,1,1,1,1,0,0,20250831,20251223
GNE:GOAO024:24:024MF250831:O:23,1,1,1,1,1,0,0,20250831,20251223
GNE:GOAO024:24:024MF250831:O:24,1,1,1,1,1,0,0,20250831,20251223
GNE:GOAO024:24:024MF250831:O:25,1,1,1,1,1,0,0,20250831,20251223
GNE:GOAO024:24:024MF250831:O:26,1,1,1,1,1,0,0,20250831,20251223
GNE:GOAO024:24:024MF250831:O:27,1,1,1,1,1,0,0,20250831,20251223
GNE:GOAO024:24:024MF250831:O:28,1,1,1,1,1,0,0,20250831,20251223
GNE:GOAO024:24:024MF250831:O:29,1,1,1,1,1,0,0,20250831,20251223
GNE:GOAO024:24:024MF250831:O:30,1,1,1,1,1,0,0,20250831,20251223
GNE:GOAO024:24:024MF250831:O:31,1,1,1,1,1,0,0,20250831,20251223
GNE:GOAO024:24:024MF250831:O:32,1,1,1,1,1,0,0,20250831,20251223
GNE:GOAO024:24:024MF250831:O:33,1,1,1,1,1,0,0,20250831,20251223
GNE:GOAO024:24:024MF250831:O:34,1,1,1,1,1,0,0,20250831,20251223
GNE:GOAO024:24:024MF250831:O:35,1,1,1,1,1,0,0,20250831,20251223
GNE:GOAO024:24:024MF250831:O:36,1,1,1,1,1,0,0,20250831,20251223
GNE:GOAO024:24:024MF250831:O:37,1,1,1,1,1,0,0,20250831,20251223
GNE:GOAO024:24:024MF250831:O:38,1,1,1,1,1,0,0,20250831,20251223
GNE:GOAO024:24:024MF250831:O:39,1,1,1,1,1,0,0,20250831,20251223
GNE:GOAO024:24:024MF250831:O:40,1,1,1,1,1,0,0,20250831,20251223
GNE:GOAO024:24:024MF250831:O:41,1,1,1,1,1,0,0,20250831,20251223
GNE:GOAO024:24:024MF250831:O:42,1,1,1,1,1,0,0,20250831,20251223
GNE:GOAO024:24:024MF250831:O:43,1,1,1,1,1,0,0,20250831,20251223
GNE:GOAO024:24:024MF250831:O:44,1,1,1,1,1,0,0,20250831,20251223
GNE:GOAO024:24:024MF250831:O:45,1,1,1,1,1,0,0,20250831,20251223
GNE:GOAO024:24:024MF250831:O:46,1,1,1,1,1,0,0,20250831,20251223
GNE:GOAO024:24:024MF250831:O:47,1,1,1,1,1,0,0,20250831,20251223
GNE:GOAO024:24:024MF250831:O:48,1,1,1,1,1,0,0,20250831,20251223
GNE:GOAO024:24:024MF250831:O:49,1,1,1,1,1,0,0,20250831,20251223
GNE:GOAO024:24:024MF250831:O:50,1,1,1,1,1,0,0,20250831,20251223
GNE:GOAO024:24:024MF250831:O:51,1,1,1,1,1,0,0,20250831,20251223
GNE:GOAO024:24:024MF250831:O:52,1,1,1,1,1,0,0,20250831,20251223
GNE:GOAO024:24:024MF250831:O:53,1,1,1,1,1,0,0,20250831,20251223
GNE:GOAO024:24:024MF250831:O:54,1,1,1,1,1,0,0,20250831,20251223
GNE:GOAO024:24:024MF250831:O:55,1,1,1,1,1,0,0,20250831,20251223
GNE:GOAO024:24:024MF250831:I:1,1,1,1,1,1,0,0,20250831,20251223
GNE:GOAO024:24:024MF250831:I:2,1,1,1,1,1,0,0,20250831,20251223
GNE:GOAO024:24:024MF250831:I:3,1,1,1,1,1,0,0,20250831,20251223
GNE:GOAO024:24:024MF250831:I:4,1,1,1,1,1,0,0,20250831,20251223
GNE:GOAO024:24:024MF250831:I:5,1,1,1,1,1,0,0,20250831,20251223
GNE:GOAO024:24:024MF250831:I:6,1,1,1,1,1,0,0,20250831,20251223
GNE:GOAO024:24:024MF250831:I:7,1,1,1,1,1,0,0,20250831,20251223
GNE:GOAO024:24:024MF250831:I:8,1,1,1,1,1,0,0,20250831,20251223
GNE:GOAO024:24:024MF250831:I:9,1,1,1,1,1,0,0,20250831,20251223
GNE:GOAO024:24:024MF250831:I:10,1,1,1,1,1,0,0,20250831,20251223
GNE:GOAO024:24:024MF250831:I:11,1,1,1,1,1,0,0,20250831,20251223
GNE:GOAO024:24:024MF250831:I:12,1,1,1,1,1,0,0,20250831,20251223
GNE:GOAO024:24:024MF250831:I:13,1,1,1,1,1,0,0,20250831,20251223
GNE:GOAO024:24:024MF250831:I:14,1,1,1,1,1,0,0,20250831,20251223
GNE:GOAO024:24:024MF250831:I:15,1,1,1,1,1,0,0,20250831,20251223
GNE:GOAO024:24:024MF250831:I:16,1,1,1,1,1,0,0,20250831,20251223
GNE:GOAO024:24:024MF250831:I:17,1,1,1,1,1,0,0,20250831,20251223
GNE:GOAO024:24:024MF250831:I:18,1,1,1,1,1,0,0,20250831,20251223
GNE:GOAO024:24:024MF250831:I:19,1,1,1,1,1,0,0,20250831,20251223
GNE:GOAO024:24:024MF250831:I:20,1,1,1,1,1,0,0,20250831,20251223
GNE:GOAO024:24:024MF250831:I:21,1,1,1,1,1,0,0,20250831,20251223
GNE:GOAO024:24:024MF250831:I:22,1,1,1,1,1,0,0,20250831,20251223
GNE:GOAO024:24:024MF250831:I:23,1,1,1,1,1,0,0,20250831,20251223
GNE:GOAO024:24:024MF250831:I:24,1,1,1,1,1,0,0,20250831,20251223
GNE:GOAO024:24:024MF250831:I:25,1,1,1,1,1,0,0,20250831,20251223
GNE:GOAO024:24:024MF250831:I:26,1,1,1,1,1,0,0,20250831,20251223
GNE:GOAO024:24:024MF250831:I:27,1,1,1,1,1,0,0,20250831,20251223
GNE:GOAO024:24:024MF250831:I:28,1,1,1,1,1,0,0,20250831,20251223
GNE:GOAO024:24:024MF250831:I:29,1,1,1,1,1,0,0,20250831,20251223
GNE:GOAO024:24:024MF250831:I:30,1,1,1,1,1,0,0,20250831,20251223
GNE:GOAO024:24:024MF250831:I:31,1,1,1,1,1,0,0,20250831,20251223
GNE:GOAO024:24:024MF250831:I:32,1,1,1,1,1,0,0,20250831,20251223
GNE:GOAO024:24:024MF250831:I:33,1,1,1,1,1,0,0,20250831,20251223
GNE:GOAO024:24:024MF250831:I:34,1,1,1,1,1,0,0,20250831,20251223
GNE:GOAO024:24:024MF250831:I:35,1,1,1,1,1,0,0,20250831,20251223
GNE:GOAO024:24:024MF250831:I:36,1,1,1,1,1,0,0,20250831,20251223
GNE:GOAO024:24:024MF250831:I:37,1,1,1,1,1,0,0,20250831,20251223
GNE:GOAO024:24:024MF250831:I:38,1,1,1,1,1,0,0,20250831,20251223
GNE:GOAO024:24:024MF250831:I:39,1,1,1,1,1,0,0,20250831,20251223
GNE:GOAO024:24:024MF250831:I:40,1,1,1,1,1,0,0,20250831,20251223
GNE:GOAO024:24:024MF250831:I:41,1,1,1,1,1,0,0,20250831,20251223
GNE:GOAO024:24:024MF250831:I:42,1,1,1,1,1,0,0,20250831,20251223
GNE:GOAO024:24:024MF250831:I:43,1,1,1,1,1,0,0,20250831,20251223
GNE:GOAO024:24:024MF250831:I:44,1,1,1,1,1,0,0,20250831,20251223
GNE:GOAO024:24:024MF250831:I:45,1,1,1,1,1,0,0,20250831,20251223
GNE:GOAO024:24:024MF250831:I:46,1,1,1,1,1,0,0,20250831,20251223
GNE:GOAO024:24:024MF250831:I:47,1,1,1,1,1,0,0,20250831,20251223
GNE:GOAO024:24:024MF250831:I:48,1,1,1,1,1,0,0,20250831,20251223
GNE:GOAO024:24:024MF250831:I:49,1,1,1,1,1,0,0,20250831,20251223
GNE:GOAO024:24:024MF250831:I:50,1,1,1,1,1,0,0,20250831,20251223
GNE:GOAO024:24:024MF250831:I:51,1,1,1,1,1,0,0,20250831,20251223
GNE:GOAO024:24:024MF250831:I:52,1,1,1,1,1,0,0,20250831,20251223
GNE:GOAO024:24:024MF250831:I:53,1,1,1,1,1,0,0,20250831,20251223
GNE:GOAO024:24:024MF250831:I:54,1,1,1,1,1,0,0,20250831,20251223
GNE:GOAO024:24:024MF250831:I:55,1,1,1,1,1,0,0,20250831,20251223
GNE:GOAO024:24:024MF250831:I:56,1,1,1,1,1,0,0,20250831,20251223
GNE:GOAO024:24:024SA250831:O:1,0,0,0,0,0,1,0,20250831,20251223
GNE:GOAO024:24:024SA250831:O:2,0,0,0,0,0,1,0,20250831,20251223
GNE:GOAO024:24:024SA250831:O:3,0,0,0,0,0,1,0,20250831,20251223
GNE:GOAO024:24:024SA250831:O:4,0,0,0,0,0,1,0,20250831,20251223
GNE:GOAO024:24:024SA250831:O:5,0,0,0,0,0,1,0,20250831,20251223
GNE:GOAO024:24:024SA250831:O:6,0,0,0,0,0,1,0,20250831,20251223
GNE:GOAO024:24:024SA250831:O:7,0,0,0,0,0,1,0,20250831,20251223
GNE:GOAO024:24:024SA250831:O:8,0,0,0,0,0,1,0,20250831,20251223
GNE:GOAO024:24:024SA250831:O:9,0,0,0,0,0,1,0,20250831,20251223
GNE:GOAO024:24:024SA250831:O:10,0,0,0,0,0,1,0,20250831,20251223
GNE:GOAO024:24:024SA250831:O:11,0,0,0,0,0,1,0,20250831,20251223
GNE:GOAO024:24:024SA250831:O:12,0,0,0,0,0,1,0,20250831,20251223
GNE:GOAO024:24:024SA250831:O:13,0,0,0,0,0,1,0,20250831,20251223
GNE:GOAO024:24:024SA250831:O:14,0,0,0,0,0,1,0,20250831,20251223
GNE:GOAO024:24:024SA250831:O:15,0,0,0,0,0,1,0,20250831,20251223
GNE:GOAO024:24:024SA250831:O:16,0,0,0,0,0,1,0,20250831,20251223
GNE:GOAO024:24:024SA250831:O:17,0,0,0,0,0,1,0,20250831,20251223
GNE:GOAO024:24:024SA250831:O:18,0,0,0,0,0,1,0,20250831,20251223
GNE:GOAO024:24:024SA250831:O:19,0,0,0,0,0,1,0,20250831,20251223
GNE:GOAO024:24:024SA250831:O:20,0,0,0,0,0,1,0,20250831,20251223
GNE:GOAO024:24:024SA250831:O:21,0,0,0,0,0,1,0,20250831,20251223
GNE:GOAO024:24:024SA250831:O:22,0,0,0,0,0,1,0,20250831,20251223
GNE:GOAO024:24:024SA250831:O:23,0,0,0,0,0,1,0,20250831,20251223
GNE:GOAO024:24:024SA250831:O:24,0,0,0,0,0,1,0,20250831,20251223
GNE:GOAO024:24:024SA250831:O:25,0,0,0,0,0,1,0,20250831,20251223
GNE:GOAO024:24:024SA250831:O:26,0,0,0,0,0,1,0,20250831,20251223
GNE:GOAO024:24:024SA250831:O:27,0,0,0,0,0,1,0,20250831,20251223
GNE:GOAO024:24:024SA250831:O:28,0,0,0,0,0,1,0,20250831,20251223
GNE:GOAO024:24:024SA250831:O:29,0,0,0,0,0,1,0,20250831,20251223
GNE:GOAO024:24:024SA250831:O:30,0,0,0,0,0,1,0,20250831,20251223
GNE:GOAO024:24:024SA250831:O:31,0,0,0,0,0,1,0,20250831,20251223
GNE:GOAO024:24:024SA250831:O:32,0,0,0,0,0,1,0,20250831,20251223
GNE:GOAO024:24:024SA250831:O:33,0,0,0,0,0,1,0,20250831,20251223
GNE:GOAO024:24:024SA250831:O:34,0,0,0,0,0,1,0,20250831,20251223
GNE:GOAO024:24:024SA250831:O:35,0,0,0,0,0,1,0,20250831,20251223
GNE:GOAO024:24:024SA250831:O:36,0,0,0,0,0,1,0,20250831,20251223
GNE:GOAO024:24:024SA250831:O:37,0,0,0,0,0,1,0,20250831,20251223
GNE:GOAO024:24:024SA250831:O:38,0,0,0,0,0,1,0,20250831,20251223
GNE:GOAO024:24:024SA250831:O:39,0,0,0,0,0,1,0,20250831,20251223
GNE:GOAO024:24:024SA250831:O:40,0,0,0,0,0,1,0,20250831,20251223
GNE:GOAO024:24:024SA250831:O:41,0,0,0,0,0,1,0,20250831,20251223
GNE:GOAO024:24:024SA250831:O:42,0,0,0,0,0,1,0,20250831,20251223
GNE:GOAO024:24:024SA250831:O:43,0,0,0,0,0,1,0,20250831,20251223
GNE:GOAO024:24:024SA250831:O:44,0,0,0,0,0,1,0,20250831,20251223
GNE:GOAO024:24:024SA250831:O:45,0,0,0,0,0,1,0,20250831,20251223
GNE:GOAO024:24:024SA250831:O:46,0,0,0,0,0,1,0,20250831,20251223
GNE:GOAO024:24:024SA250831:I:1,0,0,0,0,0,1,0,20250831,20251223
GNE:GOAO024:24:024SA250831:I:2,0,0,0,0,0,1,0,20250831,20251223
GNE:GOAO024:24:024SA250831:I:3,0,0,0,0,0,1,0,20250831,20251223
GNE:GOAO024:24:024SA250831:I:4,0,0,0,0,0,1,0,20250831,20251223
GNE:GOAO024:24:024SA250831:I:5,0,0,0,0,0,1,0,20250831,20251223
GNE:GOAO024:24:024SA250831:I:6,0,0,0,0,0,1,0,20250831,20251223
GNE:GOAO024:24:024SA250831:I:7,0,0,0,0,0,1,0,20250831,20251223
GNE:GOAO024:24:024SA250831:I:8,0,0,0,0,0,1,0,20250831,20251223
GNE:GOAO024:24:024SA250831:I:9,0,0,0,0,0,1,0,20250831,20251223
GNE:GOAO024:24:024SA250831:I:10,0,0,0,0,0,1,0,20250831,20251223
GNE:GOAO024:24:024SA250831:I:11,0,0,0,0,0,1,0,20250831,20251223
GNE:GOAO024:24:024SA250831:I:12,0,0,0,0,0,1,0,20250831,20251223
GNE:GOAO024:24:024SA250831:I:13,0,0,0,0,0,1,0,20250831,20251223
GNE:GOAO024:24:024SA250831:I:14,0,0,0,0,0,1,0,20250831,20251223
GNE:GOAO024:24:024SA250831:I:15,0,0,0,0,0,1,0,20250831,20251223
GNE:GOAO024:24:024SA250831:I:16,0,0,0,0,0,1,0,20250831,20251223
GNE:GOAO024:24:024SA250831:I:17,0,0,0,0,0,1,0,20250831,20251223
GNE:GOAO024:24:024SA250831:I:18,0,0,0,0,0,1,0,20250831,20251223
GNE:GOAO024:24:024SA250831:I:19,0,0,0,0,0,1,0,20250831,20251223
GNE:GOAO024:24:024SA250831:I:20,0,0,0,0,0,1,0,20250831,20251223
GNE:GOAO024:24:024SA250831:I:21,0,0,0,0,0,1,0,20250831,20251223
GNE:GOAO024:24:024SA250831:I:22,0,0,0,0,0,1,0,20250831,20251223
GNE:GOAO024:24:024SA250831:I:23,0,0,0,0,0,1,0,20250831,20251223
GNE:GOAO024:24:024SA250831:I:24,0,0,0,0,0,1,0,20250831,20251223
GNE:GOAO024:24:024SA250831:I:25,0,0,0,0,0,1,0,20250831,20251223
GNE:GOAO024:24:024SA250831:I:26,0,0,0,0,0,1,0,20250831,20251223
GNE:GOAO024:24:024SA250831:I:27,0,0,0,0,0,1,0,20250831,20251223
GNE:GOAO024:24:024SA250831:I:28,0,0,0,0,0,1,0,20250831,20251223
GNE:GOAO024:24:024SA250831:I:29,0,0,0,0,0,1,0,20250831,20251223
GNE:GOAO024:24:024SA250831:I:30,0,0,0,0,0,1,0,20250831,20251223
GNE:GOAO024:24:024SA250831:I:31,0,0,0,0,0,1,0,20250831,20251223
GNE:GOAO024:24:024SA250831:I:32,0,0,0,0,0,1,0,20250831,20251223
GNE:GOAO024:24:024SA250831:I:33,0,0,0,0,0,1,0,20250831,20251223
GNE:GOAO024:24:024SA250831:I:34,0,0,0,0,0,1,0,20250831,20251223
GNE:GOAO024:24:024SA250831:I:35,0,0,0,0,0,1,0,20250831,20251223
GNE:GOAO024:24:024SA250831:I:36,0,0,0,0,0,1,0,20250831,20251223
GNE:GOAO024:24:024SA250831:I:37,0,0,0,0,0,1,0,20250831,20251223
GNE:GOAO024:24:024SA250831:I:38,0,0,0,0,0,1,0,20250831,20251223
GNE:GOAO024:24:024SA250831:I:39,0,0,0,0,0,1,0,20250831,20251223
GNE:GOAO024:24:024SA250831:I:40,0,0,0,0,0,1,0,20250831,20251223
GNE:GOAO024:24:024SA250831:I:41,0,0,0,0,0,1,0,20250831,20251223
GNE:GOAO024:24:024SA250831:I:42,0,0,0,0,0,1,0,20250831,20251223
GNE:GOAO024:24:024SA250831:I:43,0,0,0,0,0,1,0,20250831,20251223
GNE:GOAO024:24:024SA250831:I:44,0,0,0,0,0,1,0,20250831,20251223
GNE:GOAO024:24:024SA250831:I:45,0,0,0,0,0,1,0,20250831,20251223
GNE:GOAO024:24:024SA250831:I:46,0,0,0,0,0,1,0,20250831,20251223
GNE:GOAO024:24:024SA250831:I:47,0,0,0,0,0,1,0,20250831,20251223
GNE:GOAO024:24:024SU250831:O:1,0,0,0,0,0,0,1,20250831,20251223
GNE:GOAO024:24:024SU250831:O:2,0,0,0,0,0,0,1,20250831,20251223
GNE:GOAO024:24:024SU250831:O:3,0,0,0,0,0,0,1,20250831,20251223
GNE:GOAO024:24:024SU250831:O:4,0,0,0,0,0,0,1,20250831,20251223
GNE:GOAO024:24:024SU250831:O:5,0,0,0,0,0,0,1,20250831,20251223
GNE:GOAO024:24:024SU250831:O:6,0,0,0,0,0,0,1,20250831,20251223
GNE:GOAO024:24:024SU250831:O:7,0,0,0,0,0,0,1,20250831,20251223
GNE:GOAO024:24:024SU250831:O:8,0,0,0,0,0,0,1,20250831,20251223
GNE:GOAO024:24:024SU250831:O:9,0,0,0,0,0,0,1,20250831,20251223
GNE:GOAO024:24:024SU250831:O:10,0,0,0,0,0,0,1,20250831,20251223
GNE:GOAO024:24:024SU250831:O:11,0,0,0,0,0,0,1,20250831,20251223
GNE:GOAO024:24:024SU250831:O:12,0,0,0,0,0,0,1,20250831,20251223
GNE:GOAO024:24:024SU250831:O:13,0,0,0,0,0,0,1,20250831,20251223
GNE:GOAO024:24:024SU250831:O:14,0,0,0,0,0,0,1,20250831,20251223
GNE:GOAO024:24:024SU250831:O:15,0,0,0,0,0,0,1,20250831,20251223
GNE:GOAO024:24:024SU250831:O:16,0,0,0,0,0,0,1,20250831,20251223
GNE:GOAO024:24:024SU250831:O:17,0,0,0,0,0,0,1,20250831,20251223
GNE:GOAO024:24:024SU250831:O:18,0,0,0,0,0,0,1,20250831,20251223
GNE:GOAO024:24:024SU250831:O:19,0,0,0,0,0,0,1,20250831,20251223
GNE:GOAO024:24:024SU250831:O:20,0,0,0,0,0,0,1,20250831,20251223
GNE:GOAO024:24:024SU250831:O:21,0,0,0,0,0,0,1,20250831,20251223
GNE:GOAO024:24:024SU250831:O:22,0,0,0,0,0,0,1,20250831,20251223
GNE:GOAO024:24:024SU250831:O:23,0,0,0,0,0,0,1,20250831,20251223
GNE:GOAO024:24:024SU250831:O:24,0,0,0,0,0,0,1,20250831,20251223
GNE:GOAO024:24:024SU250831:O:25,0,0,0,0,0,0,1,20250831,20251223
GNE:GOAO024:24:024SU250831:O:26,0,0,0,0,0,0,1,20250831,20251223
GNE:GOAO024:24:024SU250831:O:27,0,0,0,0,0,0,1,20250831,20251223
GNE:GOAO024:24:024SU250831:I:1,0,0,0,0,0,0,1,20250831,20251223
GNE:GOAO024:24:024SU250831:I:2,0,0,0,0,0,0,1,20250831,20251223
GNE:GOAO024:24:024SU250831:I:3,0,0,0,0,0,0,1,20250831,20251223
GNE:GOAO024:24:024SU250831:I:4,0,0,0,0,0,0,1,20250831,20251223
GNE:GOAO024:24:024SU250831:I:5,0,0,0,0,0,0,1,20250831,20251223
GNE:GOAO024:24:024SU250831:I:6,0,0,0,0,0,0,1,20250831,20251223
GNE:GOAO024:24:024SU250831:I:7,0,0,0,0,0,0,1,20250831,20251223
GNE:GOAO024:24:024SU250831:I:8,0,0,0,0,0,0,1,20250831,20251223
GNE:GOAO024:24:024SU250831:I:9,0,0,0,0,0,0,1,20250831,20251223
GNE:GOAO024:24:024SU250831:I:10,0,0,0,0,0,0,1,20250831,20251223
GNE:GOAO024:24:024SU250831:I:11,0,0,0,0,0,0,1,20250831,20251223
GNE:GOAO024:24:024SU250831:I:12,0,0,0,0,0,0,1,20250831,20251223
GNE:GOAO024:24:024SU250831:I:13,0,0,0,0,0,0,1,20250831,20251223
GNE:GOAO024:24:024SU250831:I:14,0,0,0,0,0,0,1,20250831,20251223
GNE:GOAO024:24:024SU250831:I:15,0,0,0,0,0,0,1,20250831,20251223
GNE:GOAO024:24:024SU250831:I:16,0,0,0,0,0,0,1,20250831,20251223
GNE:GOAO024:24:024SU250831:I:17,0,0,0,0,0,0,1,20250831,20251223
GNE:GOAO024:24:024SU250831:I:18,0,0,0,0,0,0,1,20250831,20251223
GNE:GOAO024:24:024SU250831:I:19,0,0,0,0,0,0,1,20250831,20251223
GNE:GOAO024:24:024SU250831:I:20,0,0,0,0,0,0,1,20250831,20251223
GNE:GOAO024:24:024SU250831:I:21,0,0,0,0,0,0,1,20250831,20251223
GNE:GOAO024:24:024SU250831:I:22,0,0,0,0,0,0,1,20250831,20251223
GNE:GOAO024:24:024SU250831:I:23,0,0,0,0,0,0,1,20250831,20251223
GNE:GOAO024:24:024SU250831:I:24,0,0,0,0,0,0,1,20250831,20251223
GNE:GOAO024:24:024SU250831:I:25,0,0,0,0,0,0,1,20250831,20251223
GNE:GOAO024:24:024SU250831:I:26,0,0,0,0,0,0,1,20250831,20251223
GNE:GOAO024:24:024SU250831:I:27,0,0,0,0,0,0,1,20250831,20251223
GNE:GOSO025:25:025MF250831:O:1,1,1,1,1,1,0,0,20250831,20251223
GNE:GOSO025:25:025MF250831:O:2,1,1,1,1,1,0,0,20250831,20251223
GNE:GOSO025:25:025MF250831:O:3,1,1,1,1,1,0,0,20250831,20251223
GNE:GOSO025:25:025MF250831:O:4,1,1,1,1,1,0,0,20250831,20251223
GNE:GOSO025:25:025MF250831:O:5,1,1,1,1,1,0,0,20250831,20251223
GNE:GOSO025:25:025MF250831:O:6,1,1,1,1,1,0,0,20250831,20251223
GNE:GOSO025:25:025MF250831:O:7,1,1,1,1,1,0,0,20250831,20251223
GNE:GOSO025:25:025MF250831:O:8,1,1,1,1,1,0,0,20250831,20251223
GNE:GOSO025:25:025MF250831:O:9,1,1,1,1,1,0,0,20250831,20251223
GNE:GOSO025:25:025MF250831:O:10,1,1,1,1,1,0,0,20250831,20251223
GNE:GOSO025:25:025MF250831:O:11,1,1,1,1,1,0,0,20250831,20251223
GNE:GOSO025:25:025MF250831:O:12,1,1,1,1,1,0,0,20250831,20251223
GNE:GOSO025:25:025MF250831:O:13,1,1,1,1,1,0,0,20250831,20251223
GNE:GOSO025:25:025MF250831:O:14,1,1,1,1,1,0,0,20250831,20251223
GNE:GOSO025:25:025MF250831:O:15,1,1,1,1,1,0,0,20250831,20251223
GNE:GOSO025:25:025MF250831:O:16,1,1,1,1,1,0,0,20250831,20251223
GNE:GOSO025:25:025MF250831:O:17,1,1,1,1,1,0,0,20250831,20251223
GNE:GOSO025:25:025MF250831:I:1,1,1,1,1,1,0,0,20250831,20251223
GNE:GOSO025:25:025MF250831:I:2,1,1,1,1,1,0,0,20250831,20251223
GNE:GOSO025:25:025MF250831:I:3,1,1,1,1,1,0,0,20250831,20251223
GNE:GOSO025:25:025MF250831:I:4,1,1,1,1,1,0,0,20250831,20251223
GNE:GOSO025:25:025MF250831:I:5,1,1,1,1,1,0,0,20250831,20251223
GNE:GOSO025:25:025MF250831:I:6,1,1,1,1,1,0,0,20250831,20251223
GNE:GOSO025:25:025MF250831:I:7,1,1,1,1,1,0,0,20250831,20251223
GNE:GOSO025:25:025MF250831:I:8,1,1,1,1,1,0,0,20250831,20251223
GNE:GOSO025:25:025MF250831:I:9,1,1,1,1,1,0,0,20250831,20251223
GNE:GOSO025:25:025MF250831:I:10,1,1,1,1,1,0,0,20250831,20251223
GNE:GOSO025:25:025MF250831:I:11,1,1,1,1,1,0,0,20250831,20251223
GNE:GOSO025:25:025MF250831:I:12,1,1,1,1,1,0,0,20250831,20251223
GNE:GOSO025:25:025MF250831:I:13,1,1,1,1,1,0,0,20250831,20251223
GNE:GOSO025:25:025MF250831:I:14,1,1,1,1,1,0,0,20250831,20251223
GNE:GOSO025:25:025MF250831:I:15,1,1,1,1,1,0,0,20250831,20251223
GNE:GOSO025:25:025MF250831:I:16,1,1,1,1,1,0,0,20250831,20251223
GNE:GOSO025:25:025MF250831:I:17,1,1,1,1,1,0,0,20250831,20251223
GNE:GOSO025:25:025MF250831:I:18,1,1,1,1,1,0,0,20250831,20251223
GNE:GOSO025:25:025MF250831:I:19,1,1,1,1,1,0,0,20250831,20251223
GNE:GOSO025:25:025MF250831:I:20,1,1,1,1,1,0,0,20250831,20251223
GNE:GOSO025:25:025SA250831:O:1,0,0,0,0,0,1,0,20250831,20251223
GNE:GOSO025:25:025SA250831:O:2,0,0,0,0,0,1,0,20250831,20251223
GNE:GOSO025:25:025SA250831:O:3,0,0,0,0,0,1,0,20250831,20251223
GNE:GOSO025:25:025SA250831:O:4,0,0,0,0,0,1,0,20250831,20251223
GNE:GOSO025:25:025SA250831:O:5,0,0,0,0,0,1,0,20250831,20251223
GNE:GOSO025:25:025SA250831:O:6,0,0,0,0,0,1,0,20250831,20251223
GNE:GOSO025:25:025SA250831:O:7,0,0,0,0,0,1,0,20250831,20251223
GNE:GOSO025:25:025SA250831:O:8,0,0,0,0,0,1,0,20250831,20251223
GNE:GOSO025:25:025SA250831:O:9,0,0,0,0,0,1,0,20250831,20251223
GNE:GOSO025:25:025SA250831:O:10,0,0,0,0,0,1,0,20250831,20251223
GNE:GOSO025:25:025SA250831:O:11,0,0,0,0,0,1,0,20250831,20251223
GNE:GOSO025:25:025SA250831:O:12,0,0,0,0,0,1,0,20250831,20251223
GNE:GOSO025:25:025SA250831:O:13,0,0,0,0,0,1,0,20250831,20251223
GNE:GOSO025:25:025SA250831:O:14,0,0,0,0,0,1,0,20250831,20251223
GNE:GOSO025:25:025SA250831:O:15,0,0,0,0,0,1,0,20250831,20251223
GNE:GOSO025:25:025SA250831:O:16,0,0,0,0,0,1,0,20250831,20251223
GNE:GOSO025:25:025SA250831:I:1,0,0,0,0,0,1,0,20250831,20251223
GNE:GOSO025:25:025SA250831:I:2,0,0,0,0,0,1,0,20250831,20251223
GNE:GOSO025:25:025SA250831:I:3,0,0,0,0,0,1,0,20250831,20251223
GNE:GOSO025:25:025SA250831:I:4,0,0,0,0,0,1,0,20250831,20251223
GNE:GOSO025:25:025SA250831:I:5,0,0,0,0,0,1,0,20250831,20251223
GNE:GOSO025:25:025SA250831:I:6,0,0,0,0,0,1,0,20250831,20251223
GNE:GOSO025:25:025SA250831:I:7,0,0,0,0,0,1,0,20250831,20251223
GNE:GOSO025:25:025SA250831:I:8,0,0,0,0,0,1,0,20250831,20251223
GNE:GOSO025:25:025SA250831:I:9,0,0,0,0,0,1,0,20250831,20251223
GNE:GOSO025:25:025SA250831:I:10,0,0,0,0,0,1,0,20250831,20251223
GNE:GOSO025:25:025SA250831:I:11,0,0,0,0,0,1,0,20250831,20251223
GNE:GOSO025:25:025SA250831:I:12,0,0,0,0,0,1,0,20250831,20251223
GNE:GOSO025:25:025SA250831:I:13,0,0,0,0,0,1,0,20250831,20251223
GNE:GOSO025:25:025SA250831:I:14,0,0,0,0,0,1,0,20250831,20251223
GNE:GOSO025:25:025SA250831:I:15,0,0,0,0,0,1,0,20250831,20251223
GNE:GOSO025:25:025SA250831:I:16,0,0,0,0,0,1,0,20250831,20251223
GNE:GOSO025:25:025SA250831:I:17,0,0,0,0,0,1,0,20250831,20251223
GNE:GOSO025:25:025SA250831:I:18,0,0,0,0,0,1,0,20250831,20251223
GNE:GOSO025:25:025SA250831:I:19,0,0,0,0,0,1,0,20250831,20251223
GNE:GOSO025:25:025SU250831:O:1,0,0,0,0,0,0,1,20250831,20251223
GNE:GOSO025:25:025SU250831:O:2,0,0,0,0,0,0,1,20250831,20251223
GNE:GOSO025:25:025SU250831:O:10,0,0,0,0,0,0,1,20250831,20251223
GNE:GOSO025:25:025SU250831:O:11,0,0,0,0,0,0,1,20250831,20251223
GNE:GOSO025:25:025SU250831:O:12,0,0,0,0,0,0,1,20250831,20251223
GNE:GOSO025:25:025SU250831:O:13,0,0,0,0,0,0,1,20250831,20251223
GNE:GOSO025:25:025SU250831:O:14,0,0,0,0,0,0,1,20250831,20251223
GNE:GOSO025:25:025SU250831:O:15,0,0,0,0,0,0,1,20250831,20251223
GNE:GOSO025:25:025SU250831:O:16,0,0,0,0,0,0,1,20250831,20251223
GNE:GOSO025:25:025SU250831:I:1,0,0,0,0,0,0,1,20250831,20251223
GNE:GOSO025:25:025SU250831:I:2,0,0,0,0,0,0,1,20250831,20251223
GNE:GOSO025:25:025SU250831:I:3,0,0,0,0,0,0,1,20250831,20251223
GNE:GOSO025:25:025SU250831:I:11,0,0,0,0,0,0,1,20250831,20251223
GNE:GOSO025:25:025SU250831:I:12,0,0,0,0,0,0,1,20250831,20251223
GNE:GOSO025:25:025SU250831:I:13,0,0,0,0,0,0,1,20250831,20251223
GNE:GOSO025:25:025SU250831:I:14,0,0,0,0,0,0,1,20250831,20251223
GNE:GOSO025:25:025SU250831:I:15,0,0,0,0,0,0,1,20250831,20251223
GNE:GOSO025:25:025SU250831:I:16,0,0,0,0,0,0,1,20250831,20251223
GNE:GOSO025:25:025SU250831:I:17,0,0,0,0,0,0,1,20250831,20251223
GNE:GOSO025:25:025SU250831:I:18,0,0,0,0,0,0,1,20250831,20251223
GNE:GOAO025A:25A:025SU250831:O:3,0,0,0,0,0,0,1,20250831,20251223
GNE:GOAO025A:25A:025SU250831:O:4,0,0,0,0,0,0,1,20250831,20251223
GNE:GOAO025A:25A:025SU250831:O:5,0,0,0,0,0,0,1,20250831,20251223
GNE:GOAO025A:25A:025SU250831:O:6,0,0,0,0,0,0,1,20250831,20251223
GNE:GOAO025A:25A:025SU250831:O:7,0,0,0,0,0,0,1,20250831,20251223
GNE:GOAO025A:25A:025SU250831:O:8,0,0,0,0,0,0,1,20250831,20251223
GNE:GOAO025A:25A:025SU250831:O:9,0,0,0,0,0,0,1,20250831,20251223
GNE:GOAO025A:25A:025SU250831:I:4,0,0,0,0,0,0,1,20250831,20251223
GNE:GOAO025A:25A:025SU250831:I:5,0,0,0,0,0,0,1,20250831,20251223
GNE:GOAO025A:25A:025SU250831:I:6,0,0,0,0,0,0,1,20250831,20251223
GNE:GOAO025A:25A:025SU250831:I:7,0,0,0,0,0,0,1,20250831,20251223
GNE:GOAO025A:25A:025SU250831:I:8,0,0,0,0,0,0,1,20250831,20251223
GNE:GOAO025A:25A:025SU250831:I:9,0,0,0,0,0,0,1,20250831,20251223
GNE:GOAO025A:25A:025SU250831:I:10,0,0,0,0,0,0,1,20250831,20251223
GNE:GOAO026:26:026MF250831:O:1,1,1,1,1,1,0,0,20250831,20251223
GNE:GOAO026:26:026MF250831:O:2,1,1,1,1,1,0,0,20250831,20251223
GNE:GOAO026:26:026MF250831:O:3,1,1,1,1,1,0,0,20250831,20251223
GNE:GOAO026:26:026MF250831:O:4,1,1,1,1,1,0,0,20250831,20251223
GNE:GOAO026:26:026MF250831:O:5,1,1,1,1,1,0,0,20250831,20251223
GNE:GOAO026:26:026MF250831:O:6,1,1,1,1,1,0,0,20250831,20251223
GNE:GOAO026:26:026MF250831:O:7,1,1,1,1,1,0,0,20250831,20251223
GNE:GOAO026:26:026MF250831:O:8,1,1,1,1,1,0,0,20250831,20251223
GNE:GOAO026:26:026MF250831:O:9,1,1,1,1,1,0,0,20250831,20251223
GNE:GOAO026:26:026MF250831:O:10,1,1,1,1,1,0,0,20250831,20251223
GNE:GOAO026:26:026MF250831:O:11,1,1,1,1,1,0,0,20250831,20251223
GNE:GOAO026:26:026MF250831:O:12,1,1,1,1,1,0,0,20250831,20251223
GNE:GOAO026:26:026MF250831:O:13,1,1,1,1,1,0,0,20250831,20251223
GNE:GOAO026:26:026MF250831:O:14,1,1,1,1,1,0,0,20250831,20251223
GNE:GOAO026:26:026MF250831:O:15,1,1,1,1,1,0,0,20250831,20251223
GNE:GOAO026:26:026MF250831:O:16,1,1,1,1,1,0,0,20250831,20251223
GNE:GOAO026:26:026MF250831:O:17,1,1,1,1,1,0,0,20250831,20251223
GNE:GOAO026:26:026MF250831:O:18,1,1,1,1,1,0,0,20250831,20251223
GNE:GOAO026:26:026MF250831:O:19,1,1,1,1,1,0,0,20250831,20251223
GNE:GOAO026:26:026MF250831:O:20,1,1,1,1,1,0,0,20250831,20251223
GNE:GOAO026:26:026MF250831:O:21,1,1,1,1,1,0,0,20250831,20251223
GNE:GOAO026:26:026MF250831:I:1,1,1,1,1,1,0,0,20250831,20251223
GNE:GOAO026:26:026MF250831:I:2,1,1,1,1,1,0,0,20250831,20251223
GNE:GOAO026:26:026MF250831:I:3,1,1,1,1,1,0,0,20250831,20251223
GNE:GOAO026:26:026MF250831:I:4,1,1,1,1,1,0,0,20250831,20251223
GNE:GOAO026:26:026MF250831:I:5,1,1,1,1,1,0,0,20250831,20251223
GNE:GOAO026:26:026MF250831:I:6,1,1,1,1,1,0,0,20250831,20251223
GNE:GOAO026:26:026MF250831:I:7,1,1,1,1,1,0,0,20250831,20251223
GNE:GOAO026:26:026MF250831:I:8,1,1,1,1,1,0,0,20250831,20251223
GNE:GOAO026:26:026MF250831:I:9,1,1,1,1,1,0,0,20250831,20251223
GNE:GOAO026:26:026MF250831:I:10,1,1,1,1,1,0,0,20250831,20251223
GNE:GOAO026:26:026MF250831:I:11,1,1,1,1,1,0,0,20250831,20251223
GNE:GOAO026:26:026MF250831:I:12,1,1,1,1,1,0,0,20250831,20251223
GNE:GOAO026:26:026MF250831:I:13,1,1,1,1,1,0,0,20250831,20251223
GNE:GOAO026:26:026MF250831:I:14,1,1,1,1,1,0,0,20250831,20251223
GNE:GOAO026:26:026MF250831:I:15,1,1,1,1,1,0,0,20250831,20251223
GNE:GOAO026:26:026MF250831:I:16,1,1,1,1,1,0,0,20250831,20251223
GNE:GOAO026:26:026MF250831:I:17,1,1,1,1,1,0,0,20250831,20251223
GNE:GOAO026:26:026MF250831:I:18,1,1,1,1,1,0,0,20250831,20251223
GNE:GOAO026:26:026MF250831:I:19,1,1,1,1,1,0,0,20250831,20251223
GNE:GOAO026:26:026SA250831:O:1,0,0,0,0,0,1,0,20250831,20251223
GNE:GOAO026:26:026SA250831:O:2,0,0,0,0,0,1,0,20250831,20251223
GNE:GOAO026:26:026SA250831:O:3,0,0,0,0,0,1,0,20250831,20251223
GNE:GOAO026:26:026SA250831:O:4,0,0,0,0,0,1,0,20250831,20251223
GNE:GOAO026:26:026SA250831:O:5,0,0,0,0,0,1,0,20250831,20251223
GNE:GOAO026:26:026SA250831:O:6,0,0,0,0,0,1,0,20250831,20251223
GNE:GOAO026:26:026SA250831:O:7,0,0,0,0,0,1,0,20250831,20251223
GNE:GOAO026:26:026SA250831:O:8,0,0,0,0,0,1,0,20250831,20251223
GNE:GOAO026:26:026SA250831:O:9,0,0,0,0,0,1,0,20250831,20251223
GNE:GOAO026:26:026SA250831:O:10,0,0,0,0,0,1,0,20250831,20251223
GNE:GOAO026:26:026SA250831:O:11,0,0,0,0,0,1,0,20250831,20251223
GNE:GOAO026:26:026SA250831:O:12,0,0,0,0,0,1,0,20250831,20251223
GNE:GOAO026:26:026SA250831:O:13,0,0,0,0,0,1,0,20250831,20251223
GNE:GOAO026:26:026SA250831:O:14,0,0,0,0,0,1,0,20250831,20251223
GNE:GOAO026:26:026SA250831:O:15,0,0,0,0,0,1,0,20250831,20251223
GNE:GOAO026:26:026SA250831:O:16,0,0,0,0,0,1,0,20250831,20251223
GNE:GOAO026:26:026SA250831:O:17,0,0,0,0,0,1,0,20250831,20251223
GNE:GOAO026:26:026SA250831:O:18,0,0,0,0,0,1,0,20250831,20251223
GNE:GOAO026:26:026SA250831:O:19,0,0,0,0,0,1,0,20250831,20251223
GNE:GOAO026:26:026SA250831:O:20,0,0,0,0,0,1,0,20250831,20251223
GNE:GOAO026:26:026SA250831:I:1,0,0,0,0,0,1,0,20250831,20251223
GNE:GOAO026:26:026SA250831:I:2,0,0,0,0,0,1,0,20250831,20251223
GNE:GOAO026:26:026SA250831:I:3,0,0,0,0,0,1,0,20250831,20251223
GNE:GOAO026:26:026SA250831:I:4,0,0,0,0,0,1,0,20250831,20251223
GNE:GOAO026:26:026SA250831:I:5,0,0,0,0,0,1,0,20250831,20251223
GNE:GOAO026:26:026SA250831:I:6,0,0,0,0,0,1,0,20250831,20251223
GNE:GOAO026:26:026SA250831:I:7,0,0,0,0,0,1,0,20250831,20251223
GNE:GOAO026:26:026SA250831:I:8,0,0,0,0,0,1,0,20250831,20251223
GNE:GOAO026:26:026SA250831:I:9,0,0,0,0,0,1,0,20250831,20251223
GNE:GOAO026:26:026SA250831:I:10,0,0,0,0,0,1,0,20250831,20251223
GNE:GOAO026:26:026SA250831:I:11,0,0,0,0,0,1,0,20250831,20251223
GNE:GOAO026:26:026SA250831:I:12,0,0,0,0,0,1,0,20250831,20251223
GNE:GOAO026:26:026SA250831:I:13,0,0,0,0,0,1,0,20250831,20251223
GNE:GOAO026:26:026SA250831:I:14,0,0,0,0,0,1,0,20250831,20251223
GNE:GOAO026:26:026SA250831:I:15,0,0,0,0,0,1,0,20250831,20251223
GNE:GOAO026:26:026SA250831:I:16,0,0,0,0,0,1,0,20250831,20251223
GNE:GOAO026:26:026SA250831:I:17,0,0,0,0,0,1,0,20250831,20251223
GNE:GOAO026:26:026SA250831:I:18,0,0,0,0,0,1,0,20250831,20251223
GNE:GOAO026:26:026SA250831:I:19,0,0,0,0,0,1,0,20250831,20251223
GNE:GOAO026:26:026SA250831:I:20,0,0,0,0,0,1,0,20250831,20251223
GNE:GOAO026:26:026SU250831:O:1,0,0,0,0,0,0,1,20250831,20251223
GNE:GOAO026:26:026SU250831:O:2,0,0,0,0,0,0,1,20250831,20251223
GNE:GOAO026:26:026SU250831:O:3,0,0,0,0,0,0,1,20250831,20251223
GNE:GOAO026:26:026SU250831:O:4,0,0,0,0,0,0,1,20250831,20251223
GNE:GOAO026:26:026SU250831:O:5,0,0,0,0,0,0,1,20250831,20251223
GNE:GOAO026:26:026SU250831:O:6,0,0,0,0,0,0,1,20250831,20251223
GNE:GOAO026:26:026SU250831:O:7,0,0,0,0,0,0,1,20250831,20251223
GNE:GOAO026:26:026SU250831:O:8,0,0,0,0,0,0,1,20250831,20251223
GNE:GOAO026:26:026SU250831:O:9,0,0,0,0,0,0,1,20250831,20251223
GNE:GOAO026:26:026SU250831:O:10,0,0,0,0,0,0,1,20250831,20251223
GNE:GOAO026:26:026SU250831:O:11,0,0,0,0,0,0,1,20250831,20251223
GNE:GOAO026:26:026SU250831:O:12,0,0,0,0,0,0,1,20250831,20251223
GNE:GOAO026:26:026SU250831:O:13,0,0,0,0,0,0,1,20250831,20251223
GNE:GOAO026:26:026SU250831:O:14,0,0,0,0,0,0,1,20250831,20251223
GNE:GOAO026:26:026SU250831:O:15,0,0,0,0,0,0,1,20250831,20251223
GNE:GOAO026:26:026SU250831:O:16,0,0,0,0,0,0,1,20250831,20251223
GNE:GOAO026:26:026SU250831:O:17,0,0,0,0,0,0,1,20250831,20251223
GNE:GOAO026:26:026SU250831:O:18,0,0,0,0,0,0,1,20250831,20251223
GNE:GOAO026:26:026SU250831:O:19,0,0,0,0,0,0,1,20250831,20251223
GNE:GOAO026:26:026SU250831:I:1,0,0,0,0,0,0,1,20250831,20251223
GNE:GOAO026:26:026SU250831:I:2,0,0,0,0,0,0,1,20250831,20251223
GNE:GOAO026:26:026SU250831:I:3,0,0,0,0,0,0,1,20250831,20251223
GNE:GOAO026:26:026SU250831:I:4,0,0,0,0,0,0,1,20250831,20251223
GNE:GOAO026:26:026SU250831:I:5,0,0,0,0,0,0,1,20250831,20251223
GNE:GOAO026:26:026SU250831:I:6,0,0,0,0,0,0,1,20250831,20251223
GNE:GOAO026:26:026SU250831:I:7,0,0,0,0,0,0,1,20250831,20251223
GNE:GOAO026:26:026SU250831:I:8,0,0,0,0,0,0,1,20250831,20251223
GNE:GOAO026:26:026SU250831:I:9,0,0,0,0,0,0,1,20250831,20251223
GNE:GOAO026:26:026SU250831:I:10,0,0,0,0,0,0,1,20250831,20251223
GNE:GOAO026:26:026SU250831:I:11,0,0,0,0,0,0,1,20250831,20251223
GNE:GOAO026:26:026SU250831:I:12,0,0,0,0,0,0,1,20250831,20251223
GNE:GOAO026:26:026SU250831:I:13,0,0,0,0,0,0,1,20250831,20251223
GNE:GOAO026:26:026SU250831:I:14,0,0,0,0,0,0,1,20250831,20251223
GNE:GOAO026:26:026SU250831:I:15,0,0,0,0,0,0,1,20250831,20251223
GNE:GOAO026:26:026SU250831:I:16,0,0,0,0,0,0,1,20250831,20251223
GNE:GOAO026:26:026SU250831:I:17,0,0,0,0,0,0,1,20250831,20251223
GNE:GOAO026:26:026SU250831:I:18,0,0,0,0,0,0,1,20250831,20251223
GNE:GOAO027:27:027MF250831:O:1,1,1,1,1,1,0,0,20250831,20251223
GNE:GOAO027:27:027MF250831:O:2,1,1,1,1,1,0,0,20250831,20251223
GNE:GOAO027:27:027MF250831:O:3,1,1,1,1,1,0,0,20250831,20251223
GNE:GOAO027:27:027MF250831:O:4,1,1,1,1,1,0,0,20250831,20251223
GNE:GOAO027:27:027MF250831:O:5,1,1,1,1,1,0,0,20250831,20251223
GNE:GOAO027:27:027MF250831:O:6,1,1,1,1,1,0,0,20250831,20251223
GNE:GOAO027:27:027MF250831:O:7,1,1,1,1,1,0,0,20250831,20251223
GNE:GOAO027:27:027MF250831:O:8,1,1,1,1,1,0,0,20250831,20251223
GNE:GOAO027:27:027MF250831:O:9,1,1,1,1,1,0,0,20250831,20251223
GNE:GOAO027:27:027MF250831:O:10,1,1,1,1,1,0,0,20250831,20251223
GNE:GOAO027:27:027MF250831:O:11,1,1,1,1,1,0,0,20250831,20251223
GNE:GOAO027:27:027MF250831:O:12,1,1,1,1,1,0,0,20250831,20251223
GNE:GOAO027:27:027MF250831:O:13,1,1,1,1,1,0,0,20250831,20251223
GNE:GOAO027:27:027MF250831:O:14,1,1,1,1,1,0,0,20250831,20251223
GNE:GOAO027:27:027MF250831:O:15,1,1,1,1,1,0,0,20250831,20251223
GNE:GOAO027:27:027MF250831:O:16,1,1,1,1,1,0,0,20250831,20251223
GNE:GOAO027:27:027MF250831:O:17,1,1,1,1,1,0,0,20250831,20251223
GNE:GOAO027:27:027MF250831:O:18,1,1,1,1,1,0,0,20250831,20251223
GNE:GOAO027:27:027MF250831:O:19,1,1,1,1,1,0,0,20250831,20251223
GNE:GOAO027:27:027MF250831:O:20,1,1,1,1,1,0,0,20250831,20251223
GNE:GOAO027:27:027MF250831:O:21,1,1,1,1,1,0,0,20250831,20251223
GNE:GOAO027:27:027MF250831:O:22,1,1,1,1,1,0,0,20250831,20251223
GNE:GOAO027:27:027MF250831:O:23,1,1,1,1,1,0,0,20250831,20251223
GNE:GOAO027:27:027MF250831:O:24,1,1,1,1,1,0,0,20250831,20251223
GNE:GOAO027:27:027MF250831:O:25,1,1,1,1,1,0,0,20250831,20251223
GNE:GOAO027:27:027MF250831:O:26,1,1,1,1,1,0,0,20250831,20251223
GNE:GOAO027:27:027MF250831:O:27,1,1,1,1,1,0,0,20250831,20251223
GNE:GOAO027:27:027MF250831:O:28,1,1,1,1,1,0,0,20250831,20251223
GNE:GOAO027:27:027MF250831:O:29,1,1,1,1,1,0,0,20250831,20251223
GNE:GOAO027:27:027MF250831:O:30,1,1,1,1,1,0,0,20250831,20251223
GNE:GOAO027:27:027MF250831:O:31,1,1,1,1,1,0,0,20250831,20251223
GNE:GOAO027:27:027MF250831:O:32,1,1,1,1,1,0,0,20250831,20251223
GNE:GOAO027:27:027MF250831:O:33,1,1,1,1,1,0,0,20250831,20251223
GNE:GOAO027:27:027MF250831:O:34,1,1,1,1,1,0,0,20250831,20251223
GNE:GOAO027:27:027MF250831:O:35,1,1,1,1,1,0,0,20250831,20251223
GNE:GOAO027:27:027MF250831:O:36,1,1,1,1,1,0,0,20250831,20251223
GNE:GOAO027:27:027MF250831:O:37,1,1,1,1,1,0,0,20250831,20251223
GNE:GOAO027:27:027MF250831:O:38,1,1,1,1,1,0,0,20250831,20251223
GNE:GOAO027:27:027MF250831:O:39,1,1,1,1,1,0,0,20250831,20251223
GNE:GOAO027:27:027MF250831:O:40,1,1,1,1,1,0,0,20250831,20251223
GNE:GOAO027:27:027MF250831:O:41,1,1,1,1,1,0,0,20250831,20251223
GNE:GOAO027:27:027MF250831:O:42,1,1,1,1,1,0,0,20250831,20251223
GNE:GOAO027:27:027MF250831:O:43,1,1,1,1,1,0,0,20250831,20251223
GNE:GOAO027:27:027MF250831:O:44,1,1,1,1,1,0,0,20250831,20251223
GNE:GOAO027:27:027MF250831:O:45,1,1,1,1,1,0,0,20250831,20251223
GNE:GOAO027:27:027MF250831:O:46,1,1,1,1,1,0,0,20250831,20251223
GNE:GOAO027:27:027MF250831:O:47,1,1,1,1,1,0,0,20250831,20251223
GNE:GOAO027:27:027MF250831:O:48,1,1,1,1,1,0,0,20250831,20251223
GNE:GOAO027:27:027MF250831:O:49,1,1,1,1,1,0,0,20250831,20251223
GNE:GOAO027:27:027MF250831:O:50,1,1,1,1,1,0,0,20250831,20251223
GNE:GOAO027:27:027MF250831:O:51,1,1,1,1,1,0,0,20250831,20251223
GNE:GOAO027:27:027MF250831:O:52,1,1,1,1,1,0,0,20250831,20251223
GNE:GOAO027:27:027MF250831:O:53,1,1,1,1,1,0,0,20250831,20251223
GNE:GOAO027:27:027MF250831:O:54,1,1,1,1,1,0,0,20250831,20251223
GNE:GOAO027:27:027MF250831:O:55,1,1,1,1,1,0,0,20250831,20251223
GNE:GOAO027:27:027MF250831:O:56,1,1,1,1,1,0,0,20250831,20251223
GNE:GOAO027:27:027MF250831:O:57,1,1,1,1,1,0,0,20250831,20251223
GNE:GOAO027:27:027MF250831:O:58,1,1,1,1,1,0,0,20250831,20251223
GNE:GOAO027:27:027MF250831:O:59,1,1,1,1,1,0,0,20250831,20251223
GNE:GOAO027:27:027MF250831:O:60,1,1,1,1,1,0,0,20250831,20251223
GNE:GOAO027:27:027MF250831:O:61,1,1,1,1,1,0,0,20250831,20251223
GNE:GOAO027:27:027MF250831:I:1,1,1,1,1,1,0,0,20250831,20251223
GNE:GOAO027:27:027MF250831:I:2,1,1,1,1,1,0,0,20250831,20251223
GNE:GOAO027:27:027MF250831:I:3,1,1,1,1,1,0,0,20250831,20251223
GNE:GOAO027:27:027MF250831:I:4,1,1,1,1,1,0,0,20250831,20251223
GNE:GOAO027:27:027MF250831:I:5,1,1,1,1,1,0,0,20250831,20251223
GNE:GOAO027:27:027MF250831:I:6,1,1,1,1,1,0,0,20250831,20251223
GNE:GOAO027:27:027MF250831:I:7,1,1,1,1,1,0,0,20250831,20251223
GNE:GOAO027:27:027MF250831:I:8,1,1,1,1,1,0,0,20250831,20251223
GNE:GOAO027:27:027MF250831:I:9,1,1,1,1,1,0,0,20250831,20251223
GNE:GOAO027:27:027MF250831:I:10,1,1,1,1,1,0,0,20250831,20251223
GNE:GOAO027:27:027MF250831:I:11,1,1,1,1,1,0,0,20250831,20251223
GNE:GOAO027:27:027MF250831:I:12,1,1,1,1,1,0,0,20250831,20251223
GNE:GOAO027:27:027MF250831:I:13,1,1,1,1,1,0,0,20250831,20251223
GNE:GOAO027:27:027MF250831:I:14,1,1,1,1,1,0,0,20250831,20251223
GNE:GOAO027:27:027MF250831:I:15,1,1,1,1,1,0,0,20250831,20251223
GNE:GOAO027:27:027MF250831:I:16,1,1,1,1,1,0,0,20250831,20251223
GNE:GOAO027:27:027MF250831:I:17,1,1,1,1,1,0,0,20250831,20251223
GNE:GOAO027:27:027MF250831:I:18,1,1,1,1,1,0,0,20250831,20251223
GNE:GOAO027:27:027MF250831:I:19,1,1,1,1,1,0,0,20250831,20251223
GNE:GOAO027:27:027MF250831:I:20,1,1,1,1,1,0,0,20250831,20251223
GNE:GOAO027:27:027MF250831:I:21,1,1,1,1,1,0,0,20250831,20251223
GNE:GOAO027:27:027MF250831:I:22,1,1,1,1,1,0,0,20250831,20251223
GNE:GOAO027:27:027MF250831:I:23,1,1,1,1,1,0,0,20250831,20251223
GNE:GOAO027:27:027MF250831:I:24,1,1,1,1,1,0,0,20250831,20251223
GNE:GOAO027:27:027MF250831:I:25,1,1,1,1,1,0,0,20250831,20251223
GNE:GOAO027:27:027MF250831:I:26,1,1,1,1,1,0,0,20250831,20251223
GNE:GOAO027:27:027MF250831:I:27,1,1,1,1,1,0,0,20250831,20251223
GNE:GOAO027:27:027MF250831:I:28,1,1,1,1,1,0,0,20250831,20251223
GNE:GOAO027:27:027MF250831:I:29,1,1,1,1,1,0,0,20250831,20251223
GNE:GOAO027:27:027MF250831:I:30,1,1,1,1,1,0,0,20250831,20251223
GNE:GOAO027:27:027MF250831:I:31,1,1,1,1,1,0,0,20250831,20251223
GNE:GOAO027:27:027MF250831:I:32,1,1,1,1,1,0,0,20250831,20251223
GNE:GOAO027:27:027MF250831:I:33,1,1,1,1,1,0,0,20250831,20251223
GNE:GOAO027:27:027MF250831:I:34,1,1,1,1,1,0,0,20250831,20251223
GNE:GOAO027:27:027MF250831:I:35,1,1,1,1,1,0,0,20250831,20251223
GNE:GOAO027:27:027MF250831:I:36,1,1,1,1,1,0,0,20250831,20251223
GNE:GOAO027:27:027MF250831:I:37,1,1,1,1,1,0,0,20250831,20251223
GNE:GOAO027:27:027MF250831:I:38,1,1,1,1,1,0,0,20250831,20251223
GNE:GOAO027:27:027MF250831:I:39,1,1,1,1,1,0,0,20250831,20251223
GNE:GOAO027:27:027MF250831:I:40,1,1,1,1,1,0,0,20250831,20251223
GNE:GOAO027:27:027MF250831:I:41,1,1,1,1,1,0,0,20250831,20251223
GNE:GOAO027:27:027MF250831:I:42,1,1,1,1,1,0,0,20250831,20251223
GNE:GOAO027:27:027MF250831:I:43,1,1,1,1,1,0,0,20250831,20251223
GNE:GOAO027:27:027MF250831:I:44,1,1,1,1,1,0,0,20250831,20251223
GNE:GOAO027:27:027MF250831:I:45,1,1,1,1,1,0,0,20250831,20251223
GNE:GOAO027:27:027MF250831:I:46,1,1,1,1,1,0,0,20250831,20251223
GNE:GOAO027:27:027MF250831:I:47,1,1,1,1,1,0,0,20250831,20251223
GNE:GOAO027:27:027MF250831:I:48,1,1,1,1,1,0,0,20250831,20251223
GNE:GOAO027:27:027MF250831:I:49,1,1,1,1,1,0,0,20250831,20251223
GNE:GOAO027:27:027MF250831:I:50,1,1,1,1,1,0,0,20250831,20251223
GNE:GOAO027:27:027MF250831:I:51,1,1,1,1,1,0,0,20250831,20251223
GNE:GOAO027:27:027MF250831:I:52,1,1,1,1,1,0,0,20250831,20251223
GNE:GOAO027:27:027MF250831:I:53,1,1,1,1,1,0,0,20250831,20251223
GNE:GOAO027:27:027MF250831:I:54,1,1,1,1,1,0,0,20250831,20251223
GNE:GOAO027:27:027MF250831:I:55,1,1,1,1,1,0,0,20250831,20251223
GNE:GOAO027:27:027MF250831:I:56,1,1,1,1,1,0,0,20250831,20251223
GNE:GOAO027:27:027MF250831:I:57,1,1,1,1,1,0,0,20250831,20251223
GNE:GOAO027:27:027MF250831:I:58,1,1,1,1,1,0,0,20250831,20251223
GNE:GOAO027:27:027MF250831:I:59,1,1,1,1,1,0,0,20250831,20251223
GNE:GOAO027:27:027MF250831:I:60,1,1,1,1,1,0,0,20250831,20251223
GNE:GOAO027:27:027MF250831:I:61,1,1,1,1,1,0,0,20250831,20251223
GNE:GOAO027:27:027MF250831:I:62,1,1,1,1,1,0,0,20250831,20251223
GNE:GOAO027:27:027MF250831:I:63,1,1,1,1,1,0,0,20250831,20251223
GNE:GOAO027:27:027SA250831:O:1,0,0,0,0,0,1,0,20250831,20251223
GNE:GOAO027:27:027SA250831:O:2,0,0,0,0,0,1,0,20250831,20251223
GNE:GOAO027:27:027SA250831:O:3,0,0,0,0,0,1,0,20250831,20251223
GNE:GOAO027:27:027SA250831:O:4,0,0,0,0,0,1,0,20250831,20251223
GNE:GOAO027:27:027SA250831:O:5,0,0,0,0,0,1,0,20250831,20251223
GNE:GOAO027:27:027SA250831:O:6,0,0,0,0,0,1,0,20250831,20251223
GNE:GOAO027:27:027SA250831:O:7,0,0,0,0,0,1,0,20250831,20251223
GNE:GOAO027:27:027SA250831:O:8,0,0,0,0,0,1,0,20250831,20251223
GNE:GOAO027:27:027SA250831:O:9,0,0,0,0,0,1,0,20250831,20251223
GNE:GOAO027:27:027SA250831:O:10,0,0,0,0,0,1,0,20250831,20251223
GNE:GOAO027:27:027SA250831:O:11,0,0,0,0,0,1,0,20250831,20251223
GNE:GOAO027:27:027SA250831:O:12,0,0,0,0,0,1,0,20250831,20251223
GNE:GOAO027:27:027SA250831:O:13,0,0,0,0,0,1,0,20250831,20251223
GNE:GOAO027:27:027SA250831:O:14,0,0,0,0,0,1,0,20250831,20251223
GNE:GOAO027:27:027SA250831:O:15,0,0,0,0,0,1,0,20250831,20251223
GNE:GOAO027:27:027SA250831:O:16,0,0,0,0,0,1,0,20250831,20251223
GNE:GOAO027:27:027SA250831:O:17,0,0,0,0,0,1,0,20250831,20251223
GNE:GOAO027:27:027SA250831:O:18,0,0,0,0,0,1,0,20250831,20251223
GNE:GOAO027:27:027SA250831:O:19,0,0,0,0,0,1,0,20250831,20251223
GNE:GOAO027:27:027SA250831:O:20,0,0,0,0,0,1,0,20250831,20251223
GNE:GOAO027:27:027SA250831:O:21,0,0,0,0,0,1,0,20250831,20251223
GNE:GOAO027:27:027SA250831:O:22,0,0,0,0,0,1,0,20250831,20251223
GNE:GOAO027:27:027SA250831:O:23,0,0,0,0,0,1,0,20250831,20251223
GNE:GOAO027:27:027SA250831:O:24,0,0,0,0,0,1,0,20250831,20251223
GNE:GOAO027:27:027SA250831:O:25,0,0,0,0,0,1,0,20250831,20251223
GNE:GOAO027:27:027SA250831:O:26,0,0,0,0,0,1,0,20250831,20251223
GNE:GOAO027:27:027SA250831:O:27,0,0,0,0,0,1,0,20250831,20251223
GNE:GOAO027:27:027SA250831:O:28,0,0,0,0,0,1,0,20250831,20251223
GNE:GOAO027:27:027SA250831:O:29,0,0,0,0,0,1,0,20250831,20251223
GNE:GOAO027:27:027SA250831:O:30,0,0,0,0,0,1,0,20250831,20251223
GNE:GOAO027:27:027SA250831:O:31,0,0,0,0,0,1,0,20250831,20251223
GNE:GOAO027:27:027SA250831:O:32,0,0,0,0,0,1,0,20250831,20251223
GNE:GOAO027:27:027SA250831:O:33,0,0,0,0,0,1,0,20250831,20251223
GNE:GOAO027:27:027SA250831:O:34,0,0,0,0,0,1,0,20250831,20251223
GNE:GOAO027:27:027SA250831:O:35,0,0,0,0,0,1,0,20250831,20251223
GNE:GOAO027:27:027SA250831:O:36,0,0,0,0,0,1,0,20250831,20251223
GNE:GOAO027:27:027SA250831:O:37,0,0,0,0,0,1,0,20250831,20251223
GNE:GOAO027:27:027SA250831:O:38,0,0,0,0,0,1,0,20250831,20251223
GNE:GOAO027:27:027SA250831:O:39,0,0,0,0,0,1,0,20250831,20251223
GNE:GOAO027:27:027SA250831:O:40,0,0,0,0,0,1,0,20250831,20251223
GNE:GOAO027:27:027SA250831:O:41,0,0,0,0,0,1,0,20250831,20251223
GNE:GOAO027:27:027SA250831:O:42,0,0,0,0,0,1,0,20250831,20251223
GNE:GOAO027:27:027SA250831:O:43,0,0,0,0,0,1,0,20250831,20251223
GNE:GOAO027:27:027SA250831:O:44,0,0,0,0,0,1,0,20250831,20251223
GNE:GOAO027:27:027SA250831:O:45,0,0,0,0,0,1,0,20250831,20251223
GNE:GOAO027:27:027SA250831:O:46,0,0,0,0,0,1,0,20250831,20251223
GNE:GOAO027:27:027SA250831:O:47,0,0,0,0,0,1,0,20250831,20251223
GNE:GOAO027:27:027SA250831:O:48,0,0,0,0,0,1,0,20250831,20251223
GNE:GOAO027:27:027SA250831:O:49,0,0,0,0,0,1,0,20250831,20251223
GNE:GOAO027:27:027SA250831:O:50,0,0,0,0,0,1,0,20250831,20251223
GNE:GOAO027:27:027SA250831:O:51,0,0,0,0,0,1,0,20250831,20251223
GNE:GOAO027:27:027SA250831:O:52,0,0,0,0,0,1,0,20250831,20251223
GNE:GOAO027:27:027SA250831:O:53,0,0,0,0,0,1,0,20250831,20251223
GNE:GOAO027:27:027SA250831:O:54,0,0,0,0,0,1,0,20250831,20251223
GNE:GOAO027:27:027SA250831:O:55,0,0,0,0,0,1,0,20250831,20251223
GNE:GOAO027:27:027SA250831:O:56,0,0,0,0,0,1,0,20250831,20251223
GNE:GOAO027:27:027SA250831:O:57,0,0,0,0,0,1,0,20250831,20251223
GNE:GOAO027:27:027SA250831:O:58,0,0,0,0,0,1,0,20250831,20251223
GNE:GOAO027:27:027SA250831:I:1,0,0,0,0,0,1,0,20250831,20251223
GNE:GOAO027:27:027SA250831:I:2,0,0,0,0,0,1,0,20250831,20251223
GNE:GOAO027:27:027SA250831:I:3,0,0,0,0,0,1,0,20250831,20251223
GNE:GOAO027:27:027SA250831:I:4,0,0,0,0,0,1,0,20250831,20251223
GNE:GOAO027:27:027SA250831:I:5,0,0,0,0,0,1,0,20250831,20251223
GNE:GOAO027:27:027SA250831:I:6,0,0,0,0,0,1,0,20250831,20251223
GNE:GOAO027:27:027SA250831:I:7,0,0,0,0,0,1,0,20250831,20251223
GNE:GOAO027:27:027SA250831:I:8,0,0,0,0,0,1,0,20250831,20251223
GNE:GOAO027:27:027SA250831:I:9,0,0,0,0,0,1,0,20250831,20251223
GNE:GOAO027:27:027SA250831:I:10,0,0,0,0,0,1,0,20250831,20251223
GNE:GOAO027:27:027SA250831:I:11,0,0,0,0,0,1,0,20250831,20251223
GNE:GOAO027:27:027SA250831:I:12,0,0,0,0,0,1,0,20250831,20251223
GNE:GOAO027:27:027SA250831:I:13,0,0,0,0,0,1,0,20250831,20251223
GNE:GOAO027:27:027SA250831:I:14,0,0,0,0,0,1,0,20250831,20251223
GNE:GOAO027:27:027SA250831:I:15,0,0,0,0,0,1,0,20250831,20251223
GNE:GOAO027:27:027SA250831:I:16,0,0,0,0,0,1,0,20250831,20251223
GNE:GOAO027:27:027SA250831:I:17,0,0,0,0,0,1,0,20250831,20251223
GNE:GOAO027:27:027SA250831:I:18,0,0,0,0,0,1,0,20250831,20251223
GNE:GOAO027:27:027SA250831:I:19,0,0,0,0,0,1,0,20250831,20251223
GNE:GOAO027:27:027SA250831:I:20,0,0,0,0,0,1,0,20250831,20251223
GNE:GOAO027:27:027SA250831:I:21,0,0,0,0,0,1,0,20250831,20251223
GNE:GOAO027:27:027SA250831:I:22,0,0,0,0,0,1,0,20250831,20251223
GNE:GOAO027:27:027SA250831:I:23,0,0,0,0,0,1,0,20250831,20251223
GNE:GOAO027:27:027SA250831:I:24,0,0,0,0,0,1,0,20250831,20251223
GNE:GOAO027:27:027SA250831:I:25,0,0,0,0,0,1,0,20250831,20251223
GNE:GOAO027:27:027SA250831:I:26,0,0,0,0,0,1,0,20250831,20251223
GNE:GOAO027:27:027SA250831:I:27,0,0,0,0,0,1,0,20250831,20251223
GNE:GOAO027:27:027SA250831:I:28,0,0,0,0,0,1,0,20250831,20251223
GNE:GOAO027:27:027SA250831:I:29,0,0,0,0,0,1,0,20250831,20251223
GNE:GOAO027:27:027SA250831:I:30,0,0,0,0,0,1,0,20250831,20251223
GNE:GOAO027:27:027SA250831:I:31,0,0,0,0,0,1,0,20250831,20251223
GNE:GOAO027:27:027SA250831:I:32,0,0,0,0,0,1,0,20250831,20251223
GNE:GOAO027:27:027SA250831:I:33,0,0,0,0,0,1,0,20250831,20251223
GNE:GOAO027:27:027SA250831:I:34,0,0,0,0,0,1,0,20250831,20251223
GNE:GOAO027:27:027SA250831:I:35,0,0,0,0,0,1,0,20250831,20251223
GNE:GOAO027:27:027SA250831:I:36,0,0,0,0,0,1,0,20250831,20251223
GNE:GOAO027:27:027SA250831:I:37,0,0,0,0,0,1,0,20250831,20251223
GNE:GOAO027:27:027SA250831:I:38,0,0,0,0,0,1,0,20250831,20251223
GNE:GOAO027:27:027SA250831:I:39,0,0,0,0,0,1,0,20250831,20251223
GNE:GOAO027:27:027SA250831:I:40,0,0,0,0,0,1,0,20250831,20251223
GNE:GOAO027:27:027SA250831:I:41,0,0,0,0,0,1,0,20250831,20251223
GNE:GOAO027:27:027SA250831:I:42,0,0,0,0,0,1,0,20250831,20251223
GNE:GOAO027:27:027SA250831:I:43,0,0,0,0,0,1,0,20250831,20251223
GNE:GOAO027:27:027SA250831:I:44,0,0,0,0,0,1,0,20250831,20251223
GNE:GOAO027:27:027SA250831:I:45,0,0,0,0,0,1,0,20250831,20251223
GNE:GOAO027:27:027SA250831:I:46,0,0,0,0,0,1,0,20250831,20251223
GNE:GOAO027:27:027SA250831:I:47,0,0,0,0,0,1,0,20250831,20251223
GNE:GOAO027:27:027SA250831:I:48,0,0,0,0,0,1,0,20250831,20251223
GNE:GOAO027:27:027SA250831:I:49,0,0,0,0,0,1,0,20250831,20251223
GNE:GOAO027:27:027SA250831:I:50,0,0,0,0,0,1,0,20250831,20251223
GNE:GOAO027:27:027SA250831:I:51,0,0,0,0,0,1,0,20250831,20251223
GNE:GOAO027:27:027SA250831:I:52,0,0,0,0,0,1,0,20250831,20251223
GNE:GOAO027:27:027SA250831:I:53,0,0,0,0,0,1,0,20250831,20251223
GNE:GOAO027:27:027SA250831:I:54,0,0,0,0,0,1,0,20250831,20251223
GNE:GOAO027:27:027SA250831:I:55,0,0,0,0,0,1,0,20250831,20251223
GNE:GOAO027:27:027SA250831:I:56,0,0,0,0,0,1,0,20250831,20251223
GNE:GOAO027:27:027SU250831:O:1,0,0,0,0,0,0,1,20250831,20251223
GNE:GOAO027:27:027SU250831:O:2,0,0,0,0,0,0,1,20250831,20251223
GNE:GOAO027:27:027SU250831:O:3,0,0,0,0,0,0,1,20250831,20251223
GNE:GOAO027:27:027SU250831:O:4,0,0,0,0,0,0,1,20250831,20251223
GNE:GOAO027:27:027SU250831:O:5,0,0,0,0,0,0,1,20250831,20251223
GNE:GOAO027:27:027SU250831:O:6,0,0,0,0,0,0,1,20250831,20251223
GNE:GOAO027:27:027SU250831:O:7,0,0,0,0,0,0,1,20250831,20251223
GNE:GOAO027:27:027SU250831:O:8,0,0,0,0,0,0,1,20250831,20251223
GNE:GOAO027:27:027SU250831:O:9,0,0,0,0,0,0,1,20250831,20251223
GNE:GOAO027:27:027SU250831:O:10,0,0,0,0,0,0,1,20250831,20251223
GNE:GOAO027:27:027SU250831:O:11,0,0,0,0,0,0,1,20250831,20251223
GNE:GOAO027:27:027SU250831:O:12,0,0,0,0,0,0,1,20250831,20251223
GNE:GOAO027:27:027SU250831:O:13,0,0,0,0,0,0,1,20250831,20251223
GNE:GOAO027:27:027SU250831:O:14,0,0,0,0,0,0,1,20250831,20251223
GNE:GOAO027:27:027SU250831:O:15,0,0,0,0,0,0,1,20250831,20251223
GNE:GOAO027:27:027SU250831:O:16,0,0,0,0,0,0,1,20250831,20251223
GNE:GOAO027:27:027SU250831:O:17,0,0,0,0,0,0,1,20250831,20251223
GNE:GOAO027:27:027SU250831:O:18,0,0,0,0,0,0,1,20250831,20251223
GNE:GOAO027:27:027SU250831:O:19,0,0,0,0,0,0,1,20250831,20251223
GNE:GOAO027:27:027SU250831:O:20,0,0,0,0,0,0,1,20250831,20251223
GNE:GOAO027:27:027SU250831:O:21,0,0,0,0,0,0,1,20250831,20251223
GNE:GOAO027:27:027SU250831:O:22,0,0,0,0,0,0,1,20250831,20251223
GNE:GOAO027:27:027SU250831:O:23,0,0,0,0,0,0,1,20250831,20251223
GNE:GOAO027:27:027SU250831:O:24,0,0,0,0,0,0,1,20250831,20251223
GNE:GOAO027:27:027SU250831:O:25,0,0,0,0,0,0,1,20250831,20251223
GNE:GOAO027:27:027SU250831:O:26,0,0,0,0,0,0,1,20250831,20251223
GNE:GOAO027:27:027SU250831:O:27,0,0,0,0,0,0,1,20250831,20251223
GNE:GOAO027:27:027SU250831:O:28,0,0,0,0,0,0,1,20250831,20251223
GNE:GOAO027:27:027SU250831:O:29,0,0,0,0,0,0,1,20250831,20251223
GNE:GOAO027:27:027SU250831:O:30,0,0,0,0,0,0,1,20250831,20251223
GNE:GOAO027:27:027SU250831:O:31,0,0,0,0,0,0,1,20250831,20251223
GNE:GOAO027:27:027SU250831:O:32,0,0,0,0,0,0,1,20250831,20251223
GNE:GOAO027:27:027SU250831:O:33,0,0,0,0,0,0,1,20250831,20251223
GNE:GOAO027:27:027SU250831:O:34,0,0,0,0,0,0,1,20250831,20251223
GNE:GOAO027:27:027SU250831:O:35,0,0,0,0,0,0,1,20250831,20251223
GNE:GOAO027:27:027SU250831:O:36,0,0,0,0,0,0,1,20250831,20251223
GNE:GOAO027:27:027SU250831:O:37,0,0,0,0,0,0,1,20250831,20251223
GNE:GOAO027:27:027SU250831:O:38,0,0,0,0,0,0,1,20250831,20251223
GNE:GOAO027:27:027SU250831:O:39,0,0,0,0,0,0,1,20250831,20251223
GNE:GOAO027:27:027SU250831:O:40,0,0,0,0,0,0,1,20250831,20251223
GNE:GOAO027:27:027SU250831:O:41,0,0,0,0,0,0,1,20250831,20251223
GNE:GOAO027:27:027SU250831:O:42,0,0,0,0,0,0,1,20250831,20251223
GNE:GOAO027:27:027SU250831:O:43,0,0,0,0,0,0,1,20250831,20251223
GNE:GOAO027:27:027SU250831:O:44,0,0,0,0,0,0,1,20250831,20251223
GNE:GOAO027:27:027SU250831:I:1,0,0,0,0,0,0,1,20250831,20251223
GNE:GOAO027:27:027SU250831:I:2,0,0,0,0,0,0,1,20250831,20251223
GNE:GOAO027:27:027SU250831:I:3,0,0,0,0,0,0,1,20250831,20251223
GNE:GOAO027:27:027SU250831:I:4,0,0,0,0,0,0,1,20250831,20251223
GNE:GOAO027:27:027SU250831:I:5,0,0,0,0,0,0,1,20250831,20251223
GNE:GOAO027:27:027SU250831:I:6,0,0,0,0,0,0,1,20250831,20251223
GNE:GOAO027:27:027SU250831:I:7,0,0,0,0,0,0,1,20250831,20251223
GNE:GOAO027:27:027SU250831:I:8,0,0,0,0,0,0,1,20250831,20251223
GNE:GOAO027:27:027SU250831:I:9,0,0,0,0,0,0,1,20250831,20251223
GNE:GOAO027:27:027SU250831:I:10,0,0,0,0,0,0,1,20250831,20251223
GNE:GOAO027:27:027SU250831:I:11,0,0,0,0,0,0,1,20250831,20251223
GNE:GOAO027:27:027SU250831:I:12,0,0,0,0,0,0,1,20250831,20251223
GNE:GOAO027:27:027SU250831:I:13,0,0,0,0,0,0,1,20250831,20251223
GNE:GOAO027:27:027SU250831:I:14,0,0,0,0,0,0,1,20250831,20251223
GNE:GOAO027:27:027SU250831:I:15,0,0,0,0,0,0,1,20250831,20251223
GNE:GOAO027:27:027SU250831:I:16,0,0,0,0,0,0,1,20250831,20251223
GNE:GOAO027:27:027SU250831:I:17,0,0,0,0,0,0,1,20250831,20251223
GNE:GOAO027:27:027SU250831:I:18,0,0,0,0,0,0,1,20250831,20251223
GNE:GOAO027:27:027SU250831:I:19,0,0,0,0,0,0,1,20250831,20251223
GNE:GOAO027:27:027SU250831:I:20,0,0,0,0,0,0,1,20250831,20251223
GNE:GOAO027:27:027SU250831:I:21,0,0,0,0,0,0,1,20250831,20251223
GNE:GOAO027:27:027SU250831:I:22,0,0,0,0,0,0,1,20250831,20251223
GNE:GOAO027:27:027SU250831:I:23,0,0,0,0,0,0,1,20250831,20251223
GNE:GOAO027:27:027SU250831:I:24,0,0,0,0,0,0,1,20250831,20251223
GNE:GOAO027:27:027SU250831:I:25,0,0,0,0,0,0,1,20250831,20251223
GNE:GOAO027:27:027SU250831:I:26,0,0,0,0,0,0,1,20250831,20251223
GNE:GOAO027:27:027SU250831:I:27,0,0,0,0,0,0,1,20250831,20251223
GNE:GOAO027:27:027SU250831:I:28,0,0,0,0,0,0,1,20250831,20251223
GNE:GOAO027:27:027SU250831:I:29,0,0,0,0,0,0,1,20250831,20251223
GNE:GOAO027:27:027SU250831:I:30,0,0,0,0,0,0,1,20250831,20251223
GNE:GOAO027:27:027SU250831:I:31,0,0,0,0,0,0,1,20250831,20251223
GNE:GOAO027:27:027SU250831:I:32,0,0,0,0,0,0,1,20250831,20251223
GNE:GOAO027:27:027SU250831:I:33,0,0,0,0,0,0,1,20250831,20251223
GNE:GOAO027:27:027SU250831:I:34,0,0,0,0,0,0,1,20250831,20251223
GNE:GOAO027:27:027SU250831:I:35,0,0,0,0,0,0,1,20250831,20251223
GNE:GOAO027:27:027SU250831:I:36,0,0,0,0,0,0,1,20250831,20251223
GNE:GOAO027:27:027SU250831:I:37,0,0,0,0,0,0,1,20250831,20251223
GNE:GOAO027:27:027SU250831:I:38,0,0,0,0,0,0,1,20250831,20251223
GNE:GOAO027:27:027SU250831:I:39,0,0,0,0,0,0,1,20250831,20251223
GNE:GOAO027:27:027SU250831:I:40,0,0,0,0,0,0,1,20250831,20251223
GNE:GOAO027:27:027SU250831:I:41,0,0,0,0,0,0,1,20250831,20251223
GNE:GOAO027:27:027SU250831:I:42,0,0,0,0,0,0,1,20250831,20251223
GNE:GOAO027:27:027SU250831:I:43,0,0,0,0,0,0,1,20250831,20251223
GNE:GOAO027:27:027SU250831:I:44,0,0,0,0,0,0,1,20250831,20251223
GNE:GOAO027:27:027SU250831:I:45,0,0,0,0,0,0,1,20250831,20251223
GNE:GOAO028:28:028MF250831:O:1,1,1,1,1,1,0,0,20250831,20251223
GNE:GOAO028:28:028MF250831:O:3,1,1,1,1,1,0,0,20250831,20251223
GNE:GOAO028:28:028MF250831:O:5,1,1,1,1,1,0,0,20250831,20251223
GNE:GOAO028:28:028MF250831:O:7,1,1,1,1,1,0,0,20250831,20251223
GNE:GOAO028:28:028MF250831:O:9,1,1,1,1,1,0,0,20250831,20251223
GNE:GOAO028:28:028MF250831:O:11,1,1,1,1,1,0,0,20250831,20251223
GNE:GOAO028:28:028MF250831:O:13,1,1,1,1,1,0,0,20250831,20251223
GNE:GOAO028:28:028MF250831:O:15,1,1,1,1,1,0,0,20250831,20251223
GNE:GOAO028:28:028MF250831:O:17,1,1,1,1,1,0,0,20250831,20251223
GNE:GOAO028:28:028MF250831:O:19,1,1,1,1,1,0,0,20250831,20251223
GNE:GOAO028:28:028MF250831:O:21,1,1,1,1,1,0,0,20250831,20251223
GNE:GOAO028:28:028MF250831:O:23,1,1,1,1,1,0,0,20250831,20251223
GNE:GOAO028:28:028MF250831:O:25,1,1,1,1,1,0,0,20250831,20251223
GNE:GOAO028:28:028MF250831:I:1,1,1,1,1,1,0,0,20250831,20251223
GNE:GOAO028:28:028MF250831:I:3,1,1,1,1,1,0,0,20250831,20251223
GNE:GOAO028:28:028MF250831:I:5,1,1,1,1,1,0,0,20250831,20251223
GNE:GOAO028:28:028MF250831:I:7,1,1,1,1,1,0,0,20250831,20251223
GNE:GOAO028:28:028MF250831:I:9,1,1,1,1,1,0,0,20250831,20251223
GNE:GOAO028:28:028MF250831:I:11,1,1,1,1,1,0,0,20250831,20251223
GNE:GOAO028:28:028MF250831:I:13,1,1,1,1,1,0,0,20250831,20251223
GNE:GOAO028:28:028MF250831:I:15,1,1,1,1,1,0,0,20250831,20251223
GNE:GOAO028:28:028MF250831:I:17,1,1,1,1,1,0,0,20250831,20251223
GNE:GOAO028:28:028MF250831:I:19,1,1,1,1,1,0,0,20250831,20251223
GNE:GOAO028:28:028MF250831:I:21,1,1,1,1,1,0,0,20250831,20251223
GNE:GOAO028:28:028MF250831:I:23,1,1,1,1,1,0,0,20250831,20251223
GNE:GOAO028:28:028MF250831:I:25,1,1,1,1,1,0,0,20250831,20251223
GNE:GOAO028:28:028SA250831:O:2,0,0,0,0,0,1,0,20250831,20251223
GNE:GOAO028:28:028SA250831:O:4,0,0,0,0,0,1,0,20250831,20251223
GNE:GOAO028:28:028SA250831:O:6,0,0,0,0,0,1,0,20250831,20251223
GNE:GOAO028:28:028SA250831:O:8,0,0,0,0,0,1,0,20250831,20251223
GNE:GOAO028:28:028SA250831:O:10,0,0,0,0,0,1,0,20250831,20251223
GNE:GOAO028:28:028SA250831:O:12,0,0,0,0,0,1,0,20250831,20251223
GNE:GOAO028:28:028SA250831:O:14,0,0,0,0,0,1,0,20250831,20251223
GNE:GOAO028:28:028SA250831:O:16,0,0,0,0,0,1,0,20250831,20251223
GNE:GOAO028:28:028SA250831:O:18,0,0,0,0,0,1,0,20250831,20251223
GNE:GOAO028:28:028SA250831:O:20,0,0,0,0,0,1,0,20250831,20251223
GNE:GOAO028:28:028SA250831:O:22,0,0,0,0,0,1,0,20250831,20251223
GNE:GOAO028:28:028SA250831:O:24,0,0,0,0,0,1,0,20250831,20251223
GNE:GOAO028:28:028SA250831:I:2,0,0,0,0,0,1,0,20250831,20251223
GNE:GOAO028:28:028SA250831:I:4,0,0,0,0,0,1,0,20250831,20251223
GNE:GOAO028:28:028SA250831:I:6,0,0,0,0,0,1,0,20250831,20251223
GNE:GOAO028:28:028SA250831:I:8,0,0,0,0,0,1,0,20250831,20251223
GNE:GOAO028:28:028SA250831:I:10,0,0,0,0,0,1,0,20250831,20251223
GNE:GOAO028:28:028SA250831:I:12,0,0,0,0,0,1,0,20250831,20251223
GNE:GOAO028:28:028SA250831:I:14,0,0,0,0,0,1,0,20250831,20251223
GNE:GOAO028:28:028SA250831:I:16,0,0,0,0,0,1,0,20250831,20251223
GNE:GOAO028:28:028SA250831:I:18,0,0,0,0,0,1,0,20250831,20251223
GNE:GOAO028:28:028SA250831:I:20,0,0,0,0,0,1,0,20250831,20251223
GNE:GOAO028:28:028SA250831:I:22,0,0,0,0,0,1,0,20250831,20251223
GNE:GOAO028:28:028SA250831:I:24,0,0,0,0,0,1,0,20250831,20251223
GNE:GOAO028:28:028SU250831:O:2,0,0,0,0,0,0,1,20250831,20251223
GNE:GOAO028:28:028SU250831:O:4,0,0,0,0,0,0,1,20250831,20251223
GNE:GOAO028:28:028SU250831:O:6,0,0,0,0,0,0,1,20250831,20251223
GNE:GOAO028:28:028SU250831:O:8,0,0,0,0,0,0,1,20250831,20251223
GNE:GOAO028:28:028SU250831:O:10,0,0,0,0,0,0,1,20250831,20251223
GNE:GOAO028:28:028SU250831:O:12,0,0,0,0,0,0,1,20250831,20251223
GNE:GOAO028:28:028SU250831:O:14,0,0,0,0,0,0,1,20250831,20251223
GNE:GOAO028:28:028SU250831:O:16,0,0,0,0,0,0,1,20250831,20251223
GNE:GOAO028:28:028SU250831:O:18,0,0,0,0,0,0,1,20250831,20251223
GNE:GOAO028:28:028SU250831:I:1,0,0,0,0,0,0,1,20250831,20251223
GNE:GOAO028:28:028SU250831:I:3,0,0,0,0,0,0,1,20250831,20251223
GNE:GOAO028:28:028SU250831:I:5,0,0,0,0,0,0,1,20250831,20251223
GNE:GOAO028:28:028SU250831:I:7,0,0,0,0,0,0,1,20250831,20251223
GNE:GOAO028:28:028SU250831:I:9,0,0,0,0,0,0,1,20250831,20251223
GNE:GOAO028:28:028SU250831:I:11,0,0,0,0,0,0,1,20250831,20251223
GNE:GOAO028:28:028SU250831:I:13,0,0,0,0,0,0,1,20250831,20251223
GNE:GOAO028:28:028SU250831:I:15,0,0,0,0,0,0,1,20250831,20251223
GNE:GOAO028:28:028SU250831:I:17,0,0,0,0,0,0,1,20250831,20251223
GNE:GOAO028:28:028SU250831:I:19,0,0,0,0,0,0,1,20250831,20251223
GNE:GOAO028B:28B:028MF250831:O:26,1,1,1,1,1,0,0,20250831,20251223
GNE:GOAO028B:28B:028MF250831:O:27,1,1,1,1,1,0,0,20250831,20251223
GNE:GOAO028B:28B:028MF250831:O:28,1,1,1,1,1,0,0,20250831,20251223
GNE:GOAO028B:28B:028MF250831:O:29,1,1,1,1,1,0,0,20250831,20251223
GNE:GOAO028B:28B:028MF250831:I:26,1,1,1,1,1,0,0,20250831,20251223
GNE:GOAO028B:28B:028MF250831:I:27,1,1,1,1,1,0,0,20250831,20251223
GNE:GOAO028B:28B:028MF250831:I:28,1,1,1,1,1,0,0,20250831,20251223
GNE:GOAO028B:28B:028MF250831:I:29,1,1,1,1,1,0,0,20250831,20251223
GNE:GOAO028B:28B:028MF250831:I:30,1,1,1,1,1,0,0,20250831,20251223
GNE:GOAO028B:28B:028MF250831:I:31,1,1,1,1,1,0,0,20250831,20251223
GNE:GOAO028B:28B:028SA250831:O:25,0,0,0,0,0,1,0,20250831,20251223
GNE:GOAO028B:28B:028SA250831:O:26,0,0,0,0,0,1,0,20250831,20251223
GNE:GOAO028B:28B:028SA250831:O:27,0,0,0,0,0,1,0,20250831,20251223
GNE:GOAO028B:28B:028SA250831:O:28,0,0,0,0,0,1,0,20250831,20251223
GNE:GOAO028B:28B:028SA250831:I:25,0,0,0,0,0,1,0,20250831,20251223
GNE:GOAO028B:28B:028SA250831:I:26,0,0,0,0,0,1,0,20250831,20251223
GNE:GOAO028B:28B:028SA250831:I:27,0,0,0,0,0,1,0,20250831,20251223
GNE:GOAO028B:28B:028SA250831:I:28,0,0,0,0,0,1,0,20250831,20251223
GNE:GOAO028B:28B:028SA250831:I:29,0,0,0,0,0,1,0,20250831,20251223
GNE:GOAO028B:28B:028SA250831:I:30,0,0,0,0,0,1,0,20250831,20251223
GNE:GOAO028B:28B:028SU250831:O:1,0,0,0,0,0,0,1,20250831,20251223
GNE:GOAO028B:28B:028SU250831:O:3,0,0,0,0,0,0,1,20250831,20251223
GNE:GOAO028B:28B:028SU250831:O:5,0,0,0,0,0,0,1,20250831,20251223
GNE:GOAO028B:28B:028SU250831:O:7,0,0,0,0,0,0,1,20250831,20251223
GNE:GOAO028B:28B:028SU250831:O:9,0,0,0,0,0,0,1,20250831,20251223
GNE:GOAO028B:28B:028SU250831:O:11,0,0,0,0,0,0,1,20250831,20251223
GNE:GOAO028B:28B:028SU250831:O:13,0,0,0,0,0,0,1,20250831,20251223
GNE:GOAO028B:28B:028SU250831:O:15,0,0,0,0,0,0,1,20250831,20251223
GNE:GOAO028B:28B:028SU250831:O:17,0,0,0,0,0,0,1,20250831,20251223
GNE:GOAO028B:28B:028SU250831:O:19,0,0,0,0,0,0,1,20250831,20251223
GNE:GOAO028B:28B:028SU250831:O:20,0,0,0,0,0,0,1,20250831,20251223
GNE:GOAO028B:28B:028SU250831:O:21,0,0,0,0,0,0,1,20250831,20251223
GNE:GOAO028B:28B:028SU250831:O:22,0,0,0,0,0,0,1,20250831,20251223
GNE:GOAO028B:28B:028SU250831:O:23,0,0,0,0,0,0,1,20250831,20251223
GNE:GOAO028B:28B:028SU250831:O:24,0,0,0,0,0,0,1,20250831,20251223
GNE:GOAO028B:28B:028SU250831:I:2,0,0,0,0,0,0,1,20250831,20251223
GNE:GOAO028B:28B:028SU250831:I:4,0,0,0,0,0,0,1,20250831,20251223
GNE:GOAO028B:28B:028SU250831:I:6,0,0,0,0,0,0,1,20250831,20251223
GNE:GOAO028B:28B:028SU250831:I:8,0,0,0,0,0,0,1,20250831,20251223
GNE:GOAO028B:28B:028SU250831:I:10,0,0,0,0,0,0,1,20250831,20251223
GNE:GOAO028B:28B:028SU250831:I:12,0,0,0,0,0,0,1,20250831,20251223
GNE:GOAO028B:28B:028SU250831:I:14,0,0,0,0,0,0,1,20250831,20251223
GNE:GOAO028B:28B:028SU250831:I:16,0,0,0,0,0,0,1,20250831,20251223
GNE:GOAO028B:28B:028SU250831:I:18,0,0,0,0,0,0,1,20250831,20251223
GNE:GOAO028B:28B:028SU250831:I:20,0,0,0,0,0,0,1,20250831,20251223
GNE:GOAO028B:28B:028SU250831:I:21,0,0,0,0,0,0,1,20250831,20251223
GNE:GOAO028B:28B:028SU250831:I:22,0,0,0,0,0,0,1,20250831,20251223
GNE:GOAO028B:28B:028SU250831:I:23,0,0,0,0,0,0,1,20250831,20251223
GNE:GOAO028B:28B:028SU250831:I:24,0,0,0,0,0,0,1,20250831,20251223
GNE:GOAO029:29:028MF250831:O:2,1,1,1,1,1,0,0,20250831,20251223
GNE:GOAO029:29:028MF250831:O:4,1,1,1,1,1,0,0,20250831,20251223
GNE:GOAO029:29:028MF250831:O:6,1,1,1,1,1,0,0,20250831,20251223
GNE:GOAO029:29:028MF250831:O:8,1,1,1,1,1,0,0,20250831,20251223
GNE:GOAO029:29:028MF250831:O:10,1,1,1,1,1,0,0,20250831,20251223
GNE:GOAO029:29:028MF250831:O:12,1,1,1,1,1,0,0,20250831,20251223
GNE:GOAO029:29:028MF250831:O:14,1,1,1,1,1,0,0,20250831,20251223
GNE:GOAO029:29:028MF250831:O:16,1,1,1,1,1,0,0,20250831,20251223
GNE:GOAO029:29:028MF250831:O:18,1,1,1,1,1,0,0,20250831,20251223
GNE:GOAO029:29:028MF250831:O:20,1,1,1,1,1,0,0,20250831,20251223
GNE:GOAO029:29:028MF250831:O:22,1,1,1,1,1,0,0,20250831,20251223
GNE:GOAO029:29:028MF250831:O:24,1,1,1,1,1,0,0,20250831,20251223
GNE:GOAO029:29:028MF250831:I:2,1,1,1,1,1,0,0,20250831,20251223
GNE:GOAO029:29:028MF250831:I:4,1,1,1,1,1,0,0,20250831,20251223
GNE:GOAO029:29:028MF250831:I:6,1,1,1,1,1,0,0,20250831,20251223
GNE:GOAO029:29:028MF250831:I:8,1,1,1,1,1,0,0,20250831,20251223
GNE:GOAO029:29:028MF250831:I:10,1,1,1,1,1,0,0,20250831,20251223
GNE:GOAO029:29:028MF250831:I:12,1,1,1,1,1,0,0,20250831,20251223
GNE:GOAO029:29:028MF250831:I:14,1,1,1,1,1,0,0,20250831,20251223
GNE:GOAO029:29:028MF250831:I:16,1,1,1,1,1,0,0,20250831,20251223
GNE:GOAO029:29:028MF250831:I:18,1,1,1,1,1,0,0,20250831,20251223
GNE:GOAO029:29:028MF250831:I:20,1,1,1,1,1,0,0,20250831,20251223
GNE:GOAO029:29:028MF250831:I:22,1,1,1,1,1,0,0,20250831,20251223
GNE:GOAO029:29:028MF250831:I:24,1,1,1,1,1,0,0,20250831,20251223
GNE:GOAO029:29:028SA250831:O:1,0,0,0,0,0,1,0,20250831,20251223
GNE:GOAO029:29:028SA250831:O:3,0,0,0,0,0,1,0,20250831,20251223
GNE:GOAO029:29:028SA250831:O:5,0,0,0,0,0,1,0,20250831,20251223
GNE:GOAO029:29:028SA250831:O:7,0,0,0,0,0,1,0,20250831,20251223
GNE:GOAO029:29:028SA250831:O:9,0,0,0,0,0,1,0,20250831,20251223
GNE:GOAO029:29:028SA250831:O:11,0,0,0,0,0,1,0,20250831,20251223
GNE:GOAO029:29:028SA250831:O:13,0,0,0,0,0,1,0,20250831,20251223
GNE:GOAO029:29:028SA250831:O:15,0,0,0,0,0,1,0,20250831,20251223
GNE:GOAO029:29:028SA250831:O:17,0,0,0,0,0,1,0,20250831,20251223
GNE:GOAO029:29:028SA250831:O:19,0,0,0,0,0,1,0,20250831,20251223
GNE:GOAO029:29:028SA250831:O:21,0,0,0,0,0,1,0,20250831,20251223
GNE:GOAO029:29:028SA250831:O:23,0,0,0,0,0,1,0,20250831,20251223
GNE:GOAO029:29:028SA250831:I:1,0,0,0,0,0,1,0,20250831,20251223
GNE:GOAO029:29:028SA250831:I:3,0,0,0,0,0,1,0,20250831,20251223
GNE:GOAO029:29:028SA250831:I:5,0,0,0,0,0,1,0,20250831,20251223
GNE:GOAO029:29:028SA250831:I:7,0,0,0,0,0,1,0,20250831,20251223
GNE:GOAO029:29:028SA250831:I:9,0,0,0,0,0,1,0,20250831,20251223
GNE:GOAO029:29:028SA250831:I:11,0,0,0,0,0,1,0,20250831,20251223
GNE:GOAO029:29:028SA250831:I:13,0,0,0,0,0,1,0,20250831,20251223
GNE:GOAO029:29:028SA250831:I:15,0,0,0,0,0,1,0,20250831,20251223
GNE:GOAO029:29:028SA250831:I:17,0,0,0,0,0,1,0,20250831,20251223
GNE:GOAO029:29:028SA250831:I:19,0,0,0,0,0,1,0,20250831,20251223
GNE:GOAO029:29:028SA250831:I:21,0,0,0,0,0,1,0,20250831,20251223
GNE:GOAO029:29:028SA250831:I:23,0,0,0,0,0,1,0,20250831,20251223
GNE:GOAO032:32:032MF250831:O:1,1,1,1,1,1,0,0,20250831,20251223
GNE:GOAO032:32:032MF250831:O:2,1,1,1,1,1,0,0,20250831,20251223
GNE:GOAO032:32:032MF250831:O:3,1,1,1,1,1,0,0,20250831,20251223
GNE:GOAO032:32:032MF250831:O:4,1,1,1,1,1,0,0,20250831,20251223
GNE:GOAO032:32:032MF250831:O:5,1,1,1,1,1,0,0,20250831,20251223
GNE:GOAO032:32:032MF250831:O:6,1,1,1,1,1,0,0,20250831,20251223
GNE:GOAO032:32:032MF250831:O:7,1,1,1,1,1,0,0,20250831,20251223
GNE:GOAO032:32:032MF250831:O:8,1,1,1,1,1,0,0,20250831,20251223
GNE:GOAO032:32:032MF250831:O:9,1,1,1,1,1,0,0,20250831,20251223
GNE:GOAO032:32:032MF250831:O:10,1,1,1,1,1,0,0,20250831,20251223
GNE:GOAO032:32:032MF250831:O:11,1,1,1,1,1,0,0,20250831,20251223
GNE:GOAO032:32:032MF250831:O:12,1,1,1,1,1,0,0,20250831,20251223
GNE:GOAO032:32:032MF250831:O:13,1,1,1,1,1,0,0,20250831,20251223
GNE:GOAO032:32:032MF250831:O:14,1,1,1,1,1,0,0,20250831,20251223
GNE:GOAO032:32:032MF250831:O:15,1,1,1,1,1,0,0,20250831,20251223
GNE:GOAO032:32:032MF250831:O:16,1,1,1,1,1,0,0,20250831,20251223
GNE:GOAO032:32:032MF250831:O:17,1,1,1,1,1,0,0,20250831,20251223
GNE:GOAO032:32:032MF250831:O:18,1,1,1,1,1,0,0,20250831,20251223
GNE:GOAO032:32:032MF250831:O:19,1,1,1,1,1,0,0,20250831,20251223
GNE:GOAO032:32:032MF250831:O:20,1,1,1,1,1,0,0,20250831,20251223
GNE:GOAO032:32:032MF250831:O:21,1,1,1,1,1,0,0,20250831,20251223
GNE:GOAO032:32:032MF250831:O:22,1,1,1,1,1,0,0,20250831,20251223
GNE:GOAO032:32:032MF250831:O:23,1,1,1,1,1,0,0,20250831,20251223
GNE:GOAO032:32:032MF250831:O:24,1,1,1,1,1,0,0,20250831,20251223
GNE:GOAO032:32:032MF250831:O:25,1,1,1,1,1,0,0,20250831,20251223
GNE:GOAO032:32:032MF250831:O:26,1,1,1,1,1,0,0,20250831,20251223
GNE:GOAO032:32:032MF250831:O:27,1,1,1,1,1,0,0,20250831,20251223
GNE:GOAO032:32:032MF250831:O:28,1,1,1,1,1,0,0,20250831,20251223
GNE:GOAO032:32:032MF250831:O:29,1,1,1,1,1,0,0,20250831,20251223
GNE:GOAO032:32:032MF250831:I:1,1,1,1,1,1,0,0,20250831,20251223
GNE:GOAO032:32:032MF250831:I:2,1,1,1,1,1,0,0,20250831,20251223
GNE:GOAO032:32:032MF250831:I:3,1,1,1,1,1,0,0,20250831,20251223
GNE:GOAO032:32:032MF250831:I:4,1,1,1,1,1,0,0,20250831,20251223
GNE:GOAO032:32:032MF250831:I:5,1,1,1,1,1,0,0,20250831,20251223
GNE:GOAO032:32:032MF250831:I:6,1,1,1,1,1,0,0,20250831,20251223
GNE:GOAO032:32:032MF250831:I:7,1,1,1,1,1,0,0,20250831,20251223
GNE:GOAO032:32:032MF250831:I:8,1,1,1,1,1,0,0,20250831,20251223
GNE:GOAO032:32:032MF250831:I:9,1,1,1,1,1,0,0,20250831,20251223
GNE:GOAO032:32:032MF250831:I:10,1,1,1,1,1,0,0,20250831,20251223
GNE:GOAO032:32:032MF250831:I:11,1,1,1,1,1,0,0,20250831,20251223
GNE:GOAO032:32:032MF250831:I:12,1,1,1,1,1,0,0,20250831,20251223
GNE:GOAO032:32:032MF250831:I:13,1,1,1,1,1,0,0,20250831,20251223
GNE:GOAO032:32:032MF250831:I:14,1,1,1,1,1,0,0,20250831,20251223
GNE:GOAO032:32:032MF250831:I:15,1,1,1,1,1,0,0,20250831,20251223
GNE:GOAO032:32:032MF250831:I:16,1,1,1,1,1,0,0,20250831,20251223
GNE:GOAO032:32:032MF250831:I:17,1,1,1,1,1,0,0,20250831,20251223
GNE:GOAO032:32:032MF250831:I:18,1,1,1,1,1,0,0,20250831,20251223
GNE:GOAO032:32:032MF250831:I:19,1,1,1,1,1,0,0,20250831,20251223
GNE:GOAO032:32:032MF250831:I:20,1,1,1,1,1,0,0,20250831,20251223
GNE:GOAO032:32:032MF250831:I:21,1,1,1,1,1,0,0,20250831,20251223
GNE:GOAO032:32:032MF250831:I:22,1,1,1,1,1,0,0,20250831,20251223
GNE:GOAO032:32:032MF250831:I:23,1,1,1,1,1,0,0,20250831,20251223
GNE:GOAO032:32:032MF250831:I:24,1,1,1,1,1,0,0,20250831,20251223
GNE:GOAO032:32:032MF250831:I:25,1,1,1,1,1,0,0,20250831,20251223
GNE:GOAO032:32:032MF250831:I:26,1,1,1,1,1,0,0,20250831,20251223
GNE:GOAO032:32:032MF250831:I:27,1,1,1,1,1,0,0,20250831,20251223
GNE:GOAO032:32:032MF250831:I:28,1,1,1,1,1,0,0,20250831,20251223
GNE:GOAO032:32:032MF250831:I:29,1,1,1,1,1,0,0,20250831,20251223
GNE:GOAO032:32:032MF250831:I:30,1,1,1,1,1,0,0,20250831,20251223
GNE:GOAO032:32:032MF250831:I:31,1,1,1,1,1,0,0,20250831,20251223
GNE:GOAO032:32:032MF250831:I:32,1,1,1,1,1,0,0,20250831,20251223
GNE:GOAO032:32:032SA250831:O:1,0,0,0,0,0,1,0,20250831,20251223
GNE:GOAO032:32:032SA250831:O:2,0,0,0,0,0,1,0,20250831,20251223
GNE:GOAO032:32:032SA250831:O:3,0,0,0,0,0,1,0,20250831,20251223
GNE:GOAO032:32:032SA250831:O:4,0,0,0,0,0,1,0,20250831,20251223
GNE:GOAO032:32:032SA250831:O:5,0,0,0,0,0,1,0,20250831,20251223
GNE:GOAO032:32:032SA250831:O:6,0,0,0,0,0,1,0,20250831,20251223
GNE:GOAO032:32:032SA250831:O:7,0,0,0,0,0,1,0,20250831,20251223
GNE:GOAO032:32:032SA250831:O:8,0,0,0,0,0,1,0,20250831,20251223
GNE:GOAO032:32:032SA250831:O:9,0,0,0,0,0,1,0,20250831,20251223
GNE:GOAO032:32:032SA250831:O:10,0,0,0,0,0,1,0,20250831,20251223
GNE:GOAO032:32:032SA250831:O:11,0,0,0,0,0,1,0,20250831,20251223
GNE:GOAO032:32:032SA250831:O:12,0,0,0,0,0,1,0,20250831,20251223
GNE:GOAO032:32:032SA250831:O:13,0,0,0,0,0,1,0,20250831,20251223
GNE:GOAO032:32:032SA250831:O:14,0,0,0,0,0,1,0,20250831,20251223
GNE:GOAO032:32:032SA250831:O:15,0,0,0,0,0,1,0,20250831,20251223
GNE:GOAO032:32:032SA250831:O:16,0,0,0,0,0,1,0,20250831,20251223
GNE:GOAO032:32:032SA250831:O:17,0,0,0,0,0,1,0,20250831,20251223
GNE:GOAO032:32:032SA250831:O:18,0,0,0,0,0,1,0,20250831,20251223
GNE:GOAO032:32:032SA250831:O:19,0,0,0,0,0,1,0,20250831,20251223
GNE:GOAO032:32:032SA250831:O:20,0,0,0,0,0,1,0,20250831,20251223
GNE:GOAO032:32:032SA250831:O:21,0,0,0,0,0,1,0,20250831,20251223
GNE:GOAO032:32:032SA250831:O:22,0,0,0,0,0,1,0,20250831,20251223
GNE:GOAO032:32:032SA250831:O:23,0,0,0,0,0,1,0,20250831,20251223
GNE:GOAO032:32:032SA250831:O:24,0,0,0,0,0,1,0,20250831,20251223
GNE:GOAO032:32:032SA250831:O:25,0,0,0,0,0,1,0,20250831,20251223
GNE:GOAO032:32:032SA250831:O:26,0,0,0,0,0,1,0,20250831,20251223
GNE:GOAO032:32:032SA250831:O:27,0,0,0,0,0,1,0,20250831,20251223
GNE:GOAO032:32:032SA250831:O:28,0,0,0,0,0,1,0,20250831,20251223
GNE:GOAO032:32:032SA250831:I:1,0,0,0,0,0,1,0,20250831,20251223
GNE:GOAO032:32:032SA250831:I:2,0,0,0,0,0,1,0,20250831,20251223
GNE:GOAO032:32:032SA250831:I:3,0,0,0,0,0,1,0,20250831,20251223
GNE:GOAO032:32:032SA250831:I:4,0,0,0,0,0,1,0,20250831,20251223
GNE:GOAO032:32:032SA250831:I:5,0,0,0,0,0,1,0,20250831,20251223
GNE:GOAO032:32:032SA250831:I:6,0,0,0,0,0,1,0,20250831,20251223
GNE:GOAO032:32:032SA250831:I:7,0,0,0,0,0,1,0,20250831,20251223
GNE:GOAO032:32:032SA250831:I:8,0,0,0,0,0,1,0,20250831,20251223
GNE:GOAO032:32:032SA250831:I:9,0,0,0,0,0,1,0,20250831,20251223
GNE:GOAO032:32:032SA250831:I:10,0,0,0,0,0,1,0,20250831,20251223
GNE:GOAO032:32:032SA250831:I:11,0,0,0,0,0,1,0,20250831,20251223
GNE:GOAO032:32:032SA250831:I:12,0,0,0,0,0,1,0,20250831,20251223
GNE:GOAO032:32:032SA250831:I:13,0,0,0,0,0,1,0,20250831,20251223
GNE:GOAO032:32:032SA250831:I:14,0,0,0,0,0,1,0,20250831,20251223
GNE:GOAO032:32:032SA250831:I:15,0,0,0,0,0,1,0,20250831,20251223
GNE:GOAO032:32:032SA250831:I:16,0,0,0,0,0,1,0,20250831,20251223
GNE:GOAO032:32:032SA250831:I:17,0,0,0,0,0,1,0,20250831,20251223
GNE:GOAO032:32:032SA250831:I:18,0,0,0,0,0,1,0,20250831,20251223
GNE:GOAO032:32:032SA250831:I:19,0,0,0,0,0,1,0,20250831,20251223
GNE:GOAO032:32:032SA250831:I:20,0,0,0,0,0,1,0,20250831,20251223
GNE:GOAO032:32:032SA250831:I:21,0,0,0,0,0,1,0,20250831,20251223
GNE:GOAO032:32:032SA250831:I:22,0,0,0,0,0,1,0,20250831,20251223
GNE:GOAO032:32:032SA250831:I:23,0,0,0,0,0,1,0,20250831,20251223
GNE:GOAO032:32:032SA250831:I:24,0,0,0,0,0,1,0,20250831,20251223
GNE:GOAO032:32:032SA250831:I:25,0,0,0,0,0,1,0,20250831,20251223
GNE:GOAO032:32:032SA250831:I:26,0,0,0,0,0,1,0,20250831,20251223
GNE:GOAO032:32:032SA250831:I:27,0,0,0,0,0,1,0,20250831,20251223
GNE:GOAO032:32:032SA250831:I:28,0,0,0,0,0,1,0,20250831,20251223
GNE:GOAO032:32:032SA250831:I:29,0,0,0,0,0,1,0,20250831,20251223
GNE:GOAO032:32:032SA250831:I:30,0,0,0,0,0,1,0,20250831,20251223
GNE:GOAO032:32:032SA250831:I:31,0,0,0,0,0,1,0,20250831,20251223
GNE:GOAO032:32:032SA250831:I:32,0,0,0,0,0,1,0,20250831,20251223
GNE:GOAO032:32:032SU250831:O:1,0,0,0,0,0,0,1,20250831,20251223
GNE:GOAO032:32:032SU250831:O:2,0,0,0,0,0,0,1,20250831,20251223
GNE:GOAO032:32:032SU250831:O:3,0,0,0,0,0,0,1,20250831,20251223
GNE:GOAO032:32:032SU250831:O:4,0,0,0,0,0,0,1,20250831,20251223
GNE:GOAO032:32:032SU250831:O:5,0,0,0,0,0,0,1,20250831,20251223
GNE:GOAO032:32:032SU250831:O:6,0,0,0,0,0,0,1,20250831,20251223
GNE:GOAO032:32:032SU250831:O:7,0,0,0,0,0,0,1,20250831,20251223
GNE:GOAO032:32:032SU250831:O:8,0,0,0,0,0,0,1,20250831,20251223
GNE:GOAO032:32:032SU250831:O:9,0,0,0,0,0,0,1,20250831,20251223
GNE:GOAO032:32:032SU250831:O:10,0,0,0,0,0,0,1,20250831,20251223
GNE:GOAO032:32:032SU250831:O:11,0,0,0,0,0,0,1,20250831,20251223
GNE:GOAO032:32:032SU250831:O:12,0,0,0,0,0,0,1,20250831,20251223
GNE:GOAO032:32:032SU250831:O:13,0,0,0,0,0,0,1,20250831,20251223
GNE:GOAO032:32:032SU250831:O:14,0,0,0,0,0,0,1,20250831,20251223
GNE:GOAO032:32:032SU250831:O:15,0,0,0,0,0,0,1,20250831,20251223
GNE:GOAO032:32:032SU250831:O:16,0,0,0,0,0,0,1,20250831,20251223
GNE:GOAO032:32:032SU250831:I:1,0,0,0,0,0,0,1,20250831,20251223
GNE:GOAO032:32:032SU250831:I:2,0,0,0,0,0,0,1,20250831,20251223
GNE:GOAO032:32:032SU250831:I:3,0,0,0,0,0,0,1,20250831,20251223
GNE:GOAO032:32:032SU250831:I:4,0,0,0,0,0,0,1,20250831,20251223
GNE:GOAO032:32:032SU250831:I:5,0,0,0,0,0,0,1,20250831,20251223
GNE:GOAO032:32:032SU250831:I:6,0,0,0,0,0,0,1,20250831,20251223
GNE:GOAO032:32:032SU250831:I:7,0,0,0,0,0,0,1,20250831,20251223
GNE:GOAO032:32:032SU250831:I:8,0,0,0,0,0,0,1,20250831,20251223
GNE:GOAO032:32:032SU250831:I:9,0,0,0,0,0,0,1,20250831,20251223
GNE:GOAO032:32:032SU250831:I:10,0,0,0,0,0,0,1,20250831,20251223
GNE:GOAO032:32:032SU250831:I:11,0,0,0,0,0,0,1,20250831,20251223
GNE:GOAO032:32:032SU250831:I:12,0,0,0,0,0,0,1,20250831,20251223
GNE:GOAO032:32:032SU250831:I:13,0,0,0,0,0,0,1,20250831,20251223
GNE:GOAO032:32:032SU250831:I:14,0,0,0,0,0,0,1,20250831,20251223
GNE:GOAO032:32:032SU250831:I:15,0,0,0,0,0,0,1,20250831,20251223
GNE:GOAO032:32:032SU250831:I:16,0,0,0,0,0,0,1,20250831,20251223
GNE:GOAO032:32:032SU250831:I:17,0,0,0,0,0,0,1,20250831,20251223
GNE:GOAO033:33:033MF250831:O:1,1,1,1,1,1,0,0,20250831,20251223
GNE:GOAO033:33:033MF250831:O:2,1,1,1,1,1,0,0,20250831,20251223
GNE:GOAO033:33:033MF250831:O:3,1,1,1,1,1,0,0,20250831,20251223
GNE:GOAO033:33:033MF250831:O:4,1,1,1,1,1,0,0,20250831,20251223
GNE:GOAO033:33:033MF250831:O:5,1,1,1,1,1,0,0,20250831,20251223
GNE:GOAO033:33:033MF250831:O:6,1,1,1,1,1,0,0,20250831,20251223
GNE:GOAO033:33:033MF250831:O:7,1,1,1,1,1,0,0,20250831,20251223
GNE:GOAO033:33:033MF250831:O:8,1,1,1,1,1,0,0,20250831,20251223
GNE:GOAO033:33:033MF250831:O:9,1,1,1,1,1,0,0,20250831,20251223
GNE:GOAO033:33:033MF250831:O:10,1,1,1,1,1,0,0,20250831,20251223
GNE:GOAO033:33:033MF250831:O:11,1,1,1,1,1,0,0,20250831,20251223
GNE:GOAO033:33:033MF250831:O:12,1,1,1,1,1,0,0,20250831,20251223
GNE:GOAO033:33:033MF250831:O:13,1,1,1,1,1,0,0,20250831,20251223
GNE:GOAO033:33:033MF250831:O:14,1,1,1,1,1,0,0,20250831,20251223
GNE:GOAO033:33:033MF250831:O:15,1,1,1,1,1,0,0,20250831,20251223
GNE:GOAO033:33:033MF250831:O:16,1,1,1,1,1,0,0,20250831,20251223
GNE:GOAO033:33:033MF250831:O:17,1,1,1,1,1,0,0,20250831,20251223
GNE:GOAO033:33:033MF250831:O:18,1,1,1,1,1,0,0,20250831,20251223
GNE:GOAO033:33:033MF250831:O:19,1,1,1,1,1,0,0,20250831,20251223
GNE:GOAO033:33:033MF250831:O:20,1,1,1,1,1,0,0,20250831,20251223
GNE:GOAO033:33:033MF250831:O:21,1,1,1,1,1,0,0,20250831,20251223
GNE:GOAO033:33:033MF250831:O:22,1,1,1,1,1,0,0,20250831,20251223
GNE:GOAO033:33:033MF250831:O:23,1,1,1,1,1,0,0,20250831,20251223
GNE:GOAO033:33:033MF250831:O:24,1,1,1,1,1,0,0,20250831,20251223
GNE:GOAO033:33:033MF250831:O:25,1,1,1,1,1,0,0,20250831,20251223
GNE:GOAO033:33:033MF250831:O:26,1,1,1,1,1,0,0,20250831,20251223
GNE:GOAO033:33:033MF250831:O:27,1,1,1,1,1,0,0,20250831,20251223
GNE:GOAO033:33:033MF250831:O:28,1,1,1,1,1,0,0,20250831,20251223
GNE:GOAO033:33:033MF250831:O:29,1,1,1,1,1,0,0,20250831,20251223
GNE:GOAO033:33:033MF250831:O:30,1,1,1,1,1,0,0,20250831,20251223
GNE:GOAO033:33:033MF250831:O:31,1,1,1,1,1,0,0,20250831,20251223
GNE:GOAO033:33:033MF250831:O:32,1,1,1,1,1,0,0,20250831,20251223
GNE:GOAO033:33:033MF250831:O:33,1,1,1,1,1,0,0,20250831,20251223
GNE:GOAO033:33:033MF250831:O:34,1,1,1,1,1,0,0,20250831,20251223
GNE:GOAO033:33:033MF250831:O:35,1,1,1,1,1,0,0,20250831,20251223
GNE:GOAO033:33:033MF250831:O:36,1,1,1,1,1,0,0,20250831,20251223
GNE:GOAO033:33:033MF250831:O:37,1,1,1,1,1,0,0,20250831,20251223
GNE:GOAO033:33:033MF250831:O:38,1,1,1,1,1,0,0,20250831,20251223
GNE:GOAO033:33:033MF250831:O:39,1,1,1,1,1,0,0,20250831,20251223
GNE:GOAO033:33:033MF250831:O:40,1,1,1,1,1,0,0,20250831,20251223
GNE:GOAO033:33:033MF250831:O:41,1,1,1,1,1,0,0,20250831,20251223
GNE:GOAO033:33:033MF250831:O:42,1,1,1,1,1,0,0,20250831,20251223
GNE:GOAO033:33:033MF250831:O:43,1,1,1,1,1,0,0,20250831,20251223
GNE:GOAO033:33:033MF250831:O:44,1,1,1,1,1,0,0,20250831,20251223
GNE:GOAO033:33:033MF250831:O:45,1,1,1,1,1,0,0,20250831,20251223
GNE:GOAO033:33:033MF250831:O:46,1,1,1,1,1,0,0,20250831,20251223
GNE:GOAO033:33:033MF250831:O:47,1,1,1,1,1,0,0,20250831,20251223
GNE:GOAO033:33:033MF250831:O:48,1,1,1,1,1,0,0,20250831,20251223
GNE:GOAO033:33:033MF250831:O:49,1,1,1,1,1,0,0,20250831,20251223
GNE:GOAO033:33:033MF250831:O:50,1,1,1,1,1,0,0,20250831,20251223
GNE:GOAO033:33:033MF250831:O:51,1,1,1,1,1,0,0,20250831,20251223
GNE:GOAO033:33:033MF250831:O:52,1,1,1,1,1,0,0,20250831,20251223
GNE:GOAO033:33:033MF250831:O:53,1,1,1,1,1,0,0,20250831,20251223
GNE:GOAO033:33:033MF250831:O:54,1,1,1,1,1,0,0,20250831,20251223
GNE:GOAO033:33:033MF250831:O:55,1,1,1,1,1,0,0,20250831,20251223
GNE:GOAO033:33:033MF250831:O:56,1,1,1,1,1,0,0,20250831,20251223
GNE:GOAO033:33:033MF250831:I:1,1,1,1,1,1,0,0,20250831,20251223
GNE:GOAO033:33:033MF250831:I:2,1,1,1,1,1,0,0,20250831,20251223
GNE:GOAO033:33:033MF250831:I:3,1,1,1,1,1,0,0,20250831,20251223
GNE:GOAO033:33:033MF250831:I:4,1,1,1,1,1,0,0,20250831,20251223
GNE:GOAO033:33:033MF250831:I:5,1,1,1,1,1,0,0,20250831,20251223
GNE:GOAO033:33:033MF250831:I:6,1,1,1,1,1,0,0,20250831,20251223
GNE:GOAO033:33:033MF250831:I:7,1,1,1,1,1,0,0,20250831,20251223
GNE:GOAO033:33:033MF250831:I:8,1,1,1,1,1,0,0,20250831,20251223
GNE:GOAO033:33:033MF250831:I:9,1,1,1,1,1,0,0,20250831,20251223
GNE:GOAO033:33:033MF250831:I:10,1,1,1,1,1,0,0,20250831,20251223
GNE:GOAO033:33:033MF250831:I:11,1,1,1,1,1,0,0,20250831,20251223
GNE:GOAO033:33:033MF250831:I:12,1,1,1,1,1,0,0,20250831,20251223
GNE:GOAO033:33:033MF250831:I:13,1,1,1,1,1,0,0,20250831,20251223
GNE:GOAO033:33:033MF250831:I:14,1,1,1,1,1,0,0,20250831,20251223
GNE:GOAO033:33:033MF250831:I:15,1,1,1,1,1,0,0,20250831,20251223
GNE:GOAO033:33:033MF250831:I:16,1,1,1,1,1,0,0,20250831,20251223
GNE:GOAO033:33:033MF250831:I:17,1,1,1,1,1,0,0,20250831,20251223
GNE:GOAO033:33:033MF250831:I:18,1,1,1,1,1,0,0,20250831,20251223
GNE:GOAO033:33:033MF250831:I:19,1,1,1,1,1,0,0,20250831,20251223
GNE:GOAO033:33:033MF250831:I:20,1,1,1,1,1,0,0,20250831,20251223
GNE:GOAO033:33:033MF250831:I:21,1,1,1,1,1,0,0,20250831,20251223
GNE:GOAO033:33:033MF250831:I:22,1,1,1,1,1,0,0,20250831,20251223
GNE:GOAO033:33:033MF250831:I:23,1,1,1,1,1,0,0,20250831,20251223
GNE:GOAO033:33:033MF250831:I:24,1,1,1,1,1,0,0,20250831,20251223
GNE:GOAO033:33:033MF250831:I:25,1,1,1,1,1,0,0,20250831,20251223
GNE:GOAO033:33:033MF250831:I:26,1,1,1,1,1,0,0,20250831,20251223
GNE:GOAO033:33:033MF250831:I:27,1,1,1,1,1,0,0,20250831,20251223
GNE:GOAO033:33:033MF250831:I:28,1,1,1,1,1,0,0,20250831,20251223
GNE:GOAO033:33:033MF250831:I:29,1,1,1,1,1,0,0,20250831,20251223
GNE:GOAO033:33:033MF250831:I:30,1,1,1,1,1,0,0,20250831,20251223
GNE:GOAO033:33:033MF250831:I:31,1,1,1,1,1,0,0,20250831,20251223
GNE:GOAO033:33:033MF250831:I:32,1,1,1,1,1,0,0,20250831,20251223
GNE:GOAO033:33:033MF250831:I:33,1,1,1,1,1,0,0,20250831,20251223
GNE:GOAO033:33:033MF250831:I:34,1,1,1,1,1,0,0,20250831,20251223
GNE:GOAO033:33:033MF250831:I:35,1,1,1,1,1,0,0,20250831,20251223
GNE:GOAO033:33:033MF250831:I:36,1,1,1,1,1,0,0,20250831,20251223
GNE:GOAO033:33:033MF250831:I:37,1,1,1,1,1,0,0,20250831,20251223
GNE:GOAO033:33:033MF250831:I:38,1,1,1,1,1,0,0,20250831,20251223
GNE:GOAO033:33:033MF250831:I:39,1,1,1,1,1,0,0,20250831,20251223
GNE:GOAO033:33:033MF250831:I:40,1,1,1,1,1,0,0,20250831,20251223
GNE:GOAO033:33:033MF250831:I:41,1,1,1,1,1,0,0,20250831,20251223
GNE:GOAO033:33:033MF250831:I:42,1,1,1,1,1,0,0,20250831,20251223
GNE:GOAO033:33:033MF250831:I:43,1,1,1,1,1,0,0,20250831,20251223
GNE:GOAO033:33:033MF250831:I:44,1,1,1,1,1,0,0,20250831,20251223
GNE:GOAO033:33:033MF250831:I:45,1,1,1,1,1,0,0,20250831,20251223
GNE:GOAO033:33:033MF250831:I:46,1,1,1,1,1,0,0,20250831,20251223
GNE:GOAO033:33:033MF250831:I:47,1,1,1,1,1,0,0,20250831,20251223
GNE:GOAO033:33:033MF250831:I:48,1,1,1,1,1,0,0,20250831,20251223
GNE:GOAO033:33:033MF250831:I:49,1,1,1,1,1,0,0,20250831,20251223
GNE:GOAO033:33:033MF250831:I:50,1,1,1,1,1,0,0,20250831,20251223
GNE:GOAO033:33:033MF250831:I:51,1,1,1,1,1,0,0,20250831,20251223
GNE:GOAO033:33:033MF250831:I:52,1,1,1,1,1,0,0,20250831,20251223
GNE:GOAO033:33:033MF250831:I:53,1,1,1,1,1,0,0,20250831,20251223
GNE:GOAO033:33:033SA250831:O:1,0,0,0,0,0,1,0,20250831,20251223
GNE:GOAO033:33:033SA250831:O:2,0,0,0,0,0,1,0,20250831,20251223
GNE:GOAO033:33:033SA250831:O:3,0,0,0,0,0,1,0,20250831,20251223
GNE:GOAO033:33:033SA250831:O:4,0,0,0,0,0,1,0,20250831,20251223
GNE:GOAO033:33:033SA250831:O:5,0,0,0,0,0,1,0,20250831,20251223
GNE:GOAO033:33:033SA250831:O:6,0,0,0,0,0,1,0,20250831,20251223
GNE:GOAO033:33:033SA250831:O:7,0,0,0,0,0,1,0,20250831,20251223
GNE:GOAO033:33:033SA250831:O:8,0,0,0,0,0,1,0,20250831,20251223
GNE:GOAO033:33:033SA250831:O:9,0,0,0,0,0,1,0,20250831,20251223
GNE:GOAO033:33:033SA250831:O:10,0,0,0,0,0,1,0,20250831,20251223
GNE:GOAO033:33:033SA250831:O:11,0,0,0,0,0,1,0,20250831,20251223
GNE:GOAO033:33:033SA250831:O:12,0,0,0,0,0,1,0,20250831,20251223
GNE:GOAO033:33:033SA250831:O:13,0,0,0,0,0,1,0,20250831,20251223
GNE:GOAO033:33:033SA250831:O:14,0,0,0,0,0,1,0,20250831,20251223
GNE:GOAO033:33:033SA250831:O:15,0,0,0,0,0,1,0,20250831,20251223
GNE:GOAO033:33:033SA250831:O:16,0,0,0,0,0,1,0,20250831,20251223
GNE:GOAO033:33:033SA250831:O:17,0,0,0,0,0,1,0,20250831,20251223
GNE:GOAO033:33:033SA250831:O:18,0,0,0,0,0,1,0,20250831,20251223
GNE:GOAO033:33:033SA250831:O:19,0,0,0,0,0,1,0,20250831,20251223
GNE:GOAO033:33:033SA250831:O:20,0,0,0,0,0,1,0,20250831,20251223
GNE:GOAO033:33:033SA250831:O:21,0,0,0,0,0,1,0,20250831,20251223
GNE:GOAO033:33:033SA250831:O:22,0,0,0,0,0,1,0,20250831,20251223
GNE:GOAO033:33:033SA250831:O:23,0,0,0,0,0,1,0,20250831,20251223
GNE:GOAO033:33:033SA250831:O:24,0,0,0,0,0,1,0,20250831,20251223
GNE:GOAO033:33:033SA250831:O:25,0,0,0,0,0,1,0,20250831,20251223
GNE:GOAO033:33:033SA250831:O:26,0,0,0,0,0,1,0,20250831,20251223
GNE:GOAO033:33:033SA250831:O:27,0,0,0,0,0,1,0,20250831,20251223
GNE:GOAO033:33:033SA250831:O:28,0,0,0,0,0,1,0,20250831,20251223
GNE:GOAO033:33:033SA250831:O:29,0,0,0,0,0,1,0,20250831,20251223
GNE:GOAO033:33:033SA250831:O:30,0,0,0,0,0,1,0,20250831,20251223
GNE:GOAO033:33:033SA250831:O:31,0,0,0,0,0,1,0,20250831,20251223
GNE:GOAO033:33:033SA250831:O:32,0,0,0,0,0,1,0,20250831,20251223
GNE:GOAO033:33:033SA250831:O:33,0,0,0,0,0,1,0,20250831,20251223
GNE:GOAO033:33:033SA250831:O:34,0,0,0,0,0,1,0,20250831,20251223
GNE:GOAO033:33:033SA250831:O:35,0,0,0,0,0,1,0,20250831,20251223
GNE:GOAO033:33:033SA250831:O:36,0,0,0,0,0,1,0,20250831,20251223
GNE:GOAO033:33:033SA250831:O:37,0,0,0,0,0,1,0,20250831,20251223
GNE:GOAO033:33:033SA250831:O:38,0,0,0,0,0,1,0,20250831,20251223
GNE:GOAO033:33:033SA250831:O:39,0,0,0,0,0,1,0,20250831,20251223
GNE:GOAO033:33:033SA250831:O:40,0,0,0,0,0,1,0,20250831,20251223
GNE:GOAO033:33:033SA250831:O:41,0,0,0,0,0,1,0,20250831,20251223
GNE:GOAO033:33:033SA250831:O:42,0,0,0,0,0,1,0,20250831,20251223
GNE:GOAO033:33:033SA250831:O:43,0,0,0,0,0,1,0,20250831,20251223
GNE:GOAO033:33:033SA250831:O:44,0,0,0,0,0,1,0,20250831,20251223
GNE:GOAO033:33:033SA250831:O:45,0,0,0,0,0,1,0,20250831,20251223
GNE:GOAO033:33:033SA250831:O:46,0,0,0,0,0,1,0,20250831,20251223
GNE:GOAO033:33:033SA250831:O:47,0,0,0,0,0,1,0,20250831,20251223
GNE:GOAO033:33:033SA250831:O:48,0,0,0,0,0,1,0,20250831,20251223
GNE:GOAO033:33:033SA250831:O:49,0,0,0,0,0,1,0,20250831,20251223
GNE:GOAO033:33:033SA250831:O:50,0,0,0,0,0,1,0,20250831,20251223
GNE:GOAO033:33:033SA250831:O:51,0,0,0,0,0,1,0,20250831,20251223
GNE:GOAO033:33:033SA250831:I:1,0,0,0,0,0,1,0,20250831,20251223
GNE:GOAO033:33:033SA250831:I:2,0,0,0,0,0,1,0,20250831,20251223
GNE:GOAO033:33:033SA250831:I:3,0,0,0,0,0,1,0,20250831,20251223
GNE:GOAO033:33:033SA250831:I:4,0,0,0,0,0,1,0,20250831,20251223
GNE:GOAO033:33:033SA250831:I:5,0,0,0,0,0,1,0,20250831,20251223
GNE:GOAO033:33:033SA250831:I:6,0,0,0,0,0,1,0,20250831,20251223
GNE:GOAO033:33:033SA250831:I:7,0,0,0,0,0,1,0,20250831,20251223
GNE:GOAO033:33:033SA250831:I:8,0,0,0,0,0,1,0,20250831,20251223
GNE:GOAO033:33:033SA250831:I:9,0,0,0,0,0,1,0,20250831,20251223
GNE:GOAO033:33:033SA250831:I:10,0,0,0,0,0,1,0,20250831,20251223
GNE:GOAO033:33:033SA250831:I:11,0,0,0,0,0,1,0,20250831,20251223
GNE:GOAO033:33:033SA250831:I:12,0,0,0,0,0,1,0,20250831,20251223
GNE:GOAO033:33:033SA250831:I:13,0,0,0,0,0,1,0,20250831,20251223
GNE:GOAO033:33:033SA250831:I:14,0,0,0,0,0,1,0,20250831,20251223
GNE:GOAO033:33:033SA250831:I:15,0,0,0,0,0,1,0,20250831,20251223
GNE:GOAO033:33:033SA250831:I:16,0,0,0,0,0,1,0,20250831,20251223
GNE:GOAO033:33:033SA250831:I:17,0,0,0,0,0,1,0,20250831,20251223
GNE:GOAO033:33:033SA250831:I:18,0,0,0,0,0,1,0,20250831,20251223
GNE:GOAO033:33:033SA250831:I:19,0,0,0,0,0,1,0,20250831,20251223
GNE:GOAO033:33:033SA250831:I:20,0,0,0,0,0,1,0,20250831,20251223
GNE:GOAO033:33:033SA250831:I:21,0,0,0,0,0,1,0,20250831,20251223
GNE:GOAO033:33:033SA250831:I:22,0,0,0,0,0,1,0,20250831,20251223
GNE:GOAO033:33:033SA250831:I:23,0,0,0,0,0,1,0,20250831,20251223
GNE:GOAO033:33:033SA250831:I:24,0,0,0,0,0,1,0,20250831,20251223
GNE:GOAO033:33:033SA250831:I:25,0,0,0,0,0,1,0,20250831,20251223
GNE:GOAO033:33:033SA250831:I:26,0,0,0,0,0,1,0,20250831,20251223
GNE:GOAO033:33:033SA250831:I:27,0,0,0,0,0,1,0,20250831,20251223
GNE:GOAO033:33:033SA250831:I:28,0,0,0,0,0,1,0,20250831,20251223
GNE:GOAO033:33:033SA250831:I:29,0,0,0,0,0,1,0,20250831,20251223
GNE:GOAO033:33:033SA250831:I:30,0,0,0,0,0,1,0,20250831,20251223
GNE:GOAO033:33:033SA250831:I:31,0,0,0,0,0,1,0,20250831,20251223
GNE:GOAO033:33:033SA250831:I:32,0,0,0,0,0,1,0,20250831,20251223
GNE:GOAO033:33:033SA250831:I:33,0,0,0,0,0,1,0,20250831,20251223
GNE:GOAO033:33:033SA250831:I:34,0,0,0,0,0,1,0,20250831,20251223
GNE:GOAO033:33:033SA250831:I:35,0,0,0,0,0,1,0,20250831,20251223
GNE:GOAO033:33:033SA250831:I:36,0,0,0,0,0,1,0,20250831,20251223
GNE:GOAO033:33:033SA250831:I:37,0,0,0,0,0,1,0,20250831,20251223
GNE:GOAO033:33:033SA250831:I:38,0,0,0,0,0,1,0,20250831,20251223
GNE:GOAO033:33:033SA250831:I:39,0,0,0,0,0,1,0,20250831,20251223
GNE:GOAO033:33:033SA250831:I:40,0,0,0,0,0,1,0,20250831,20251223
GNE:GOAO033:33:033SA250831:I:41,0,0,0,0,0,1,0,20250831,20251223
GNE:GOAO033:33:033SA250831:I:42,0,0,0,0,0,1,0,20250831,20251223
GNE:GOAO033:33:033SA250831:I:43,0,0,0,0,0,1,0,20250831,20251223
GNE:GOAO033:33:033SA250831:I:44,0,0,0,0,0,1,0,20250831,20251223
GNE:GOAO033:33:033SA250831:I:45,0,0,0,0,0,1,0,20250831,20251223
GNE:GOAO033:33:033SA250831:I:46,0,0,0,0,0,1,0,20250831,20251223
GNE:GOAO033:33:033SA250831:I:47,0,0,0,0,0,1,0,20250831,20251223
GNE:GOAO033:33:033SA250831:I:48,0,0,0,0,0,1,0,20250831,20251223
GNE:GOAO033:33:033SA250831:I:49,0,0,0,0,0,1,0,20250831,20251223
GNE:GOAO033:33:033SU250831:O:1,0,0,0,0,0,0,1,20250831,20251223
GNE:GOAO033:33:033SU250831:O:2,0,0,0,0,0,0,1,20250831,20251223
GNE:GOAO033:33:033SU250831:O:3,0,0,0,0,0,0,1,20250831,20251223
GNE:GOAO033:33:033SU250831:O:4,0,0,0,0,0,0,1,20250831,20251223
GNE:GOAO033:33:033SU250831:O:5,0,0,0,0,0,0,1,20250831,20251223
GNE:GOAO033:33:033SU250831:O:6,0,0,0,0,0,0,1,20250831,20251223
GNE:GOAO033:33:033SU250831:O:7,0,0,0,0,0,0,1,20250831,20251223
GNE:GOAO033:33:033SU250831:O:8,0,0,0,0,0,0,1,20250831,20251223
GNE:GOAO033:33:033SU250831:O:9,0,0,0,0,0,0,1,20250831,20251223
GNE:GOAO033:33:033SU250831:O:10,0,0,0,0,0,0,1,20250831,20251223
GNE:GOAO033:33:033SU250831:O:11,0,0,0,0,0,0,1,20250831,20251223
GNE:GOAO033:33:033SU250831:O:12,0,0,0,0,0,0,1,20250831,20251223
GNE:GOAO033:33:033SU250831:O:13,0,0,0,0,0,0,1,20250831,20251223
GNE:GOAO033:33:033SU250831:O:14,0,0,0,0,0,0,1,20250831,20251223
GNE:GOAO033:33:033SU250831:O:15,0,0,0,0,0,0,1,20250831,20251223
GNE:GOAO033:33:033SU250831:O:16,0,0,0,0,0,0,1,20250831,20251223
GNE:GOAO033:33:033SU250831:O:17,0,0,0,0,0,0,1,20250831,20251223
GNE:GOAO033:33:033SU250831:O:18,0,0,0,0,0,0,1,20250831,20251223
GNE:GOAO033:33:033SU250831:O:19,0,0,0,0,0,0,1,20250831,20251223
GNE:GOAO033:33:033SU250831:I:1,0,0,0,0,0,0,1,20250831,20251223
GNE:GOAO033:33:033SU250831:I:2,0,0,0,0,0,0,1,20250831,20251223
GNE:GOAO033:33:033SU250831:I:3,0,0,0,0,0,0,1,20250831,20251223
GNE:GOAO033:33:033SU250831:I:4,0,0,0,0,0,0,1,20250831,20251223
GNE:GOAO033:33:033SU250831:I:5,0,0,0,0,0,0,1,20250831,20251223
GNE:GOAO033:33:033SU250831:I:6,0,0,0,0,0,0,1,20250831,20251223
GNE:GOAO033:33:033SU250831:I:7,0,0,0,0,0,0,1,20250831,20251223
GNE:GOAO033:33:033SU250831:I:8,0,0,0,0,0,0,1,20250831,20251223
GNE:GOAO033:33:033SU250831:I:9,0,0,0,0,0,0,1,20250831,20251223
GNE:GOAO033:33:033SU250831:I:10,0,0,0,0,0,0,1,20250831,20251223
GNE:GOAO033:33:033SU250831:I:11,0,0,0,0,0,0,1,20250831,20251223
GNE:GOAO033:33:033SU250831:I:12,0,0,0,0,0,0,1,20250831,20251223
GNE:GOAO033:33:033SU250831:I:13,0,0,0,0,0,0,1,20250831,20251223
GNE:GOAO033:33:033SU250831:I:14,0,0,0,0,0,0,1,20250831,20251223
GNE:GOAO033:33:033SU250831:I:15,0,0,0,0,0,0,1,20250831,20251223
GNE:GOAO033:33:033SU250831:I:16,0,0,0,0,0,0,1,20250831,20251223
GNE:GOAO033:33:033SU250831:I:17,0,0,0,0,0,0,1,20250831,20251223
GNE:GOAO033:33:033SU250831:I:18,0,0,0,0,0,0,1,20250831,20251223
GNE:GOAO034:34:034MF250831:O:1,1,1,1,1,1,0,0,20250831,20251223
GNE:GOAO034:34:034MF250831:O:2,1,1,1,1,1,0,0,20250831,20251223
GNE:GOAO034:34:034MF250831:O:3,1,1,1,1,1,0,0,20250831,20251223
GNE:GOAO034:34:034MF250831:O:4,1,1,1,1,1,0,0,20250831,20251223
GNE:GOAO034:34:034MF250831:O:5,1,1,1,1,1,0,0,20250831,20251223
GNE:GOAO034:34:034MF250831:O:6,1,1,1,1,1,0,0,20250831,20251223
GNE:GOAO034:34:034MF250831:O:7,1,1,1,1,1,0,0,20250831,20251223
GNE:GOAO034:34:034MF250831:O:8,1,1,1,1,1,0,0,20250831,20251223
GNE:GOAO034:34:034MF250831:O:9,1,1,1,1,1,0,0,20250831,20251223
GNE:GOAO034:34:034MF250831:O:10,1,1,1,1,1,0,0,20250831,20251223
GNE:GOAO034:34:034MF250831:O:11,1,1,1,1,1,0,0,20250831,20251223
GNE:GOAO034:34:034MF250831:O:12,1,1,1,1,1,0,0,20250831,20251223
GNE:GOAO034:34:034MF250831:O:13,1,1,1,1,1,0,0,20250831,20251223
GNE:GOAO034:34:034MF250831:O:14,1,1,1,1,1,0,0,20250831,20251223
GNE:GOAO034:34:034MF250831:O:15,1,1,1,1,1,0,0,20250831,20251223
GNE:GOAO034:34:034MF250831:O:16,1,1,1,1,1,0,0,20250831,20251223
GNE:GOAO034:34:034MF250831:O:17,1,1,1,1,1,0,0,20250831,20251223
GNE:GOAO034:34:034MF250831:O:18,1,1,1,1,1,0,0,20250831,20251223
GNE:GOAO034:34:034MF250831:O:19,1,1,1,1,1,0,0,20250831,20251223
GNE:GOAO034:34:034MF250831:O:20,1,1,1,1,1,0,0,20250831,20251223
GNE:GOAO034:34:034MF250831:O:21,1,1,1,1,1,0,0,20250831,20251223
GNE:GOAO034:34:034MF250831:O:22,1,1,1,1,1,0,0,20250831,20251223
GNE:GOAO034:34:034MF250831:O:23,1,1,1,1,1,0,0,20250831,20251223
GNE:GOAO034:34:034MF250831:O:24,1,1,1,1,1,0,0,20250831,20251223
GNE:GOAO034:34:034MF250831:O:25,1,1,1,1,1,0,0,20250831,20251223
GNE:GOAO034:34:034MF250831:O:26,1,1,1,1,1,0,0,20250831,20251223
GNE:GOAO034:34:034MF250831:O:27,1,1,1,1,1,0,0,20250831,20251223
GNE:GOAO034:34:034MF250831:O:28,1,1,1,1,1,0,0,20250831,20251223
GNE:GOAO034:34:034MF250831:O:29,1,1,1,1,1,0,0,20250831,20251223
GNE:GOAO034:34:034MF250831:O:30,1,1,1,1,1,0,0,20250831,20251223
GNE:GOAO034:34:034MF250831:O:31,1,1,1,1,1,0,0,20250831,20251223
GNE:GOAO034:34:034MF250831:O:32,1,1,1,1,1,0,0,20250831,20251223
GNE:GOAO034:34:034MF250831:O:33,1,1,1,1,1,0,0,20250831,20251223
GNE:GOAO034:34:034MF250831:O:34,1,1,1,1,1,0,0,20250831,20251223
GNE:GOAO034:34:034MF250831:O:35,1,1,1,1,1,0,0,20250831,20251223
GNE:GOAO034:34:034MF250831:O:36,1,1,1,1,1,0,0,20250831,20251223
GNE:GOAO034:34:034MF250831:O:37,1,1,1,1,1,0,0,20250831,20251223
GNE:GOAO034:34:034MF250831:O:38,1,1,1,1,1,0,0,20250831,20251223
GNE:GOAO034:34:034MF250831:O:39,1,1,1,1,1,0,0,20250831,20251223
GNE:GOAO034:34:034MF250831:O:40,1,1,1,1,1,0,0,20250831,20251223
GNE:GOAO034:34:034MF250831:I:1,1,1,1,1,1,0,0,20250831,20251223
GNE:GOAO034:34:034MF250831:I:2,1,1,1,1,1,0,0,20250831,20251223
GNE:GOAO034:34:034MF250831:I:3,1,1,1,1,1,0,0,20250831,20251223
GNE:GOAO034:34:034MF250831:I:4,1,1,1,1,1,0,0,20250831,20251223
GNE:GOAO034:34:034MF250831:I:5,1,1,1,1,1,0,0,20250831,20251223
GNE:GOAO034:34:034MF250831:I:6,1,1,1,1,1,0,0,20250831,20251223
GNE:GOAO034:34:034MF250831:I:7,1,1,1,1,1,0,0,20250831,20251223
GNE:GOAO034:34:034MF250831:I:8,1,1,1,1,1,0,0,20250831,20251223
GNE:GOAO034:34:034MF250831:I:9,1,1,1,1,1,0,0,20250831,20251223
GNE:GOAO034:34:034MF250831:I:10,1,1,1,1,1,0,0,20250831,20251223
GNE:GOAO034:34:034MF250831:I:11,1,1,1,1,1,0,0,20250831,20251223
GNE:GOAO034:34:034MF250831:I:12,1,1,1,1,1,0,0,20250831,20251223
GNE:GOAO034:34:034MF250831:I:13,1,1,1,1,1,0,0,20250831,20251223
GNE:GOAO034:34:034MF250831:I:14,1,1,1,1,1,0,0,20250831,20251223
GNE:GOAO034:34:034MF250831:I:15,1,1,1,1,1,0,0,20250831,20251223
GNE:GOAO034:34:034MF250831:I:16,1,1,1,1,1,0,0,20250831,20251223
GNE:GOAO034:34:034MF250831:I:17,1,1,1,1,1,0,0,20250831,20251223
GNE:GOAO034:34:034MF250831:I:18,1,1,1,1,1,0,0,20250831,20251223
GNE:GOAO034:34:034MF250831:I:19,1,1,1,1,1,0,0,20250831,20251223
GNE:GOAO034:34:034MF250831:I:20,1,1,1,1,1,0,0,20250831,20251223
GNE:GOAO034:34:034MF250831:I:21,1,1,1,1,1,0,0,20250831,20251223
GNE:GOAO034:34:034MF250831:I:22,1,1,1,1,1,0,0,20250831,20251223
GNE:GOAO034:34:034MF250831:I:23,1,1,1,1,1,0,0,20250831,20251223
GNE:GOAO034:34:034MF250831:I:24,1,1,1,1,1,0,0,20250831,20251223
GNE:GOAO034:34:034MF250831:I:25,1,1,1,1,1,0,0,20250831,20251223
GNE:GOAO034:34:034MF250831:I:26,1,1,1,1,1,0,0,20250831,20251223
GNE:GOAO034:34:034MF250831:I:27,1,1,1,1,1,0,0,20250831,20251223
GNE:GOAO034:34:034MF250831:I:28,1,1,1,1,1,0,0,20250831,20251223
GNE:GOAO034:34:034MF250831:I:29,1,1,1,1,1,0,0,20250831,20251223
GNE:GOAO034:34:034MF250831:I:30,1,1,1,1,1,0,0,20250831,20251223
GNE:GOAO034:34:034MF250831:I:31,1,1,1,1,1,0,0,20250831,20251223
GNE:GOAO034:34:034MF250831:I:32,1,1,1,1,1,0,0,20250831,20251223
GNE:GOAO034:34:034MF250831:I:33,1,1,1,1,1,0,0,20250831,20251223
GNE:GOAO034:34:034MF250831:I:34,1,1,1,1,1,0,0,20250831,20251223
GNE:GOAO034:34:034MF250831:I:35,1,1,1,1,1,0,0,20250831,20251223
GNE:GOAO034:34:034MF250831:I:36,1,1,1,1,1,0,0,20250831,20251223
GNE:GOAO034:34:034MF250831:I:37,1,1,1,1,1,0,0,20250831,20251223
GNE:GOAO034:34:034MF250831:I:38,1,1,1,1,1,0,0,20250831,20251223
GNE:GOAO034:34:034MF250831:I:39,1,1,1,1,1,0,0,20250831,20251223
GNE:GOAO034:34:034MF250831:I:40,1,1,1,1,1,0,0,20250831,20251223
GNE:GOAO034:34:034SA250831:O:1,0,0,0,0,0,1,0,20250831,20251223
GNE:GOAO034:34:034SA250831:O:2,0,0,0,0,0,1,0,20250831,20251223
GNE:GOAO034:34:034SA250831:O:3,0,0,0,0,0,1,0,20250831,20251223
GNE:GOAO034:34:034SA250831:O:4,0,0,0,0,0,1,0,20250831,20251223
GNE:GOAO034:34:034SA250831:O:5,0,0,0,0,0,1,0,20250831,20251223
GNE:GOAO034:34:034SA250831:O:6,0,0,0,0,0,1,0,20250831,20251223
GNE:GOAO034:34:034SA250831:O:7,0,0,0,0,0,1,0,20250831,20251223
GNE:GOAO034:34:034SA250831:O:8,0,0,0,0,0,1,0,20250831,20251223
GNE:GOAO034:34:034SA250831:O:9,0,0,0,0,0,1,0,20250831,20251223
GNE:GOAO034:34:034SA250831:O:10,0,0,0,0,0,1,0,20250831,20251223
GNE:GOAO034:34:034SA250831:O:11,0,0,0,0,0,1,0,20250831,20251223
GNE:GOAO034:34:034SA250831:O:12,0,0,0,0,0,1,0,20250831,20251223
GNE:GOAO034:34:034SA250831:O:13,0,0,0,0,0,1,0,20250831,20251223
GNE:GOAO034:34:034SA250831:O:14,0,0,0,0,0,1,0,20250831,20251223
GNE:GOAO034:34:034SA250831:O:15,0,0,0,0,0,1,0,20250831,20251223
GNE:GOAO034:34:034SA250831:O:16,0,0,0,0,0,1,0,20250831,20251223
GNE:GOAO034:34:034SA250831:O:17,0,0,0,0,0,1,0,20250831,20251223
GNE:GOAO034:34:034SA250831:O:18,0,0,0,0,0,1,0,20250831,20251223
GNE:GOAO034:34:034SA250831:O:19,0,0,0,0,0,1,0,20250831,20251223
GNE:GOAO034:34:034SA250831:O:20,0,0,0,0,0,1,0,20250831,20251223
GNE:GOAO034:34:034SA250831:O:21,0,0,0,0,0,1,0,20250831,20251223
GNE:GOAO034:34:034SA250831:O:22,0,0,0,0,0,1,0,20250831,20251223
GNE:GOAO034:34:034SA250831:O:23,0,0,0,0,0,1,0,20250831,20251223
GNE:GOAO034:34:034SA250831:O:24,0,0,0,0,0,1,0,20250831,20251223
GNE:GOAO034:34:034SA250831:O:25,0,0,0,0,0,1,0,20250831,20251223
GNE:GOAO034:34:034SA250831:O:26,0,0,0,0,0,1,0,20250831,20251223
GNE:GOAO034:34:034SA250831:O:27,0,0,0,0,0,1,0,20250831,20251223
GNE:GOAO034:34:034SA250831:O:28,0,0,0,0,0,1,0,20250831,20251223
GNE:GOAO034:34:034SA250831:O:29,0,0,0,0,0,1,0,20250831,20251223
GNE:GOAO034:34:034SA250831:O:30,0,0,0,0,0,1,0,20250831,20251223
GNE:GOAO034:34:034SA250831:O:31,0,0,0,0,0,1,0,20250831,20251223
GNE:GOAO034:34:034SA250831:O:32,0,0,0,0,0,1,0,20250831,20251223
GNE:GOAO034:34:034SA250831:O:33,0,0,0,0,0,1,0,20250831,20251223
GNE:GOAO034:34:034SA250831:O:34,0,0,0,0,0,1,0,20250831,20251223
GNE:GOAO034:34:034SA250831:O:35,0,0,0,0,0,1,0,20250831,20251223
GNE:GOAO034:34:034SA250831:O:36,0,0,0,0,0,1,0,20250831,20251223
GNE:GOAO034:34:034SA250831:O:37,0,0,0,0,0,1,0,20250831,20251223
GNE:GOAO034:34:034SA250831:I:1,0,0,0,0,0,1,0,20250831,20251223
GNE:GOAO034:34:034SA250831:I:2,0,0,0,0,0,1,0,20250831,20251223
GNE:GOAO034:34:034SA250831:I:3,0,0,0,0,0,1,0,20250831,20251223
GNE:GOAO034:34:034SA250831:I:4,0,0,0,0,0,1,0,20250831,20251223
GNE:GOAO034:34:034SA250831:I:5,0,0,0,0,0,1,0,20250831,20251223
GNE:GOAO034:34:034SA250831:I:6,0,0,0,0,0,1,0,20250831,20251223
GNE:GOAO034:34:034SA250831:I:7,0,0,0,0,0,1,0,20250831,20251223
GNE:GOAO034:34:034SA250831:I:8,0,0,0,0,0,1,0,20250831,20251223
GNE:GOAO034:34:034SA250831:I:9,0,0,0,0,0,1,0,20250831,20251223
GNE:GOAO034:34:034SA250831:I:10,0,0,0,0,0,1,0,20250831,20251223
GNE:GOAO034:34:034SA250831:I:11,0,0,0,0,0,1,0,20250831,20251223
GNE:GOAO034:34:034SA250831:I:12,0,0,0,0,0,1,0,20250831,20251223
GNE:GOAO034:34:034SA250831:I:13,0,0,0,0,0,1,0,20250831,20251223
GNE:GOAO034:34:034SA250831:I:14,0,0,0,0,0,1,0,20250831,20251223
GNE:GOAO034:34:034SA250831:I:15,0,0,0,0,0,1,0,20250831,20251223
GNE:GOAO034:34:034SA250831:I:16,0,0,0,0,0,1,0,20250831,20251223
GNE:GOAO034:34:034SA250831:I:17,0,0,0,0,0,1,0,20250831,20251223
GNE:GOAO034:34:034SA250831:I:18,0,0,0,0,0,1,0,20250831,20251223
GNE:GOAO034:34:034SA250831:I:19,0,0,0,0,0,1,0,20250831,20251223
GNE:GOAO034:34:034SA250831:I:20,0,0,0,0,0,1,0,20250831,20251223
GNE:GOAO034:34:034SA250831:I:21,0,0,0,0,0,1,0,20250831,20251223
GNE:GOAO034:34:034SA250831:I:22,0,0,0,0,0,1,0,20250831,20251223
GNE:GOAO034:34:034SA250831:I:23,0,0,0,0,0,1,0,20250831,20251223
GNE:GOAO034:34:034SA250831:I:24,0,0,0,0,0,1,0,20250831,20251223
GNE:GOAO034:34:034SA250831:I:25,0,0,0,0,0,1,0,20250831,20251223
GNE:GOAO034:34:034SA250831:I:26,0,0,0,0,0,1,0,20250831,20251223
GNE:GOAO034:34:034SA250831:I:27,0,0,0,0,0,1,0,20250831,20251223
GNE:GOAO034:34:034SA250831:I:28,0,0,0,0,0,1,0,20250831,20251223
GNE:GOAO034:34:034SA250831:I:29,0,0,0,0,0,1,0,20250831,20251223
GNE:GOAO034:34:034SA250831:I:30,0,0,0,0,0,1,0,20250831,20251223
GNE:GOAO034:34:034SA250831:I:31,0,0,0,0,0,1,0,20250831,20251223
GNE:GOAO034:34:034SA250831:I:32,0,0,0,0,0,1,0,20250831,20251223
GNE:GOAO034:34:034SA250831:I:33,0,0,0,0,0,1,0,20250831,20251223
GNE:GOAO034:34:034SA250831:I:34,0,0,0,0,0,1,0,20250831,20251223
GNE:GOAO034:34:034SA250831:I:35,0,0,0,0,0,1,0,20250831,20251223
GNE:GOAO034:34:034SA250831:I:36,0,0,0,0,0,1,0,20250831,20251223
GNE:GOAO034:34:034SA250831:I:37,0,0,0,0,0,1,0,20250831,20251223
GNE:GOAO034:34:034SU250831:O:1,0,0,0,0,0,0,1,20250831,20251223
GNE:GOAO034:34:034SU250831:O:2,0,0,0,0,0,0,1,20250831,20251223
GNE:GOAO034:34:034SU250831:O:3,0,0,0,0,0,0,1,20250831,20251223
GNE:GOAO034:34:034SU250831:O:4,0,0,0,0,0,0,1,20250831,20251223
GNE:GOAO034:34:034SU250831:O:5,0,0,0,0,0,0,1,20250831,20251223
GNE:GOAO034:34:034SU250831:O:6,0,0,0,0,0,0,1,20250831,20251223
GNE:GOAO034:34:034SU250831:O:7,0,0,0,0,0,0,1,20250831,20251223
GNE:GOAO034:34:034SU250831:O:8,0,0,0,0,0,0,1,20250831,20251223
GNE:GOAO034:34:034SU250831:O:9,0,0,0,0,0,0,1,20250831,20251223
GNE:GOAO034:34:034SU250831:O:10,0,0,0,0,0,0,1,20250831,20251223
GNE:GOAO034:34:034SU250831:O:11,0,0,0,0,0,0,1,20250831,20251223
GNE:GOAO034:34:034SU250831:I:1,0,0,0,0,0,0,1,20250831,20251223
GNE:GOAO034:34:034SU250831:I:2,0,0,0,0,0,0,1,20250831,20251223
GNE:GOAO034:34:034SU250831:I:3,0,0,0,0,0,0,1,20250831,20251223
GNE:GOAO034:34:034SU250831:I:4,0,0,0,0,0,0,1,20250831,20251223
GNE:GOAO034:34:034SU250831:I:5,0,0,0,0,0,0,1,20250831,20251223
GNE:GOAO034:34:034SU250831:I:6,0,0,0,0,0,0,1,20250831,20251223
GNE:GOAO034:34:034SU250831:I:7,0,0,0,0,0,0,1,20250831,20251223
GNE:GOAO034:34:034SU250831:I:8,0,0,0,0,0,0,1,20250831,20251223
GNE:GOAO034:34:034SU250831:I:9,0,0,0,0,0,0,1,20250831,20251223
GNE:GOAO034:34:034SU250831:I:10,0,0,0,0,0,0,1,20250831,20251223
GNE:GOAO034:34:034SU250831:I:11,0,0,0,0,0,0,1,20250831,20251223
GNE:GOAO034:34:034SU250831:I:12,0,0,0,0,0,0,1,20250831,20251223
GNE:GOAO035:35:035MF250831:O:2,1,1,1,1,1,0,0,20250831,20251223
GNE:GOAO035:35:035MF250831:O:4,1,1,1,1,1,0,0,20250831,20251223
GNE:GOAO035:35:035MF250831:O:6,1,1,1,1,1,0,0,20250831,20251223
GNE:GOAO035:35:035MF250831:O:8,1,1,1,1,1,0,0,20250831,20251223
GNE:GOAO035:35:035MF250831:O:10,1,1,1,1,1,0,0,20250831,20251223
GNE:GOAO035:35:035MF250831:O:12,1,1,1,1,1,0,0,20250831,20251223
GNE:GOAO035:35:035MF250831:O:14,1,1,1,1,1,0,0,20250831,20251223
GNE:GOAO035:35:035MF250831:O:16,1,1,1,1,1,0,0,20250831,20251223
GNE:GOAO035:35:035MF250831:O:18,1,1,1,1,1,0,0,20250831,20251223
GNE:GOAO035:35:035MF250831:O:20,1,1,1,1,1,0,0,20250831,20251223
GNE:GOAO035:35:035MF250831:O:22,1,1,1,1,1,0,0,20250831,20251223
GNE:GOAO035:35:035MF250831:O:24,1,1,1,1,1,0,0,20250831,20251223
GNE:GOAO035:35:035MF250831:O:26,1,1,1,1,1,0,0,20250831,20251223
GNE:GOAO035:35:035MF250831:O:27,1,1,1,1,1,0,0,20250831,20251223
GNE:GOAO035:35:035MF250831:O:28,1,1,1,1,1,0,0,20250831,20251223
GNE:GOAO035:35:035MF250831:O:29,1,1,1,1,1,0,0,20250831,20251223
GNE:GOAO035:35:035MF250831:O:30,1,1,1,1,1,0,0,20250831,20251223
GNE:GOAO035:35:035MF250831:I:1,1,1,1,1,1,0,0,20250831,20251223
GNE:GOAO035:35:035MF250831:I:2,1,1,1,1,1,0,0,20250831,20251223
GNE:GOAO035:35:035MF250831:I:4,1,1,1,1,1,0,0,20250831,20251223
GNE:GOAO035:35:035MF250831:I:6,1,1,1,1,1,0,0,20250831,20251223
GNE:GOAO035:35:035MF250831:I:8,1,1,1,1,1,0,0,20250831,20251223
GNE:GOAO035:35:035MF250831:I:10,1,1,1,1,1,0,0,20250831,20251223
GNE:GOAO035:35:035MF250831:I:12,1,1,1,1,1,0,0,20250831,20251223
GNE:GOAO035:35:035MF250831:I:14,1,1,1,1,1,0,0,20250831,20251223
GNE:GOAO035:35:035MF250831:I:16,1,1,1,1,1,0,0,20250831,20251223
GNE:GOAO035:35:035MF250831:I:18,1,1,1,1,1,0,0,20250831,20251223
GNE:GOAO035:35:035MF250831:I:20,1,1,1,1,1,0,0,20250831,20251223
GNE:GOAO035:35:035MF250831:I:22,1,1,1,1,1,0,0,20250831,20251223
GNE:GOAO035:35:035MF250831:I:24,1,1,1,1,1,0,0,20250831,20251223
GNE:GOAO035:35:035MF250831:I:26,1,1,1,1,1,0,0,20250831,20251223
GNE:GOAO035:35:035MF250831:I:27,1,1,1,1,1,0,0,20250831,20251223
GNE:GOAO035:35:035MF250831:I:28,1,1,1,1,1,0,0,20250831,20251223
GNE:GOAO035:35:035MF250831:I:29,1,1,1,1,1,0,0,20250831,20251223
GNE:GOAO035:35:035MF250831:I:30,1,1,1,1,1,0,0,20250831,20251223
GNE:GOAO035:35:035SA250831:O:1,0,0,0,0,0,1,0,20250831,20251223
GNE:GOAO035:35:035SA250831:O:2,0,0,0,0,0,1,0,20250831,20251223
GNE:GOAO035:35:035SA250831:O:3,0,0,0,0,0,1,0,20250831,20251223
GNE:GOAO035:35:035SA250831:O:4,0,0,0,0,0,1,0,20250831,20251223
GNE:GOAO035:35:035SA250831:O:6,0,0,0,0,0,1,0,20250831,20251223
GNE:GOAO035:35:035SA250831:O:8,0,0,0,0,0,1,0,20250831,20251223
GNE:GOAO035:35:035SA250831:O:10,0,0,0,0,0,1,0,20250831,20251223
GNE:GOAO035:35:035SA250831:O:12,0,0,0,0,0,1,0,20250831,20251223
GNE:GOAO035:35:035SA250831:O:14,0,0,0,0,0,1,0,20250831,20251223
GNE:GOAO035:35:035SA250831:O:16,0,0,0,0,0,1,0,20250831,20251223
GNE:GOAO035:35:035SA250831:O:18,0,0,0,0,0,1,0,20250831,20251223
GNE:GOAO035:35:035SA250831:O:20,0,0,0,0,0,1,0,20250831,20251223
GNE:GOAO035:35:035SA250831:O:22,0,0,0,0,0,1,0,20250831,20251223
GNE:GOAO035:35:035SA250831:O:23,0,0,0,0,0,1,0,20250831,20251223
GNE:GOAO035:35:035SA250831:O:24,0,0,0,0,0,1,0,20250831,20251223
GNE:GOAO035:35:035SA250831:O:25,0,0,0,0,0,1,0,20250831,20251223
GNE:GOAO035:35:035SA250831:O:26,0,0,0,0,0,1,0,20250831,20251223
GNE:GOAO035:35:035SA250831:O:27,0,0,0,0,0,1,0,20250831,20251223
GNE:GOAO035:35:035SA250831:I:1,0,0,0,0,0,1,0,20250831,20251223
GNE:GOAO035:35:035SA250831:I:2,0,0,0,0,0,1,0,20250831,20251223
GNE:GOAO035:35:035SA250831:I:3,0,0,0,0,0,1,0,20250831,20251223
GNE:GOAO035:35:035SA250831:I:4,0,0,0,0,0,1,0,20250831,20251223
GNE:GOAO035:35:035SA250831:I:5,0,0,0,0,0,1,0,20250831,20251223
GNE:GOAO035:35:035SA250831:I:6,0,0,0,0,0,1,0,20250831,20251223
GNE:GOAO035:35:035SA250831:I:8,0,0,0,0,0,1,0,20250831,20251223
GNE:GOAO035:35:035SA250831:I:10,0,0,0,0,0,1,0,20250831,20251223
GNE:GOAO035:35:035SA250831:I:12,0,0,0,0,0,1,0,20250831,20251223
GNE:GOAO035:35:035SA250831:I:14,0,0,0,0,0,1,0,20250831,20251223
GNE:GOAO035:35:035SA250831:I:16,0,0,0,0,0,1,0,20250831,20251223
GNE:GOAO035:35:035SA250831:I:18,0,0,0,0,0,1,0,20250831,20251223
GNE:GOAO035:35:035SA250831:I:20,0,0,0,0,0,1,0,20250831,20251223
GNE:GOAO035:35:035SA250831:I:21,0,0,0,0,0,1,0,20250831,20251223
GNE:GOAO035:35:035SA250831:I:22,0,0,0,0,0,1,0,20250831,20251223
GNE:GOAO035:35:035SA250831:I:23,0,0,0,0,0,1,0,20250831,20251223
GNE:GOAO035:35:035SA250831:I:24,0,0,0,0,0,1,0,20250831,20251223
GNE:GOAO035:35:035SA250831:I:25,0,0,0,0,0,1,0,20250831,20251223
GNE:GOAO035:35:035SA250831:I:26,0,0,0,0,0,1,0,20250831,20251223
GNE:GOAO035:35:035SA250831:I:27,0,0,0,0,0,1,0,20250831,20251223
GNE:GOAO035:35:035SU250831:O:1,0,0,0,0,0,0,1,20250831,20251223
GNE:GOAO035:35:035SU250831:O:2,0,0,0,0,0,0,1,20250831,20251223
GNE:GOAO035:35:035SU250831:O:3,0,0,0,0,0,0,1,20250831,20251223
GNE:GOAO035:35:035SU250831:O:4,0,0,0,0,0,0,1,20250831,20251223
GNE:GOAO035:35:035SU250831:O:5,0,0,0,0,0,0,1,20250831,20251223
GNE:GOAO035:35:035SU250831:O:6,0,0,0,0,0,0,1,20250831,20251223
GNE:GOAO035:35:035SU250831:O:7,0,0,0,0,0,0,1,20250831,20251223
GNE:GOAO035:35:035SU250831:O:8,0,0,0,0,0,0,1,20250831,20251223
GNE:GOAO035:35:035SU250831:O:9,0,0,0,0,0,0,1,20250831,20251223
GNE:GOAO035:35:035SU250831:O:10,0,0,0,0,0,0,1,20250831,20251223
GNE:GOAO035:35:035SU250831:O:11,0,0,0,0,0,0,1,20250831,20251223
GNE:GOAO035:35:035SU250831:O:12,0,0,0,0,0,0,1,20250831,20251223
GNE:GOAO035:35:035SU250831:O:13,0,0,0,0,0,0,1,20250831,20251223
GNE:GOAO035:35:035SU250831:O:14,0,0,0,0,0,0,1,20250831,20251223
GNE:GOAO035:35:035SU250831:O:15,0,0,0,0,0,0,1,20250831,20251223
GNE:GOAO035:35:035SU250831:O:16,0,0,0,0,0,0,1,20250831,20251223
GNE:GOAO035:35:035SU250831:I:1,0,0,0,0,0,0,1,20250831,20251223
GNE:GOAO035:35:035SU250831:I:2,0,0,0,0,0,0,1,20250831,20251223
GNE:GOAO035:35:035SU250831:I:3,0,0,0,0,0,0,1,20250831,20251223
GNE:GOAO035:35:035SU250831:I:4,0,0,0,0,0,0,1,20250831,20251223
GNE:GOAO035:35:035SU250831:I:5,0,0,0,0,0,0,1,20250831,20251223
GNE:GOAO035:35:035SU250831:I:6,0,0,0,0,0,0,1,20250831,20251223
GNE:GOAO035:35:035SU250831:I:7,0,0,0,0,0,0,1,20250831,20251223
GNE:GOAO035:35:035SU250831:I:8,0,0,0,0,0,0,1,20250831,20251223
GNE:GOAO035:35:035SU250831:I:9,0,0,0,0,0,0,1,20250831,20251223
GNE:GOAO035:35:035SU250831:I:10,0,0,0,0,0,0,1,20250831,20251223
GNE:GOAO035:35:035SU250831:I:11,0,0,0,0,0,0,1,20250831,20251223
GNE:GOAO035:35:035SU250831:I:12,0,0,0,0,0,0,1,20250831,20251223
GNE:GOAO035:35:035SU250831:I:13,0,0,0,0,0,0,1,20250831,20251223
GNE:GOAO035:35:035SU250831:I:14,0,0,0,0,0,0,1,20250831,20251223
GNE:GOAO035:35:035SU250831:I:15,0,0,0,0,0,0,1,20250831,20251223
GNE:GOAO035:35:035SU250831:I:16,0,0,0,0,0,0,1,20250831,20251223
GNE:GOAO036:36:035MF250831:O:1,1,1,1,1,1,0,0,20250831,20251223
GNE:GOAO036:36:035MF250831:O:3,1,1,1,1,1,0,0,20250831,20251223
GNE:GOAO036:36:035MF250831:O:5,1,1,1,1,1,0,0,20250831,20251223
GNE:GOAO036:36:035MF250831:O:7,1,1,1,1,1,0,0,20250831,20251223
GNE:GOAO036:36:035MF250831:O:9,1,1,1,1,1,0,0,20250831,20251223
GNE:GOAO036:36:035MF250831:O:11,1,1,1,1,1,0,0,20250831,20251223
GNE:GOAO036:36:035MF250831:O:13,1,1,1,1,1,0,0,20250831,20251223
GNE:GOAO036:36:035MF250831:O:15,1,1,1,1,1,0,0,20250831,20251223
GNE:GOAO036:36:035MF250831:O:17,1,1,1,1,1,0,0,20250831,20251223
GNE:GOAO036:36:035MF250831:O:19,1,1,1,1,1,0,0,20250831,20251223
GNE:GOAO036:36:035MF250831:O:21,1,1,1,1,1,0,0,20250831,20251223
GNE:GOAO036:36:035MF250831:O:23,1,1,1,1,1,0,0,20250831,20251223
GNE:GOAO036:36:035MF250831:O:25,1,1,1,1,1,0,0,20250831,20251223
GNE:GOAO036:36:035MF250831:I:3,1,1,1,1,1,0,0,20250831,20251223
GNE:GOAO036:36:035MF250831:I:5,1,1,1,1,1,0,0,20250831,20251223
GNE:GOAO036:36:035MF250831:I:7,1,1,1,1,1,0,0,20250831,20251223
GNE:GOAO036:36:035MF250831:I:9,1,1,1,1,1,0,0,20250831,20251223
GNE:GOAO036:36:035MF250831:I:11,1,1,1,1,1,0,0,20250831,20251223
GNE:GOAO036:36:035MF250831:I:13,1,1,1,1,1,0,0,20250831,20251223
GNE:GOAO036:36:035MF250831:I:15,1,1,1,1,1,0,0,20250831,20251223
GNE:GOAO036:36:035MF250831:I:17,1,1,1,1,1,0,0,20250831,20251223
GNE:GOAO036:36:035MF250831:I:19,1,1,1,1,1,0,0,20250831,20251223
GNE:GOAO036:36:035MF250831:I:21,1,1,1,1,1,0,0,20250831,20251223
GNE:GOAO036:36:035MF250831:I:23,1,1,1,1,1,0,0,20250831,20251223
GNE:GOAO036:36:035MF250831:I:25,1,1,1,1,1,0,0,20250831,20251223
GNE:GOAO036:36:035SA250831:O:5,0,0,0,0,0,1,0,20250831,20251223
GNE:GOAO036:36:035SA250831:O:7,0,0,0,0,0,1,0,20250831,20251223
GNE:GOAO036:36:035SA250831:O:9,0,0,0,0,0,1,0,20250831,20251223
GNE:GOAO036:36:035SA250831:O:11,0,0,0,0,0,1,0,20250831,20251223
GNE:GOAO036:36:035SA250831:O:13,0,0,0,0,0,1,0,20250831,20251223
GNE:GOAO036:36:035SA250831:O:15,0,0,0,0,0,1,0,20250831,20251223
GNE:GOAO036:36:035SA250831:O:17,0,0,0,0,0,1,0,20250831,20251223
GNE:GOAO036:36:035SA250831:O:19,0,0,0,0,0,1,0,20250831,20251223
GNE:GOAO036:36:035SA250831:O:21,0,0,0,0,0,1,0,20250831,20251223
GNE:GOAO036:36:035SA250831:I:7,0,0,0,0,0,1,0,20250831,20251223
GNE:GOAO036:36:035SA250831:I:9,0,0,0,0,0,1,0,20250831,20251223
GNE:GOAO036:36:035SA250831:I:11,0,0,0,0,0,1,0,20250831,20251223
GNE:GOAO036:36:035SA250831:I:13,0,0,0,0,0,1,0,20250831,20251223
GNE:GOAO036:36:035SA250831:I:15,0,0,0,0,0,1,0,20250831,20251223
GNE:GOAO036:36:035SA250831:I:17,0,0,0,0,0,1,0,20250831,20251223
GNE:GOAO036:36:035SA250831:I:19,0,0,0,0,0,1,0,20250831,20251223
GNE:GOAO047:47:047MF250831:O:1,1,1,1,1,1,0,0,20250831,20251223
GNE:GOAO047:47:047MF250831:O:2,1,1,1,1,1,0,0,20250831,20251223
GNE:GOAO047:47:047MF250831:O:3,1,1,1,1,1,0,0,20250831,20251223
GNE:GOAO047:47:047MF250831:O:4,1,1,1,1,1,0,0,20250831,20251223
GNE:GOAO047:47:047MF250831:O:5,1,1,1,1,1,0,0,20250831,20251223
GNE:GOAO047:47:047MF250831:O:6,1,1,1,1,1,0,0,20250831,20251223
GNE:GOAO047:47:047MF250831:O:7,1,1,1,1,1,0,0,20250831,20251223
GNE:GOAO047:47:047MF250831:O:8,1,1,1,1,1,0,0,20250831,20251223
GNE:GOAO047:47:047MF250831:O:9,1,1,1,1,1,0,0,20250831,20251223
GNE:GOAO047:47:047MF250831:O:10,1,1,1,1,1,0,0,20250831,20251223
GNE:GOAO047:47:047MF250831:O:11,1,1,1,1,1,0,0,20250831,20251223
GNE:GOAO047:47:047MF250831:O:12,1,1,1,1,1,0,0,20250831,20251223
GNE:GOAO047:47:047MF250831:O:13,1,1,1,1,1,0,0,20250831,20251223
GNE:GOAO047:47:047MF250831:O:14,1,1,1,1,1,0,0,20250831,20251223
GNE:GOAO047:47:047MF250831:O:15,1,1,1,1,1,0,0,20250831,20251223
GNE:GOAO047:47:047MF250831:O:16,1,1,1,1,1,0,0,20250831,20251223
GNE:GOAO047:47:047MF250831:O:17,1,1,1,1,1,0,0,20250831,20251223
GNE:GOAO047:47:047MF250831:O:18,1,1,1,1,1,0,0,20250831,20251223
GNE:GOAO047:47:047MF250831:O:19,1,1,1,1,1,0,0,20250831,20251223
GNE:GOAO047:47:047MF250831:O:20,1,1,1,1,1,0,0,20250831,20251223
GNE:GOAO047:47:047MF250831:O:21,1,1,1,1,1,0,0,20250831,20251223
GNE:GOAO047:47:047MF250831:O:22,1,1,1,1,1,0,0,20250831,20251223
GNE:GOAO047:47:047MF250831:O:23,1,1,1,1,1,0,0,20250831,20251223
GNE:GOAO047:47:047MF250831:O:24,1,1,1,1,1,0,0,20250831,20251223
GNE:GOAO047:47:047MF250831:O:25,1,1,1,1,1,0,0,20250831,20251223
GNE:GOAO047:47:047MF250831:O:26,1,1,1,1,1,0,0,20250831,20251223
GNE:GOAO047:47:047MF250831:O:27,1,1,1,1,1,0,0,20250831,20251223
GNE:GOAO047:47:047MF250831:O:28,1,1,1,1,1,0,0,20250831,20251223
GNE:GOAO047:47:047MF250831:O:29,1,1,1,1,1,0,0,20250831,20251223
GNE:GOAO047:47:047MF250831:O:30,1,1,1,1,1,0,0,20250831,20251223
GNE:GOAO047:47:047MF250831:O:31,1,1,1,1,1,0,0,20250831,20251223
GNE:GOAO047:47:047MF250831:I:1,1,1,1,1,1,0,0,20250831,20251223
GNE:GOAO047:47:047MF250831:I:2,1,1,1,1,1,0,0,20250831,20251223
GNE:GOAO047:47:047MF250831:I:3,1,1,1,1,1,0,0,20250831,20251223
GNE:GOAO047:47:047MF250831:I:4,1,1,1,1,1,0,0,20250831,20251223
GNE:GOAO047:47:047MF250831:I:5,1,1,1,1,1,0,0,20250831,20251223
GNE:GOAO047:47:047MF250831:I:6,1,1,1,1,1,0,0,20250831,20251223
GNE:GOAO047:47:047MF250831:I:7,1,1,1,1,1,0,0,20250831,20251223
GNE:GOAO047:47:047MF250831:I:8,1,1,1,1,1,0,0,20250831,20251223
GNE:GOAO047:47:047MF250831:I:9,1,1,1,1,1,0,0,20250831,20251223
GNE:GOAO047:47:047MF250831:I:10,1,1,1,1,1,0,0,20250831,20251223
GNE:GOAO047:47:047MF250831:I:11,1,1,1,1,1,0,0,20250831,20251223
GNE:GOAO047:47:047MF250831:I:12,1,1,1,1,1,0,0,20250831,20251223
GNE:GOAO047:47:047MF250831:I:13,1,1,1,1,1,0,0,20250831,20251223
GNE:GOAO047:47:047MF250831:I:14,1,1,1,1,1,0,0,20250831,20251223
GNE:GOAO047:47:047MF250831:I:15,1,1,1,1,1,0,0,20250831,20251223
GNE:GOAO047:47:047MF250831:I:16,1,1,1,1,1,0,0,20250831,20251223
GNE:GOAO047:47:047MF250831:I:17,1,1,1,1,1,0,0,20250831,20251223
GNE:GOAO047:47:047MF250831:I:18,1,1,1,1,1,0,0,20250831,20251223
GNE:GOAO047:47:047MF250831:I:19,1,1,1,1,1,0,0,20250831,20251223
GNE:GOAO047:47:047MF250831:I:20,1,1,1,1,1,0,0,20250831,20251223
GNE:GOAO047:47:047MF250831:I:21,1,1,1,1,1,0,0,20250831,20251223
GNE:GOAO047:47:047MF250831:I:22,1,1,1,1,1,0,0,20250831,20251223
GNE:GOAO047:47:047MF250831:I:23,1,1,1,1,1,0,0,20250831,20251223
GNE:GOAO047:47:047MF250831:I:24,1,1,1,1,1,0,0,20250831,20251223
GNE:GOAO047:47:047MF250831:I:25,1,1,1,1,1,0,0,20250831,20251223
GNE:GOAO047:47:047MF250831:I:26,1,1,1,1,1,0,0,20250831,20251223
GNE:GOAO047:47:047MF250831:I:27,1,1,1,1,1,0,0,20250831,20251223
GNE:GOAO047:47:047MF250831:I:28,1,1,1,1,1,0,0,20250831,20251223
GNE:GOAO047:47:047MF250831:I:29,1,1,1,1,1,0,0,20250831,20251223
GNE:GOAO047:47:047SA250831:O:1,0,0,0,0,0,1,0,20250831,20251223
GNE:GOAO047:47:047SA250831:O:2,0,0,0,0,0,1,0,20250831,20251223
GNE:GOAO047:47:047SA250831:O:3,0,0,0,0,0,1,0,20250831,20251223
GNE:GOAO047:47:047SA250831:O:4,0,0,0,0,0,1,0,20250831,20251223
GNE:GOAO047:47:047SA250831:O:5,0,0,0,0,0,1,0,20250831,20251223
GNE:GOAO047:47:047SA250831:O:6,0,0,0,0,0,1,0,20250831,20251223
GNE:GOAO047:47:047SA250831:O:7,0,0,0,0,0,1,0,20250831,20251223
GNE:GOAO047:47:047SA250831:O:8,0,0,0,0,0,1,0,20250831,20251223
GNE:GOAO047:47:047SA250831:O:9,0,0,0,0,0,1,0,20250831,20251223
GNE:GOAO047:47:047SA250831:O:10,0,0,0,0,0,1,0,20250831,20251223
GNE:GOAO047:47:047SA250831:O:11,0,0,0,0,0,1,0,20250831,20251223
GNE:GOAO047:47:047SA250831:O:12,0,0,0,0,0,1,0,20250831,20251223
GNE:GOAO047:47:047SA250831:O:13,0,0,0,0,0,1,0,20250831,20251223
GNE:GOAO047:47:047SA250831:O:14,0,0,0,0,0,1,0,20250831,20251223
GNE:GOAO047:47:047SA250831:O:15,0,0,0,0,0,1,0,20250831,20251223
GNE:GOAO047:47:047SA250831:O:16,0,0,0,0,0,1,0,20250831,20251223
GNE:GOAO047:47:047SA250831:O:17,0,0,0,0,0,1,0,20250831,20251223
GNE:GOAO047:47:047SA250831:O:18,0,0,0,0,0,1,0,20250831,20251223
GNE:GOAO047:47:047SA250831:O:19,0,0,0,0,0,1,0,20250831,20251223
GNE:GOAO047:47:047SA250831:O:20,0,0,0,0,0,1,0,20250831,20251223
GNE:GOAO047:47:047SA250831:O:21,0,0,0,0,0,1,0,20250831,20251223
GNE:GOAO047:47:047SA250831:O:22,0,0,0,0,0,1,0,20250831,20251223
GNE:GOAO047:47:047SA250831:O:23,0,0,0,0,0,1,0,20250831,20251223
GNE:GOAO047:47:047SA250831:O:24,0,0,0,0,0,1,0,20250831,20251223
GNE:GOAO047:47:047SA250831:O:25,0,0,0,0,0,1,0,20250831,20251223
GNE:GOAO047:47:047SA250831:O:26,0,0,0,0,0,1,0,20250831,20251223
GNE:GOAO047:47:047SA250831:O:27,0,0,0,0,0,1,0,20250831,20251223
GNE:GOAO047:47:047SA250831:O:28,0,0,0,0,0,1,0,20250831,20251223
GNE:GOAO047:47:047SA250831:O:29,0,0,0,0,0,1,0,20250831,20251223
GNE:GOAO047:47:047SA250831:I:1,0,0,0,0,0,1,0,20250831,20251223
GNE:GOAO047:47:047SA250831:I:2,0,0,0,0,0,1,0,20250831,20251223
GNE:GOAO047:47:047SA250831:I:3,0,0,0,0,0,1,0,20250831,20251223
GNE:GOAO047:47:047SA250831:I:4,0,0,0,0,0,1,0,20250831,20251223
GNE:GOAO047:47:047SA250831:I:5,0,0,0,0,0,1,0,20250831,20251223
GNE:GOAO047:47:047SA250831:I:6,0,0,0,0,0,1,0,20250831,20251223
GNE:GOAO047:47:047SA250831:I:7,0,0,0,0,0,1,0,20250831,20251223
GNE:GOAO047:47:047SA250831:I:8,0,0,0,0,0,1,0,20250831,20251223
GNE:GOAO047:47:047SA250831:I:9,0,0,0,0,0,1,0,20250831,20251223
GNE:GOAO047:47:047SA250831:I:10,0,0,0,0,0,1,0,20250831,20251223
GNE:GOAO047:47:047SA250831:I:11,0,0,0,0,0,1,0,20250831,20251223
GNE:GOAO047:47:047SA250831:I:12,0,0,0,0,0,1,0,20250831,20251223
GNE:GOAO047:47:047SA250831:I:13,0,0,0,0,0,1,0,20250831,20251223
GNE:GOAO047:47:047SA250831:I:14,0,0,0,0,0,1,0,20250831,20251223
GNE:GOAO047:47:047SA250831:I:15,0,0,0,0,0,1,0,20250831,20251223
GNE:GOAO047:47:047SA250831:I:16,0,0,0,0,0,1,0,20250831,20251223
GNE:GOAO047:47:047SA250831:I:17,0,0,0,0,0,1,0,20250831,20251223
GNE:GOAO047:47:047SA250831:I:18,0,0,0,0,0,1,0,20250831,20251223
GNE:GOAO047:47:047SA250831:I:19,0,0,0,0,0,1,0,20250831,20251223
GNE:GOAO047:47:047SA250831:I:20,0,0,0,0,0,1,0,20250831,20251223
GNE:GOAO047:47:047SA250831:I:21,0,0,0,0,0,1,0,20250831,20251223
GNE:GOAO047:47:047SA250831:I:22,0,0,0,0,0,1,0,20250831,20251223
GNE:GOAO047:47:047SA250831:I:23,0,0,0,0,0,1,0,20250831,20251223
GNE:GOAO047:47:047SA250831:I:24,0,0,0,0,0,1,0,20250831,20251223
GNE:GOAO047:47:047SA250831:I:25,0,0,0,0,0,1,0,20250831,20251223
GNE:GOAO047:47:047SA250831:I:26,0,0,0,0,0,1,0,20250831,20251223
GNE:GOAO047:47:047SA250831:I:27,0,0,0,0,0,1,0,20250831,20251223
GNE:GOAO047:47:047SA250831:I:28,0,0,0,0,0,1,0,20250831,20251223
GNE:GOAO047:47:047SU250831:O:1,0,0,0,0,0,0,1,20250831,20251223
GNE:GOAO047:47:047SU250831:O:2,0,0,0,0,0,0,1,20250831,20251223
GNE:GOAO047:47:047SU250831:O:3,0,0,0,0,0,0,1,20250831,20251223
GNE:GOAO047:47:047SU250831:O:4,0,0,0,0,0,0,1,20250831,20251223
GNE:GOAO047:47:047SU250831:O:5,0,0,0,0,0,0,1,20250831,20251223
GNE:GOAO047:47:047SU250831:O:6,0,0,0,0,0,0,1,20250831,20251223
GNE:GOAO047:47:047SU250831:O:7,0,0,0,0,0,0,1,20250831,20251223
GNE:GOAO047:47:047SU250831:O:8,0,0,0,0,0,0,1,20250831,20251223
GNE:GOAO047:47:047SU250831:O:9,0,0,0,0,0,0,1,20250831,20251223
GNE:GOAO047:47:047SU250831:O:10,0,0,0,0,0,0,1,20250831,20251223
GNE:GOAO047:47:047SU250831:O:11,0,0,0,0,0,0,1,20250831,20251223
GNE:GOAO047:47:047SU250831:O:12,0,0,0,0,0,0,1,20250831,20251223
GNE:GOAO047:47:047SU250831:O:13,0,0,0,0,0,0,1,20250831,20251223
GNE:GOAO047:47:047SU250831:O:14,0,0,0,0,0,0,1,20250831,20251223
GNE:GOAO047:47:047SU250831:O:15,0,0,0,0,0,0,1,20250831,20251223
GNE:GOAO047:47:047SU250831:O:16,0,0,0,0,0,0,1,20250831,20251223
GNE:GOAO047:47:047SU250831:O:17,0,0,0,0,0,0,1,20250831,20251223
GNE:GOAO047:47:047SU250831:O:18,0,0,0,0,0,0,1,20250831,20251223
GNE:GOAO047:47:047SU250831:I:1,0,0,0,0,0,0,1,20250831,20251223
GNE:GOAO047:47:047SU250831:I:2,0,0,0,0,0,0,1,20250831,20251223
GNE:GOAO047:47:047SU250831:I:3,0,0,0,0,0,0,1,20250831,20251223
GNE:GOAO047:47:047SU250831:I:4,0,0,0,0,0,0,1,20250831,20251223
GNE:GOAO047:47:047SU250831:I:5,0,0,0,0,0,0,1,20250831,20251223
GNE:GOAO047:47:047SU250831:I:6,0,0,0,0,0,0,1,20250831,20251223
GNE:GOAO047:47:047SU250831:I:7,0,0,0,0,0,0,1,20250831,20251223
GNE:GOAO047:47:047SU250831:I:8,0,0,0,0,0,0,1,20250831,20251223
GNE:GOAO047:47:047SU250831:I:9,0,0,0,0,0,0,1,20250831,20251223
GNE:GOAO047:47:047SU250831:I:10,0,0,0,0,0,0,1,20250831,20251223
GNE:GOAO047:47:047SU250831:I:11,0,0,0,0,0,0,1,20250831,20251223
GNE:GOAO047:47:047SU250831:I:12,0,0,0,0,0,0,1,20250831,20251223
GNE:GOAO047:47:047SU250831:I:13,0,0,0,0,0,0,1,20250831,20251223
GNE:GOAO047:47:047SU250831:I:14,0,0,0,0,0,0,1,20250831,20251223
GNE:GOAO047:47:047SU250831:I:15,0,0,0,0,0,0,1,20250831,20251223
GNE:GOAO049:49:049MF250831:O:1,1,1,1,1,1,0,0,20250831,20251223
GNE:GOAO049:49:049MF250831:O:3,1,1,1,1,1,0,0,20250831,20251223
GNE:GOAO049:49:049MF250831:O:5,1,1,1,1,1,0,0,20250831,20251223
GNE:GOAO049:49:049MF250831:O:8,1,1,1,1,1,0,0,20250831,20251223
GNE:GOAO049:49:049MF250831:O:10,1,1,1,1,1,0,0,20250831,20251223
GNE:GOAO049:49:049MF250831:O:12,1,1,1,1,1,0,0,20250831,20251223
GNE:GOAO049:49:049MF250831:O:14,1,1,1,1,1,0,0,20250831,20251223
GNE:GOAO049:49:049MF250831:O:16,1,1,1,1,1,0,0,20250831,20251223
GNE:GOAO049:49:049MF250831:O:18,1,1,1,1,1,0,0,20250831,20251223
GNE:GOAO049:49:049MF250831:O:20,1,1,1,1,1,0,0,20250831,20251223
GNE:GOAO049:49:049MF250831:O:22,1,1,1,1,1,0,0,20250831,20251223
GNE:GOAO049:49:049MF250831:O:24,1,1,1,1,1,0,0,20250831,20251223
GNE:GOAO049:49:049MF250831:O:26,1,1,1,1,1,0,0,20250831,20251223
GNE:GOAO049:49:049MF250831:O:28,1,1,1,1,1,0,0,20250831,20251223
GNE:GOAO049:49:049MF250831:O:30,1,1,1,1,1,0,0,20250831,20251223
GNE:GOAO049:49:049MF250831:O:32,1,1,1,1,1,0,0,20250831,20251223
GNE:GOAO049:49:049MF250831:O:34,1,1,1,1,1,0,0,20250831,20251223
GNE:GOAO049:49:049MF250831:O:36,1,1,1,1,1,0,0,20250831,20251223
GNE:GOAO049:49:049MF250831:O:38,1,1,1,1,1,0,0,20250831,20251223
GNE:GOAO049:49:049MF250831:O:40,1,1,1,1,1,0,0,20250831,20251223
GNE:GOAO049:49:049MF250831:O:42,1,1,1,1,1,0,0,20250831,20251223
GNE:GOAO049:49:049MF250831:O:44,1,1,1,1,1,0,0,20250831,20251223
GNE:GOAO049:49:049MF250831:O:46,1,1,1,1,1,0,0,20250831,20251223
GNE:GOAO049:49:049MF250831:O:48,1,1,1,1,1,0,0,20250831,20251223
GNE:GOAO049:49:049MF250831:O:50,1,1,1,1,1,0,0,20250831,20251223
GNE:GOAO049:49:049MF250831:O:52,1,1,1,1,1,0,0,20250831,20251223
GNE:GOAO049:49:049MF250831:O:54,1,1,1,1,1,0,0,20250831,20251223
GNE:GOAO049:49:049MF250831:O:56,1,1,1,1,1,0,0,20250831,20251223
GNE:GOAO049:49:049MF250831:O:58,1,1,1,1,1,0,0,20250831,20251223
GNE:GOAO049:49:049MF250831:O:60,1,1,1,1,1,0,0,20250831,20251223
GNE:GOAO049:49:049MF250831:O:62,1,1,1,1,1,0,0,20250831,20251223
GNE:GOAO049:49:049MF250831:I:1,1,1,1,1,1,0,0,20250831,20251223
GNE:GOAO049:49:049MF250831:I:2,1,1,1,1,1,0,0,20250831,20251223
GNE:GOAO049:49:049MF250831:I:3,1,1,1,1,1,0,0,20250831,20251223
GNE:GOAO049:49:049MF250831:I:5,1,1,1,1,1,0,0,20250831,20251223
GNE:GOAO049:49:049MF250831:I:6,1,1,1,1,1,0,0,20250831,20251223
GNE:GOAO049:49:049MF250831:I:8,1,1,1,1,1,0,0,20250831,20251223
GNE:GOAO049:49:049MF250831:I:10,1,1,1,1,1,0,0,20250831,20251223
GNE:GOAO049:49:049MF250831:I:12,1,1,1,1,1,0,0,20250831,20251223
GNE:GOAO049:49:049MF250831:I:14,1,1,1,1,1,0,0,20250831,20251223
GNE:GOAO049:49:049MF250831:I:16,1,1,1,1,1,0,0,20250831,20251223
GNE:GOAO049:49:049MF250831:I:18,1,1,1,1,1,0,0,20250831,20251223
GNE:GOAO049:49:049MF250831:I:20,1,1,1,1,1,0,0,20250831,20251223
GNE:GOAO049:49:049MF250831:I:22,1,1,1,1,1,0,0,20250831,20251223
GNE:GOAO049:49:049MF250831:I:24,1,1,1,1,1,0,0,20250831,20251223
GNE:GOAO049:49:049MF250831:I:26,1,1,1,1,1,0,0,20250831,20251223
GNE:GOAO049:49:049MF250831:I:28,1,1,1,1,1,0,0,20250831,20251223
GNE:GOAO049:49:049MF250831:I:30,1,1,1,1,1,0,0,20250831,20251223
GNE:GOAO049:49:049MF250831:I:32,1,1,1,1,1,0,0,20250831,20251223
GNE:GOAO049:49:049MF250831:I:34,1,1,1,1,1,0,0,20250831,20251223
GNE:GOAO049:49:049MF250831:I:36,1,1,1,1,1,0,0,20250831,20251223
GNE:GOAO049:49:049MF250831:I:38,1,1,1,1,1,0,0,20250831,20251223
GNE:GOAO049:49:049MF250831:I:40,1,1,1,1,1,0,0,20250831,20251223
GNE:GOAO049:49:049MF250831:I:42,1,1,1,1,1,0,0,20250831,20251223
GNE:GOAO049:49:049MF250831:I:44,1,1,1,1,1,0,0,20250831,20251223
GNE:GOAO049:49:049MF250831:I:46,1,1,1,1,1,0,0,20250831,20251223
GNE:GOAO049:49:049MF250831:I:48,1,1,1,1,1,0,0,20250831,20251223
GNE:GOAO049:49:049MF250831:I:50,1,1,1,1,1,0,0,20250831,20251223
GNE:GOAO049:49:049MF250831:I:52,1,1,1,1,1,0,0,20250831,20251223
GNE:GOAO049:49:049MF250831:I:54,1,1,1,1,1,0,0,20250831,20251223
GNE:GOAO049:49:049MF250831:I:56,1,1,1,1,1,0,0,20250831,20251223
GNE:GOAO049:49:049MF250831:I:58,1,1,1,1,1,0,0,20250831,20251223
GNE:GOAO049:49:049MF250831:I:60,1,1,1,1,1,0,0,20250831,20251223
GNE:GOAO049:49:049MF250831:I:62,1,1,1,1,1,0,0,20250831,20251223
GNE:GOAO049:49:049MF250831:I:64,1,1,1,1,1,0,0,20250831,20251223
GNE:GOAO049:49:049SA250831:O:1,0,0,0,0,0,1,0,20250831,20251223
GNE:GOAO049:49:049SA250831:O:2,0,0,0,0,0,1,0,20250831,20251223
GNE:GOAO049:49:049SA250831:O:4,0,0,0,0,0,1,0,20250831,20251223
GNE:GOAO049:49:049SA250831:O:6,0,0,0,0,0,1,0,20250831,20251223
GNE:GOAO049:49:049SA250831:O:8,0,0,0,0,0,1,0,20250831,20251223
GNE:GOAO049:49:049SA250831:O:10,0,0,0,0,0,1,0,20250831,20251223
GNE:GOAO049:49:049SA250831:O:12,0,0,0,0,0,1,0,20250831,20251223
GNE:GOAO049:49:049SA250831:O:14,0,0,0,0,0,1,0,20250831,20251223
GNE:GOAO049:49:049SA250831:O:16,0,0,0,0,0,1,0,20250831,20251223
GNE:GOAO049:49:049SA250831:O:18,0,0,0,0,0,1,0,20250831,20251223
GNE:GOAO049:49:049SA250831:O:20,0,0,0,0,0,1,0,20250831,20251223
GNE:GOAO049:49:049SA250831:O:22,0,0,0,0,0,1,0,20250831,20251223
GNE:GOAO049:49:049SA250831:O:24,0,0,0,0,0,1,0,20250831,20251223
GNE:GOAO049:49:049SA250831:O:26,0,0,0,0,0,1,0,20250831,20251223
GNE:GOAO049:49:049SA250831:O:28,0,0,0,0,0,1,0,20250831,20251223
GNE:GOAO049:49:049SA250831:O:30,0,0,0,0,0,1,0,20250831,20251223
GNE:GOAO049:49:049SA250831:O:32,0,0,0,0,0,1,0,20250831,20251223
GNE:GOAO049:49:049SA250831:O:34,0,0,0,0,0,1,0,20250831,20251223
GNE:GOAO049:49:049SA250831:O:36,0,0,0,0,0,1,0,20250831,20251223
GNE:GOAO049:49:049SA250831:O:38,0,0,0,0,0,1,0,20250831,20251223
GNE:GOAO049:49:049SA250831:O:40,0,0,0,0,0,1,0,20250831,20251223
GNE:GOAO049:49:049SA250831:O:42,0,0,0,0,0,1,0,20250831,20251223
GNE:GOAO049:49:049SA250831:O:45,0,0,0,0,0,1,0,20250831,20251223
GNE:GOAO049:49:049SA250831:O:47,0,0,0,0,0,1,0,20250831,20251223
GNE:GOAO049:49:049SA250831:O:49,0,0,0,0,0,1,0,20250831,20251223
GNE:GOAO049:49:049SA250831:O:51,0,0,0,0,0,1,0,20250831,20251223
GNE:GOAO049:49:049SA250831:O:53,0,0,0,0,0,1,0,20250831,20251223
GNE:GOAO049:49:049SA250831:O:55,0,0,0,0,0,1,0,20250831,20251223
GNE:GOAO049:49:049SA250831:O:57,0,0,0,0,0,1,0,20250831,20251223
GNE:GOAO049:49:049SA250831:I:1,0,0,0,0,0,1,0,20250831,20251223
GNE:GOAO049:49:049SA250831:I:2,0,0,0,0,0,1,0,20250831,20251223
GNE:GOAO049:49:049SA250831:I:3,0,0,0,0,0,1,0,20250831,20251223
GNE:GOAO049:49:049SA250831:I:4,0,0,0,0,0,1,0,20250831,20251223
GNE:GOAO049:49:049SA250831:I:5,0,0,0,0,0,1,0,20250831,20251223
GNE:GOAO049:49:049SA250831:I:7,0,0,0,0,0,1,0,20250831,20251223
GNE:GOAO049:49:049SA250831:I:9,0,0,0,0,0,1,0,20250831,20251223
GNE:GOAO049:49:049SA250831:I:11,0,0,0,0,0,1,0,20250831,20251223
GNE:GOAO049:49:049SA250831:I:13,0,0,0,0,0,1,0,20250831,20251223
GNE:GOAO049:49:049SA250831:I:15,0,0,0,0,0,1,0,20250831,20251223
GNE:GOAO049:49:049SA250831:I:17,0,0,0,0,0,1,0,20250831,20251223
GNE:GOAO049:49:049SA250831:I:19,0,0,0,0,0,1,0,20250831,20251223
GNE:GOAO049:49:049SA250831:I:21,0,0,0,0,0,1,0,20250831,20251223
GNE:GOAO049:49:049SA250831:I:23,0,0,0,0,0,1,0,20250831,20251223
GNE:GOAO049:49:049SA250831:I:25,0,0,0,0,0,1,0,20250831,20251223
GNE:GOAO049:49:049SA250831:I:27,0,0,0,0,0,1,0,20250831,20251223
GNE:GOAO049:49:049SA250831:I:29,0,0,0,0,0,1,0,20250831,20251223
GNE:GOAO049:49:049SA250831:I:31,0,0,0,0,0,1,0,20250831,20251223
GNE:GOAO049:49:049SA250831:I:33,0,0,0,0,0,1,0,20250831,20251223
GNE:GOAO049:49:049SA250831:I:35,0,0,0,0,0,1,0,20250831,20251223
GNE:GOAO049:49:049SA250831:I:37,0,0,0,0,0,1,0,20250831,20251223
GNE:GOAO049:49:049SA250831:I:39,0,0,0,0,0,1,0,20250831,20251223
GNE:GOAO049:49:049SA250831:I:41,0,0,0,0,0,1,0,20250831,20251223
GNE:GOAO049:49:049SA250831:I:43,0,0,0,0,0,1,0,20250831,20251223
GNE:GOAO049:49:049SA250831:I:45,0,0,0,0,0,1,0,20250831,20251223
GNE:GOAO049:49:049SA250831:I:47,0,0,0,0,0,1,0,20250831,20251223
GNE:GOAO049:49:049SA250831:I:49,0,0,0,0,0,1,0,20250831,20251223
GNE:GOAO049:49:049SA250831:I:51,0,0,0,0,0,1,0,20250831,20251223
GNE:GOAO049:49:049SA250831:I:53,0,0,0,0,0,1,0,20250831,20251223
GNE:GOAO049:49:049SA250831:I:55,0,0,0,0,0,1,0,20250831,20251223
GNE:GOAO049:49:049SA250831:I:57,0,0,0,0,0,1,0,20250831,20251223
GNE:GOAO049:49:049SA250831:I:59,0,0,0,0,0,1,0,20250831,20251223
GNE:GOAO049:49:049SU250831:O:1,0,0,0,0,0,0,1,20250831,20251223
GNE:GOAO049:49:049SU250831:O:3,0,0,0,0,0,0,1,20250831,20251223
GNE:GOAO049:49:049SU250831:O:5,0,0,0,0,0,0,1,20250831,20251223
GNE:GOAO049:49:049SU250831:O:7,0,0,0,0,0,0,1,20250831,20251223
GNE:GOAO049:49:049SU250831:O:9,0,0,0,0,0,0,1,20250831,20251223
GNE:GOAO049:49:049SU250831:O:11,0,0,0,0,0,0,1,20250831,20251223
GNE:GOAO049:49:049SU250831:O:12,0,0,0,0,0,0,1,20250831,20251223
GNE:GOAO049:49:049SU250831:O:14,0,0,0,0,0,0,1,20250831,20251223
GNE:GOAO049:49:049SU250831:O:15,0,0,0,0,0,0,1,20250831,20251223
GNE:GOAO049:49:049SU250831:O:17,0,0,0,0,0,0,1,20250831,20251223
GNE:GOAO049:49:049SU250831:O:18,0,0,0,0,0,0,1,20250831,20251223
GNE:GOAO049:49:049SU250831:O:20,0,0,0,0,0,0,1,20250831,20251223
GNE:GOAO049:49:049SU250831:O:21,0,0,0,0,0,0,1,20250831,20251223
GNE:GOAO049:49:049SU250831:O:23,0,0,0,0,0,0,1,20250831,20251223
GNE:GOAO049:49:049SU250831:O:24,0,0,0,0,0,0,1,20250831,20251223
GNE:GOAO049:49:049SU250831:O:26,0,0,0,0,0,0,1,20250831,20251223
GNE:GOAO049:49:049SU250831:O:27,0,0,0,0,0,0,1,20250831,20251223
GNE:GOAO049:49:049SU250831:O:29,0,0,0,0,0,0,1,20250831,20251223
GNE:GOAO049:49:049SU250831:O:30,0,0,0,0,0,0,1,20250831,20251223
GNE:GOAO049:49:049SU250831:O:32,0,0,0,0,0,0,1,20250831,20251223
GNE:GOAO049:49:049SU250831:O:34,0,0,0,0,0,0,1,20250831,20251223
GNE:GOAO049:49:049SU250831:O:36,0,0,0,0,0,0,1,20250831,20251223
GNE:GOAO049:49:049SU250831:O:38,0,0,0,0,0,0,1,20250831,20251223
GNE:GOAO049:49:049SU250831:O:40,0,0,0,0,0,0,1,20250831,20251223
GNE:GOAO049:49:049SU250831:O:42,0,0,0,0,0,0,1,20250831,20251223
GNE:GOAO049:49:049SU250831:I:1,0,0,0,0,0,0,1,20250831,20251223
GNE:GOAO049:49:049SU250831:I:2,0,0,0,0,0,0,1,20250831,20251223
GNE:GOAO049:49:049SU250831:I:3,0,0,0,0,0,0,1,20250831,20251223
GNE:GOAO049:49:049SU250831:I:4,0,0,0,0,0,0,1,20250831,20251223
GNE:GOAO049:49:049SU250831:I:5,0,0,0,0,0,0,1,20250831,20251223
GNE:GOAO049:49:049SU250831:I:6,0,0,0,0,0,0,1,20250831,20251223
GNE:GOAO049:49:049SU250831:I:7,0,0,0,0,0,0,1,20250831,20251223
GNE:GOAO049:49:049SU250831:I:8,0,0,0,0,0,0,1,20250831,20251223
GNE:GOAO049:49:049SU250831:I:9,0,0,0,0,0,0,1,20250831,20251223
GNE:GOAO049:49:049SU250831:I:11,0,0,0,0,0,0,1,20250831,20251223
GNE:GOAO049:49:049SU250831:I:12,0,0,0,0,0,0,1,20250831,20251223
GNE:GOAO049:49:049SU250831:I:14,0,0,0,0,0,0,1,20250831,20251223
GNE:GOAO049:49:049SU250831:I:15,0,0,0,0,0,0,1,20250831,20251223
GNE:GOAO049:49:049SU250831:I:17,0,0,0,0,0,0,1,20250831,20251223
GNE:GOAO049:49:049SU250831:I:18,0,0,0,0,0,0,1,20250831,20251223
GNE:GOAO049:49:049SU250831:I:20,0,0,0,0,0,0,1,20250831,20251223
GNE:GOAO049:49:049SU250831:I:21,0,0,0,0,0,0,1,20250831,20251223
GNE:GOAO049:49:049SU250831:I:23,0,0,0,0,0,0,1,20250831,20251223
GNE:GOAO049:49:049SU250831:I:24,0,0,0,0,0,0,1,20250831,20251223
GNE:GOAO049:49:049SU250831:I:26,0,0,0,0,0,0,1,20250831,20251223
GNE:GOAO049:49:049SU250831:I:27,0,0,0,0,0,0,1,20250831,20251223
GNE:GOAO049:49:049SU250831:I:29,0,0,0,0,0,0,1,20250831,20251223
GNE:GOAO049:49:049SU250831:I:30,0,0,0,0,0,0,1,20250831,20251223
GNE:GOAO049:49:049SU250831:I:32,0,0,0,0,0,0,1,20250831,20251223
GNE:GOAO049:49:049SU250831:I:34,0,0,0,0,0,0,1,20250831,20251223
GNE:GOAO049:49:049SU250831:I:36,0,0,0,0,0,0,1,20250831,20251223
GNE:GOAO049:49:049SU250831:I:38,0,0,0,0,0,0,1,20250831,20251223
GNE:GOAO049:49:049SU250831:I:40,0,0,0,0,0,0,1,20250831,20251223
GNE:GOAO049:49:049SU250831:I:42,0,0,0,0,0,0,1,20250831,20251223
GNE:GOAO049A:49A:049MF250831:O:2,1,1,1,1,1,0,0,20250831,20251223
GNE:GOAO049A:49A:049MF250831:O:4,1,1,1,1,1,0,0,20250831,20251223
GNE:GOAO049A:49A:049MF250831:O:6,1,1,1,1,1,0,0,20250831,20251223
GNE:GOAO049A:49A:049MF250831:O:7,1,1,1,1,1,0,0,20250831,20251223
GNE:GOAO049A:49A:049MF250831:O:9,1,1,1,1,1,0,0,20250831,20251223
GNE:GOAO049A:49A:049MF250831:O:11,1,1,1,1,1,0,0,20250831,20251223
GNE:GOAO049A:49A:049MF250831:O:13,1,1,1,1,1,0,0,20250831,20251223
GNE:GOAO049A:49A:049MF250831:O:15,1,1,1,1,1,0,0,20250831,20251223
GNE:GOAO049A:49A:049MF250831:O:17,1,1,1,1,1,0,0,20250831,20251223
GNE:GOAO049A:49A:049MF250831:O:19,1,1,1,1,1,0,0,20250831,20251223
GNE:GOAO049A:49A:049MF250831:O:21,1,1,1,1,1,0,0,20250831,20251223
GNE:GOAO049A:49A:049MF250831:O:23,1,1,1,1,1,0,0,20250831,20251223
GNE:GOAO049A:49A:049MF250831:O:25,1,1,1,1,1,0,0,20250831,20251223
GNE:GOAO049A:49A:049MF250831:O:27,1,1,1,1,1,0,0,20250831,20251223
GNE:GOAO049A:49A:049MF250831:O:29,1,1,1,1,1,0,0,20250831,20251223
GNE:GOAO049A:49A:049MF250831:O:31,1,1,1,1,1,0,0,20250831,20251223
GNE:GOAO049A:49A:049MF250831:O:33,1,1,1,1,1,0,0,20250831,20251223
GNE:GOAO049A:49A:049MF250831:O:35,1,1,1,1,1,0,0,20250831,20251223
GNE:GOAO049A:49A:049MF250831:O:37,1,1,1,1,1,0,0,20250831,20251223
GNE:GOAO049A:49A:049MF250831:O:39,1,1,1,1,1,0,0,20250831,20251223
GNE:GOAO049A:49A:049MF250831:O:41,1,1,1,1,1,0,0,20250831,20251223
GNE:GOAO049A:49A:049MF250831:O:43,1,1,1,1,1,0,0,20250831,20251223
GNE:GOAO049A:49A:049MF250831:O:45,1,1,1,1,1,0,0,20250831,20251223
GNE:GOAO049A:49A:049MF250831:O:47,1,1,1,1,1,0,0,20250831,20251223
GNE:GOAO049A:49A:049MF250831:O:49,1,1,1,1,1,0,0,20250831,20251223
GNE:GOAO049A:49A:049MF250831:O:51,1,1,1,1,1,0,0,20250831,20251223
GNE:GOAO049A:49A:049MF250831:O:53,1,1,1,1,1,0,0,20250831,20251223
GNE:GOAO049A:49A:049MF250831:O:55,1,1,1,1,1,0,0,20250831,20251223
GNE:GOAO049A:49A:049MF250831:O:57,1,1,1,1,1,0,0,20250831,20251223
GNE:GOAO049A:49A:049MF250831:O:59,1,1,1,1,1,0,0,20250831,20251223
GNE:GOAO049A:49A:049MF250831:O:61,1,1,1,1,1,0,0,20250831,20251223
GNE:GOAO049A:49A:049MF250831:O:63,1,1,1,1,1,0,0,20250831,20251223
GNE:GOAO049A:49A:049MF250831:I:4,1,1,1,1,1,0,0,20250831,20251223
GNE:GOAO049A:49A:049MF250831:I:7,1,1,1,1,1,0,0,20250831,20251223
GNE:GOAO049A:49A:049MF250831:I:9,1,1,1,1,1,0,0,20250831,20251223
GNE:GOAO049A:49A:049MF250831:I:11,1,1,1,1,1,0,0,20250831,20251223
GNE:GOAO049A:49A:049MF250831:I:13,1,1,1,1,1,0,0,20250831,20251223
GNE:GOAO049A:49A:049MF250831:I:15,1,1,1,1,1,0,0,20250831,20251223
GNE:GOAO049A:49A:049MF250831:I:17,1,1,1,1,1,0,0,20250831,20251223
GNE:GOAO049A:49A:049MF250831:I:19,1,1,1,1,1,0,0,20250831,20251223
GNE:GOAO049A:49A:049MF250831:I:21,1,1,1,1,1,0,0,20250831,20251223
GNE:GOAO049A:49A:049MF250831:I:23,1,1,1,1,1,0,0,20250831,20251223
GNE:GOAO049A:49A:049MF250831:I:25,1,1,1,1,1,0,0,20250831,20251223
GNE:GOAO049A:49A:049MF250831:I:27,1,1,1,1,1,0,0,20250831,20251223
GNE:GOAO049A:49A:049MF250831:I:29,1,1,1,1,1,0,0,20250831,20251223
GNE:GOAO049A:49A:049MF250831:I:31,1,1,1,1,1,0,0,20250831,20251223
GNE:GOAO049A:49A:049MF250831:I:33,1,1,1,1,1,0,0,20250831,20251223
GNE:GOAO049A:49A:049MF250831:I:35,1,1,1,1,1,0,0,20250831,20251223
GNE:GOAO049A:49A:049MF250831:I:37,1,1,1,1,1,0,0,20250831,20251223
GNE:GOAO049A:49A:049MF250831:I:39,1,1,1,1,1,0,0,20250831,20251223
GNE:GOAO049A:49A:049MF250831:I:41,1,1,1,1,1,0,0,20250831,20251223
GNE:GOAO049A:49A:049MF250831:I:43,1,1,1,1,1,0,0,20250831,20251223
GNE:GOAO049A:49A:049MF250831:I:45,1,1,1,1,1,0,0,20250831,20251223
GNE:GOAO049A:49A:049MF250831:I:47,1,1,1,1,1,0,0,20250831,20251223
GNE:GOAO049A:49A:049MF250831:I:49,1,1,1,1,1,0,0,20250831,20251223
GNE:GOAO049A:49A:049MF250831:I:51,1,1,1,1,1,0,0,20250831,20251223
GNE:GOAO049A:49A:049MF250831:I:53,1,1,1,1,1,0,0,20250831,20251223
GNE:GOAO049A:49A:049MF250831:I:55,1,1,1,1,1,0,0,20250831,20251223
GNE:GOAO049A:49A:049MF250831:I:57,1,1,1,1,1,0,0,20250831,20251223
GNE:GOAO049A:49A:049MF250831:I:59,1,1,1,1,1,0,0,20250831,20251223
GNE:GOAO049A:49A:049MF250831:I:61,1,1,1,1,1,0,0,20250831,20251223
GNE:GOAO049A:49A:049MF250831:I:63,1,1,1,1,1,0,0,20250831,20251223
GNE:GOAO049A:49A:049SA250831:O:3,0,0,0,0,0,1,0,20250831,20251223
GNE:GOAO049A:49A:049SA250831:O:5,0,0,0,0,0,1,0,20250831,20251223
GNE:GOAO049A:49A:049SA250831:O:7,0,0,0,0,0,1,0,20250831,20251223
GNE:GOAO049A:49A:049SA250831:O:9,0,0,0,0,0,1,0,20250831,20251223
GNE:GOAO049A:49A:049SA250831:O:11,0,0,0,0,0,1,0,20250831,20251223
GNE:GOAO049A:49A:049SA250831:O:13,0,0,0,0,0,1,0,20250831,20251223
GNE:GOAO049A:49A:049SA250831:O:15,0,0,0,0,0,1,0,20250831,20251223
GNE:GOAO049A:49A:049SA250831:O:17,0,0,0,0,0,1,0,20250831,20251223
GNE:GOAO049A:49A:049SA250831:O:19,0,0,0,0,0,1,0,20250831,20251223
GNE:GOAO049A:49A:049SA250831:O:21,0,0,0,0,0,1,0,20250831,20251223
GNE:GOAO049A:49A:049SA250831:O:23,0,0,0,0,0,1,0,20250831,20251223
GNE:GOAO049A:49A:049SA250831:O:25,0,0,0,0,0,1,0,20250831,20251223
GNE:GOAO049A:49A:049SA250831:O:27,0,0,0,0,0,1,0,20250831,20251223
GNE:GOAO049A:49A:049SA250831:O:29,0,0,0,0,0,1,0,20250831,20251223
GNE:GOAO049A:49A:049SA250831:O:31,0,0,0,0,0,1,0,20250831,20251223
GNE:GOAO049A:49A:049SA250831:O:33,0,0,0,0,0,1,0,20250831,20251223
GNE:GOAO049A:49A:049SA250831:O:35,0,0,0,0,0,1,0,20250831,20251223
GNE:GOAO049A:49A:049SA250831:O:37,0,0,0,0,0,1,0,20250831,20251223
GNE:GOAO049A:49A:049SA250831:O:39,0,0,0,0,0,1,0,20250831,20251223
GNE:GOAO049A:49A:049SA250831:O:41,0,0,0,0,0,1,0,20250831,20251223
GNE:GOAO049A:49A:049SA250831:O:43,0,0,0,0,0,1,0,20250831,20251223
GNE:GOAO049A:49A:049SA250831:O:44,0,0,0,0,0,1,0,20250831,20251223
GNE:GOAO049A:49A:049SA250831:O:46,0,0,0,0,0,1,0,20250831,20251223
GNE:GOAO049A:49A:049SA250831:O:48,0,0,0,0,0,1,0,20250831,20251223
GNE:GOAO049A:49A:049SA250831:O:50,0,0,0,0,0,1,0,20250831,20251223
GNE:GOAO049A:49A:049SA250831:O:52,0,0,0,0,0,1,0,20250831,20251223
GNE:GOAO049A:49A:049SA250831:O:54,0,0,0,0,0,1,0,20250831,20251223
GNE:GOAO049A:49A:049SA250831:O:56,0,0,0,0,0,1,0,20250831,20251223
GNE:GOAO049A:49A:049SA250831:O:58,0,0,0,0,0,1,0,20250831,20251223
GNE:GOAO049A:49A:049SA250831:I:6,0,0,0,0,0,1,0,20250831,20251223
GNE:GOAO049A:49A:049SA250831:I:8,0,0,0,0,0,1,0,20250831,20251223
GNE:GOAO049A:49A:049SA250831:I:10,0,0,0,0,0,1,0,20250831,20251223
GNE:GOAO049A:49A:049SA250831:I:12,0,0,0,0,0,1,0,20250831,20251223
GNE:GOAO049A:49A:049SA250831:I:14,0,0,0,0,0,1,0,20250831,20251223
GNE:GOAO049A:49A:049SA250831:I:16,0,0,0,0,0,1,0,20250831,20251223
GNE:GOAO049A:49A:049SA250831:I:18,0,0,0,0,0,1,0,20250831,20251223
GNE:GOAO049A:49A:049SA250831:I:20,0,0,0,0,0,1,0,20250831,20251223
GNE:GOAO049A:49A:049SA250831:I:22,0,0,0,0,0,1,0,20250831,20251223
GNE:GOAO049A:49A:049SA250831:I:24,0,0,0,0,0,1,0,20250831,20251223
GNE:GOAO049A:49A:049SA250831:I:26,0,0,0,0,0,1,0,20250831,20251223
GNE:GOAO049A:49A:049SA250831:I:28,0,0,0,0,0,1,0,20250831,20251223
GNE:GOAO049A:49A:049SA250831:I:30,0,0,0,0,0,1,0,20250831,20251223
GNE:GOAO049A:49A:049SA250831:I:32,0,0,0,0,0,1,0,20250831,20251223
GNE:GOAO049A:49A:049SA250831:I:34,0,0,0,0,0,1,0,20250831,20251223
GNE:GOAO049A:49A:049SA250831:I:36,0,0,0,0,0,1,0,20250831,20251223
GNE:GOAO049A:49A:049SA250831:I:38,0,0,0,0,0,1,0,20250831,20251223
GNE:GOAO049A:49A:049SA250831:I:40,0,0,0,0,0,1,0,20250831,20251223
GNE:GOAO049A:49A:049SA250831:I:42,0,0,0,0,0,1,0,20250831,20251223
GNE:GOAO049A:49A:049SA250831:I:44,0,0,0,0,0,1,0,20250831,20251223
GNE:GOAO049A:49A:049SA250831:I:46,0,0,0,0,0,1,0,20250831,20251223
GNE:GOAO049A:49A:049SA250831:I:48,0,0,0,0,0,1,0,20250831,20251223
GNE:GOAO049A:49A:049SA250831:I:50,0,0,0,0,0,1,0,20250831,20251223
GNE:GOAO049A:49A:049SA250831:I:52,0,0,0,0,0,1,0,20250831,20251223
GNE:GOAO049A:49A:049SA250831:I:54,0,0,0,0,0,1,0,20250831,20251223
GNE:GOAO049A:49A:049SA250831:I:56,0,0,0,0,0,1,0,20250831,20251223
GNE:GOAO049A:49A:049SA250831:I:58,0,0,0,0,0,1,0,20250831,20251223
GNE:GOAO049A:49A:049SU250831:O:2,0,0,0,0,0,0,1,20250831,20251223
GNE:GOAO049A:49A:049SU250831:O:4,0,0,0,0,0,0,1,20250831,20251223
GNE:GOAO049A:49A:049SU250831:O:6,0,0,0,0,0,0,1,20250831,20251223
GNE:GOAO049A:49A:049SU250831:O:8,0,0,0,0,0,0,1,20250831,20251223
GNE:GOAO049A:49A:049SU250831:O:10,0,0,0,0,0,0,1,20250831,20251223
GNE:GOAO049A:49A:049SU250831:O:13,0,0,0,0,0,0,1,20250831,20251223
GNE:GOAO049A:49A:049SU250831:O:16,0,0,0,0,0,0,1,20250831,20251223
GNE:GOAO049A:49A:049SU250831:O:19,0,0,0,0,0,0,1,20250831,20251223
GNE:GOAO049A:49A:049SU250831:O:22,0,0,0,0,0,0,1,20250831,20251223
GNE:GOAO049A:49A:049SU250831:O:25,0,0,0,0,0,0,1,20250831,20251223
GNE:GOAO049A:49A:049SU250831:O:28,0,0,0,0,0,0,1,20250831,20251223
GNE:GOAO049A:49A:049SU250831:O:31,0,0,0,0,0,0,1,20250831,20251223
GNE:GOAO049A:49A:049SU250831:O:33,0,0,0,0,0,0,1,20250831,20251223
GNE:GOAO049A:49A:049SU250831:O:35,0,0,0,0,0,0,1,20250831,20251223
GNE:GOAO049A:49A:049SU250831:O:37,0,0,0,0,0,0,1,20250831,20251223
GNE:GOAO049A:49A:049SU250831:O:39,0,0,0,0,0,0,1,20250831,20251223
GNE:GOAO049A:49A:049SU250831:O:41,0,0,0,0,0,0,1,20250831,20251223
GNE:GOAO049A:49A:049SU250831:O:43,0,0,0,0,0,0,1,20250831,20251223
GNE:GOAO049A:49A:049SU250831:I:10,0,0,0,0,0,0,1,20250831,20251223
GNE:GOAO049A:49A:049SU250831:I:13,0,0,0,0,0,0,1,20250831,20251223
GNE:GOAO049A:49A:049SU250831:I:16,0,0,0,0,0,0,1,20250831,20251223
GNE:GOAO049A:49A:049SU250831:I:19,0,0,0,0,0,0,1,20250831,20251223
GNE:GOAO049A:49A:049SU250831:I:22,0,0,0,0,0,0,1,20250831,20251223
GNE:GOAO049A:49A:049SU250831:I:25,0,0,0,0,0,0,1,20250831,20251223
GNE:GOAO049A:49A:049SU250831:I:28,0,0,0,0,0,0,1,20250831,20251223
GNE:GOAO049A:49A:049SU250831:I:31,0,0,0,0,0,0,1,20250831,20251223
GNE:GOAO049A:49A:049SU250831:I:33,0,0,0,0,0,0,1,20250831,20251223
GNE:GOAO049A:49A:049SU250831:I:35,0,0,0,0,0,0,1,20250831,20251223
GNE:GOAO049A:49A:049SU250831:I:37,0,0,0,0,0,0,1,20250831,20251223
GNE:GOAO049A:49A:049SU250831:I:39,0,0,0,0,0,0,1,20250831,20251223
GNE:GOAO049A:49A:049SU250831:I:41,0,0,0,0,0,0,1,20250831,20251223
GNE:GOAO049A:49A:049SU250831:I:43,0,0,0,0,0,0,1,20250831,20251223
GNE:GOAO050:50:050MF250831:O:1,1,1,1,1,1,0,0,20250831,20251223
GNE:GOAO050:50:050MF250831:O:2,1,1,1,1,1,0,0,20250831,20251223
GNE:GOAO050:50:050MF250831:O:3,1,1,1,1,1,0,0,20250831,20251223
GNE:GOAO050:50:050MF250831:O:4,1,1,1,1,1,0,0,20250831,20251223
GNE:GOAO050:50:050MF250831:O:5,1,1,1,1,1,0,0,20250831,20251223
GNE:GOAO050:50:050MF250831:O:6,1,1,1,1,1,0,0,20250831,20251223
GNE:GOAO050:50:050MF250831:O:7,1,1,1,1,1,0,0,20250831,20251223
GNE:GOAO050:50:050MF250831:O:8,1,1,1,1,1,0,0,20250831,20251223
GNE:GOAO050:50:050MF250831:O:9,1,1,1,1,1,0,0,20250831,20251223
GNE:GOAO050:50:050MF250831:O:10,1,1,1,1,1,0,0,20250831,20251223
GNE:GOAO050:50:050MF250831:O:11,1,1,1,1,1,0,0,20250831,20251223
GNE:GOAO050:50:050MF250831:O:12,1,1,1,1,1,0,0,20250831,20251223
GNE:GOAO050:50:050MF250831:O:13,1,1,1,1,1,0,0,20250831,20251223
GNE:GOAO050:50:050MF250831:O:14,1,1,1,1,1,0,0,20250831,20251223
GNE:GOAO050:50:050MF250831:O:15,1,1,1,1,1,0,0,20250831,20251223
GNE:GOAO050:50:050MF250831:O:16,1,1,1,1,1,0,0,20250831,20251223
GNE:GOAO050:50:050MF250831:O:17,1,1,1,1,1,0,0,20250831,20251223
GNE:GOAO050:50:050MF250831:O:18,1,1,1,1,1,0,0,20250831,20251223
GNE:GOAO050:50:050MF250831:O:19,1,1,1,1,1,0,0,20250831,20251223
GNE:GOAO050:50:050MF250831:O:20,1,1,1,1,1,0,0,20250831,20251223
GNE:GOAO050:50:050MF250831:O:21,1,1,1,1,1,0,0,20250831,20251223
GNE:GOAO050:50:050MF250831:O:22,1,1,1,1,1,0,0,20250831,20251223
GNE:GOAO050:50:050MF250831:O:23,1,1,1,1,1,0,0,20250831,20251223
GNE:GOAO050:50:050MF250831:O:24,1,1,1,1,1,0,0,20250831,20251223
GNE:GOAO050:50:050MF250831:O:25,1,1,1,1,1,0,0,20250831,20251223
GNE:GOAO050:50:050MF250831:O:26,1,1,1,1,1,0,0,20250831,20251223
GNE:GOAO050:50:050MF250831:O:27,1,1,1,1,1,0,0,20250831,20251223
GNE:GOAO050:50:050MF250831:O:28,1,1,1,1,1,0,0,20250831,20251223
GNE:GOAO050:50:050MF250831:O:29,1,1,1,1,1,0,0,20250831,20251223
GNE:GOAO050:50:050MF250831:O:30,1,1,1,1,1,0,0,20250831,20251223
GNE:GOAO050:50:050MF250831:O:31,1,1,1,1,1,0,0,20250831,20251223
GNE:GOAO050:50:050MF250831:O:32,1,1,1,1,1,0,0,20250831,20251223
GNE:GOAO050:50:050MF250831:I:1,1,1,1,1,1,0,0,20250831,20251223
GNE:GOAO050:50:050MF250831:I:2,1,1,1,1,1,0,0,20250831,20251223
GNE:GOAO050:50:050MF250831:I:3,1,1,1,1,1,0,0,20250831,20251223
GNE:GOAO050:50:050MF250831:I:4,1,1,1,1,1,0,0,20250831,20251223
GNE:GOAO050:50:050MF250831:I:5,1,1,1,1,1,0,0,20250831,20251223
GNE:GOAO050:50:050MF250831:I:6,1,1,1,1,1,0,0,20250831,20251223
GNE:GOAO050:50:050MF250831:I:7,1,1,1,1,1,0,0,20250831,20251223
GNE:GOAO050:50:050MF250831:I:8,1,1,1,1,1,0,0,20250831,20251223
GNE:GOAO050:50:050MF250831:I:9,1,1,1,1,1,0,0,20250831,20251223
GNE:GOAO050:50:050MF250831:I:10,1,1,1,1,1,0,0,20250831,20251223
GNE:GOAO050:50:050MF250831:I:11,1,1,1,1,1,0,0,20250831,20251223
GNE:GOAO050:50:050MF250831:I:12,1,1,1,1,1,0,0,20250831,20251223
GNE:GOAO050:50:050MF250831:I:13,1,1,1,1,1,0,0,20250831,20251223
GNE:GOAO050:50:050MF250831:I:14,1,1,1,1,1,0,0,20250831,20251223
GNE:GOAO050:50:050MF250831:I:15,1,1,1,1,1,0,0,20250831,20251223
GNE:GOAO050:50:050MF250831:I:16,1,1,1,1,1,0,0,20250831,20251223
GNE:GOAO050:50:050MF250831:I:17,1,1,1,1,1,0,0,20250831,20251223
GNE:GOAO050:50:050MF250831:I:18,1,1,1,1,1,0,0,20250831,20251223
GNE:GOAO050:50:050MF250831:I:19,1,1,1,1,1,0,0,20250831,20251223
GNE:GOAO050:50:050MF250831:I:20,1,1,1,1,1,0,0,20250831,20251223
GNE:GOAO050:50:050MF250831:I:21,1,1,1,1,1,0,0,20250831,20251223
GNE:GOAO050:50:050MF250831:I:22,1,1,1,1,1,0,0,20250831,20251223
GNE:GOAO050:50:050MF250831:I:23,1,1,1,1,1,0,0,20250831,20251223
GNE:GOAO050:50:050MF250831:I:24,1,1,1,1,1,0,0,20250831,20251223
GNE:GOAO050:50:050MF250831:I:25,1,1,1,1,1,0,0,20250831,20251223
GNE:GOAO050:50:050MF250831:I:26,1,1,1,1,1,0,0,20250831,20251223
GNE:GOAO050:50:050MF250831:I:27,1,1,1,1,1,0,0,20250831,20251223
GNE:GOAO050:50:050MF250831:I:28,1,1,1,1,1,0,0,20250831,20251223
GNE:GOAO050:50:050MF250831:I:29,1,1,1,1,1,0,0,20250831,20251223
GNE:GOAO050:50:050MF250831:I:30,1,1,1,1,1,0,0,20250831,20251223
GNE:GOAO050:50:050MF250831:I:31,1,1,1,1,1,0,0,20250831,20251223
GNE:GOAO050:50:050SA250831:O:1,0,0,0,0,0,1,0,20250831,20251223
GNE:GOAO050:50:050SA250831:O:2,0,0,0,0,0,1,0,20250831,20251223
GNE:GOAO050:50:050SA250831:O:3,0,0,0,0,0,1,0,20250831,20251223
GNE:GOAO050:50:050SA250831:O:4,0,0,0,0,0,1,0,20250831,20251223
GNE:GOAO050:50:050SA250831:O:5,0,0,0,0,0,1,0,20250831,20251223
GNE:GOAO050:50:050SA250831:O:6,0,0,0,0,0,1,0,20250831,20251223
GNE:GOAO050:50:050SA250831:O:7,0,0,0,0,0,1,0,20250831,20251223
GNE:GOAO050:50:050SA250831:O:8,0,0,0,0,0,1,0,20250831,20251223
GNE:GOAO050:50:050SA250831:O:9,0,0,0,0,0,1,0,20250831,20251223
GNE:GOAO050:50:050SA250831:O:10,0,0,0,0,0,1,0,20250831,20251223
GNE:GOAO050:50:050SA250831:O:11,0,0,0,0,0,1,0,20250831,20251223
GNE:GOAO050:50:050SA250831:O:12,0,0,0,0,0,1,0,20250831,20251223
GNE:GOAO050:50:050SA250831:O:13,0,0,0,0,0,1,0,20250831,20251223
GNE:GOAO050:50:050SA250831:O:14,0,0,0,0,0,1,0,20250831,20251223
GNE:GOAO050:50:050SA250831:O:15,0,0,0,0,0,1,0,20250831,20251223
GNE:GOAO050:50:050SA250831:O:16,0,0,0,0,0,1,0,20250831,20251223
GNE:GOAO050:50:050SA250831:O:17,0,0,0,0,0,1,0,20250831,20251223
GNE:GOAO050:50:050SA250831:O:18,0,0,0,0,0,1,0,20250831,20251223
GNE:GOAO050:50:050SA250831:O:19,0,0,0,0,0,1,0,20250831,20251223
GNE:GOAO050:50:050SA250831:O:20,0,0,0,0,0,1,0,20250831,20251223
GNE:GOAO050:50:050SA250831:O:21,0,0,0,0,0,1,0,20250831,20251223
GNE:GOAO050:50:050SA250831:O:22,0,0,0,0,0,1,0,20250831,20251223
GNE:GOAO050:50:050SA250831:O:23,0,0,0,0,0,1,0,20250831,20251223
GNE:GOAO050:50:050SA250831:O:24,0,0,0,0,0,1,0,20250831,20251223
GNE:GOAO050:50:050SA250831:O:25,0,0,0,0,0,1,0,20250831,20251223
GNE:GOAO050:50:050SA250831:O:26,0,0,0,0,0,1,0,20250831,20251223
GNE:GOAO050:50:050SA250831:I:1,0,0,0,0,0,1,0,20250831,20251223
GNE:GOAO050:50:050SA250831:I:2,0,0,0,0,0,1,0,20250831,20251223
GNE:GOAO050:50:050SA250831:I:3,0,0,0,0,0,1,0,20250831,20251223
GNE:GOAO050:50:050SA250831:I:4,0,0,0,0,0,1,0,20250831,20251223
GNE:GOAO050:50:050SA250831:I:5,0,0,0,0,0,1,0,20250831,20251223
GNE:GOAO050:50:050SA250831:I:6,0,0,0,0,0,1,0,20250831,20251223
GNE:GOAO050:50:050SA250831:I:7,0,0,0,0,0,1,0,20250831,20251223
GNE:GOAO050:50:050SA250831:I:8,0,0,0,0,0,1,0,20250831,20251223
GNE:GOAO050:50:050SA250831:I:9,0,0,0,0,0,1,0,20250831,20251223
GNE:GOAO050:50:050SA250831:I:10,0,0,0,0,0,1,0,20250831,20251223
GNE:GOAO050:50:050SA250831:I:11,0,0,0,0,0,1,0,20250831,20251223
GNE:GOAO050:50:050SA250831:I:12,0,0,0,0,0,1,0,20250831,20251223
GNE:GOAO050:50:050SA250831:I:13,0,0,0,0,0,1,0,20250831,20251223
GNE:GOAO050:50:050SA250831:I:14,0,0,0,0,0,1,0,20250831,20251223
GNE:GOAO050:50:050SA250831:I:15,0,0,0,0,0,1,0,20250831,20251223
GNE:GOAO050:50:050SA250831:I:16,0,0,0,0,0,1,0,20250831,20251223
GNE:GOAO050:50:050SA250831:I:17,0,0,0,0,0,1,0,20250831,20251223
GNE:GOAO050:50:050SA250831:I:18,0,0,0,0,0,1,0,20250831,20251223
GNE:GOAO050:50:050SA250831:I:19,0,0,0,0,0,1,0,20250831,20251223
GNE:GOAO050:50:050SA250831:I:20,0,0,0,0,0,1,0,20250831,20251223
GNE:GOAO050:50:050SA250831:I:21,0,0,0,0,0,1,0,20250831,20251223
GNE:GOAO050:50:050SA250831:I:22,0,0,0,0,0,1,0,20250831,20251223
GNE:GOAO050:50:050SA250831:I:23,0,0,0,0,0,1,0,20250831,20251223
GNE:GOAO050:50:050SA250831:I:24,0,0,0,0,0,1,0,20250831,20251223
GNE:GOAO050:50:050SA250831:I:25,0,0,0,0,0,1,0,20250831,20251223
GNE:GOAO050:50:050SA250831:I:26,0,0,0,0,0,1,0,20250831,20251223
GNE:GOAO050:50:050SA250831:I:27,0,0,0,0,0,1,0,20250831,20251223
GNE:GOAO050:50:050SA250831:I:28,0,0,0,0,0,1,0,20250831,20251223
GNE:GOAO050:50:050SU250831:O:1,0,0,0,0,0,0,1,20250831,20251223
GNE:GOAO050:50:050SU250831:O:2,0,0,0,0,0,0,1,20250831,20251223
GNE:GOAO050:50:050SU250831:O:3,0,0,0,0,0,0,1,20250831,20251223
GNE:GOAO050:50:050SU250831:O:4,0,0,0,0,0,0,1,20250831,20251223
GNE:GOAO050:50:050SU250831:O:5,0,0,0,0,0,0,1,20250831,20251223
GNE:GOAO050:50:050SU250831:O:6,0,0,0,0,0,0,1,20250831,20251223
GNE:GOAO050:50:050SU250831:O:7,0,0,0,0,0,0,1,20250831,20251223
GNE:GOAO050:50:050SU250831:O:8,0,0,0,0,0,0,1,20250831,20251223
GNE:GOAO050:50:050SU250831:O:9,0,0,0,0,0,0,1,20250831,20251223
GNE:GOAO050:50:050SU250831:O:10,0,0,0,0,0,0,1,20250831,20251223
GNE:GOAO050:50:050SU250831:O:11,0,0,0,0,0,0,1,20250831,20251223
GNE:GOAO050:50:050SU250831:O:12,0,0,0,0,0,0,1,20250831,20251223
GNE:GOAO050:50:050SU250831:O:13,0,0,0,0,0,0,1,20250831,20251223
GNE:GOAO050:50:050SU250831:O:14,0,0,0,0,0,0,1,20250831,20251223
GNE:GOAO050:50:050SU250831:O:15,0,0,0,0,0,0,1,20250831,20251223
GNE:GOAO050:50:050SU250831:O:16,0,0,0,0,0,0,1,20250831,20251223
GNE:GOAO050:50:050SU250831:O:17,0,0,0,0,0,0,1,20250831,20251223
GNE:GOAO050:50:050SU250831:I:1,0,0,0,0,0,0,1,20250831,20251223
GNE:GOAO050:50:050SU250831:I:2,0,0,0,0,0,0,1,20250831,20251223
GNE:GOAO050:50:050SU250831:I:3,0,0,0,0,0,0,1,20250831,20251223
GNE:GOAO050:50:050SU250831:I:4,0,0,0,0,0,0,1,20250831,20251223
GNE:GOAO050:50:050SU250831:I:5,0,0,0,0,0,0,1,20250831,20251223
GNE:GOAO050:50:050SU250831:I:6,0,0,0,0,0,0,1,20250831,20251223
GNE:GOAO050:50:050SU250831:I:7,0,0,0,0,0,0,1,20250831,20251223
GNE:GOAO050:50:050SU250831:I:8,0,0,0,0,0,0,1,20250831,20251223
GNE:GOAO050:50:050SU250831:I:9,0,0,0,0,0,0,1,20250831,20251223
GNE:GOAO050:50:050SU250831:I:10,0,0,0,0,0,0,1,20250831,20251223
GNE:GOAO050:50:050SU250831:I:11,0,0,0,0,0,0,1,20250831,20251223
GNE:GOAO050:50:050SU250831:I:12,0,0,0,0,0,0,1,20250831,20251223
GNE:GOAO050:50:050SU250831:I:13,0,0,0,0,0,0,1,20250831,20251223
GNE:GOAO050:50:050SU250831:I:14,0,0,0,0,0,0,1,20250831,20251223
GNE:GOAO050:50:050SU250831:I:15,0,0,0,0,0,0,1,20250831,20251223
GNE:GOAO050:50:050SU250831:I:16,0,0,0,0,0,0,1,20250831,20251223
GNE:GOAO050:50:050SU250831:I:17,0,0,0,0,0,0,1,20250831,20251223
GNE:GOAO050:50:050SU250831:I:18,0,0,0,0,0,0,1,20250831,20251223
GNE:GOAO050:50:050SU250831:I:19,0,0,0,0,0,0,1,20250831,20251223
GNE:GOAO050S:50S:50SMF250831:I:1,0,0,0,0,0,0,0,20250831,20251223
GNE:GOAO051:51:051MF250831:O:1,1,1,1,1,1,0,0,20250831,20251223
GNE:GOAO051:51:051MF250831:O:2,1,1,1,1,1,0,0,20250831,20251223
GNE:GOAO051:51:051MF250831:O:3,1,1,1,1,1,0,0,20250831,20251223
GNE:GOAO051:51:051MF250831:O:4,1,1,1,1,1,0,0,20250831,20251223
GNE:GOAO051:51:051MF250831:O:5,1,1,1,1,1,0,0,20250831,20251223
GNE:GOAO051:51:051MF250831:O:6,1,1,1,1,1,0,0,20250831,20251223
GNE:GOAO051:51:051MF250831:O:7,1,1,1,1,1,0,0,20250831,20251223
GNE:GOAO051:51:051MF250831:O:8,1,1,1,1,1,0,0,20250831,20251223
GNE:GOAO051:51:051MF250831:O:9,1,1,1,1,1,0,0,20250831,20251223
GNE:GOAO051:51:051MF250831:O:10,1,1,1,1,1,0,0,20250831,20251223
GNE:GOAO051:51:051MF250831:O:11,1,1,1,1,1,0,0,20250831,20251223
GNE:GOAO051:51:051MF250831:O:12,1,1,1,1,1,0,0,20250831,20251223
GNE:GOAO051:51:051MF250831:O:13,1,1,1,1,1,0,0,20250831,20251223
GNE:GOAO051:51:051MF250831:O:14,1,1,1,1,1,0,0,20250831,20251223
GNE:GOAO051:51:051MF250831:O:15,1,1,1,1,1,0,0,20250831,20251223
GNE:GOAO051:51:051MF250831:O:16,1,1,1,1,1,0,0,20250831,20251223
GNE:GOAO051:51:051MF250831:O:17,1,1,1,1,1,0,0,20250831,20251223
GNE:GOAO051:51:051MF250831:O:18,1,1,1,1,1,0,0,20250831,20251223
GNE:GOAO051:51:051MF250831:O:19,1,1,1,1,1,0,0,20250831,20251223
GNE:GOAO051:51:051MF250831:O:20,1,1,1,1,1,0,0,20250831,20251223
GNE:GOAO051:51:051MF250831:O:21,1,1,1,1,1,0,0,20250831,20251223
GNE:GOAO051:51:051MF250831:O:22,1,1,1,1,1,0,0,20250831,20251223
GNE:GOAO051:51:051MF250831:O:23,1,1,1,1,1,0,0,20250831,20251223
GNE:GOAO051:51:051MF250831:O:24,1,1,1,1,1,0,0,20250831,20251223
GNE:GOAO051:51:051MF250831:O:25,1,1,1,1,1,0,0,20250831,20251223
GNE:GOAO051:51:051MF250831:O:26,1,1,1,1,1,0,0,20250831,20251223
GNE:GOAO051:51:051MF250831:O:27,1,1,1,1,1,0,0,20250831,20251223
GNE:GOAO051:51:051MF250831:O:28,1,1,1,1,1,0,0,20250831,20251223
GNE:GOAO051:51:051MF250831:O:29,1,1,1,1,1,0,0,20250831,20251223
GNE:GOAO051:51:051MF250831:O:30,1,1,1,1,1,0,0,20250831,20251223
GNE:GOAO051:51:051MF250831:O:31,1,1,1,1,1,0,0,20250831,20251223
GNE:GOAO051:51:051MF250831:O:32,1,1,1,1,1,0,0,20250831,20251223
GNE:GOAO051:51:051MF250831:O:33,1,1,1,1,1,0,0,20250831,20251223
GNE:GOAO051:51:051MF250831:O:34,1,1,1,1,1,0,0,20250831,20251223
GNE:GOAO051:51:051MF250831:O:35,1,1,1,1,1,0,0,20250831,20251223
GNE:GOAO051:51:051MF250831:O:36,1,1,1,1,1,0,0,20250831,20251223
GNE:GOAO051:51:051MF250831:O:37,1,1,1,1,1,0,0,20250831,20251223
GNE:GOAO051:51:051MF250831:O:38,1,1,1,1,1,0,0,20250831,20251223
GNE:GOAO051:51:051MF250831:O:39,1,1,1,1,1,0,0,20250831,20251223
GNE:GOAO051:51:051MF250831:O:40,1,1,1,1,1,0,0,20250831,20251223
GNE:GOAO051:51:051MF250831:O:41,1,1,1,1,1,0,0,20250831,20251223
GNE:GOAO051:51:051MF250831:O:42,1,1,1,1,1,0,0,20250831,20251223
GNE:GOAO051:51:051MF250831:O:43,1,1,1,1,1,0,0,20250831,20251223
GNE:GOAO051:51:051MF250831:O:44,1,1,1,1,1,0,0,20250831,20251223
GNE:GOAO051:51:051MF250831:O:45,1,1,1,1,1,0,0,20250831,20251223
GNE:GOAO051:51:051MF250831:O:46,1,1,1,1,1,0,0,20250831,20251223
GNE:GOAO051:51:051MF250831:O:47,1,1,1,1,1,0,0,20250831,20251223
GNE:GOAO051:51:051MF250831:O:48,1,1,1,1,1,0,0,20250831,20251223
GNE:GOAO051:51:051MF250831:O:49,1,1,1,1,1,0,0,20250831,20251223
GNE:GOAO051:51:051SA250831:O:1,0,0,0,0,0,1,0,20250831,20251223
GNE:GOAO051:51:051SA250831:O:2,0,0,0,0,0,1,0,20250831,20251223
GNE:GOAO051:51:051SA250831:O:3,0,0,0,0,0,1,0,20250831,20251223
GNE:GOAO051:51:051SA250831:O:4,0,0,0,0,0,1,0,20250831,20251223
GNE:GOAO051:51:051SA250831:O:5,0,0,0,0,0,1,0,20250831,20251223
GNE:GOAO051:51:051SA250831:O:6,0,0,0,0,0,1,0,20250831,20251223
GNE:GOAO051:51:051SA250831:O:7,0,0,0,0,0,1,0,20250831,20251223
GNE:GOAO051:51:051SA250831:O:8,0,0,0,0,0,1,0,20250831,20251223
GNE:GOAO051:51:051SA250831:O:9,0,0,0,0,0,1,0,20250831,20251223
GNE:GOAO051:51:051SA250831:O:10,0,0,0,0,0,1,0,20250831,20251223
GNE:GOAO051:51:051SA250831:O:11,0,0,0,0,0,1,0,20250831,20251223
GNE:GOAO051:51:051SA250831:O:12,0,0,0,0,0,1,0,20250831,20251223
GNE:GOAO051:51:051SA250831:O:13,0,0,0,0,0,1,0,20250831,20251223
GNE:GOAO051:51:051SA250831:O:14,0,0,0,0,0,1,0,20250831,20251223
GNE:GOAO051:51:051SA250831:O:15,0,0,0,0,0,1,0,20250831,20251223
GNE:GOAO051:51:051SA250831:O:16,0,0,0,0,0,1,0,20250831,20251223
GNE:GOAO051:51:051SA250831:O:17,0,0,0,0,0,1,0,20250831,20251223
GNE:GOAO051:51:051SA250831:O:18,0,0,0,0,0,1,0,20250831,20251223
GNE:GOAO051:51:051SA250831:O:19,0,0,0,0,0,1,0,20250831,20251223
GNE:GOAO051:51:051SA250831:O:20,0,0,0,0,0,1,0,20250831,20251223
GNE:GOAO051:51:051SA250831:O:21,0,0,0,0,0,1,0,20250831,20251223
GNE:GOAO051:51:051SA250831:O:22,0,0,0,0,0,1,0,20250831,20251223
GNE:GOAO051:51:051SA250831:O:23,0,0,0,0,0,1,0,20250831,20251223
GNE:GOAO051:51:051SA250831:O:24,0,0,0,0,0,1,0,20250831,20251223
GNE:GOAO051:51:051SA250831:O:25,0,0,0,0,0,1,0,20250831,20251223
GNE:GOAO051:51:051SA250831:O:26,0,0,0,0,0,1,0,20250831,20251223
GNE:GOAO051:51:051SA250831:O:27,0,0,0,0,0,1,0,20250831,20251223
GNE:GOAO051:51:051SA250831:O:28,0,0,0,0,0,1,0,20250831,20251223
GNE:GOAO051:51:051SA250831:O:29,0,0,0,0,0,1,0,20250831,20251223
GNE:GOAO051:51:051SA250831:O:30,0,0,0,0,0,1,0,20250831,20251223
GNE:GOAO051:51:051SA250831:O:31,0,0,0,0,0,1,0,20250831,20251223
GNE:GOAO051:51:051SA250831:O:32,0,0,0,0,0,1,0,20250831,20251223
GNE:GOAO051:51:051SA250831:O:33,0,0,0,0,0,1,0,20250831,20251223
GNE:GOAO051:51:051SA250831:O:34,0,0,0,0,0,1,0,20250831,20251223
GNE:GOAO051:51:051SA250831:O:35,0,0,0,0,0,1,0,20250831,20251223
GNE:GOAO051:51:051SA250831:O:36,0,0,0,0,0,1,0,20250831,20251223
GNE:GOAO051:51:051SA250831:O:37,0,0,0,0,0,1,0,20250831,20251223
GNE:GOAO051:51:051SA250831:O:38,0,0,0,0,0,1,0,20250831,20251223
GNE:GOAO051:51:051SA250831:O:39,0,0,0,0,0,1,0,20250831,20251223
GNE:GOAO051:51:051SA250831:O:40,0,0,0,0,0,1,0,20250831,20251223
GNE:GOAO051:51:051SA250831:O:41,0,0,0,0,0,1,0,20250831,20251223
GNE:GOAO051:51:051SA250831:O:42,0,0,0,0,0,1,0,20250831,20251223
GNE:GOAO051:51:051SA250831:O:43,0,0,0,0,0,1,0,20250831,20251223
GNE:GOAO051:51:051SA250831:O:44,0,0,0,0,0,1,0,20250831,20251223
GNE:GOAO051:51:051SA250831:O:45,0,0,0,0,0,1,0,20250831,20251223
GNE:GOAO051:51:051SA250831:O:46,0,0,0,0,0,1,0,20250831,20251223
GNE:GOAO051:51:051SU250831:O:1,0,0,0,0,0,0,1,20250831,20251223
GNE:GOAO051:51:051SU250831:O:2,0,0,0,0,0,0,1,20250831,20251223
GNE:GOAO051:51:051SU250831:O:3,0,0,0,0,0,0,1,20250831,20251223
GNE:GOAO051:51:051SU250831:O:4,0,0,0,0,0,0,1,20250831,20251223
GNE:GOAO051:51:051SU250831:O:5,0,0,0,0,0,0,1,20250831,20251223
GNE:GOAO051:51:051SU250831:O:6,0,0,0,0,0,0,1,20250831,20251223
GNE:GOAO051:51:051SU250831:O:7,0,0,0,0,0,0,1,20250831,20251223
GNE:GOAO051:51:051SU250831:O:8,0,0,0,0,0,0,1,20250831,20251223
GNE:GOAO051:51:051SU250831:O:9,0,0,0,0,0,0,1,20250831,20251223
GNE:GOAO051:51:051SU250831:O:10,0,0,0,0,0,0,1,20250831,20251223
GNE:GOAO051:51:051SU250831:O:11,0,0,0,0,0,0,1,20250831,20251223
GNE:GOAO051:51:051SU250831:O:12,0,0,0,0,0,0,1,20250831,20251223
GNE:GOAO051:51:051SU250831:O:13,0,0,0,0,0,0,1,20250831,20251223
GNE:GOAO051:51:051SU250831:O:14,0,0,0,0,0,0,1,20250831,20251223
GNE:GOAO051:51:051SU250831:O:15,0,0,0,0,0,0,1,20250831,20251223
GNE:GOAO051:51:051SU250831:O:16,0,0,0,0,0,0,1,20250831,20251223
GNE:GOAO051:51:051SU250831:O:17,0,0,0,0,0,0,1,20250831,20251223
GNE:GOAO051:51:051SU250831:O:18,0,0,0,0,0,0,1,20250831,20251223
GNE:GOAO051:51:051SU250831:O:19,0,0,0,0,0,0,1,20250831,20251223
GNE:GOAO051:51:051SU250831:O:20,0,0,0,0,0,0,1,20250831,20251223
GNE:GOAO051:51:051SU250831:O:21,0,0,0,0,0,0,1,20250831,20251223
GNE:GOAO051:51:051SU250831:O:22,0,0,0,0,0,0,1,20250831,20251223
GNE:GOAO051:51:051SU250831:O:23,0,0,0,0,0,0,1,20250831,20251223
GNE:GOAO051:51:051SU250831:O:24,0,0,0,0,0,0,1,20250831,20251223
GNE:GOAO051:51:051SU250831:O:25,0,0,0,0,0,0,1,20250831,20251223
GNE:GOAO051:51:051SU250831:O:26,0,0,0,0,0,0,1,20250831,20251223
GNE:GOAO051:51:051SU250831:O:27,0,0,0,0,0,0,1,20250831,20251223
GNE:GOAO051:51:051SU250831:O:28,0,0,0,0,0,0,1,20250831,20251223
GNE:GOAO051:51:051SU250831:O:29,0,0,0,0,0,0,1,20250831,20251223
GNE:GOAO051:51:051SU250831:O:30,0,0,0,0,0,0,1,20250831,20251223
GNE:GOAO051:51:051SU250831:O:31,0,0,0,0,0,0,1,20250831,20251223
GNE:GOAO051:51:051SU250831:O:32,0,0,0,0,0,0,1,20250831,20251223
GNE:GOAO051:51:051SU250831:O:33,0,0,0,0,0,0,1,20250831,20251223
GNE:GOAO051:51:051SU250831:O:34,0,0,0,0,0,0,1,20250831,20251223
GNE:GOAO051:51:051SU250831:O:35,0,0,0,0,0,0,1,20250831,20251223
GNE:GOAO051:51:051SU250831:O:36,0,0,0,0,0,0,1,20250831,20251223
GNE:GOAO052:52:051MF250831:I:1,1,1,1,1,1,0,0,20250831,20251223
GNE:GOAO052:52:051MF250831:I:2,1,1,1,1,1,0,0,20250831,20251223
GNE:GOAO052:52:051MF250831:I:3,1,1,1,1,1,0,0,20250831,20251223
GNE:GOAO052:52:051MF250831:I:4,1,1,1,1,1,0,0,20250831,20251223
GNE:GOAO052:52:051MF250831:I:5,1,1,1,1,1,0,0,20250831,20251223
GNE:GOAO052:52:051MF250831:I:6,1,1,1,1,1,0,0,20250831,20251223
GNE:GOAO052:52:051MF250831:I:7,1,1,1,1,1,0,0,20250831,20251223
GNE:GOAO052:52:051MF250831:I:8,1,1,1,1,1,0,0,20250831,20251223
GNE:GOAO052:52:051MF250831:I:9,1,1,1,1,1,0,0,20250831,20251223
GNE:GOAO052:52:051MF250831:I:10,1,1,1,1,1,0,0,20250831,20251223
GNE:GOAO052:52:051MF250831:I:11,1,1,1,1,1,0,0,20250831,20251223
GNE:GOAO052:52:051MF250831:I:12,1,1,1,1,1,0,0,20250831,20251223
GNE:GOAO052:52:051MF250831:I:13,1,1,1,1,1,0,0,20250831,20251223
GNE:GOAO052:52:051MF250831:I:14,1,1,1,1,1,0,0,20250831,20251223
GNE:GOAO052:52:051MF250831:I:15,1,1,1,1,1,0,0,20250831,20251223
GNE:GOAO052:52:051MF250831:I:16,1,1,1,1,1,0,0,20250831,20251223
GNE:GOAO052:52:051MF250831:I:17,1,1,1,1,1,0,0,20250831,20251223
GNE:GOAO052:52:051MF250831:I:18,1,1,1,1,1,0,0,20250831,20251223
GNE:GOAO052:52:051MF250831:I:19,1,1,1,1,1,0,0,20250831,20251223
GNE:GOAO052:52:051MF250831:I:20,1,1,1,1,1,0,0,20250831,20251223
GNE:GOAO052:52:051MF250831:I:21,1,1,1,1,1,0,0,20250831,20251223
GNE:GOAO052:52:051MF250831:I:22,1,1,1,1,1,0,0,20250831,20251223
GNE:GOAO052:52:051MF250831:I:23,1,1,1,1,1,0,0,20250831,20251223
GNE:GOAO052:52:051MF250831:I:24,1,1,1,1,1,0,0,20250831,20251223
GNE:GOAO052:52:051MF250831:I:25,1,1,1,1,1,0,0,20250831,20251223
GNE:GOAO052:52:051MF250831:I:26,1,1,1,1,1,0,0,20250831,20251223
GNE:GOAO052:52:051MF250831:I:27,1,1,1,1,1,0,0,20250831,20251223
GNE:GOAO052:52:051MF250831:I:28,1,1,1,1,1,0,0,20250831,20251223
GNE:GOAO052:52:051MF250831:I:29,1,1,1,1,1,0,0,20250831,20251223
GNE:GOAO052:52:051MF250831:I:30,1,1,1,1,1,0,0,20250831,20251223
GNE:GOAO052:52:051MF250831:I:31,1,1,1,1,1,0,0,20250831,20251223
GNE:GOAO052:52:051MF250831:I:32,1,1,1,1,1,0,0,20250831,20251223
GNE:GOAO052:52:051MF250831:I:33,1,1,1,1,1,0,0,20250831,20251223
GNE:GOAO052:52:051MF250831:I:34,1,1,1,1,1,0,0,20250831,20251223
GNE:GOAO052:52:051MF250831:I:35,1,1,1,1,1,0,0,20250831,20251223
GNE:GOAO052:52:051MF250831:I:36,1,1,1,1,1,0,0,20250831,20251223
GNE:GOAO052:52:051MF250831:I:37,1,1,1,1,1,0,0,20250831,20251223
GNE:GOAO052:52:051MF250831:I:38,1,1,1,1,1,0,0,20250831,20251223
GNE:GOAO052:52:051MF250831:I:39,1,1,1,1,1,0,0,20250831,20251223
GNE:GOAO052:52:051MF250831:I:40,1,1,1,1,1,0,0,20250831,20251223
GNE:GOAO052:52:051MF250831:I:41,1,1,1,1,1,0,0,20250831,20251223
GNE:GOAO052:52:051MF250831:I:42,1,1,1,1,1,0,0,20250831,20251223
GNE:GOAO052:52:051MF250831:I:43,1,1,1,1,1,0,0,20250831,20251223
GNE:GOAO052:52:051MF250831:I:44,1,1,1,1,1,0,0,20250831,20251223
GNE:GOAO052:52:051MF250831:I:45,1,1,1,1,1,0,0,20250831,20251223
GNE:GOAO052:52:051MF250831:I:46,1,1,1,1,1,0,0,20250831,20251223
GNE:GOAO052:52:051MF250831:I:47,1,1,1,1,1,0,0,20250831,20251223
GNE:GOAO052:52:051MF250831:I:48,1,1,1,1,1,0,0,20250831,20251223
GNE:GOAO052:52:051SA250831:I:1,0,0,0,0,0,1,0,20250831,20251223
GNE:GOAO052:52:051SA250831:I:2,0,0,0,0,0,1,0,20250831,20251223
GNE:GOAO052:52:051SA250831:I:3,0,0,0,0,0,1,0,20250831,20251223
GNE:GOAO052:52:051SA250831:I:4,0,0,0,0,0,1,0,20250831,20251223
GNE:GOAO052:52:051SA250831:I:5,0,0,0,0,0,1,0,20250831,20251223
GNE:GOAO052:52:051SA250831:I:6,0,0,0,0,0,1,0,20250831,20251223
GNE:GOAO052:52:051SA250831:I:7,0,0,0,0,0,1,0,20250831,20251223
GNE:GOAO052:52:051SA250831:I:8,0,0,0,0,0,1,0,20250831,20251223
GNE:GOAO052:52:051SA250831:I:9,0,0,0,0,0,1,0,20250831,20251223
GNE:GOAO052:52:051SA250831:I:10,0,0,0,0,0,1,0,20250831,20251223
GNE:GOAO052:52:051SA250831:I:11,0,0,0,0,0,1,0,20250831,20251223
GNE:GOAO052:52:051SA250831:I:12,0,0,0,0,0,1,0,20250831,20251223
GNE:GOAO052:52:051SA250831:I:13,0,0,0,0,0,1,0,20250831,20251223
GNE:GOAO052:52:051SA250831:I:14,0,0,0,0,0,1,0,20250831,20251223
GNE:GOAO052:52:051SA250831:I:15,0,0,0,0,0,1,0,20250831,20251223
GNE:GOAO052:52:051SA250831:I:16,0,0,0,0,0,1,0,20250831,20251223
GNE:GOAO052:52:051SA250831:I:17,0,0,0,0,0,1,0,20250831,20251223
GNE:GOAO052:52:051SA250831:I:18,0,0,0,0,0,1,0,20250831,20251223
GNE:GOAO052:52:051SA250831:I:19,0,0,0,0,0,1,0,20250831,20251223
GNE:GOAO052:52:051SA250831:I:20,0,0,0,0,0,1,0,20250831,20251223
GNE:GOAO052:52:051SA250831:I:21,0,0,0,0,0,1,0,20250831,20251223
GNE:GOAO052:52:051SA250831:I:22,0,0,0,0,0,1,0,20250831,20251223
GNE:GOAO052:52:051SA250831:I:23,0,0,0,0,0,1,0,20250831,20251223
GNE:GOAO052:52:051SA250831:I:24,0,0,0,0,0,1,0,20250831,20251223
GNE:GOAO052:52:051SA250831:I:25,0,0,0,0,0,1,0,20250831,20251223
GNE:GOAO052:52:051SA250831:I:26,0,0,0,0,0,1,0,20250831,20251223
GNE:GOAO052:52:051SA250831:I:27,0,0,0,0,0,1,0,20250831,20251223
GNE:GOAO052:52:051SA250831:I:28,0,0,0,0,0,1,0,20250831,20251223
GNE:GOAO052:52:051SA250831:I:29,0,0,0,0,0,1,0,20250831,20251223
GNE:GOAO052:52:051SA250831:I:30,0,0,0,0,0,1,0,20250831,20251223
GNE:GOAO052:52:051SA250831:I:31,0,0,0,0,0,1,0,20250831,20251223
GNE:GOAO052:52:051SA250831:I:32,0,0,0,0,0,1,0,20250831,20251223
GNE:GOAO052:52:051SA250831:I:33,0,0,0,0,0,1,0,20250831,20251223
GNE:GOAO052:52:051SA250831:I:34,0,0,0,0,0,1,0,20250831,20251223
GNE:GOAO052:52:051SA250831:I:35,0,0,0,0,0,1,0,20250831,20251223
GNE:GOAO052:52:051SA250831:I:36,0,0,0,0,0,1,0,20250831,20251223
GNE:GOAO052:52:051SA250831:I:37,0,0,0,0,0,1,0,20250831,20251223
GNE:GOAO052:52:051SA250831:I:38,0,0,0,0,0,1,0,20250831,20251223
GNE:GOAO052:52:051SA250831:I:39,0,0,0,0,0,1,0,20250831,20251223
GNE:GOAO052:52:051SA250831:I:40,0,0,0,0,0,1,0,20250831,20251223
GNE:GOAO052:52:051SA250831:I:41,0,0,0,0,0,1,0,20250831,20251223
GNE:GOAO052:52:051SA250831:I:42,0,0,0,0,0,1,0,20250831,20251223
GNE:GOAO052:52:051SA250831:I:43,0,0,0,0,0,1,0,20250831,20251223
GNE:GOAO052:52:051SA250831:I:44,0,0,0,0,0,1,0,20250831,20251223
GNE:GOAO052:52:051SA250831:I:45,0,0,0,0,0,1,0,20250831,20251223
GNE:GOAO052:52:051SA250831:I:46,0,0,0,0,0,1,0,20250831,20251223
GNE:GOAO052:52:051SU250831:I:1,0,0,0,0,0,0,1,20250831,20251223
GNE:GOAO052:52:051SU250831:I:2,0,0,0,0,0,0,1,20250831,20251223
GNE:GOAO052:52:051SU250831:I:3,0,0,0,0,0,0,1,20250831,20251223
GNE:GOAO052:52:051SU250831:I:4,0,0,0,0,0,0,1,20250831,20251223
GNE:GOAO052:52:051SU250831:I:5,0,0,0,0,0,0,1,20250831,20251223
GNE:GOAO052:52:051SU250831:I:6,0,0,0,0,0,0,1,20250831,20251223
GNE:GOAO052:52:051SU250831:I:7,0,0,0,0,0,0,1,20250831,20251223
GNE:GOAO052:52:051SU250831:I:8,0,0,0,0,0,0,1,20250831,20251223
GNE:GOAO052:52:051SU250831:I:9,0,0,0,0,0,0,1,20250831,20251223
GNE:GOAO052:52:051SU250831:I:10,0,0,0,0,0,0,1,20250831,20251223
GNE:GOAO052:52:051SU250831:I:11,0,0,0,0,0,0,1,20250831,20251223
GNE:GOAO052:52:051SU250831:I:12,0,0,0,0,0,0,1,20250831,20251223
GNE:GOAO052:52:051SU250831:I:13,0,0,0,0,0,0,1,20250831,20251223
GNE:GOAO052:52:051SU250831:I:14,0,0,0,0,0,0,1,20250831,20251223
GNE:GOAO052:52:051SU250831:I:15,0,0,0,0,0,0,1,20250831,20251223
GNE:GOAO052:52:051SU250831:I:16,0,0,0,0,0,0,1,20250831,20251223
GNE:GOAO052:52:051SU250831:I:17,0,0,0,0,0,0,1,20250831,20251223
GNE:GOAO052:52:051SU250831:I:18,0,0,0,0,0,0,1,20250831,20251223
GNE:GOAO052:52:051SU250831:I:19,0,0,0,0,0,0,1,20250831,20251223
GNE:GOAO052:52:051SU250831:I:20,0,0,0,0,0,0,1,20250831,20251223
GNE:GOAO052:52:051SU250831:I:21,0,0,0,0,0,0,1,20250831,20251223
GNE:GOAO052:52:051SU250831:I:22,0,0,0,0,0,0,1,20250831,20251223
GNE:GOAO052:52:051SU250831:I:23,0,0,0,0,0,0,1,20250831,20251223
GNE:GOAO052:52:051SU250831:I:24,0,0,0,0,0,0,1,20250831,20251223
GNE:GOAO052:52:051SU250831:I:25,0,0,0,0,0,0,1,20250831,20251223
GNE:GOAO052:52:051SU250831:I:26,0,0,0,0,0,0,1,20250831,20251223
GNE:GOAO052:52:051SU250831:I:27,0,0,0,0,0,0,1,20250831,20251223
GNE:GOAO052:52:051SU250831:I:28,0,0,0,0,0,0,1,20250831,20251223
GNE:GOAO052:52:051SU250831:I:29,0,0,0,0,0,0,1,20250831,20251223
GNE:GOAO052:52:051SU250831:I:30,0,0,0,0,0,0,1,20250831,20251223
GNE:GOAO052:52:051SU250831:I:31,0,0,0,0,0,0,1,20250831,20251223
GNE:GOAO052:52:051SU250831:I:32,0,0,0,0,0,0,1,20250831,20251223
GNE:GOAO052:52:051SU250831:I:33,0,0,0,0,0,0,1,20250831,20251223
GNE:GOAO052:52:051SU250831:I:34,0,0,0,0,0,0,1,20250831,20251223
GNE:GOAO052:52:051SU250831:I:35,0,0,0,0,0,0,1,20250831,20251223
GNE:GOAO053:53:053MF250831:O:1,1,1,1,1,1,0,0,20250831,20251223
GNE:GOAO053:53:053MF250831:O:2,1,1,1,1,1,0,0,20250831,20251223
GNE:GOAO053:53:053MF250831:O:3,1,1,1,1,1,0,0,20250831,20251223
GNE:GOAO053:53:053MF250831:O:4,1,1,1,1,1,0,0,20250831,20251223
GNE:GOAO053:53:053MF250831:O:5,1,1,1,1,1,0,0,20250831,20251223
GNE:GOAO053:53:053MF250831:O:6,1,1,1,1,1,0,0,20250831,20251223
GNE:GOAO053:53:053MF250831:O:7,1,1,1,1,1,0,0,20250831,20251223
GNE:GOAO053:53:053MF250831:O:8,1,1,1,1,1,0,0,20250831,20251223
GNE:GOAO053:53:053MF250831:O:9,1,1,1,1,1,0,0,20250831,20251223
GNE:GOAO053:53:053MF250831:O:10,1,1,1,1,1,0,0,20250831,20251223
GNE:GOAO053:53:053MF250831:O:11,1,1,1,1,1,0,0,20250831,20251223
GNE:GOAO053:53:053MF250831:O:12,1,1,1,1,1,0,0,20250831,20251223
GNE:GOAO053:53:053MF250831:O:13,1,1,1,1,1,0,0,20250831,20251223
GNE:GOAO053:53:053MF250831:O:14,1,1,1,1,1,0,0,20250831,20251223
GNE:GOAO053:53:053MF250831:O:15,1,1,1,1,1,0,0,20250831,20251223
GNE:GOAO053:53:053MF250831:O:16,1,1,1,1,1,0,0,20250831,20251223
GNE:GOAO053:53:053MF250831:O:17,1,1,1,1,1,0,0,20250831,20251223
GNE:GOAO053:53:053MF250831:O:18,1,1,1,1,1,0,0,20250831,20251223
GNE:GOAO053:53:053MF250831:O:19,1,1,1,1,1,0,0,20250831,20251223
GNE:GOAO053:53:053MF250831:O:20,1,1,1,1,1,0,0,20250831,20251223
GNE:GOAO053:53:053MF250831:O:21,1,1,1,1,1,0,0,20250831,20251223
GNE:GOAO053:53:053MF250831:O:22,1,1,1,1,1,0,0,20250831,20251223
GNE:GOAO053:53:053MF250831:O:23,1,1,1,1,1,0,0,20250831,20251223
GNE:GOAO053:53:053MF250831:O:24,1,1,1,1,1,0,0,20250831,20251223
GNE:GOAO053:53:053MF250831:O:25,1,1,1,1,1,0,0,20250831,20251223
GNE:GOAO053:53:053MF250831:O:26,1,1,1,1,1,0,0,20250831,20251223
GNE:GOAO053:53:053MF250831:O:27,1,1,1,1,1,0,0,20250831,20251223
GNE:GOAO053:53:053MF250831:O:28,1,1,1,1,1,0,0,20250831,20251223
GNE:GOAO053:53:053MF250831:O:29,1,1,1,1,1,0,0,20250831,20251223
GNE:GOAO053:53:053MF250831:O:30,1,1,1,1,1,0,0,20250831,20251223
GNE:GOAO053:53:053MF250831:O:31,1,1,1,1,1,0,0,20250831,20251223
GNE:GOAO053:53:053MF250831:O:32,1,1,1,1,1,0,0,20250831,20251223
GNE:GOAO053:53:053MF250831:O:33,1,1,1,1,1,0,0,20250831,20251223
GNE:GOAO053:53:053MF250831:O:34,1,1,1,1,1,0,0,20250831,20251223
GNE:GOAO053:53:053MF250831:O:35,1,1,1,1,1,0,0,20250831,20251223
GNE:GOAO053:53:053MF250831:O:36,1,1,1,1,1,0,0,20250831,20251223
GNE:GOAO053:53:053MF250831:O:37,1,1,1,1,1,0,0,20250831,20251223
GNE:GOAO053:53:053MF250831:O:38,1,1,1,1,1,0,0,20250831,20251223
GNE:GOAO053:53:053MF250831:O:39,1,1,1,1,1,0,0,20250831,20251223
GNE:GOAO053:53:053MF250831:O:40,1,1,1,1,1,0,0,20250831,20251223
GNE:GOAO053:53:053MF250831:O:41,1,1,1,1,1,0,0,20250831,20251223
GNE:GOAO053:53:053MF250831:O:42,1,1,1,1,1,0,0,20250831,20251223
GNE:GOAO053:53:053MF250831:O:43,1,1,1,1,1,0,0,20250831,20251223
GNE:GOAO053:53:053MF250831:O:44,1,1,1,1,1,0,0,20250831,20251223
GNE:GOAO053:53:053MF250831:O:45,1,1,1,1,1,0,0,20250831,20251223
GNE:GOAO053:53:053MF250831:O:46,1,1,1,1,1,0,0,20250831,20251223
GNE:GOAO053:53:053MF250831:O:47,1,1,1,1,1,0,0,20250831,20251223
GNE:GOAO053:53:053MF250831:O:48,1,1,1,1,1,0,0,20250831,20251223
GNE:GOAO053:53:053MF250831:O:49,1,1,1,1,1,0,0,20250831,20251223
GNE:GOAO053:53:053MF250831:O:50,1,1,1,1,1,0,0,20250831,20251223
GNE:GOAO053:53:053MF250831:O:51,1,1,1,1,1,0,0,20250831,20251223
GNE:GOAO053:53:053MF250831:O:52,1,1,1,1,1,0,0,20250831,20251223
GNE:GOAO053:53:053MF250831:O:53,1,1,1,1,1,0,0,20250831,20251223
GNE:GOAO053:53:053MF250831:O:54,1,1,1,1,1,0,0,20250831,20251223
GNE:GOAO053:53:053MF250831:O:55,1,1,1,1,1,0,0,20250831,20251223
GNE:GOAO053:53:053MF250831:O:56,1,1,1,1,1,0,0,20250831,20251223
GNE:GOAO053:53:053MF250831:O:57,1,1,1,1,1,0,0,20250831,20251223
GNE:GOAO053:53:053MF250831:O:58,1,1,1,1,1,0,0,20250831,20251223
GNE:GOAO053:53:053MF250831:O:59,1,1,1,1,1,0,0,20250831,20251223
GNE:GOAO053:53:053MF250831:O:60,1,1,1,1,1,0,0,20250831,20251223
GNE:GOAO053:53:053MF250831:O:61,1,1,1,1,1,0,0,20250831,20251223
GNE:GOAO053:53:053SA250831:O:1,0,0,0,0,0,1,0,20250831,20251223
GNE:GOAO053:53:053SA250831:O:2,0,0,0,0,0,1,0,20250831,20251223
GNE:GOAO053:53:053SA250831:O:3,0,0,0,0,0,1,0,20250831,20251223
GNE:GOAO053:53:053SA250831:O:4,0,0,0,0,0,1,0,20250831,20251223
GNE:GOAO053:53:053SA250831:O:5,0,0,0,0,0,1,0,20250831,20251223
GNE:GOAO053:53:053SA250831:O:6,0,0,0,0,0,1,0,20250831,20251223
GNE:GOAO053:53:053SA250831:O:7,0,0,0,0,0,1,0,20250831,20251223
GNE:GOAO053:53:053SA250831:O:8,0,0,0,0,0,1,0,20250831,20251223
GNE:GOAO053:53:053SA250831:O:9,0,0,0,0,0,1,0,20250831,20251223
GNE:GOAO053:53:053SA250831:O:10,0,0,0,0,0,1,0,20250831,20251223
GNE:GOAO053:53:053SA250831:O:11,0,0,0,0,0,1,0,20250831,20251223
GNE:GOAO053:53:053SA250831:O:12,0,0,0,0,0,1,0,20250831,20251223
GNE:GOAO053:53:053SA250831:O:13,0,0,0,0,0,1,0,20250831,20251223
GNE:GOAO053:53:053SA250831:O:14,0,0,0,0,0,1,0,20250831,20251223
GNE:GOAO053:53:053SA250831:O:15,0,0,0,0,0,1,0,20250831,20251223
GNE:GOAO053:53:053SA250831:O:16,0,0,0,0,0,1,0,20250831,20251223
GNE:GOAO053:53:053SA250831:O:17,0,0,0,0,0,1,0,20250831,20251223
GNE:GOAO053:53:053SA250831:O:18,0,0,0,0,0,1,0,20250831,20251223
GNE:GOAO053:53:053SA250831:O:19,0,0,0,0,0,1,0,20250831,20251223
GNE:GOAO053:53:053SA250831:O:20,0,0,0,0,0,1,0,20250831,20251223
GNE:GOAO053:53:053SA250831:O:21,0,0,0,0,0,1,0,20250831,20251223
GNE:GOAO053:53:053SA250831:O:22,0,0,0,0,0,1,0,20250831,20251223
GNE:GOAO053:53:053SA250831:O:23,0,0,0,0,0,1,0,20250831,20251223
GNE:GOAO053:53:053SA250831:O:24,0,0,0,0,0,1,0,20250831,20251223
GNE:GOAO053:53:053SA250831:O:25,0,0,0,0,0,1,0,20250831,20251223
GNE:GOAO053:53:053SA250831:O:26,0,0,0,0,0,1,0,20250831,20251223
GNE:GOAO053:53:053SA250831:O:27,0,0,0,0,0,1,0,20250831,20251223
GNE:GOAO053:53:053SA250831:O:28,0,0,0,0,0,1,0,20250831,20251223
GNE:GOAO053:53:053SA250831:O:29,0,0,0,0,0,1,0,20250831,20251223
GNE:GOAO053:53:053SA250831:O:30,0,0,0,0,0,1,0,20250831,20251223
GNE:GOAO053:53:053SA250831:O:31,0,0,0,0,0,1,0,20250831,20251223
GNE:GOAO053:53:053SA250831:O:32,0,0,0,0,0,1,0,20250831,20251223
GNE:GOAO053:53:053SA250831:O:33,0,0,0,0,0,1,0,20250831,20251223
GNE:GOAO053:53:053SA250831:O:34,0,0,0,0,0,1,0,20250831,20251223
GNE:GOAO053:53:053SA250831:O:35,0,0,0,0,0,1,0,20250831,20251223
GNE:GOAO053:53:053SA250831:O:36,0,0,0,0,0,1,0,20250831,20251223
GNE:GOAO053:53:053SA250831:O:37,0,0,0,0,0,1,0,20250831,20251223
GNE:GOAO053:53:053SA250831:O:38,0,0,0,0,0,1,0,20250831,20251223
GNE:GOAO053:53:053SA250831:O:39,0,0,0,0,0,1,0,20250831,20251223
GNE:GOAO053:53:053SA250831:O:40,0,0,0,0,0,1,0,20250831,20251223
GNE:GOAO053:53:053SA250831:O:41,0,0,0,0,0,1,0,20250831,20251223
GNE:GOAO053:53:053SA250831:O:42,0,0,0,0,0,1,0,20250831,20251223
GNE:GOAO053:53:053SA250831:O:43,0,0,0,0,0,1,0,20250831,20251223
GNE:GOAO053:53:053SA250831:O:44,0,0,0,0,0,1,0,20250831,20251223
GNE:GOAO053:53:053SA250831:O:45,0,0,0,0,0,1,0,20250831,20251223
GNE:GOAO053:53:053SA250831:O:46,0,0,0,0,0,1,0,20250831,20251223
GNE:GOAO053:53:053SA250831:O:47,0,0,0,0,0,1,0,20250831,20251223
GNE:GOAO053:53:053SA250831:O:48,0,0,0,0,0,1,0,20250831,20251223
GNE:GOAO053:53:053SA250831:O:49,0,0,0,0,0,1,0,20250831,20251223
GNE:GOAO053:53:053SA250831:O:50,0,0,0,0,0,1,0,20250831,20251223
GNE:GOAO053:53:053SA250831:O:51,0,0,0,0,0,1,0,20250831,20251223
GNE:GOAO053:53:053SA250831:O:52,0,0,0,0,0,1,0,20250831,20251223
GNE:GOAO053:53:053SA250831:O:53,0,0,0,0,0,1,0,20250831,20251223
GNE:GOAO053:53:053SA250831:O:54,0,0,0,0,0,1,0,20250831,20251223
GNE:GOAO053:53:053SA250831:O:55,0,0,0,0,0,1,0,20250831,20251223
GNE:GOAO053:53:053SA250831:O:56,0,0,0,0,0,1,0,20250831,20251223
GNE:GOAO053:53:053SA250831:O:57,0,0,0,0,0,1,0,20250831,20251223
GNE:GOAO053:53:053SU250831:O:1,0,0,0,0,0,0,1,20250831,20251223
GNE:GOAO053:53:053SU250831:O:2,0,0,0,0,0,0,1,20250831,20251223
GNE:GOAO053:53:053SU250831:O:3,0,0,0,0,0,0,1,20250831,20251223
GNE:GOAO053:53:053SU250831:O:4,0,0,0,0,0,0,1,20250831,20251223
GNE:GOAO053:53:053SU250831:O:5,0,0,0,0,0,0,1,20250831,20251223
GNE:GOAO053:53:053SU250831:O:6,0,0,0,0,0,0,1,20250831,20251223
GNE:GOAO053:53:053SU250831:O:7,0,0,0,0,0,0,1,20250831,20251223
GNE:GOAO053:53:053SU250831:O:8,0,0,0,0,0,0,1,20250831,20251223
GNE:GOAO053:53:053SU250831:O:9,0,0,0,0,0,0,1,20250831,20251223
GNE:GOAO053:53:053SU250831:O:10,0,0,0,0,0,0,1,20250831,20251223
GNE:GOAO053:53:053SU250831:O:11,0,0,0,0,0,0,1,20250831,20251223
GNE:GOAO053:53:053SU250831:O:12,0,0,0,0,0,0,1,20250831,20251223
GNE:GOAO053:53:053SU250831:O:13,0,0,0,0,0,0,1,20250831,20251223
GNE:GOAO053:53:053SU250831:O:14,0,0,0,0,0,0,1,20250831,20251223
GNE:GOAO053:53:053SU250831:O:15,0,0,0,0,0,0,1,20250831,20251223
GNE:GOAO053:53:053SU250831:O:16,0,0,0,0,0,0,1,20250831,20251223
GNE:GOAO053:53:053SU250831:O:17,0,0,0,0,0,0,1,20250831,20251223
GNE:GOAO053:53:053SU250831:O:18,0,0,0,0,0,0,1,20250831,20251223
GNE:GOAO053:53:053SU250831:O:19,0,0,0,0,0,0,1,20250831,20251223
GNE:GOAO053:53:053SU250831:O:20,0,0,0,0,0,0,1,20250831,20251223
GNE:GOAO053:53:053SU250831:O:21,0,0,0,0,0,0,1,20250831,20251223
GNE:GOAO053:53:053SU250831:O:22,0,0,0,0,0,0,1,20250831,20251223
GNE:GOAO053:53:053SU250831:O:23,0,0,0,0,0,0,1,20250831,20251223
GNE:GOAO053:53:053SU250831:O:24,0,0,0,0,0,0,1,20250831,20251223
GNE:GOAO053:53:053SU250831:O:25,0,0,0,0,0,0,1,20250831,20251223
GNE:GOAO053:53:053SU250831:O:26,0,0,0,0,0,0,1,20250831,20251223
GNE:GOAO053:53:053SU250831:O:27,0,0,0,0,0,0,1,20250831,20251223
GNE:GOAO053:53:053SU250831:O:28,0,0,0,0,0,0,1,20250831,20251223
GNE:GOAO053:53:053SU250831:O:29,0,0,0,0,0,0,1,20250831,20251223
GNE:GOAO053:53:053SU250831:O:30,0,0,0,0,0,0,1,20250831,20251223
GNE:GOAO053:53:053SU250831:O:31,0,0,0,0,0,0,1,20250831,20251223
GNE:GOAO053:53:053SU250831:O:32,0,0,0,0,0,0,1,20250831,20251223
GNE:GOAO053:53:053SU250831:O:33,0,0,0,0,0,0,1,20250831,20251223
GNE:GOAO053:53:053SU250831:O:34,0,0,0,0,0,0,1,20250831,20251223
GNE:GOAO053:53:053SU250831:O:35,0,0,0,0,0,0,1,20250831,20251223
GNE:GOAO053:53:053SU250831:O:36,0,0,0,0,0,0,1,20250831,20251223
GNE:GOAO053:53:053SU250831:O:37,0,0,0,0,0,0,1,20250831,20251223
GNE:GOAO053:53:053SU250831:O:38,0,0,0,0,0,0,1,20250831,20251223
GNE:GOAO053:53:053SU250831:O:39,0,0,0,0,0,0,1,20250831,20251223
GNE:GOAO053:53:053SU250831:O:40,0,0,0,0,0,0,1,20250831,20251223
GNE:GOAO054:54:053MF250831:I:1,1,1,1,1,1,0,0,20250831,20251223
GNE:GOAO054:54:053MF250831:I:2,1,1,1,1,1,0,0,20250831,20251223
GNE:GOAO054:54:053MF250831:I:3,1,1,1,1,1,0,0,20250831,20251223
GNE:GOAO054:54:053MF250831:I:4,1,1,1,1,1,0,0,20250831,20251223
GNE:GOAO054:54:053MF250831:I:5,1,1,1,1,1,0,0,20250831,20251223
GNE:GOAO054:54:053MF250831:I:6,1,1,1,1,1,0,0,20250831,20251223
GNE:GOAO054:54:053MF250831:I:7,1,1,1,1,1,0,0,20250831,20251223
GNE:GOAO054:54:053MF250831:I:8,1,1,1,1,1,0,0,20250831,20251223
GNE:GOAO054:54:053MF250831:I:9,1,1,1,1,1,0,0,20250831,20251223
GNE:GOAO054:54:053MF250831:I:10,1,1,1,1,1,0,0,20250831,20251223
GNE:GOAO054:54:053MF250831:I:11,1,1,1,1,1,0,0,20250831,20251223
GNE:GOAO054:54:053MF250831:I:12,1,1,1,1,1,0,0,20250831,20251223
GNE:GOAO054:54:053MF250831:I:13,1,1,1,1,1,0,0,20250831,20251223
GNE:GOAO054:54:053MF250831:I:14,1,1,1,1,1,0,0,20250831,20251223
GNE:GOAO054:54:053MF250831:I:15,1,1,1,1,1,0,0,20250831,20251223
GNE:GOAO054:54:053MF250831:I:16,1,1,1,1,1,0,0,20250831,20251223
GNE:GOAO054:54:053MF250831:I:17,1,1,1,1,1,0,0,20250831,20251223
GNE:GOAO054:54:053MF250831:I:18,1,1,1,1,1,0,0,20250831,20251223
GNE:GOAO054:54:053MF250831:I:19,1,1,1,1,1,0,0,20250831,20251223
GNE:GOAO054:54:053MF250831:I:20,1,1,1,1,1,0,0,20250831,20251223
GNE:GOAO054:54:053MF250831:I:21,1,1,1,1,1,0,0,20250831,20251223
GNE:GOAO054:54:053MF250831:I:22,1,1,1,1,1,0,0,20250831,20251223
GNE:GOAO054:54:053MF250831:I:23,1,1,1,1,1,0,0,20250831,20251223
GNE:GOAO054:54:053MF250831:I:24,1,1,1,1,1,0,0,20250831,20251223
GNE:GOAO054:54:053MF250831:I:25,1,1,1,1,1,0,0,20250831,20251223
GNE:GOAO054:54:053MF250831:I:26,1,1,1,1,1,0,0,20250831,20251223
GNE:GOAO054:54:053MF250831:I:27,1,1,1,1,1,0,0,20250831,20251223
GNE:GOAO054:54:053MF250831:I:28,1,1,1,1,1,0,0,20250831,20251223
GNE:GOAO054:54:053MF250831:I:29,1,1,1,1,1,0,0,20250831,20251223
GNE:GOAO054:54:053MF250831:I:30,1,1,1,1,1,0,0,20250831,20251223
GNE:GOAO054:54:053MF250831:I:31,1,1,1,1,1,0,0,20250831,20251223
GNE:GOAO054:54:053MF250831:I:32,1,1,1,1,1,0,0,20250831,20251223
GNE:GOAO054:54:053MF250831:I:33,1,1,1,1,1,0,0,20250831,20251223
GNE:GOAO054:54:053MF250831:I:34,1,1,1,1,1,0,0,20250831,20251223
GNE:GOAO054:54:053MF250831:I:35,1,1,1,1,1,0,0,20250831,20251223
GNE:GOAO054:54:053MF250831:I:36,1,1,1,1,1,0,0,20250831,20251223
GNE:GOAO054:54:053MF250831:I:37,1,1,1,1,1,0,0,20250831,20251223
GNE:GOAO054:54:053MF250831:I:38,1,1,1,1,1,0,0,20250831,20251223
GNE:GOAO054:54:053MF250831:I:39,1,1,1,1,1,0,0,20250831,20251223
GNE:GOAO054:54:053MF250831:I:40,1,1,1,1,1,0,0,20250831,20251223
GNE:GOAO054:54:053MF250831:I:41,1,1,1,1,1,0,0,20250831,20251223
GNE:GOAO054:54:053MF250831:I:42,1,1,1,1,1,0,0,20250831,20251223
GNE:GOAO054:54:053MF250831:I:43,1,1,1,1,1,0,0,20250831,20251223
GNE:GOAO054:54:053MF250831:I:44,1,1,1,1,1,0,0,20250831,20251223
GNE:GOAO054:54:053MF250831:I:45,1,1,1,1,1,0,0,20250831,20251223
GNE:GOAO054:54:053MF250831:I:46,1,1,1,1,1,0,0,20250831,20251223
GNE:GOAO054:54:053MF250831:I:47,1,1,1,1,1,0,0,20250831,20251223
GNE:GOAO054:54:053MF250831:I:48,1,1,1,1,1,0,0,20250831,20251223
GNE:GOAO054:54:053MF250831:I:49,1,1,1,1,1,0,0,20250831,20251223
GNE:GOAO054:54:053MF250831:I:50,1,1,1,1,1,0,0,20250831,20251223
GNE:GOAO054:54:053MF250831:I:51,1,1,1,1,1,0,0,20250831,20251223
GNE:GOAO054:54:053MF250831:I:52,1,1,1,1,1,0,0,20250831,20251223
GNE:GOAO054:54:053MF250831:I:53,1,1,1,1,1,0,0,20250831,20251223
GNE:GOAO054:54:053MF250831:I:54,1,1,1,1,1,0,0,20250831,20251223
GNE:GOAO054:54:053MF250831:I:55,1,1,1,1,1,0,0,20250831,20251223
GNE:GOAO054:54:053MF250831:I:56,1,1,1,1,1,0,0,20250831,20251223
GNE:GOAO054:54:053MF250831:I:57,1,1,1,1,1,0,0,20250831,20251223
GNE:GOAO054:54:053MF250831:I:58,1,1,1,1,1,0,0,20250831,20251223
GNE:GOAO054:54:053MF250831:I:59,1,1,1,1,1,0,0,20250831,20251223
GNE:GOAO054:54:053MF250831:I:60,1,1,1,1,1,0,0,20250831,20251223
GNE:GOAO054:54:053MF250831:I:61,1,1,1,1,1,0,0,20250831,20251223
GNE:GOAO054:54:053MF250831:I:62,1,1,1,1,1,0,0,20250831,20251223
GNE:GOAO054:54:053MF250831:I:63,1,1,1,1,1,0,0,20250831,20251223
GNE:GOAO054:54:053SA250831:I:1,0,0,0,0,0,1,0,20250831,20251223
GNE:GOAO054:54:053SA250831:I:2,0,0,0,0,0,1,0,20250831,20251223
GNE:GOAO054:54:053SA250831:I:3,0,0,0,0,0,1,0,20250831,20251223
GNE:GOAO054:54:053SA250831:I:4,0,0,0,0,0,1,0,20250831,20251223
GNE:GOAO054:54:053SA250831:I:5,0,0,0,0,0,1,0,20250831,20251223
GNE:GOAO054:54:053SA250831:I:6,0,0,0,0,0,1,0,20250831,20251223
GNE:GOAO054:54:053SA250831:I:7,0,0,0,0,0,1,0,20250831,20251223
GNE:GOAO054:54:053SA250831:I:8,0,0,0,0,0,1,0,20250831,20251223
GNE:GOAO054:54:053SA250831:I:9,0,0,0,0,0,1,0,20250831,20251223
GNE:GOAO054:54:053SA250831:I:10,0,0,0,0,0,1,0,20250831,20251223
GNE:GOAO054:54:053SA250831:I:11,0,0,0,0,0,1,0,20250831,20251223
GNE:GOAO054:54:053SA250831:I:12,0,0,0,0,0,1,0,20250831,20251223
GNE:GOAO054:54:053SA250831:I:13,0,0,0,0,0,1,0,20250831,20251223
GNE:GOAO054:54:053SA250831:I:14,0,0,0,0,0,1,0,20250831,20251223
GNE:GOAO054:54:053SA250831:I:15,0,0,0,0,0,1,0,20250831,20251223
GNE:GOAO054:54:053SA250831:I:16,0,0,0,0,0,1,0,20250831,20251223
GNE:GOAO054:54:053SA250831:I:17,0,0,0,0,0,1,0,20250831,20251223
GNE:GOAO054:54:053SA250831:I:18,0,0,0,0,0,1,0,20250831,20251223
GNE:GOAO054:54:053SA250831:I:19,0,0,0,0,0,1,0,20250831,20251223
GNE:GOAO054:54:053SA250831:I:20,0,0,0,0,0,1,0,20250831,20251223
GNE:GOAO054:54:053SA250831:I:21,0,0,0,0,0,1,0,20250831,20251223
GNE:GOAO054:54:053SA250831:I:22,0,0,0,0,0,1,0,20250831,20251223
GNE:GOAO054:54:053SA250831:I:23,0,0,0,0,0,1,0,20250831,20251223
GNE:GOAO054:54:053SA250831:I:24,0,0,0,0,0,1,0,20250831,20251223
GNE:GOAO054:54:053SA250831:I:25,0,0,0,0,0,1,0,20250831,20251223
GNE:GOAO054:54:053SA250831:I:26,0,0,0,0,0,1,0,20250831,20251223
GNE:GOAO054:54:053SA250831:I:27,0,0,0,0,0,1,0,20250831,20251223
GNE:GOAO054:54:053SA250831:I:28,0,0,0,0,0,1,0,20250831,20251223
GNE:GOAO054:54:053SA250831:I:29,0,0,0,0,0,1,0,20250831,20251223
GNE:GOAO054:54:053SA250831:I:30,0,0,0,0,0,1,0,20250831,20251223
GNE:GOAO054:54:053SA250831:I:31,0,0,0,0,0,1,0,20250831,20251223
GNE:GOAO054:54:053SA250831:I:32,0,0,0,0,0,1,0,20250831,20251223
GNE:GOAO054:54:053SA250831:I:33,0,0,0,0,0,1,0,20250831,20251223
GNE:GOAO054:54:053SA250831:I:34,0,0,0,0,0,1,0,20250831,20251223
GNE:GOAO054:54:053SA250831:I:35,0,0,0,0,0,1,0,20250831,20251223
GNE:GOAO054:54:053SA250831:I:36,0,0,0,0,0,1,0,20250831,20251223
GNE:GOAO054:54:053SA250831:I:37,0,0,0,0,0,1,0,20250831,20251223
GNE:GOAO054:54:053SA250831:I:38,0,0,0,0,0,1,0,20250831,20251223
GNE:GOAO054:54:053SA250831:I:39,0,0,0,0,0,1,0,20250831,20251223
GNE:GOAO054:54:053SA250831:I:40,0,0,0,0,0,1,0,20250831,20251223
GNE:GOAO054:54:053SA250831:I:41,0,0,0,0,0,1,0,20250831,20251223
GNE:GOAO054:54:053SA250831:I:42,0,0,0,0,0,1,0,20250831,20251223
GNE:GOAO054:54:053SA250831:I:43,0,0,0,0,0,1,0,20250831,20251223
GNE:GOAO054:54:053SA250831:I:44,0,0,0,0,0,1,0,20250831,20251223
GNE:GOAO054:54:053SA250831:I:45,0,0,0,0,0,1,0,20250831,20251223
GNE:GOAO054:54:053SA250831:I:46,0,0,0,0,0,1,0,20250831,20251223
GNE:GOAO054:54:053SA250831:I:47,0,0,0,0,0,1,0,20250831,20251223
GNE:GOAO054:54:053SA250831:I:48,0,0,0,0,0,1,0,20250831,20251223
GNE:GOAO054:54:053SA250831:I:49,0,0,0,0,0,1,0,20250831,20251223
GNE:GOAO054:54:053SA250831:I:50,0,0,0,0,0,1,0,20250831,20251223
GNE:GOAO054:54:053SA250831:I:51,0,0,0,0,0,1,0,20250831,20251223
GNE:GOAO054:54:053SA250831:I:52,0,0,0,0,0,1,0,20250831,20251223
GNE:GOAO054:54:053SA250831:I:53,0,0,0,0,0,1,0,20250831,20251223
GNE:GOAO054:54:053SA250831:I:54,0,0,0,0,0,1,0,20250831,20251223
GNE:GOAO054:54:053SA250831:I:55,0,0,0,0,0,1,0,20250831,20251223
GNE:GOAO054:54:053SA250831:I:56,0,0,0,0,0,1,0,20250831,20251223
GNE:GOAO054:54:053SA250831:I:57,0,0,0,0,0,1,0,20250831,20251223
GNE:GOAO054:54:053SA250831:I:58,0,0,0,0,0,1,0,20250831,20251223
GNE:GOAO054:54:053SU250831:I:1,0,0,0,0,0,0,1,20250831,20251223
GNE:GOAO054:54:053SU250831:I:2,0,0,0,0,0,0,1,20250831,20251223
GNE:GOAO054:54:053SU250831:I:3,0,0,0,0,0,0,1,20250831,20251223
GNE:GOAO054:54:053SU250831:I:4,0,0,0,0,0,0,1,20250831,20251223
GNE:GOAO054:54:053SU250831:I:5,0,0,0,0,0,0,1,20250831,20251223
GNE:GOAO054:54:053SU250831:I:6,0,0,0,0,0,0,1,20250831,20251223
GNE:GOAO054:54:053SU250831:I:7,0,0,0,0,0,0,1,20250831,20251223
GNE:GOAO054:54:053SU250831:I:8,0,0,0,0,0,0,1,20250831,20251223
GNE:GOAO054:54:053SU250831:I:9,0,0,0,0,0,0,1,20250831,20251223
GNE:GOAO054:54:053SU250831:I:10,0,0,0,0,0,0,1,20250831,20251223
GNE:GOAO054:54:053SU250831:I:11,0,0,0,0,0,0,1,20250831,20251223
GNE:GOAO054:54:053SU250831:I:12,0,0,0,0,0,0,1,20250831,20251223
GNE:GOAO054:54:053SU250831:I:13,0,0,0,0,0,0,1,20250831,20251223
GNE:GOAO054:54:053SU250831:I:14,0,0,0,0,0,0,1,20250831,20251223
GNE:GOAO054:54:053SU250831:I:15,0,0,0,0,0,0,1,20250831,20251223
GNE:GOAO054:54:053SU250831:I:16,0,0,0,0,0,0,1,20250831,20251223
GNE:GOAO054:54:053SU250831:I:17,0,0,0,0,0,0,1,20250831,20251223
GNE:GOAO054:54:053SU250831:I:18,0,0,0,0,0,0,1,20250831,20251223
GNE:GOAO054:54:053SU250831:I:19,0,0,0,0,0,0,1,20250831,20251223
GNE:GOAO054:54:053SU250831:I:20,0,0,0,0,0,0,1,20250831,20251223
GNE:GOAO054:54:053SU250831:I:21,0,0,0,0,0,0,1,20250831,20251223
GNE:GOAO054:54:053SU250831:I:22,0,0,0,0,0,0,1,20250831,20251223
GNE:GOAO054:54:053SU250831:I:23,0,0,0,0,0,0,1,20250831,20251223
GNE:GOAO054:54:053SU250831:I:24,0,0,0,0,0,0,1,20250831,20251223
GNE:GOAO054:54:053SU250831:I:25,0,0,0,0,0,0,1,20250831,20251223
GNE:GOAO054:54:053SU250831:I:26,0,0,0,0,0,0,1,20250831,20251223
GNE:GOAO054:54:053SU250831:I:27,0,0,0,0,0,0,1,20250831,20251223
GNE:GOAO054:54:053SU250831:I:28,0,0,0,0,0,0,1,20250831,20251223
GNE:GOAO054:54:053SU250831:I:29,0,0,0,0,0,0,1,20250831,20251223
GNE:GOAO054:54:053SU250831:I:30,0,0,0,0,0,0,1,20250831,20251223
GNE:GOAO054:54:053SU250831:I:31,0,0,0,0,0,0,1,20250831,20251223
GNE:GOAO054:54:053SU250831:I:32,0,0,0,0,0,0,1,20250831,20251223
GNE:GOAO054:54:053SU250831:I:33,0,0,0,0,0,0,1,20250831,20251223
GNE:GOAO054:54:053SU250831:I:34,0,0,0,0,0,0,1,20250831,20251223
GNE:GOAO054:54:053SU250831:I:35,0,0,0,0,0,0,1,20250831,20251223
GNE:GOAO054:54:053SU250831:I:36,0,0,0,0,0,0,1,20250831,20251223
GNE:GOAO054:54:053SU250831:I:37,0,0,0,0,0,0,1,20250831,20251223
GNE:GOAO054:54:053SU250831:I:38,0,0,0,0,0,0,1,20250831,20251223
GNE:GOAO054:54:053SU250831:I:39,0,0,0,0,0,0,1,20250831,20251223
GNE:GOAO054:54:053SU250831:I:40,0,0,0,0,0,0,1,20250831,20251223
GNE:GOAO054:54:053SU250831:I:41,0,0,0,0,0,0,1,20250831,20251223
GNE:GOAO054:54:053SU250831:I:42,0,0,0,0,0,0,1,20250831,20251223
GNE:GOAO054:54:053SU250831:I:43,0,0,0,0,0,0,1,20250831,20251223
GNE:GOAO054:54:053SU250831:I:44,0,0,0,0,0,0,1,20250831,20251223
GNE:GOAO054:54:053SU250831:I:45,0,0,0,0,0,0,1,20250831,20251223
GNE:GOAO054:54:053SU250831:I:46,0,0,0,0,0,0,1,20250831,20251223
GNE:GONO054:54N:54NMF250831:O:1,1,1,1,1,1,0,0,20250831,20251223
GNE:GONO054:54N:54NMF250831:O:2,1,1,1,1,1,0,0,20250831,20251223
GNE:GONO054:54N:54NMF250831:O:3,1,1,1,1,1,0,0,20250831,20251223
GNE:GONO054:54N:54NMF250831:O:4,1,1,1,1,1,0,0,20250831,20251223
GNE:GONO054:54N:54NMF250831:I:1,1,1,1,1,1,0,0,20250831,20251223
GNE:GONO054:54N:54NMF250831:I:2,1,1,1,1,1,0,0,20250831,20251223
GNE:GONO054:54N:54NMF250831:I:3,1,1,1,1,1,0,0,20250831,20251223
GNE:GONO054:54N:54NMF250831:I:4,1,1,1,1,1,0,0,20250831,20251223
GNE:GONO054:54N:54NSA250831:O:1,0,0,0,0,0,1,0,20250831,20251223
GNE:GONO054:54N:54NSA250831:O:2,0,0,0,0,0,1,0,20250831,20251223
GNE:GONO054:54N:54NSA250831:O:3,0,0,0,0,0,1,0,20250831,20251223
GNE:GONO054:54N:54NSA250831:O:4,0,0,0,0,0,1,0,20250831,20251223
GNE:GONO054:54N:54NSA250831:I:1,0,0,0,0,0,1,0,20250831,20251223
GNE:GONO054:54N:54NSA250831:I:2,0,0,0,0,0,1,0,20250831,20251223
GNE:GONO054:54N:54NSA250831:I:3,0,0,0,0,0,1,0,20250831,20251223
GNE:GONO054:54N:54NSA250831:I:4,0,0,0,0,0,1,0,20250831,20251223
GNE:GONO054:54N:54NSU250831:O:1,0,0,0,0,0,0,1,20250831,20251223
GNE:GONO054:54N:54NSU250831:O:2,0,0,0,0,0,0,1,20250831,20251223
GNE:GONO054:54N:54NSU250831:O:3,0,0,0,0,0,0,1,20250831,20251223
GNE:GONO054:54N:54NSU250831:O:4,0,0,0,0,0,0,1,20250831,20251223
GNE:GONO054:54N:54NSU250831:O:5,0,0,0,0,0,0,1,20250831,20251223
GNE:GONO054:54N:54NSU250831:O:6,0,0,0,0,0,0,1,20250831,20251223
GNE:GONO054:54N:54NSU250831:O:7,0,0,0,0,0,0,1,20250831,20251223
GNE:GONO054:54N:54NSU250831:O:8,0,0,0,0,0,0,1,20250831,20251223
GNE:GONO054:54N:54NSU250831:O:9,0,0,0,0,0,0,1,20250831,20251223
GNE:GONO054:54N:54NSU250831:O:10,0,0,0,0,0,0,1,20250831,20251223
GNE:GONO054:54N:54NSU250831:O:11,0,0,0,0,0,0,1,20250831,20251223
GNE:GONO054:54N:54NSU250831:I:1,0,0,0,0,0,0,1,20250831,20251223
GNE:GONO054:54N:54NSU250831:I:2,0,0,0,0,0,0,1,20250831,20251223
GNE:GONO054:54N:54NSU250831:I:3,0,0,0,0,0,0,1,20250831,20251223
GNE:GONO054:54N:54NSU250831:I:4,0,0,0,0,0,0,1,20250831,20251223
GNE:GONO054:54N:54NSU250831:I:5,0,0,0,0,0,0,1,20250831,20251223
GNE:GONO054:54N:54NSU250831:I:6,0,0,0,0,0,0,1,20250831,20251223
GNE:GONO054:54N:54NSU250831:I:7,0,0,0,0,0,0,1,20250831,20251223
GNE:GONO054:54N:54NSU250831:I:8,0,0,0,0,0,0,1,20250831,20251223
GNE:GONO054:54N:54NSU250831:I:9,0,0,0,0,0,0,1,20250831,20251223
GNE:GONO054:54N:54NSU250831:I:10,0,0,0,0,0,0,1,20250831,20251223
GNE:GONO054:54N:54NSU250831:I:11,0,0,0,0,0,0,1,20250831,20251223
GNE:GOAO056:56:056MF250831:O:1,1,1,1,1,1,0,0,20250831,20251223
GNE:GOAO056:56:056MF250831:O:2,1,1,1,1,1,0,0,20250831,20251223
GNE:GOAO056:56:056MF250831:O:3,1,1,1,1,1,0,0,20250831,20251223
GNE:GOAO056:56:056MF250831:O:4,1,1,1,1,1,0,0,20250831,20251223
GNE:GOAO056:56:056MF250831:O:5,1,1,1,1,1,0,0,20250831,20251223
GNE:GOAO056:56:056MF250831:O:6,1,1,1,1,1,0,0,20250831,20251223
GNE:GOAO056:56:056MF250831:O:7,1,1,1,1,1,0,0,20250831,20251223
GNE:GOAO056:56:056MF250831:O:8,1,1,1,1,1,0,0,20250831,20251223
GNE:GOAO056:56:056MF250831:O:9,1,1,1,1,1,0,0,20250831,20251223
GNE:GOAO056:56:056MF250831:O:10,1,1,1,1,1,0,0,20250831,20251223
GNE:GOAO056:56:056MF250831:O:11,1,1,1,1,1,0,0,20250831,20251223
GNE:GOAO056:56:056MF250831:O:12,1,1,1,1,1,0,0,20250831,20251223
GNE:GOAO056:56:056MF250831:O:13,1,1,1,1,1,0,0,20250831,20251223
GNE:GOAO056:56:056MF250831:O:14,1,1,1,1,1,0,0,20250831,20251223
GNE:GOAO056:56:056MF250831:O:15,1,1,1,1,1,0,0,20250831,20251223
GNE:GOAO056:56:056MF250831:O:16,1,1,1,1,1,0,0,20250831,20251223
GNE:GOAO056:56:056MF250831:O:17,1,1,1,1,1,0,0,20250831,20251223
GNE:GOAO056:56:056MF250831:O:18,1,1,1,1,1,0,0,20250831,20251223
GNE:GOAO056:56:056MF250831:O:19,1,1,1,1,1,0,0,20250831,20251223
GNE:GOAO056:56:056MF250831:O:20,1,1,1,1,1,0,0,20250831,20251223
GNE:GOAO056:56:056MF250831:O:21,1,1,1,1,1,0,0,20250831,20251223
GNE:GOAO056:56:056MF250831:O:22,1,1,1,1,1,0,0,20250831,20251223
GNE:GOAO056:56:056MF250831:O:23,1,1,1,1,1,0,0,20250831,20251223
GNE:GOAO056:56:056MF250831:O:24,1,1,1,1,1,0,0,20250831,20251223
GNE:GOAO056:56:056MF250831:O:25,1,1,1,1,1,0,0,20250831,20251223
GNE:GOAO056:56:056MF250831:O:26,1,1,1,1,1,0,0,20250831,20251223
GNE:GOAO056:56:056MF250831:O:27,1,1,1,1,1,0,0,20250831,20251223
GNE:GOAO056:56:056MF250831:O:28,1,1,1,1,1,0,0,20250831,20251223
GNE:GOAO056:56:056MF250831:O:29,1,1,1,1,1,0,0,20250831,20251223
GNE:GOAO056:56:056MF250831:O:30,1,1,1,1,1,0,0,20250831,20251223
GNE:GOAO056:56:056MF250831:O:31,1,1,1,1,1,0,0,20250831,20251223
GNE:GOAO056:56:056MF250831:O:32,1,1,1,1,1,0,0,20250831,20251223
GNE:GOAO056:56:056MF250831:O:33,1,1,1,1,1,0,0,20250831,20251223
GNE:GOAO056:56:056MF250831:O:34,1,1,1,1,1,0,0,20250831,20251223
GNE:GOAO056:56:056MF250831:O:35,1,1,1,1,1,0,0,20250831,20251223
GNE:GOAO056:56:056MF250831:O:36,1,1,1,1,1,0,0,20250831,20251223
GNE:GOAO056:56:056MF250831:O:37,1,1,1,1,1,0,0,20250831,20251223
GNE:GOAO056:56:056MF250831:O:38,1,1,1,1,1,0,0,20250831,20251223
GNE:GOAO056:56:056MF250831:O:39,1,1,1,1,1,0,0,20250831,20251223
GNE:GOAO056:56:056MF250831:O:40,1,1,1,1,1,0,0,20250831,20251223
GNE:GOAO056:56:056MF250831:O:41,1,1,1,1,1,0,0,20250831,20251223
GNE:GOAO056:56:056MF250831:O:42,1,1,1,1,1,0,0,20250831,20251223
GNE:GOAO056:56:056MF250831:O:43,1,1,1,1,1,0,0,20250831,20251223
GNE:GOAO056:56:056MF250831:O:44,1,1,1,1,1,0,0,20250831,20251223
GNE:GOAO056:56:056MF250831:O:45,1,1,1,1,1,0,0,20250831,20251223
GNE:GOAO056:56:056MF250831:O:46,1,1,1,1,1,0,0,20250831,20251223
GNE:GOAO056:56:056MF250831:O:47,1,1,1,1,1,0,0,20250831,20251223
GNE:GOAO056:56:056MF250831:O:48,1,1,1,1,1,0,0,20250831,20251223
GNE:GOAO056:56:056MF250831:O:49,1,1,1,1,1,0,0,20250831,20251223
GNE:GOAO056:56:056MF250831:O:50,1,1,1,1,1,0,0,20250831,20251223
GNE:GOAO056:56:056MF250831:O:51,1,1,1,1,1,0,0,20250831,20251223
GNE:GOAO056:56:056MF250831:O:52,1,1,1,1,1,0,0,20250831,20251223
GNE:GOAO056:56:056MF250831:O:53,1,1,1,1,1,0,0,20250831,20251223
GNE:GOAO056:56:056MF250831:O:54,1,1,1,1,1,0,0,20250831,20251223
GNE:GOAO056:56:056MF250831:O:55,1,1,1,1,1,0,0,20250831,20251223
GNE:GOAO056:56:056MF250831:O:56,1,1,1,1,1,0,0,20250831,20251223
GNE:GOAO056:56:056MF250831:O:57,1,1,1,1,1,0,0,20250831,20251223
GNE:GOAO056:56:056MF250831:O:58,1,1,1,1,1,0,0,20250831,20251223
GNE:GOAO056:56:056MF250831:O:59,1,1,1,1,1,0,0,20250831,20251223
GNE:GOAO056:56:056MF250831:O:60,1,1,1,1,1,0,0,20250831,20251223
GNE:GOAO056:56:056MF250831:O:61,1,1,1,1,1,0,0,20250831,20251223
GNE:GOAO056:56:056MF250831:O:62,1,1,1,1,1,0,0,20250831,20251223
GNE:GOAO056:56:056MF250831:O:63,1,1,1,1,1,0,0,20250831,20251223
GNE:GOAO056:56:056MF250831:O:64,1,1,1,1,1,0,0,20250831,20251223
GNE:GOAO056:56:056MF250831:O:65,1,1,1,1,1,0,0,20250831,20251223
GNE:GOAO056:56:056MF250831:O:66,1,1,1,1,1,0,0,20250831,20251223
GNE:GOAO056:56:056MF250831:O:67,1,1,1,1,1,0,0,20250831,20251223
GNE:GOAO056:56:056MF250831:O:68,1,1,1,1,1,0,0,20250831,20251223
GNE:GOAO056:56:056MF250831:O:69,1,1,1,1,1,0,0,20250831,20251223
GNE:GOAO056:56:056MF250831:O:70,1,1,1,1,1,0,0,20250831,20251223
GNE:GOAO056:56:056MF250831:O:71,1,1,1,1,1,0,0,20250831,20251223
GNE:GOAO056:56:056MF250831:O:72,1,1,1,1,1,0,0,20250831,20251223
GNE:GOAO056:56:056MF250831:O:73,1,1,1,1,1,0,0,20250831,20251223
GNE:GOAO056:56:056MF250831:O:74,1,1,1,1,1,0,0,20250831,20251223
GNE:GOAO056:56:056MF250831:O:75,1,1,1,1,1,0,0,20250831,20251223
GNE:GOAO056:56:056MF250831:I:1,1,1,1,1,1,0,0,20250831,20251223
GNE:GOAO056:56:056MF250831:I:2,1,1,1,1,1,0,0,20250831,20251223
GNE:GOAO056:56:056MF250831:I:3,1,1,1,1,1,0,0,20250831,20251223
GNE:GOAO056:56:056MF250831:I:4,1,1,1,1,1,0,0,20250831,20251223
GNE:GOAO056:56:056MF250831:I:5,1,1,1,1,1,0,0,20250831,20251223
GNE:GOAO056:56:056MF250831:I:6,1,1,1,1,1,0,0,20250831,20251223
GNE:GOAO056:56:056MF250831:I:7,1,1,1,1,1,0,0,20250831,20251223
GNE:GOAO056:56:056MF250831:I:8,1,1,1,1,1,0,0,20250831,20251223
GNE:GOAO056:56:056MF250831:I:9,1,1,1,1,1,0,0,20250831,20251223
GNE:GOAO056:56:056MF250831:I:10,1,1,1,1,1,0,0,20250831,20251223
GNE:GOAO056:56:056MF250831:I:11,1,1,1,1,1,0,0,20250831,20251223
GNE:GOAO056:56:056MF250831:I:12,1,1,1,1,1,0,0,20250831,20251223
GNE:GOAO056:56:056MF250831:I:13,1,1,1,1,1,0,0,20250831,20251223
GNE:GOAO056:56:056MF250831:I:14,1,1,1,1,1,0,0,20250831,20251223
GNE:GOAO056:56:056MF250831:I:15,1,1,1,1,1,0,0,20250831,20251223
GNE:GOAO056:56:056MF250831:I:16,1,1,1,1,1,0,0,20250831,20251223
GNE:GOAO056:56:056MF250831:I:17,1,1,1,1,1,0,0,20250831,20251223
GNE:GOAO056:56:056MF250831:I:18,1,1,1,1,1,0,0,20250831,20251223
GNE:GOAO056:56:056MF250831:I:19,1,1,1,1,1,0,0,20250831,20251223
GNE:GOAO056:56:056MF250831:I:20,1,1,1,1,1,0,0,20250831,20251223
GNE:GOAO056:56:056MF250831:I:21,1,1,1,1,1,0,0,20250831,20251223
GNE:GOAO056:56:056MF250831:I:22,1,1,1,1,1,0,0,20250831,20251223
GNE:GOAO056:56:056MF250831:I:23,1,1,1,1,1,0,0,20250831,20251223
GNE:GOAO056:56:056MF250831:I:24,1,1,1,1,1,0,0,20250831,20251223
GNE:GOAO056:56:056MF250831:I:25,1,1,1,1,1,0,0,20250831,20251223
GNE:GOAO056:56:056MF250831:I:26,1,1,1,1,1,0,0,20250831,20251223
GNE:GOAO056:56:056MF250831:I:27,1,1,1,1,1,0,0,20250831,20251223
GNE:GOAO056:56:056MF250831:I:28,1,1,1,1,1,0,0,20250831,20251223
GNE:GOAO056:56:056MF250831:I:29,1,1,1,1,1,0,0,20250831,20251223
GNE:GOAO056:56:056MF250831:I:30,1,1,1,1,1,0,0,20250831,20251223
GNE:GOAO056:56:056MF250831:I:31,1,1,1,1,1,0,0,20250831,20251223
GNE:GOAO056:56:056MF250831:I:32,1,1,1,1,1,0,0,20250831,20251223
GNE:GOAO056:56:056MF250831:I:33,1,1,1,1,1,0,0,20250831,20251223
GNE:GOAO056:56:056MF250831:I:34,1,1,1,1,1,0,0,20250831,20251223
GNE:GOAO056:56:056MF250831:I:35,1,1,1,1,1,0,0,20250831,20251223
GNE:GOAO056:56:056MF250831:I:36,1,1,1,1,1,0,0,20250831,20251223
GNE:GOAO056:56:056MF250831:I:37,1,1,1,1,1,0,0,20250831,20251223
GNE:GOAO056:56:056MF250831:I:38,1,1,1,1,1,0,0,20250831,20251223
GNE:GOAO056:56:056MF250831:I:39,1,1,1,1,1,0,0,20250831,20251223
GNE:GOAO056:56:056MF250831:I:40,1,1,1,1,1,0,0,20250831,20251223
GNE:GOAO056:56:056MF250831:I:41,1,1,1,1,1,0,0,20250831,20251223
GNE:GOAO056:56:056MF250831:I:42,1,1,1,1,1,0,0,20250831,20251223
GNE:GOAO056:56:056MF250831:I:43,1,1,1,1,1,0,0,20250831,20251223
GNE:GOAO056:56:056MF250831:I:44,1,1,1,1,1,0,0,20250831,20251223
GNE:GOAO056:56:056MF250831:I:45,1,1,1,1,1,0,0,20250831,20251223
GNE:GOAO056:56:056MF250831:I:46,1,1,1,1,1,0,0,20250831,20251223
GNE:GOAO056:56:056MF250831:I:47,1,1,1,1,1,0,0,20250831,20251223
GNE:GOAO056:56:056MF250831:I:48,1,1,1,1,1,0,0,20250831,20251223
GNE:GOAO056:56:056MF250831:I:49,1,1,1,1,1,0,0,20250831,20251223
GNE:GOAO056:56:056MF250831:I:50,1,1,1,1,1,0,0,20250831,20251223
GNE:GOAO056:56:056MF250831:I:51,1,1,1,1,1,0,0,20250831,20251223
GNE:GOAO056:56:056MF250831:I:52,1,1,1,1,1,0,0,20250831,20251223
GNE:GOAO056:56:056MF250831:I:53,1,1,1,1,1,0,0,20250831,20251223
GNE:GOAO056:56:056MF250831:I:54,1,1,1,1,1,0,0,20250831,20251223
GNE:GOAO056:56:056MF250831:I:55,1,1,1,1,1,0,0,20250831,20251223
GNE:GOAO056:56:056MF250831:I:56,1,1,1,1,1,0,0,20250831,20251223
GNE:GOAO056:56:056MF250831:I:57,1,1,1,1,1,0,0,20250831,20251223
GNE:GOAO056:56:056MF250831:I:58,1,1,1,1,1,0,0,20250831,20251223
GNE:GOAO056:56:056MF250831:I:59,1,1,1,1,1,0,0,20250831,20251223
GNE:GOAO056:56:056MF250831:I:60,1,1,1,1,1,0,0,20250831,20251223
GNE:GOAO056:56:056MF250831:I:61,1,1,1,1,1,0,0,20250831,20251223
GNE:GOAO056:56:056MF250831:I:62,1,1,1,1,1,0,0,20250831,20251223
GNE:GOAO056:56:056MF250831:I:63,1,1,1,1,1,0,0,20250831,20251223
GNE:GOAO056:56:056MF250831:I:64,1,1,1,1,1,0,0,20250831,20251223
GNE:GOAO056:56:056MF250831:I:65,1,1,1,1,1,0,0,20250831,20251223
GNE:GOAO056:56:056MF250831:I:66,1,1,1,1,1,0,0,20250831,20251223
GNE:GOAO056:56:056MF250831:I:67,1,1,1,1,1,0,0,20250831,20251223
GNE:GOAO056:56:056MF250831:I:68,1,1,1,1,1,0,0,20250831,20251223
GNE:GOAO056:56:056MF250831:I:69,1,1,1,1,1,0,0,20250831,20251223
GNE:GOAO056:56:056MF250831:I:70,1,1,1,1,1,0,0,20250831,20251223
GNE:GOAO056:56:056MF250831:I:71,1,1,1,1,1,0,0,20250831,20251223
GNE:GOAO056:56:056MF250831:I:72,1,1,1,1,1,0,0,20250831,20251223
GNE:GOAO056:56:056MF250831:I:73,1,1,1,1,1,0,0,20250831,20251223
GNE:GOAO056:56:056MF250831:I:74,1,1,1,1,1,0,0,20250831,20251223
GNE:GOAO056:56:056MF250831:I:75,1,1,1,1,1,0,0,20250831,20251223
GNE:GOAO056:56:056MF250831:I:76,1,1,1,1,1,0,0,20250831,20251223
GNE:GOAO056:56:056MF250831:I:77,1,1,1,1,1,0,0,20250831,20251223
GNE:GOAO056:56:056MF250831:I:78,1,1,1,1,1,0,0,20250831,20251223
GNE:GOAO056:56:056MF250831:I:79,1,1,1,1,1,0,0,20250831,20251223
GNE:GOAO056:56:056SA250831:O:1,0,0,0,0,0,1,0,20250831,20251223
GNE:GOAO056:56:056SA250831:O:2,0,0,0,0,0,1,0,20250831,20251223
GNE:GOAO056:56:056SA250831:O:3,0,0,0,0,0,1,0,20250831,20251223
GNE:GOAO056:56:056SA250831:O:4,0,0,0,0,0,1,0,20250831,20251223
GNE:GOAO056:56:056SA250831:O:5,0,0,0,0,0,1,0,20250831,20251223
GNE:GOAO056:56:056SA250831:O:6,0,0,0,0,0,1,0,20250831,20251223
GNE:GOAO056:56:056SA250831:O:7,0,0,0,0,0,1,0,20250831,20251223
GNE:GOAO056:56:056SA250831:O:8,0,0,0,0,0,1,0,20250831,20251223
GNE:GOAO056:56:056SA250831:O:9,0,0,0,0,0,1,0,20250831,20251223
GNE:GOAO056:56:056SA250831:O:10,0,0,0,0,0,1,0,20250831,20251223
GNE:GOAO056:56:056SA250831:O:11,0,0,0,0,0,1,0,20250831,20251223
GNE:GOAO056:56:056SA250831:O:12,0,0,0,0,0,1,0,20250831,20251223
GNE:GOAO056:56:056SA250831:O:13,0,0,0,0,0,1,0,20250831,20251223
GNE:GOAO056:56:056SA250831:O:14,0,0,0,0,0,1,0,20250831,20251223
GNE:GOAO056:56:056SA250831:O:15,0,0,0,0,0,1,0,20250831,20251223
GNE:GOAO056:56:056SA250831:O:16,0,0,0,0,0,1,0,20250831,20251223
GNE:GOAO056:56:056SA250831:O:17,0,0,0,0,0,1,0,20250831,20251223
GNE:GOAO056:56:056SA250831:O:18,0,0,0,0,0,1,0,20250831,20251223
GNE:GOAO056:56:056SA250831:O:19,0,0,0,0,0,1,0,20250831,20251223
GNE:GOAO056:56:056SA250831:O:20,0,0,0,0,0,1,0,20250831,20251223
GNE:GOAO056:56:056SA250831:O:21,0,0,0,0,0,1,0,20250831,20251223
GNE:GOAO056:56:056SA250831:O:22,0,0,0,0,0,1,0,20250831,20251223
GNE:GOAO056:56:056SA250831:O:23,0,0,0,0,0,1,0,20250831,20251223
GNE:GOAO056:56:056SA250831:O:24,0,0,0,0,0,1,0,20250831,20251223
GNE:GOAO056:56:056SA250831:O:25,0,0,0,0,0,1,0,20250831,20251223
GNE:GOAO056:56:056SA250831:O:26,0,0,0,0,0,1,0,20250831,20251223
GNE:GOAO056:56:056SA250831:O:27,0,0,0,0,0,1,0,20250831,20251223
GNE:GOAO056:56:056SA250831:O:28,0,0,0,0,0,1,0,20250831,20251223
GNE:GOAO056:56:056SA250831:O:29,0,0,0,0,0,1,0,20250831,20251223
GNE:GOAO056:56:056SA250831:O:30,0,0,0,0,0,1,0,20250831,20251223
GNE:GOAO056:56:056SA250831:O:31,0,0,0,0,0,1,0,20250831,20251223
GNE:GOAO056:56:056SA250831:O:32,0,0,0,0,0,1,0,20250831,20251223
GNE:GOAO056:56:056SA250831:O:33,0,0,0,0,0,1,0,20250831,20251223
GNE:GOAO056:56:056SA250831:O:34,0,0,0,0,0,1,0,20250831,20251223
GNE:GOAO056:56:056SA250831:O:35,0,0,0,0,0,1,0,20250831,20251223
GNE:GOAO056:56:056SA250831:O:36,0,0,0,0,0,1,0,20250831,20251223
GNE:GOAO056:56:056SA250831:O:37,0,0,0,0,0,1,0,20250831,20251223
GNE:GOAO056:56:056SA250831:O:38,0,0,0,0,0,1,0,20250831,20251223
GNE:GOAO056:56:056SA250831:O:39,0,0,0,0,0,1,0,20250831,20251223
GNE:GOAO056:56:056SA250831:O:40,0,0,0,0,0,1,0,20250831,20251223
GNE:GOAO056:56:056SA250831:O:41,0,0,0,0,0,1,0,20250831,20251223
GNE:GOAO056:56:056SA250831:O:42,0,0,0,0,0,1,0,20250831,20251223
GNE:GOAO056:56:056SA250831:O:43,0,0,0,0,0,1,0,20250831,20251223
GNE:GOAO056:56:056SA250831:O:44,0,0,0,0,0,1,0,20250831,20251223
GNE:GOAO056:56:056SA250831:O:45,0,0,0,0,0,1,0,20250831,20251223
GNE:GOAO056:56:056SA250831:O:46,0,0,0,0,0,1,0,20250831,20251223
GNE:GOAO056:56:056SA250831:O:47,0,0,0,0,0,1,0,20250831,20251223
GNE:GOAO056:56:056SA250831:O:48,0,0,0,0,0,1,0,20250831,20251223
GNE:GOAO056:56:056SA250831:O:49,0,0,0,0,0,1,0,20250831,20251223
GNE:GOAO056:56:056SA250831:O:50,0,0,0,0,0,1,0,20250831,20251223
GNE:GOAO056:56:056SA250831:O:51,0,0,0,0,0,1,0,20250831,20251223
GNE:GOAO056:56:056SA250831:O:52,0,0,0,0,0,1,0,20250831,20251223
GNE:GOAO056:56:056SA250831:O:53,0,0,0,0,0,1,0,20250831,20251223
GNE:GOAO056:56:056SA250831:O:54,0,0,0,0,0,1,0,20250831,20251223
GNE:GOAO056:56:056SA250831:O:55,0,0,0,0,0,1,0,20250831,20251223
GNE:GOAO056:56:056SA250831:O:56,0,0,0,0,0,1,0,20250831,20251223
GNE:GOAO056:56:056SA250831:O:57,0,0,0,0,0,1,0,20250831,20251223
GNE:GOAO056:56:056SA250831:O:58,0,0,0,0,0,1,0,20250831,20251223
GNE:GOAO056:56:056SA250831:O:59,0,0,0,0,0,1,0,20250831,20251223
GNE:GOAO056:56:056SA250831:O:60,0,0,0,0,0,1,0,20250831,20251223
GNE:GOAO056:56:056SA250831:O:61,0,0,0,0,0,1,0,20250831,20251223
GNE:GOAO056:56:056SA250831:O:62,0,0,0,0,0,1,0,20250831,20251223
GNE:GOAO056:56:056SA250831:O:63,0,0,0,0,0,1,0,20250831,20251223
GNE:GOAO056:56:056SA250831:O:64,0,0,0,0,0,1,0,20250831,20251223
GNE:GOAO056:56:056SA250831:O:65,0,0,0,0,0,1,0,20250831,20251223
GNE:GOAO056:56:056SA250831:O:66,0,0,0,0,0,1,0,20250831,20251223
GNE:GOAO056:56:056SA250831:O:67,0,0,0,0,0,1,0,20250831,20251223
GNE:GOAO056:56:056SA250831:O:68,0,0,0,0,0,1,0,20250831,20251223
GNE:GOAO056:56:056SA250831:O:69,0,0,0,0,0,1,0,20250831,20251223
GNE:GOAO056:56:056SA250831:O:70,0,0,0,0,0,1,0,20250831,20251223
GNE:GOAO056:56:056SA250831:I:1,0,0,0,0,0,1,0,20250831,20251223
GNE:GOAO056:56:056SA250831:I:2,0,0,0,0,0,1,0,20250831,20251223
GNE:GOAO056:56:056SA250831:I:3,0,0,0,0,0,1,0,20250831,20251223
GNE:GOAO056:56:056SA250831:I:4,0,0,0,0,0,1,0,20250831,20251223
GNE:GOAO056:56:056SA250831:I:5,0,0,0,0,0,1,0,20250831,20251223
GNE:GOAO056:56:056SA250831:I:6,0,0,0,0,0,1,0,20250831,20251223
GNE:GOAO056:56:056SA250831:I:7,0,0,0,0,0,1,0,20250831,20251223
GNE:GOAO056:56:056SA250831:I:8,0,0,0,0,0,1,0,20250831,20251223
GNE:GOAO056:56:056SA250831:I:9,0,0,0,0,0,1,0,20250831,20251223
GNE:GOAO056:56:056SA250831:I:10,0,0,0,0,0,1,0,20250831,20251223
GNE:GOAO056:56:056SA250831:I:11,0,0,0,0,0,1,0,20250831,20251223
GNE:GOAO056:56:056SA250831:I:12,0,0,0,0,0,1,0,20250831,20251223
GNE:GOAO056:56:056SA250831:I:13,0,0,0,0,0,1,0,20250831,20251223
GNE:GOAO056:56:056SA250831:I:14,0,0,0,0,0,1,0,20250831,20251223
GNE:GOAO056:56:056SA250831:I:15,0,0,0,0,0,1,0,20250831,20251223
GNE:GOAO056:56:056SA250831:I:16,0,0,0,0,0,1,0,20250831,20251223
GNE:GOAO056:56:056SA250831:I:17,0,0,0,0,0,1,0,20250831,20251223
GNE:GOAO056:56:056SA250831:I:18,0,0,0,0,0,1,0,20250831,20251223
GNE:GOAO056:56:056SA250831:I:19,0,0,0,0,0,1,0,20250831,20251223
GNE:GOAO056:56:056SA250831:I:20,0,0,0,0,0,1,0,20250831,20251223
GNE:GOAO056:56:056SA250831:I:21,0,0,0,0,0,1,0,20250831,20251223
GNE:GOAO056:56:056SA250831:I:22,0,0,0,0,0,1,0,20250831,20251223
GNE:GOAO056:56:056SA250831:I:23,0,0,0,0,0,1,0,20250831,20251223
GNE:GOAO056:56:056SA250831:I:24,0,0,0,0,0,1,0,20250831,20251223
GNE:GOAO056:56:056SA250831:I:25,0,0,0,0,0,1,0,20250831,20251223
GNE:GOAO056:56:056SA250831:I:26,0,0,0,0,0,1,0,20250831,20251223
GNE:GOAO056:56:056SA250831:I:27,0,0,0,0,0,1,0,20250831,20251223
GNE:GOAO056:56:056SA250831:I:28,0,0,0,0,0,1,0,20250831,20251223
GNE:GOAO056:56:056SA250831:I:29,0,0,0,0,0,1,0,20250831,20251223
GNE:GOAO056:56:056SA250831:I:30,0,0,0,0,0,1,0,20250831,20251223
GNE:GOAO056:56:056SA250831:I:31,0,0,0,0,0,1,0,20250831,20251223
GNE:GOAO056:56:056SA250831:I:32,0,0,0,0,0,1,0,20250831,20251223
GNE:GOAO056:56:056SA250831:I:33,0,0,0,0,0,1,0,20250831,20251223
GNE:GOAO056:56:056SA250831:I:34,0,0,0,0,0,1,0,20250831,20251223
GNE:GOAO056:56:056SA250831:I:35,0,0,0,0,0,1,0,20250831,20251223
GNE:GOAO056:56:056SA250831:I:36,0,0,0,0,0,1,0,20250831,20251223
GNE:GOAO056:56:056SA250831:I:37,0,0,0,0,0,1,0,20250831,20251223
GNE:GOAO056:56:056SA250831:I:38,0,0,0,0,0,1,0,20250831,20251223
GNE:GOAO056:56:056SA250831:I:39,0,0,0,0,0,1,0,20250831,20251223
GNE:GOAO056:56:056SA250831:I:40,0,0,0,0,0,1,0,20250831,20251223
GNE:GOAO056:56:056SA250831:I:41,0,0,0,0,0,1,0,20250831,20251223
GNE:GOAO056:56:056SA250831:I:42,0,0,0,0,0,1,0,20250831,20251223
GNE:GOAO056:56:056SA250831:I:43,0,0,0,0,0,1,0,20250831,20251223
GNE:GOAO056:56:056SA250831:I:44,0,0,0,0,0,1,0,20250831,20251223
GNE:GOAO056:56:056SA250831:I:45,0,0,0,0,0,1,0,20250831,20251223
GNE:GOAO056:56:056SA250831:I:46,0,0,0,0,0,1,0,20250831,20251223
GNE:GOAO056:56:056SA250831:I:47,0,0,0,0,0,1,0,20250831,20251223
GNE:GOAO056:56:056SA250831:I:48,0,0,0,0,0,1,0,20250831,20251223
GNE:GOAO056:56:056SA250831:I:49,0,0,0,0,0,1,0,20250831,20251223
GNE:GOAO056:56:056SA250831:I:50,0,0,0,0,0,1,0,20250831,20251223
GNE:GOAO056:56:056SA250831:I:51,0,0,0,0,0,1,0,20250831,20251223
GNE:GOAO056:56:056SA250831:I:52,0,0,0,0,0,1,0,20250831,20251223
GNE:GOAO056:56:056SA250831:I:53,0,0,0,0,0,1,0,20250831,20251223
GNE:GOAO056:56:056SA250831:I:54,0,0,0,0,0,1,0,20250831,20251223
GNE:GOAO056:56:056SA250831:I:55,0,0,0,0,0,1,0,20250831,20251223
GNE:GOAO056:56:056SA250831:I:56,0,0,0,0,0,1,0,20250831,20251223
GNE:GOAO056:56:056SA250831:I:57,0,0,0,0,0,1,0,20250831,20251223
GNE:GOAO056:56:056SA250831:I:58,0,0,0,0,0,1,0,20250831,20251223
GNE:GOAO056:56:056SA250831:I:59,0,0,0,0,0,1,0,20250831,20251223
GNE:GOAO056:56:056SA250831:I:60,0,0,0,0,0,1,0,20250831,20251223
GNE:GOAO056:56:056SA250831:I:61,0,0,0,0,0,1,0,20250831,20251223
GNE:GOAO056:56:056SA250831:I:62,0,0,0,0,0,1,0,20250831,20251223
GNE:GOAO056:56:056SA250831:I:63,0,0,0,0,0,1,0,20250831,20251223
GNE:GOAO056:56:056SA250831:I:64,0,0,0,0,0,1,0,20250831,20251223
GNE:GOAO056:56:056SA250831:I:65,0,0,0,0,0,1,0,20250831,20251223
GNE:GOAO056:56:056SA250831:I:66,0,0,0,0,0,1,0,20250831,20251223
GNE:GOAO056:56:056SA250831:I:67,0,0,0,0,0,1,0,20250831,20251223
GNE:GOAO056:56:056SA250831:I:68,0,0,0,0,0,1,0,20250831,20251223
GNE:GOAO056:56:056SA250831:I:69,0,0,0,0,0,1,0,20250831,20251223
GNE:GOAO056:56:056SA250831:I:70,0,0,0,0,0,1,0,20250831,20251223
GNE:GOAO056:56:056SA250831:I:71,0,0,0,0,0,1,0,20250831,20251223
GNE:GOAO056:56:056SA250831:I:72,0,0,0,0,0,1,0,20250831,20251223
GNE:GOAO056:56:056SU250831:O:1,0,0,0,0,0,0,1,20250831,20251223
GNE:GOAO056:56:056SU250831:O:2,0,0,0,0,0,0,1,20250831,20251223
GNE:GOAO056:56:056SU250831:O:3,0,0,0,0,0,0,1,20250831,20251223
GNE:GOAO056:56:056SU250831:O:4,0,0,0,0,0,0,1,20250831,20251223
GNE:GOAO056:56:056SU250831:O:5,0,0,0,0,0,0,1,20250831,20251223
GNE:GOAO056:56:056SU250831:O:6,0,0,0,0,0,0,1,20250831,20251223
GNE:GOAO056:56:056SU250831:O:7,0,0,0,0,0,0,1,20250831,20251223
GNE:GOAO056:56:056SU250831:O:8,0,0,0,0,0,0,1,20250831,20251223
GNE:GOAO056:56:056SU250831:O:9,0,0,0,0,0,0,1,20250831,20251223
GNE:GOAO056:56:056SU250831:O:10,0,0,0,0,0,0,1,20250831,20251223
GNE:GOAO056:56:056SU250831:O:11,0,0,0,0,0,0,1,20250831,20251223
GNE:GOAO056:56:056SU250831:O:12,0,0,0,0,0,0,1,20250831,20251223
GNE:GOAO056:56:056SU250831:O:13,0,0,0,0,0,0,1,20250831,20251223
GNE:GOAO056:56:056SU250831:O:14,0,0,0,0,0,0,1,20250831,20251223
GNE:GOAO056:56:056SU250831:O:15,0,0,0,0,0,0,1,20250831,20251223
GNE:GOAO056:56:056SU250831:O:16,0,0,0,0,0,0,1,20250831,20251223
GNE:GOAO056:56:056SU250831:O:17,0,0,0,0,0,0,1,20250831,20251223
GNE:GOAO056:56:056SU250831:O:18,0,0,0,0,0,0,1,20250831,20251223
GNE:GOAO056:56:056SU250831:O:19,0,0,0,0,0,0,1,20250831,20251223
GNE:GOAO056:56:056SU250831:O:20,0,0,0,0,0,0,1,20250831,20251223
GNE:GOAO056:56:056SU250831:O:21,0,0,0,0,0,0,1,20250831,20251223
GNE:GOAO056:56:056SU250831:O:22,0,0,0,0,0,0,1,20250831,20251223
GNE:GOAO056:56:056SU250831:O:23,0,0,0,0,0,0,1,20250831,20251223
GNE:GOAO056:56:056SU250831:O:24,0,0,0,0,0,0,1,20250831,20251223
GNE:GOAO056:56:056SU250831:O:25,0,0,0,0,0,0,1,20250831,20251223
GNE:GOAO056:56:056SU250831:O:26,0,0,0,0,0,0,1,20250831,20251223
GNE:GOAO056:56:056SU250831:O:27,0,0,0,0,0,0,1,20250831,20251223
GNE:GOAO056:56:056SU250831:O:28,0,0,0,0,0,0,1,20250831,20251223
GNE:GOAO056:56:056SU250831:O:29,0,0,0,0,0,0,1,20250831,20251223
GNE:GOAO056:56:056SU250831:O:30,0,0,0,0,0,0,1,20250831,20251223
GNE:GOAO056:56:056SU250831:O:31,0,0,0,0,0,0,1,20250831,20251223
GNE:GOAO056:56:056SU250831:O:32,0,0,0,0,0,0,1,20250831,20251223
GNE:GOAO056:56:056SU250831:O:33,0,0,0,0,0,0,1,20250831,20251223
GNE:GOAO056:56:056SU250831:O:34,0,0,0,0,0,0,1,20250831,20251223
GNE:GOAO056:56:056SU250831:O:35,0,0,0,0,0,0,1,20250831,20251223
GNE:GOAO056:56:056SU250831:O:36,0,0,0,0,0,0,1,20250831,20251223
GNE:GOAO056:56:056SU250831:O:37,0,0,0,0,0,0,1,20250831,20251223
GNE:GOAO056:56:056SU250831:O:38,0,0,0,0,0,0,1,20250831,20251223
GNE:GOAO056:56:056SU250831:O:39,0,0,0,0,0,0,1,20250831,20251223
GNE:GOAO056:56:056SU250831:O:40,0,0,0,0,0,0,1,20250831,20251223
GNE:GOAO056:56:056SU250831:O:41,0,0,0,0,0,0,1,20250831,20251223
GNE:GOAO056:56:056SU250831:O:42,0,0,0,0,0,0,1,20250831,20251223
GNE:GOAO056:56:056SU250831:O:43,0,0,0,0,0,0,1,20250831,20251223
GNE:GOAO056:56:056SU250831:O:44,0,0,0,0,0,0,1,20250831,20251223
GNE:GOAO056:56:056SU250831:O:45,0,0,0,0,0,0,1,20250831,20251223
GNE:GOAO056:56:056SU250831:O:46,0,0,0,0,0,0,1,20250831,20251223
GNE:GOAO056:56:056SU250831:O:47,0,0,0,0,0,0,1,20250831,20251223
GNE:GOAO056:56:056SU250831:O:48,0,0,0,0,0,0,1,20250831,20251223
GNE:GOAO056:56:056SU250831:I:1,0,0,0,0,0,0,1,20250831,20251223
GNE:GOAO056:56:056SU250831:I:2,0,0,0,0,0,0,1,20250831,20251223
GNE:GOAO056:56:056SU250831:I:3,0,0,0,0,0,0,1,20250831,20251223
GNE:GOAO056:56:056SU250831:I:4,0,0,0,0,0,0,1,20250831,20251223
GNE:GOAO056:56:056SU250831:I:5,0,0,0,0,0,0,1,20250831,20251223
GNE:GOAO056:56:056SU250831:I:6,0,0,0,0,0,0,1,20250831,20251223
GNE:GOAO056:56:056SU250831:I:7,0,0,0,0,0,0,1,20250831,20251223
GNE:GOAO056:56:056SU250831:I:8,0,0,0,0,0,0,1,20250831,20251223
GNE:GOAO056:56:056SU250831:I:9,0,0,0,0,0,0,1,20250831,20251223
GNE:GOAO056:56:056SU250831:I:10,0,0,0,0,0,0,1,20250831,20251223
GNE:GOAO056:56:056SU250831:I:11,0,0,0,0,0,0,1,20250831,20251223
GNE:GOAO056:56:056SU250831:I:12,0,0,0,0,0,0,1,20250831,20251223
GNE:GOAO056:56:056SU250831:I:13,0,0,0,0,0,0,1,20250831,20251223
GNE:GOAO056:56:056SU250831:I:14,0,0,0,0,0,0,1,20250831,20251223
GNE:GOAO056:56:056SU250831:I:15,0,0,0,0,0,0,1,20250831,20251223
GNE:GOAO056:56:056SU250831:I:16,0,0,0,0,0,0,1,20250831,20251223
GNE:GOAO056:56:056SU250831:I:17,0,0,0,0,0,0,1,20250831,20251223
GNE:GOAO056:56:056SU250831:I:18,0,0,0,0,0,0,1,20250831,20251223
GNE:GOAO056:56:056SU250831:I:19,0,0,0,0,0,0,1,20250831,20251223
GNE:GOAO056:56:056SU250831:I:20,0,0,0,0,0,0,1,20250831,20251223
GNE:GOAO056:56:056SU250831:I:21,0,0,0,0,0,0,1,20250831,20251223
GNE:GOAO056:56:056SU250831:I:22,0,0,0,0,0,0,1,20250831,20251223
GNE:GOAO056:56:056SU250831:I:23,0,0,0,0,0,0,1,20250831,20251223
GNE:GOAO056:56:056SU250831:I:24,0,0,0,0,0,0,1,20250831,20251223
GNE:GOAO056:56:056SU250831:I:25,0,0,0,0,0,0,1,20250831,20251223
GNE:GOAO056:56:056SU250831:I:26,0,0,0,0,0,0,1,20250831,20251223
GNE:GOAO056:56:056SU250831:I:27,0,0,0,0,0,0,1,20250831,20251223
GNE:GOAO056:56:056SU250831:I:28,0,0,0,0,0,0,1,20250831,20251223
GNE:GOAO056:56:056SU250831:I:29,0,0,0,0,0,0,1,20250831,20251223
GNE:GOAO056:56:056SU250831:I:30,0,0,0,0,0,0,1,20250831,20251223
GNE:GOAO056:56:056SU250831:I:31,0,0,0,0,0,0,1,20250831,20251223
GNE:GOAO056:56:056SU250831:I:32,0,0,0,0,0,0,1,20250831,20251223
GNE:GOAO056:56:056SU250831:I:33,0,0,0,0,0,0,1,20250831,20251223
GNE:GOAO056:56:056SU250831:I:34,0,0,0,0,0,0,1,20250831,20251223
GNE:GOAO056:56:056SU250831:I:35,0,0,0,0,0,0,1,20250831,20251223
GNE:GOAO056:56:056SU250831:I:36,0,0,0,0,0,0,1,20250831,20251223
GNE:GOAO056:56:056SU250831:I:37,0,0,0,0,0,0,1,20250831,20251223
GNE:GOAO056:56:056SU250831:I:38,0,0,0,0,0,0,1,20250831,20251223
GNE:GOAO056:56:056SU250831:I:39,0,0,0,0,0,0,1,20250831,20251223
GNE:GOAO056:56:056SU250831:I:40,0,0,0,0,0,0,1,20250831,20251223
GNE:GOAO056:56:056SU250831:I:41,0,0,0,0,0,0,1,20250831,20251223
GNE:GOAO056:56:056SU250831:I:42,0,0,0,0,0,0,1,20250831,20251223
GNE:GOAO056:56:056SU250831:I:43,0,0,0,0,0,0,1,20250831,20251223
GNE:GOAO056:56:056SU250831:I:44,0,0,0,0,0,0,1,20250831,20251223
GNE:GOAO056:56:056SU250831:I:45,0,0,0,0,0,0,1,20250831,20251223
GNE:GOAO056:56:056SU250831:I:46,0,0,0,0,0,0,1,20250831,20251223
GNE:GOAO056:56:056SU250831:I:47,0,0,0,0,0,0,1,20250831,20251223
GNE:GOAO056:56:056SU250831:I:48,0,0,0,0,0,0,1,20250831,20251223
GNE:GOAO056:56:056SU250831:I:49,0,0,0,0,0,0,1,20250831,20251223
GNE:GOAO057:57:057MF250831:O:1,1,1,1,1,1,0,0,20250831,20251223
GNE:GOAO057:57:057MF250831:O:2,1,1,1,1,1,0,0,20250831,20251223
GNE:GOAO057:57:057MF250831:O:3,1,1,1,1,1,0,0,20250831,20251223
GNE:GOAO057:57:057MF250831:O:4,1,1,1,1,1,0,0,20250831,20251223
GNE:GOAO057:57:057MF250831:O:5,1,1,1,1,1,0,0,20250831,20251223
GNE:GOAO057:57:057MF250831:O:6,1,1,1,1,1,0,0,20250831,20251223
GNE:GOAO057:57:057MF250831:O:7,1,1,1,1,1,0,0,20250831,20251223
GNE:GOAO057:57:057MF250831:O:8,1,1,1,1,1,0,0,20250831,20251223
GNE:GOAO057:57:057MF250831:O:9,1,1,1,1,1,0,0,20250831,20251223
GNE:GOAO057:57:057MF250831:O:10,1,1,1,1,1,0,0,20250831,20251223
GNE:GOAO057:57:057MF250831:O:11,1,1,1,1,1,0,0,20250831,20251223
GNE:GOAO057:57:057MF250831:O:12,1,1,1,1,1,0,0,20250831,20251223
GNE:GOAO057:57:057MF250831:O:13,1,1,1,1,1,0,0,20250831,20251223
GNE:GOAO057:57:057MF250831:O:14,1,1,1,1,1,0,0,20250831,20251223
GNE:GOAO057:57:057MF250831:O:15,1,1,1,1,1,0,0,20250831,20251223
GNE:GOAO057:57:057MF250831:O:16,1,1,1,1,1,0,0,20250831,20251223
GNE:GOAO057:57:057MF250831:O:17,1,1,1,1,1,0,0,20250831,20251223
GNE:GOAO057:57:057MF250831:O:18,1,1,1,1,1,0,0,20250831,20251223
GNE:GOAO057:57:057MF250831:O:19,1,1,1,1,1,0,0,20250831,20251223
GNE:GOAO057:57:057MF250831:O:20,1,1,1,1,1,0,0,20250831,20251223
GNE:GOAO057:57:057MF250831:O:21,1,1,1,1,1,0,0,20250831,20251223
GNE:GOAO057:57:057MF250831:O:22,1,1,1,1,1,0,0,20250831,20251223
GNE:GOAO057:57:057MF250831:O:23,1,1,1,1,1,0,0,20250831,20251223
GNE:GOAO057:57:057MF250831:O:24,1,1,1,1,1,0,0,20250831,20251223
GNE:GOAO057:57:057MF250831:O:25,1,1,1,1,1,0,0,20250831,20251223
GNE:GOAO057:57:057MF250831:O:26,1,1,1,1,1,0,0,20250831,20251223
GNE:GOAO057:57:057MF250831:O:27,1,1,1,1,1,0,0,20250831,20251223
GNE:GOAO057:57:057MF250831:O:28,1,1,1,1,1,0,0,20250831,20251223
GNE:GOAO057:57:057MF250831:O:29,1,1,1,1,1,0,0,20250831,20251223
GNE:GOAO057:57:057MF250831:O:30,1,1,1,1,1,0,0,20250831,20251223
GNE:GOAO057:57:057MF250831:O:31,1,1,1,1,1,0,0,20250831,20251223
GNE:GOAO057:57:057MF250831:O:32,1,1,1,1,1,0,0,20250831,20251223
GNE:GOAO057:57:057MF250831:O:33,1,1,1,1,1,0,0,20250831,20251223
GNE:GOAO057:57:057MF250831:O:34,1,1,1,1,1,0,0,20250831,20251223
GNE:GOAO057:57:057MF250831:O:35,1,1,1,1,1,0,0,20250831,20251223
GNE:GOAO057:57:057MF250831:I:1,1,1,1,1,1,0,0,20250831,20251223
GNE:GOAO057:57:057MF250831:I:2,1,1,1,1,1,0,0,20250831,20251223
GNE:GOAO057:57:057MF250831:I:3,1,1,1,1,1,0,0,20250831,20251223
GNE:GOAO057:57:057MF250831:I:4,1,1,1,1,1,0,0,20250831,20251223
GNE:GOAO057:57:057MF250831:I:5,1,1,1,1,1,0,0,20250831,20251223
GNE:GOAO057:57:057MF250831:I:6,1,1,1,1,1,0,0,20250831,20251223
GNE:GOAO057:57:057MF250831:I:7,1,1,1,1,1,0,0,20250831,20251223
GNE:GOAO057:57:057MF250831:I:8,1,1,1,1,1,0,0,20250831,20251223
GNE:GOAO057:57:057MF250831:I:9,1,1,1,1,1,0,0,20250831,20251223
GNE:GOAO057:57:057MF250831:I:10,1,1,1,1,1,0,0,20250831,20251223
GNE:GOAO057:57:057MF250831:I:11,1,1,1,1,1,0,0,20250831,20251223
GNE:GOAO057:57:057MF250831:I:12,1,1,1,1,1,0,0,20250831,20251223
GNE:GOAO057:57:057MF250831:I:13,1,1,1,1,1,0,0,20250831,20251223
GNE:GOAO057:57:057MF250831:I:14,1,1,1,1,1,0,0,20250831,20251223
GNE:GOAO057:57:057MF250831:I:15,1,1,1,1,1,0,0,20250831,20251223
GNE:GOAO057:57:057MF250831:I:16,1,1,1,1,1,0,0,20250831,20251223
GNE:GOAO057:57:057MF250831:I:17,1,1,1,1,1,0,0,20250831,20251223
GNE:GOAO057:57:057MF250831:I:18,1,1,1,1,1,0,0,20250831,20251223
GNE:GOAO057:57:057MF250831:I:19,1,1,1,1,1,0,0,20250831,20251223
GNE:GOAO057:57:057MF250831:I:20,1,1,1,1,1,0,0,20250831,20251223
GNE:GOAO057:57:057MF250831:I:21,1,1,1,1,1,0,0,20250831,20251223
GNE:GOAO057:57:057MF250831:I:22,1,1,1,1,1,0,0,20250831,20251223
GNE:GOAO057:57:057MF250831:I:23,1,1,1,1,1,0,0,20250831,20251223
GNE:GOAO057:57:057MF250831:I:24,1,1,1,1,1,0,0,20250831,20251223
GNE:GOAO057:57:057MF250831:I:25,1,1,1,1,1,0,0,20250831,20251223
GNE:GOAO057:57:057MF250831:I:26,1,1,1,1,1,0,0,20250831,20251223
GNE:GOAO057:57:057MF250831:I:27,1,1,1,1,1,0,0,20250831,20251223
GNE:GOAO057:57:057MF250831:I:28,1,1,1,1,1,0,0,20250831,20251223
GNE:GOAO057:57:057MF250831:I:29,1,1,1,1,1,0,0,20250831,20251223
GNE:GOAO057:57:057MF250831:I:30,1,1,1,1,1,0,0,20250831,20251223
GNE:GOAO057:57:057MF250831:I:31,1,1,1,1,1,0,0,20250831,20251223
GNE:GOAO057:57:057MF250831:I:32,1,1,1,1,1,0,0,20250831,20251223
GNE:GOAO057:57:057MF250831:I:33,1,1,1,1,1,0,0,20250831,20251223
GNE:GOAO057:57:057MF250831:I:34,1,1,1,1,1,0,0,20250831,20251223
GNE:GOAO057:57:057MF250831:I:35,1,1,1,1,1,0,0,20250831,20251223
GNE:GOAO057:57:057MF250831:I:36,1,1,1,1,1,0,0,20250831,20251223
GNE:GOAO057:57:057MF250831:I:37,1,1,1,1,1,0,0,20250831,20251223
GNE:GOAO057:57:057SA250831:O:1,0,0,0,0,0,1,0,20250831,20251223
GNE:GOAO057:57:057SA250831:O:2,0,0,0,0,0,1,0,20250831,20251223
GNE:GOAO057:57:057SA250831:O:3,0,0,0,0,0,1,0,20250831,20251223
GNE:GOAO057:57:057SA250831:O:4,0,0,0,0,0,1,0,20250831,20251223
GNE:GOAO057:57:057SA250831:O:5,0,0,0,0,0,1,0,20250831,20251223
GNE:GOAO057:57:057SA250831:O:6,0,0,0,0,0,1,0,20250831,20251223
GNE:GOAO057:57:057SA250831:O:7,0,0,0,0,0,1,0,20250831,20251223
GNE:GOAO057:57:057SA250831:O:8,0,0,0,0,0,1,0,20250831,20251223
GNE:GOAO057:57:057SA250831:O:9,0,0,0,0,0,1,0,20250831,20251223
GNE:GOAO057:57:057SA250831:O:10,0,0,0,0,0,1,0,20250831,20251223
GNE:GOAO057:57:057SA250831:O:11,0,0,0,0,0,1,0,20250831,20251223
GNE:GOAO057:57:057SA250831:O:12,0,0,0,0,0,1,0,20250831,20251223
GNE:GOAO057:57:057SA250831:O:13,0,0,0,0,0,1,0,20250831,20251223
GNE:GOAO057:57:057SA250831:O:14,0,0,0,0,0,1,0,20250831,20251223
GNE:GOAO057:57:057SA250831:O:15,0,0,0,0,0,1,0,20250831,20251223
GNE:GOAO057:57:057SA250831:O:16,0,0,0,0,0,1,0,20250831,20251223
GNE:GOAO057:57:057SA250831:O:17,0,0,0,0,0,1,0,20250831,20251223
GNE:GOAO057:57:057SA250831:O:18,0,0,0,0,0,1,0,20250831,20251223
GNE:GOAO057:57:057SA250831:O:19,0,0,0,0,0,1,0,20250831,20251223
GNE:GOAO057:57:057SA250831:O:20,0,0,0,0,0,1,0,20250831,20251223
GNE:GOAO057:57:057SA250831:O:21,0,0,0,0,0,1,0,20250831,20251223
GNE:GOAO057:57:057SA250831:O:22,0,0,0,0,0,1,0,20250831,20251223
GNE:GOAO057:57:057SA250831:O:23,0,0,0,0,0,1,0,20250831,20251223
GNE:GOAO057:57:057SA250831:O:24,0,0,0,0,0,1,0,20250831,20251223
GNE:GOAO057:57:057SA250831:O:25,0,0,0,0,0,1,0,20250831,20251223
GNE:GOAO057:57:057SA250831:O:26,0,0,0,0,0,1,0,20250831,20251223
GNE:GOAO057:57:057SA250831:O:27,0,0,0,0,0,1,0,20250831,20251223
GNE:GOAO057:57:057SA250831:O:28,0,0,0,0,0,1,0,20250831,20251223
GNE:GOAO057:57:057SA250831:O:29,0,0,0,0,0,1,0,20250831,20251223
GNE:GOAO057:57:057SA250831:O:30,0,0,0,0,0,1,0,20250831,20251223
GNE:GOAO057:57:057SA250831:O:31,0,0,0,0,0,1,0,20250831,20251223
GNE:GOAO057:57:057SA250831:O:32,0,0,0,0,0,1,0,20250831,20251223
GNE:GOAO057:57:057SA250831:O:33,0,0,0,0,0,1,0,20250831,20251223
GNE:GOAO057:57:057SA250831:O:34,0,0,0,0,0,1,0,20250831,20251223
GNE:GOAO057:57:057SA250831:I:1,0,0,0,0,0,1,0,20250831,20251223
GNE:GOAO057:57:057SA250831:I:2,0,0,0,0,0,1,0,20250831,20251223
GNE:GOAO057:57:057SA250831:I:3,0,0,0,0,0,1,0,20250831,20251223
GNE:GOAO057:57:057SA250831:I:4,0,0,0,0,0,1,0,20250831,20251223
GNE:GOAO057:57:057SA250831:I:5,0,0,0,0,0,1,0,20250831,20251223
GNE:GOAO057:57:057SA250831:I:6,0,0,0,0,0,1,0,20250831,20251223
GNE:GOAO057:57:057SA250831:I:7,0,0,0,0,0,1,0,20250831,20251223
GNE:GOAO057:57:057SA250831:I:8,0,0,0,0,0,1,0,20250831,20251223
GNE:GOAO057:57:057SA250831:I:9,0,0,0,0,0,1,0,20250831,20251223
GNE:GOAO057:57:057SA250831:I:10,0,0,0,0,0,1,0,20250831,20251223
GNE:GOAO057:57:057SA250831:I:11,0,0,0,0,0,1,0,20250831,20251223
GNE:GOAO057:57:057SA250831:I:12,0,0,0,0,0,1,0,20250831,20251223
GNE:GOAO057:57:057SA250831:I:13,0,0,0,0,0,1,0,20250831,20251223
GNE:GOAO057:57:057SA250831:I:14,0,0,0,0,0,1,0,20250831,20251223
GNE:GOAO057:57:057SA250831:I:15,0,0,0,0,0,1,0,20250831,20251223
GNE:GOAO057:57:057SA250831:I:16,0,0,0,0,0,1,0,20250831,20251223
GNE:GOAO057:57:057SA250831:I:17,0,0,0,0,0,1,0,20250831,20251223
GNE:GOAO057:57:057SA250831:I:18,0,0,0,0,0,1,0,20250831,20251223
GNE:GOAO057:57:057SA250831:I:19,0,0,0,0,0,1,0,20250831,20251223
GNE:GOAO057:57:057SA250831:I:20,0,0,0,0,0,1,0,20250831,20251223
GNE:GOAO057:57:057SA250831:I:21,0,0,0,0,0,1,0,20250831,20251223
GNE:GOAO057:57:057SA250831:I:22,0,0,0,0,0,1,0,20250831,20251223
GNE:GOAO057:57:057SA250831:I:23,0,0,0,0,0,1,0,20250831,20251223
GNE:GOAO057:57:057SA250831:I:24,0,0,0,0,0,1,0,20250831,20251223
GNE:GOAO057:57:057SA250831:I:25,0,0,0,0,0,1,0,20250831,20251223
GNE:GOAO057:57:057SA250831:I:26,0,0,0,0,0,1,0,20250831,20251223
GNE:GOAO057:57:057SA250831:I:27,0,0,0,0,0,1,0,20250831,20251223
GNE:GOAO057:57:057SA250831:I:28,0,0,0,0,0,1,0,20250831,20251223
GNE:GOAO057:57:057SA250831:I:29,0,0,0,0,0,1,0,20250831,20251223
GNE:GOAO057:57:057SA250831:I:30,0,0,0,0,0,1,0,20250831,20251223
GNE:GOAO057:57:057SA250831:I:31,0,0,0,0,0,1,0,20250831,20251223
GNE:GOAO057:57:057SA250831:I:32,0,0,0,0,0,1,0,20250831,20251223
GNE:GOAO057:57:057SA250831:I:33,0,0,0,0,0,1,0,20250831,20251223
GNE:GOAO057:57:057SA250831:I:34,0,0,0,0,0,1,0,20250831,20251223
GNE:GOAO057:57:057SA250831:I:35,0,0,0,0,0,1,0,20250831,20251223
GNE:GOAO057:57:057SA250831:I:36,0,0,0,0,0,1,0,20250831,20251223
GNE:GOAO057:57:057SU250831:O:1,0,0,0,0,0,0,1,20250831,20251223
GNE:GOAO057:57:057SU250831:O:2,0,0,0,0,0,0,1,20250831,20251223
GNE:GOAO057:57:057SU250831:O:3,0,0,0,0,0,0,1,20250831,20251223
GNE:GOAO057:57:057SU250831:O:4,0,0,0,0,0,0,1,20250831,20251223
GNE:GOAO057:57:057SU250831:O:5,0,0,0,0,0,0,1,20250831,20251223
GNE:GOAO057:57:057SU250831:O:6,0,0,0,0,0,0,1,20250831,20251223
GNE:GOAO057:57:057SU250831:O:7,0,0,0,0,0,0,1,20250831,20251223
GNE:GOAO057:57:057SU250831:O:8,0,0,0,0,0,0,1,20250831,20251223
GNE:GOAO057:57:057SU250831:O:9,0,0,0,0,0,0,1,20250831,20251223
GNE:GOAO057:57:057SU250831:O:10,0,0,0,0,0,0,1,20250831,20251223
GNE:GOAO057:57:057SU250831:O:11,0,0,0,0,0,0,1,20250831,20251223
GNE:GOAO057:57:057SU250831:O:12,0,0,0,0,0,0,1,20250831,20251223
GNE:GOAO057:57:057SU250831:O:13,0,0,0,0,0,0,1,20250831,20251223
GNE:GOAO057:57:057SU250831:O:14,0,0,0,0,0,0,1,20250831,20251223
GNE:GOAO057:57:057SU250831:O:15,0,0,0,0,0,0,1,20250831,20251223
GNE:GOAO057:57:057SU250831:O:16,0,0,0,0,0,0,1,20250831,20251223
GNE:GOAO057:57:057SU250831:O:17,0,0,0,0,0,0,1,20250831,20251223
GNE:GOAO057:57:057SU250831:O:18,0,0,0,0,0,0,1,20250831,20251223
GNE:GOAO057:57:057SU250831:O:19,0,0,0,0,0,0,1,20250831,20251223
GNE:GOAO057:57:057SU250831:O:20,0,0,0,0,0,0,1,20250831,20251223
GNE:GOAO057:57:057SU250831:O:21,0,0,0,0,0,0,1,20250831,20251223
GNE:GOAO057:57:057SU250831:O:22,0,0,0,0,0,0,1,20250831,20251223
GNE:GOAO057:57:057SU250831:O:23,0,0,0,0,0,0,1,20250831,20251223
GNE:GOAO057:57:057SU250831:O:24,0,0,0,0,0,0,1,20250831,20251223
GNE:GOAO057:57:057SU250831:O:25,0,0,0,0,0,0,1,20250831,20251223
GNE:GOAO057:57:057SU250831:O:26,0,0,0,0,0,0,1,20250831,20251223
GNE:GOAO057:57:057SU250831:O:27,0,0,0,0,0,0,1,20250831,20251223
GNE:GOAO057:57:057SU250831:O:28,0,0,0,0,0,0,1,20250831,20251223
GNE:GOAO057:57:057SU250831:O:29,0,0,0,0,0,0,1,20250831,20251223
GNE:GOAO057:57:057SU250831:O:30,0,0,0,0,0,0,1,20250831,20251223
GNE:GOAO057:57:057SU250831:O:31,0,0,0,0,0,0,1,20250831,20251223
GNE:GOAO057:57:057SU250831:O:32,0,0,0,0,0,0,1,20250831,20251223
GNE:GOAO057:57:057SU250831:O:33,0,0,0,0,0,0,1,20250831,20251223
GNE:GOAO057:57:057SU250831:O:34,0,0,0,0,0,0,1,20250831,20251223
GNE:GOAO057:57:057SU250831:I:1,0,0,0,0,0,0,1,20250831,20251223
GNE:GOAO057:57:057SU250831:I:2,0,0,0,0,0,0,1,20250831,20251223
GNE:GOAO057:57:057SU250831:I:3,0,0,0,0,0,0,1,20250831,20251223
GNE:GOAO057:57:057SU250831:I:4,0,0,0,0,0,0,1,20250831,20251223
GNE:GOAO057:57:057SU250831:I:5,0,0,0,0,0,0,1,20250831,20251223
GNE:GOAO057:57:057SU250831:I:6,0,0,0,0,0,0,1,20250831,20251223
GNE:GOAO057:57:057SU250831:I:7,0,0,0,0,0,0,1,20250831,20251223
GNE:GOAO057:57:057SU250831:I:8,0,0,0,0,0,0,1,20250831,20251223
GNE:GOAO057:57:057SU250831:I:9,0,0,0,0,0,0,1,20250831,20251223
GNE:GOAO057:57:057SU250831:I:10,0,0,0,0,0,0,1,20250831,20251223
GNE:GOAO057:57:057SU250831:I:11,0,0,0,0,0,0,1,20250831,20251223
GNE:GOAO057:57:057SU250831:I:12,0,0,0,0,0,0,1,20250831,20251223
GNE:GOAO057:57:057SU250831:I:13,0,0,0,0,0,0,1,20250831,20251223
GNE:GOAO057:57:057SU250831:I:14,0,0,0,0,0,0,1,20250831,20251223
GNE:GOAO057:57:057SU250831:I:15,0,0,0,0,0,0,1,20250831,20251223
GNE:GOAO057:57:057SU250831:I:16,0,0,0,0,0,0,1,20250831,20251223
GNE:GOAO057:57:057SU250831:I:17,0,0,0,0,0,0,1,20250831,20251223
GNE:GOAO057:57:057SU250831:I:18,0,0,0,0,0,0,1,20250831,20251223
GNE:GOAO057:57:057SU250831:I:19,0,0,0,0,0,0,1,20250831,20251223
GNE:GOAO057:57:057SU250831:I:20,0,0,0,0,0,0,1,20250831,20251223
GNE:GOAO057:57:057SU250831:I:21,0,0,0,0,0,0,1,20250831,20251223
GNE:GOAO057:57:057SU250831:I:22,0,0,0,0,0,0,1,20250831,20251223
GNE:GOAO057:57:057SU250831:I:23,0,0,0,0,0,0,1,20250831,20251223
GNE:GOAO057:57:057SU250831:I:24,0,0,0,0,0,0,1,20250831,20251223
GNE:GOAO057:57:057SU250831:I:25,0,0,0,0,0,0,1,20250831,20251223
GNE:GOAO057:57:057SU250831:I:26,0,0,0,0,0,0,1,20250831,20251223
GNE:GOAO057:57:057SU250831:I:27,0,0,0,0,0,0,1,20250831,20251223
GNE:GOAO057:57:057SU250831:I:28,0,0,0,0,0,0,1,20250831,20251223
GNE:GOAO057:57:057SU250831:I:29,0,0,0,0,0,0,1,20250831,20251223
GNE:GOAO057:57:057SU250831:I:30,0,0,0,0,0,0,1,20250831,20251223
GNE:GOAO057:57:057SU250831:I:31,0,0,0,0,0,0,1,20250831,20251223
GNE:GOAO057:57:057SU250831:I:32,0,0,0,0,0,0,1,20250831,20251223
GNE:GOAO057:57:057SU250831:I:33,0,0,0,0,0,0,1,20250831,20251223
GNE:GOAO057:57:057SU250831:I:34,0,0,0,0,0,0,1,20250831,20251223
GNE:GOAO057:57:057SU250831:I:35,0,0,0,0,0,0,1,20250831,20251223
GNE:GOAO058:58:058MF250831:O:1,1,1,1,1,1,0,0,20250831,20251223
GNE:GOAO058:58:058MF250831:O:2,1,1,1,1,1,0,0,20250831,20251223
GNE:GOAO058:58:058MF250831:O:3,1,1,1,1,1,0,0,20250831,20251223
GNE:GOAO058:58:058MF250831:O:4,1,1,1,1,1,0,0,20250831,20251223
GNE:GOAO058:58:058MF250831:O:5,1,1,1,1,1,0,0,20250831,20251223
GNE:GOAO058:58:058MF250831:O:6,1,1,1,1,1,0,0,20250831,20251223
GNE:GOAO058:58:058MF250831:O:7,1,1,1,1,1,0,0,20250831,20251223
GNE:GOAO058:58:058MF250831:O:8,1,1,1,1,1,0,0,20250831,20251223
GNE:GOAO058:58:058MF250831:O:9,1,1,1,1,1,0,0,20250831,20251223
GNE:GOAO058:58:058MF250831:O:10,1,1,1,1,1,0,0,20250831,20251223
GNE:GOAO058:58:058MF250831:O:11,1,1,1,1,1,0,0,20250831,20251223
GNE:GOAO058:58:058MF250831:O:12,1,1,1,1,1,0,0,20250831,20251223
GNE:GOAO058:58:058MF250831:O:13,1,1,1,1,1,0,0,20250831,20251223
GNE:GOAO058:58:058MF250831:O:14,1,1,1,1,1,0,0,20250831,20251223
GNE:GOAO058:58:058MF250831:O:15,1,1,1,1,1,0,0,20250831,20251223
GNE:GOAO058:58:058MF250831:O:16,1,1,1,1,1,0,0,20250831,20251223
GNE:GOAO058:58:058MF250831:O:17,1,1,1,1,1,0,0,20250831,20251223
GNE:GOAO058:58:058MF250831:O:18,1,1,1,1,1,0,0,20250831,20251223
GNE:GOAO058:58:058MF250831:O:19,1,1,1,1,1,0,0,20250831,20251223
GNE:GOAO058:58:058MF250831:O:20,1,1,1,1,1,0,0,20250831,20251223
GNE:GOAO058:58:058MF250831:O:21,1,1,1,1,1,0,0,20250831,20251223
GNE:GOAO058:58:058MF250831:O:22,1,1,1,1,1,0,0,20250831,20251223
GNE:GOAO058:58:058MF250831:O:23,1,1,1,1,1,0,0,20250831,20251223
GNE:GOAO058:58:058MF250831:O:24,1,1,1,1,1,0,0,20250831,20251223
GNE:GOAO058:58:058MF250831:O:25,1,1,1,1,1,0,0,20250831,20251223
GNE:GOAO058:58:058MF250831:O:26,1,1,1,1,1,0,0,20250831,20251223
GNE:GOAO058:58:058MF250831:O:27,1,1,1,1,1,0,0,20250831,20251223
GNE:GOAO058:58:058MF250831:O:28,1,1,1,1,1,0,0,20250831,20251223
GNE:GOAO058:58:058MF250831:O:29,1,1,1,1,1,0,0,20250831,20251223
GNE:GOAO058:58:058MF250831:O:30,1,1,1,1,1,0,0,20250831,20251223
GNE:GOAO058:58:058MF250831:O:31,1,1,1,1,1,0,0,20250831,20251223
GNE:GOAO058:58:058MF250831:O:32,1,1,1,1,1,0,0,20250831,20251223
GNE:GOAO058:58:058MF250831:O:33,1,1,1,1,1,0,0,20250831,20251223
GNE:GOAO058:58:058MF250831:O:34,1,1,1,1,1,0,0,20250831,20251223
GNE:GOAO058:58:058MF250831:O:35,1,1,1,1,1,0,0,20250831,20251223
GNE:GOAO058:58:058MF250831:O:36,1,1,1,1,1,0,0,20250831,20251223
GNE:GOAO058:58:058MF250831:O:37,1,1,1,1,1,0,0,20250831,20251223
GNE:GOAO058:58:058MF250831:O:38,1,1,1,1,1,0,0,20250831,20251223
GNE:GOAO058:58:058MF250831:O:39,1,1,1,1,1,0,0,20250831,20251223
GNE:GOAO058:58:058MF250831:O:40,1,1,1,1,1,0,0,20250831,20251223
GNE:GOAO058:58:058MF250831:O:41,1,1,1,1,1,0,0,20250831,20251223
GNE:GOAO058:58:058MF250831:O:42,1,1,1,1,1,0,0,20250831,20251223
GNE:GOAO058:58:058MF250831:O:43,1,1,1,1,1,0,0,20250831,20251223
GNE:GOAO058:58:058MF250831:O:44,1,1,1,1,1,0,0,20250831,20251223
GNE:GOAO058:58:058MF250831:O:45,1,1,1,1,1,0,0,20250831,20251223
GNE:GOAO058:58:058MF250831:O:46,1,1,1,1,1,0,0,20250831,20251223
GNE:GOAO058:58:058MF250831:O:47,1,1,1,1,1,0,0,20250831,20251223
GNE:GOAO058:58:058MF250831:O:48,1,1,1,1,1,0,0,20250831,20251223
GNE:GOAO058:58:058MF250831:O:50,1,1,1,1,1,0,0,20250831,20251223
GNE:GOAO058:58:058MF250831:O:51,1,1,1,1,1,0,0,20250831,20251223
GNE:GOAO058:58:058MF250831:O:52,1,1,1,1,1,0,0,20250831,20251223
GNE:GOAO058:58:058MF250831:O:53,1,1,1,1,1,0,0,20250831,20251223
GNE:GOAO058:58:058MF250831:O:54,1,1,1,1,1,0,0,20250831,20251223
GNE:GOAO058:58:058MF250831:O:55,1,1,1,1,1,0,0,20250831,20251223
GNE:GOAO058:58:058MF250831:O:56,1,1,1,1,1,0,0,20250831,20251223
GNE:GOAO058:58:058MF250831:O:57,1,1,1,1,1,0,0,20250831,20251223
GNE:GOAO058:58:058MF250831:O:58,1,1,1,1,1,0,0,20250831,20251223
GNE:GOAO058:58:058MF250831:O:59,1,1,1,1,1,0,0,20250831,20251223
GNE:GOAO058:58:058MF250831:O:60,1,1,1,1,1,0,0,20250831,20251223
GNE:GOAO058:58:058MF250831:O:61,1,1,1,1,1,0,0,20250831,20251223
GNE:GOAO058:58:058MF250831:I:1,1,1,1,1,1,0,0,20250831,20251223
GNE:GOAO058:58:058MF250831:I:2,1,1,1,1,1,0,0,20250831,20251223
GNE:GOAO058:58:058MF250831:I:3,1,1,1,1,1,0,0,20250831,20251223
GNE:GOAO058:58:058MF250831:I:5,0,0,0,0,0,0,0,20250831,20251223
GNE:GOAO058:58:058MF250831:I:6,1,1,1,1,1,0,0,20250831,20251223
GNE:GOAO058:58:058MF250831:I:8,0,0,0,0,0,0,0,20250831,20251223
GNE:GOAO058:58:058MF250831:I:9,1,1,1,1,1,0,0,20250831,20251223
GNE:GOAO058:58:058MF250831:I:10,1,1,1,1,1,0,0,20250831,20251223
GNE:GOAO058:58:058MF250831:I:11,1,1,1,1,1,0,0,20250831,20251223
GNE:GOAO058:58:058MF250831:I:12,1,1,1,1,1,0,0,20250831,20251223
GNE:GOAO058:58:058MF250831:I:13,1,1,1,1,1,0,0,20250831,20251223
GNE:GOAO058:58:058MF250831:I:14,1,1,1,1,1,0,0,20250831,20251223
GNE:GOAO058:58:058MF250831:I:15,1,1,1,1,1,0,0,20250831,20251223
GNE:GOAO058:58:058MF250831:I:16,1,1,1,1,1,0,0,20250831,20251223
GNE:GOAO058:58:058MF250831:I:17,1,1,1,1,1,0,0,20250831,20251223
GNE:GOAO058:58:058MF250831:I:18,1,1,1,1,1,0,0,20250831,20251223
GNE:GOAO058:58:058MF250831:I:19,1,1,1,1,1,0,0,20250831,20251223
GNE:GOAO058:58:058MF250831:I:20,1,1,1,1,1,0,0,20250831,20251223
GNE:GOAO058:58:058MF250831:I:21,1,1,1,1,1,0,0,20250831,20251223
GNE:GOAO058:58:058MF250831:I:22,1,1,1,1,1,0,0,20250831,20251223
GNE:GOAO058:58:058MF250831:I:23,1,1,1,1,1,0,0,20250831,20251223
GNE:GOAO058:58:058MF250831:I:24,1,1,1,1,1,0,0,20250831,20251223
GNE:GOAO058:58:058MF250831:I:25,1,1,1,1,1,0,0,20250831,20251223
GNE:GOAO058:58:058MF250831:I:26,1,1,1,1,1,0,0,20250831,20251223
GNE:GOAO058:58:058MF250831:I:27,1,1,1,1,1,0,0,20250831,20251223
GNE:GOAO058:58:058MF250831:I:28,1,1,1,1,1,0,0,20250831,20251223
GNE:GOAO058:58:058MF250831:I:29,1,1,1,1,1,0,0,20250831,20251223
GNE:GOAO058:58:058MF250831:I:30,1,1,1,1,1,0,0,20250831,20251223
GNE:GOAO058:58:058MF250831:I:31,1,1,1,1,1,0,0,20250831,20251223
GNE:GOAO058:58:058MF250831:I:32,1,1,1,1,1,0,0,20250831,20251223
GNE:GOAO058:58:058MF250831:I:33,1,1,1,1,1,0,0,20250831,20251223
GNE:GOAO058:58:058MF250831:I:34,1,1,1,1,1,0,0,20250831,20251223
GNE:GOAO058:58:058MF250831:I:35,1,1,1,1,1,0,0,20250831,20251223
GNE:GOAO058:58:058MF250831:I:36,1,1,1,1,1,0,0,20250831,20251223
GNE:GOAO058:58:058MF250831:I:37,1,1,1,1,1,0,0,20250831,20251223
GNE:GOAO058:58:058MF250831:I:38,1,1,1,1,1,0,0,20250831,20251223
GNE:GOAO058:58:058MF250831:I:39,1,1,1,1,1,0,0,20250831,20251223
GNE:GOAO058:58:058MF250831:I:40,1,1,1,1,1,0,0,20250831,20251223
GNE:GOAO058:58:058MF250831:I:41,1,1,1,1,1,0,0,20250831,20251223
GNE:GOAO058:58:058MF250831:I:42,1,1,1,1,1,0,0,20250831,20251223
GNE:GOAO058:58:058MF250831:I:43,1,1,1,1,1,0,0,20250831,20251223
GNE:GOAO058:58:058MF250831:I:44,1,1,1,1,1,0,0,20250831,20251223
GNE:GOAO058:58:058MF250831:I:45,1,1,1,1,1,0,0,20250831,20251223
GNE:GOAO058:58:058MF250831:I:46,1,1,1,1,1,0,0,20250831,20251223
GNE:GOAO058:58:058MF250831:I:47,1,1,1,1,1,0,0,20250831,20251223
GNE:GOAO058:58:058MF250831:I:48,1,1,1,1,1,0,0,20250831,20251223
GNE:GOAO058:58:058MF250831:I:49,1,1,1,1,1,0,0,20250831,20251223
GNE:GOAO058:58:058MF250831:I:50,1,1,1,1,1,0,0,20250831,20251223
GNE:GOAO058:58:058MF250831:I:51,1,1,1,1,1,0,0,20250831,20251223
GNE:GOAO058:58:058MF250831:I:52,1,1,1,1,1,0,0,20250831,20251223
GNE:GOAO058:58:058MF250831:I:53,1,1,1,1,1,0,0,20250831,20251223
GNE:GOAO058:58:058MF250831:I:54,1,1,1,1,1,0,0,20250831,20251223
GNE:GOAO058:58:058MF250831:I:55,1,1,1,1,1,0,0,20250831,20251223
GNE:GOAO058:58:058MF250831:I:56,1,1,1,1,1,0,0,20250831,20251223
GNE:GOAO058:58:058MF250831:I:57,1,1,1,1,1,0,0,20250831,20251223
GNE:GOAO058:58:058MF250831:I:58,1,1,1,1,1,0,0,20250831,20251223
GNE:GOAO058:58:058MF250831:I:59,1,1,1,1,1,0,0,20250831,20251223
GNE:GOAO058:58:058MF250831:I:60,1,1,1,1,1,0,0,20250831,20251223
GNE:GOAO058:58:058MF250831:I:61,1,1,1,1,1,0,0,20250831,20251223
GNE:GOAO058:58:058MF250831:I:62,1,1,1,1,1,0,0,20250831,20251223
GNE:GOAO058:58:058MF250831:I:63,1,1,1,1,1,0,0,20250831,20251223
GNE:GOAO058:58:058MF250831:I:64,1,1,1,1,1,0,0,20250831,20251223
GNE:GOAO058:58:058SA250831:O:1,0,0,0,0,0,1,0,20250831,20251223
GNE:GOAO058:58:058SA250831:O:2,0,0,0,0,0,1,0,20250831,20251223
GNE:GOAO058:58:058SA250831:O:3,0,0,0,0,0,1,0,20250831,20251223
GNE:GOAO058:58:058SA250831:O:4,0,0,0,0,0,1,0,20250831,20251223
GNE:GOAO058:58:058SA250831:O:5,0,0,0,0,0,1,0,20250831,20251223
GNE:GOAO058:58:058SA250831:O:6,0,0,0,0,0,1,0,20250831,20251223
GNE:GOAO058:58:058SA250831:O:7,0,0,0,0,0,1,0,20250831,20251223
GNE:GOAO058:58:058SA250831:O:8,0,0,0,0,0,1,0,20250831,20251223
GNE:GOAO058:58:058SA250831:O:9,0,0,0,0,0,1,0,20250831,20251223
GNE:GOAO058:58:058SA250831:O:10,0,0,0,0,0,1,0,20250831,20251223
GNE:GOAO058:58:058SA250831:O:11,0,0,0,0,0,1,0,20250831,20251223
GNE:GOAO058:58:058SA250831:O:12,0,0,0,0,0,1,0,20250831,20251223
GNE:GOAO058:58:058SA250831:O:13,0,0,0,0,0,1,0,20250831,20251223
GNE:GOAO058:58:058SA250831:O:14,0,0,0,0,0,1,0,20250831,20251223
GNE:GOAO058:58:058SA250831:O:15,0,0,0,0,0,1,0,20250831,20251223
GNE:GOAO058:58:058SA250831:O:16,0,0,0,0,0,1,0,20250831,20251223
GNE:GOAO058:58:058SA250831:O:17,0,0,0,0,0,1,0,20250831,20251223
GNE:GOAO058:58:058SA250831:O:18,0,0,0,0,0,1,0,20250831,20251223
GNE:GOAO058:58:058SA250831:O:19,0,0,0,0,0,1,0,20250831,20251223
GNE:GOAO058:58:058SA250831:O:20,0,0,0,0,0,1,0,20250831,20251223
GNE:GOAO058:58:058SA250831:O:21,0,0,0,0,0,1,0,20250831,20251223
GNE:GOAO058:58:058SA250831:O:22,0,0,0,0,0,1,0,20250831,20251223
GNE:GOAO058:58:058SA250831:O:23,0,0,0,0,0,1,0,20250831,20251223
GNE:GOAO058:58:058SA250831:O:24,0,0,0,0,0,1,0,20250831,20251223
GNE:GOAO058:58:058SA250831:O:25,0,0,0,0,0,1,0,20250831,20251223
GNE:GOAO058:58:058SA250831:O:26,0,0,0,0,0,1,0,20250831,20251223
GNE:GOAO058:58:058SA250831:O:27,0,0,0,0,0,1,0,20250831,20251223
GNE:GOAO058:58:058SA250831:O:28,0,0,0,0,0,1,0,20250831,20251223
GNE:GOAO058:58:058SA250831:O:29,0,0,0,0,0,1,0,20250831,20251223
GNE:GOAO058:58:058SA250831:O:30,0,0,0,0,0,1,0,20250831,20251223
GNE:GOAO058:58:058SA250831:O:31,0,0,0,0,0,1,0,20250831,20251223
GNE:GOAO058:58:058SA250831:O:32,0,0,0,0,0,1,0,20250831,20251223
GNE:GOAO058:58:058SA250831:O:33,0,0,0,0,0,1,0,20250831,20251223
GNE:GOAO058:58:058SA250831:O:34,0,0,0,0,0,1,0,20250831,20251223
GNE:GOAO058:58:058SA250831:O:35,0,0,0,0,0,1,0,20250831,20251223
GNE:GOAO058:58:058SA250831:O:36,0,0,0,0,0,1,0,20250831,20251223
GNE:GOAO058:58:058SA250831:O:37,0,0,0,0,0,1,0,20250831,20251223
GNE:GOAO058:58:058SA250831:O:38,0,0,0,0,0,1,0,20250831,20251223
GNE:GOAO058:58:058SA250831:O:39,0,0,0,0,0,1,0,20250831,20251223
GNE:GOAO058:58:058SA250831:O:40,0,0,0,0,0,1,0,20250831,20251223
GNE:GOAO058:58:058SA250831:O:41,0,0,0,0,0,1,0,20250831,20251223
GNE:GOAO058:58:058SA250831:O:42,0,0,0,0,0,1,0,20250831,20251223
GNE:GOAO058:58:058SA250831:O:43,0,0,0,0,0,1,0,20250831,20251223
GNE:GOAO058:58:058SA250831:O:44,0,0,0,0,0,1,0,20250831,20251223
GNE:GOAO058:58:058SA250831:O:45,0,0,0,0,0,1,0,20250831,20251223
GNE:GOAO058:58:058SA250831:O:46,0,0,0,0,0,1,0,20250831,20251223
GNE:GOAO058:58:058SA250831:O:48,0,0,0,0,0,1,0,20250831,20251223
GNE:GOAO058:58:058SA250831:O:49,0,0,0,0,0,1,0,20250831,20251223
GNE:GOAO058:58:058SA250831:O:50,0,0,0,0,0,1,0,20250831,20251223
GNE:GOAO058:58:058SA250831:O:51,0,0,0,0,0,1,0,20250831,20251223
GNE:GOAO058:58:058SA250831:O:52,0,0,0,0,0,1,0,20250831,20251223
GNE:GOAO058:58:058SA250831:O:53,0,0,0,0,0,1,0,20250831,20251223
GNE:GOAO058:58:058SA250831:O:54,0,0,0,0,0,1,0,20250831,20251223
GNE:GOAO058:58:058SA250831:O:55,0,0,0,0,0,1,0,20250831,20251223
GNE:GOAO058:58:058SA250831:O:56,0,0,0,0,0,1,0,20250831,20251223
GNE:GOAO058:58:058SA250831:O:57,0,0,0,0,0,1,0,20250831,20251223
GNE:GOAO058:58:058SA250831:O:58,0,0,0,0,0,1,0,20250831,20251223
GNE:GOAO058:58:058SA250831:O:59,0,0,0,0,0,1,0,20250831,20251223
GNE:GOAO058:58:058SA250831:I:3,0,0,0,0,0,1,0,20250831,20251223
GNE:GOAO058:58:058SA250831:I:4,0,0,0,0,0,1,0,20250831,20251223
GNE:GOAO058:58:058SA250831:I:5,0,0,0,0,0,1,0,20250831,20251223
GNE:GOAO058:58:058SA250831:I:6,0,0,0,0,0,1,0,20250831,20251223
GNE:GOAO058:58:058SA250831:I:7,0,0,0,0,0,1,0,20250831,20251223
GNE:GOAO058:58:058SA250831:I:8,0,0,0,0,0,1,0,20250831,20251223
GNE:GOAO058:58:058SA250831:I:9,0,0,0,0,0,1,0,20250831,20251223
GNE:GOAO058:58:058SA250831:I:10,0,0,0,0,0,1,0,20250831,20251223
GNE:GOAO058:58:058SA250831:I:11,0,0,0,0,0,1,0,20250831,20251223
GNE:GOAO058:58:058SA250831:I:12,0,0,0,0,0,1,0,20250831,20251223
GNE:GOAO058:58:058SA250831:I:13,0,0,0,0,0,1,0,20250831,20251223
GNE:GOAO058:58:058SA250831:I:14,0,0,0,0,0,1,0,20250831,20251223
GNE:GOAO058:58:058SA250831:I:15,0,0,0,0,0,1,0,20250831,20251223
GNE:GOAO058:58:058SA250831:I:16,0,0,0,0,0,1,0,20250831,20251223
GNE:GOAO058:58:058SA250831:I:17,0,0,0,0,0,1,0,20250831,20251223
GNE:GOAO058:58:058SA250831:I:18,0,0,0,0,0,1,0,20250831,20251223
GNE:GOAO058:58:058SA250831:I:19,0,0,0,0,0,1,0,20250831,20251223
GNE:GOAO058:58:058SA250831:I:20,0,0,0,0,0,1,0,20250831,20251223
GNE:GOAO058:58:058SA250831:I:21,0,0,0,0,0,1,0,20250831,20251223
GNE:GOAO058:58:058SA250831:I:22,0,0,0,0,0,1,0,20250831,20251223
GNE:GOAO058:58:058SA250831:I:23,0,0,0,0,0,1,0,20250831,20251223
GNE:GOAO058:58:058SA250831:I:24,0,0,0,0,0,1,0,20250831,20251223
GNE:GOAO058:58:058SA250831:I:25,0,0,0,0,0,1,0,20250831,20251223
GNE:GOAO058:58:058SA250831:I:26,0,0,0,0,0,1,0,20250831,20251223
GNE:GOAO058:58:058SA250831:I:27,0,0,0,0,0,1,0,20250831,20251223
GNE:GOAO058:58:058SA250831:I:28,0,0,0,0,0,1,0,20250831,20251223
GNE:GOAO058:58:058SA250831:I:29,0,0,0,0,0,1,0,20250831,20251223
GNE:GOAO058:58:058SA250831:I:30,0,0,0,0,0,1,0,20250831,20251223
GNE:GOAO058:58:058SA250831:I:31,0,0,0,0,0,1,0,20250831,20251223
GNE:GOAO058:58:058SA250831:I:32,0,0,0,0,0,1,0,20250831,20251223
GNE:GOAO058:58:058SA250831:I:33,0,0,0,0,0,1,0,20250831,20251223
GNE:GOAO058:58:058SA250831:I:34,0,0,0,0,0,1,0,20250831,20251223
GNE:GOAO058:58:058SA250831:I:35,0,0,0,0,0,1,0,20250831,20251223
GNE:GOAO058:58:058SA250831:I:36,0,0,0,0,0,1,0,20250831,20251223
GNE:GOAO058:58:058SA250831:I:37,0,0,0,0,0,1,0,20250831,20251223
GNE:GOAO058:58:058SA250831:I:38,0,0,0,0,0,1,0,20250831,20251223
GNE:GOAO058:58:058SA250831:I:39,0,0,0,0,0,1,0,20250831,20251223
GNE:GOAO058:58:058SA250831:I:40,0,0,0,0,0,1,0,20250831,20251223
GNE:GOAO058:58:058SA250831:I:41,0,0,0,0,0,1,0,20250831,20251223
GNE:GOAO058:58:058SA250831:I:42,0,0,0,0,0,1,0,20250831,20251223
GNE:GOAO058:58:058SA250831:I:43,0,0,0,0,0,1,0,20250831,20251223
GNE:GOAO058:58:058SA250831:I:44,0,0,0,0,0,1,0,20250831,20251223
GNE:GOAO058:58:058SA250831:I:45,0,0,0,0,0,1,0,20250831,20251223
GNE:GOAO058:58:058SA250831:I:46,0,0,0,0,0,1,0,20250831,20251223
GNE:GOAO058:58:058SA250831:I:47,0,0,0,0,0,1,0,20250831,20251223
GNE:GOAO058:58:058SA250831:I:48,0,0,0,0,0,1,0,20250831,20251223
GNE:GOAO058:58:058SA250831:I:49,0,0,0,0,0,1,0,20250831,20251223
GNE:GOAO058:58:058SA250831:I:50,0,0,0,0,0,1,0,20250831,20251223
GNE:GOAO058:58:058SA250831:I:51,0,0,0,0,0,1,0,20250831,20251223
GNE:GOAO058:58:058SA250831:I:52,0,0,0,0,0,1,0,20250831,20251223
GNE:GOAO058:58:058SA250831:I:53,0,0,0,0,0,1,0,20250831,20251223
GNE:GOAO058:58:058SA250831:I:54,0,0,0,0,0,1,0,20250831,20251223
GNE:GOAO058:58:058SA250831:I:55,0,0,0,0,0,1,0,20250831,20251223
GNE:GOAO058:58:058SA250831:I:56,0,0,0,0,0,1,0,20250831,20251223
GNE:GOAO058:58:058SA250831:I:57,0,0,0,0,0,1,0,20250831,20251223
GNE:GOAO058:58:058SA250831:I:58,0,0,0,0,0,1,0,20250831,20251223
GNE:GOAO058:58:058SU250831:O:1,0,0,0,0,0,0,1,20250831,20251223
GNE:GOAO058:58:058SU250831:O:2,0,0,0,0,0,0,1,20250831,20251223
GNE:GOAO058:58:058SU250831:O:3,0,0,0,0,0,0,1,20250831,20251223
GNE:GOAO058:58:058SU250831:O:4,0,0,0,0,0,0,1,20250831,20251223
GNE:GOAO058:58:058SU250831:O:5,0,0,0,0,0,0,1,20250831,20251223
GNE:GOAO058:58:058SU250831:O:6,0,0,0,0,0,0,1,20250831,20251223
GNE:GOAO058:58:058SU250831:O:7,0,0,0,0,0,0,1,20250831,20251223
GNE:GOAO058:58:058SU250831:O:8,0,0,0,0,0,0,1,20250831,20251223
GNE:GOAO058:58:058SU250831:O:9,0,0,0,0,0,0,1,20250831,20251223
GNE:GOAO058:58:058SU250831:O:10,0,0,0,0,0,0,1,20250831,20251223
GNE:GOAO058:58:058SU250831:O:11,0,0,0,0,0,0,1,20250831,20251223
GNE:GOAO058:58:058SU250831:O:12,0,0,0,0,0,0,1,20250831,20251223
GNE:GOAO058:58:058SU250831:O:13,0,0,0,0,0,0,1,20250831,20251223
GNE:GOAO058:58:058SU250831:O:14,0,0,0,0,0,0,1,20250831,20251223
GNE:GOAO058:58:058SU250831:O:15,0,0,0,0,0,0,1,20250831,20251223
GNE:GOAO058:58:058SU250831:O:16,0,0,0,0,0,0,1,20250831,20251223
GNE:GOAO058:58:058SU250831:O:17,0,0,0,0,0,0,1,20250831,20251223
GNE:GOAO058:58:058SU250831:O:18,0,0,0,0,0,0,1,20250831,20251223
GNE:GOAO058:58:058SU250831:O:19,0,0,0,0,0,0,1,20250831,20251223
GNE:GOAO058:58:058SU250831:O:20,0,0,0,0,0,0,1,20250831,20251223
GNE:GOAO058:58:058SU250831:O:21,0,0,0,0,0,0,1,20250831,20251223
GNE:GOAO058:58:058SU250831:O:22,0,0,0,0,0,0,1,20250831,20251223
GNE:GOAO058:58:058SU250831:O:23,0,0,0,0,0,0,1,20250831,20251223
GNE:GOAO058:58:058SU250831:O:24,0,0,0,0,0,0,1,20250831,20251223
GNE:GOAO058:58:058SU250831:O:26,0,0,0,0,0,0,1,20250831,20251223
GNE:GOAO058:58:058SU250831:O:27,0,0,0,0,0,0,1,20250831,20251223
GNE:GOAO058:58:058SU250831:O:28,0,0,0,0,0,0,1,20250831,20251223
GNE:GOAO058:58:058SU250831:O:29,0,0,0,0,0,0,1,20250831,20251223
GNE:GOAO058:58:058SU250831:O:30,0,0,0,0,0,0,1,20250831,20251223
GNE:GOAO058:58:058SU250831:O:31,0,0,0,0,0,0,1,20250831,20251223
GNE:GOAO058:58:058SU250831:O:32,0,0,0,0,0,0,1,20250831,20251223
GNE:GOAO058:58:058SU250831:O:33,0,0,0,0,0,0,1,20250831,20251223
GNE:GOAO058:58:058SU250831:O:34,0,0,0,0,0,0,1,20250831,20251223
GNE:GOAO058:58:058SU250831:I:3,0,0,0,0,0,0,1,20250831,20251223
GNE:GOAO058:58:058SU250831:I:4,0,0,0,0,0,0,1,20250831,20251223
GNE:GOAO058:58:058SU250831:I:5,0,0,0,0,0,0,1,20250831,20251223
GNE:GOAO058:58:058SU250831:I:6,0,0,0,0,0,0,1,20250831,20251223
GNE:GOAO058:58:058SU250831:I:7,0,0,0,0,0,0,1,20250831,20251223
GNE:GOAO058:58:058SU250831:I:8,0,0,0,0,0,0,1,20250831,20251223
GNE:GOAO058:58:058SU250831:I:9,0,0,0,0,0,0,1,20250831,20251223
GNE:GOAO058:58:058SU250831:I:10,0,0,0,0,0,0,1,20250831,20251223
GNE:GOAO058:58:058SU250831:I:11,0,0,0,0,0,0,1,20250831,20251223
GNE:GOAO058:58:058SU250831:I:12,0,0,0,0,0,0,1,20250831,20251223
GNE:GOAO058:58:058SU250831:I:13,0,0,0,0,0,0,1,20250831,20251223
GNE:GOAO058:58:058SU250831:I:14,0,0,0,0,0,0,1,20250831,20251223
GNE:GOAO058:58:058SU250831:I:15,0,0,0,0,0,0,1,20250831,20251223
GNE:GOAO058:58:058SU250831:I:16,0,0,0,0,0,0,1,20250831,20251223
GNE:GOAO058:58:058SU250831:I:17,0,0,0,0,0,0,1,20250831,20251223
GNE:GOAO058:58:058SU250831:I:18,0,0,0,0,0,0,1,20250831,20251223
GNE:GOAO058:58:058SU250831:I:19,0,0,0,0,0,0,1,20250831,20251223
GNE:GOAO058:58:058SU250831:I:20,0,0,0,0,0,0,1,20250831,20251223
GNE:GOAO058:58:058SU250831:I:21,0,0,0,0,0,0,1,20250831,20251223
GNE:GOAO058:58:058SU250831:I:22,0,0,0,0,0,0,1,20250831,20251223
GNE:GOAO058:58:058SU250831:I:23,0,0,0,0,0,0,1,20250831,20251223
GNE:GOAO058:58:058SU250831:I:24,0,0,0,0,0,0,1,20250831,20251223
GNE:GOAO058:58:058SU250831:I:25,0,0,0,0,0,0,1,20250831,20251223
GNE:GOAO058:58:058SU250831:I:26,0,0,0,0,0,0,1,20250831,20251223
GNE:GOAO058:58:058SU250831:I:27,0,0,0,0,0,0,1,20250831,20251223
GNE:GOAO058:58:058SU250831:I:28,0,0,0,0,0,0,1,20250831,20251223
GNE:GOAO058:58:058SU250831:I:29,0,0,0,0,0,0,1,20250831,20251223
GNE:GOAO058:58:058SU250831:I:30,0,0,0,0,0,0,1,20250831,20251223
GNE:GOAO058:58:058SU250831:I:31,0,0,0,0,0,0,1,20250831,20251223
GNE:GOAO058:58:058SU250831:I:32,0,0,0,0,0,0,1,20250831,20251223
GNE:GOAO058:58:058SU250831:I:33,0,0,0,0,0,0,1,20250831,20251223
GNE:GOAO058:58:058SU250831:I:34,0,0,0,0,0,0,1,20250831,20251223
GNE:GOAO060:60:060MF250831:O:1,1,1,1,1,1,0,0,20250831,20251223
GNE:GOAO060:60:060MF250831:O:2,1,1,1,1,1,0,0,20250831,20251223
GNE:GOAO060:60:060MF250831:O:3,1,1,1,1,1,0,0,20250831,20251223
GNE:GOAO060:60:060MF250831:O:4,1,1,1,1,1,0,0,20250831,20251223
GNE:GOAO060:60:060MF250831:O:5,1,1,1,1,1,0,0,20250831,20251223
GNE:GOAO060:60:060MF250831:O:6,1,1,1,1,1,0,0,20250831,20251223
GNE:GOAO060:60:060MF250831:O:7,1,1,1,1,1,0,0,20250831,20251223
GNE:GOAO060:60:060MF250831:O:8,1,1,1,1,1,0,0,20250831,20251223
GNE:GOAO060:60:060MF250831:O:9,1,1,1,1,1,0,0,20250831,20251223
GNE:GOAO060:60:060MF250831:O:10,1,1,1,1,1,0,0,20250831,20251223
GNE:GOAO060:60:060MF250831:O:11,1,1,1,1,1,0,0,20250831,20251223
GNE:GOAO060:60:060MF250831:O:12,1,1,1,1,1,0,0,20250831,20251223
GNE:GOAO060:60:060MF250831:O:13,1,1,1,1,1,0,0,20250831,20251223
GNE:GOAO060:60:060MF250831:O:14,1,1,1,1,1,0,0,20250831,20251223
GNE:GOAO060:60:060MF250831:O:15,1,1,1,1,1,0,0,20250831,20251223
GNE:GOAO060:60:060MF250831:O:16,1,1,1,1,1,0,0,20250831,20251223
GNE:GOAO060:60:060MF250831:O:17,1,1,1,1,1,0,0,20250831,20251223
GNE:GOAO060:60:060MF250831:O:18,1,1,1,1,1,0,0,20250831,20251223
GNE:GOAO060:60:060MF250831:O:19,1,1,1,1,1,0,0,20250831,20251223
GNE:GOAO060:60:060MF250831:O:20,1,1,1,1,1,0,0,20250831,20251223
GNE:GOAO060:60:060MF250831:O:21,1,1,1,1,1,0,0,20250831,20251223
GNE:GOAO060:60:060MF250831:O:22,1,1,1,1,1,0,0,20250831,20251223
GNE:GOAO060:60:060MF250831:O:23,1,1,1,1,1,0,0,20250831,20251223
GNE:GOAO060:60:060MF250831:O:24,1,1,1,1,1,0,0,20250831,20251223
GNE:GOAO060:60:060MF250831:O:25,1,1,1,1,1,0,0,20250831,20251223
GNE:GOAO060:60:060MF250831:O:26,1,1,1,1,1,0,0,20250831,20251223
GNE:GOAO060:60:060MF250831:O:27,1,1,1,1,1,0,0,20250831,20251223
GNE:GOAO060:60:060MF250831:O:28,1,1,1,1,1,0,0,20250831,20251223
GNE:GOAO060:60:060MF250831:O:29,1,1,1,1,1,0,0,20250831,20251223
GNE:GOAO060:60:060MF250831:O:30,1,1,1,1,1,0,0,20250831,20251223
GNE:GOAO060:60:060MF250831:O:31,1,1,1,1,1,0,0,20250831,20251223
GNE:GOAO060:60:060MF250831:O:32,1,1,1,1,1,0,0,20250831,20251223
GNE:GOAO060:60:060MF250831:O:33,1,1,1,1,1,0,0,20250831,20251223
GNE:GOAO060:60:060MF250831:O:34,1,1,1,1,1,0,0,20250831,20251223
GNE:GOAO060:60:060MF250831:O:35,1,1,1,1,1,0,0,20250831,20251223
GNE:GOAO060:60:060MF250831:O:36,1,1,1,1,1,0,0,20250831,20251223
GNE:GOAO060:60:060MF250831:O:37,1,1,1,1,1,0,0,20250831,20251223
GNE:GOAO060:60:060MF250831:O:38,1,1,1,1,1,0,0,20250831,20251223
GNE:GOAO060:60:060MF250831:O:39,1,1,1,1,1,0,0,20250831,20251223
GNE:GOAO060:60:060MF250831:O:40,1,1,1,1,1,0,0,20250831,20251223
GNE:GOAO060:60:060MF250831:O:41,1,1,1,1,1,0,0,20250831,20251223
GNE:GOAO060:60:060MF250831:O:42,1,1,1,1,1,0,0,20250831,20251223
GNE:GOAO060:60:060MF250831:O:43,1,1,1,1,1,0,0,20250831,20251223
GNE:GOAO060:60:060MF250831:O:44,1,1,1,1,1,0,0,20250831,20251223
GNE:GOAO060:60:060MF250831:O:45,1,1,1,1,1,0,0,20250831,20251223
GNE:GOAO060:60:060MF250831:O:46,1,1,1,1,1,0,0,20250831,20251223
GNE:GOAO060:60:060MF250831:O:47,1,1,1,1,1,0,0,20250831,20251223
GNE:GOAO060:60:060MF250831:O:48,1,1,1,1,1,0,0,20250831,20251223
GNE:GOAO060:60:060MF250831:O:49,1,1,1,1,1,0,0,20250831,20251223
GNE:GOAO060:60:060MF250831:O:50,1,1,1,1,1,0,0,20250831,20251223
GNE:GOAO060:60:060MF250831:O:51,1,1,1,1,1,0,0,20250831,20251223
GNE:GOAO060:60:060MF250831:O:52,1,1,1,1,1,0,0,20250831,20251223
GNE:GOAO060:60:060MF250831:O:53,1,1,1,1,1,0,0,20250831,20251223
GNE:GOAO060:60:060MF250831:O:54,1,1,1,1,1,0,0,20250831,20251223
GNE:GOAO060:60:060MF250831:O:55,1,1,1,1,1,0,0,20250831,20251223
GNE:GOAO060:60:060MF250831:O:56,1,1,1,1,1,0,0,20250831,20251223
GNE:GOAO060:60:060MF250831:O:57,1,1,1,1,1,0,0,20250831,20251223
GNE:GOAO060:60:060MF250831:O:58,1,1,1,1,1,0,0,20250831,20251223
GNE:GOAO060:60:060MF250831:O:59,1,1,1,1,1,0,0,20250831,20251223
GNE:GOAO060:60:060MF250831:I:1,1,1,1,1,1,0,0,20250831,20251223
GNE:GOAO060:60:060MF250831:I:2,1,1,1,1,1,0,0,20250831,20251223
GNE:GOAO060:60:060MF250831:I:3,1,1,1,1,1,0,0,20250831,20251223
GNE:GOAO060:60:060MF250831:I:4,1,1,1,1,1,0,0,20250831,20251223
GNE:GOAO060:60:060MF250831:I:5,1,1,1,1,1,0,0,20250831,20251223
GNE:GOAO060:60:060MF250831:I:6,1,1,1,1,1,0,0,20250831,20251223
GNE:GOAO060:60:060MF250831:I:7,1,1,1,1,1,0,0,20250831,20251223
GNE:GOAO060:60:060MF250831:I:8,1,1,1,1,1,0,0,20250831,20251223
GNE:GOAO060:60:060MF250831:I:9,1,1,1,1,1,0,0,20250831,20251223
GNE:GOAO060:60:060MF250831:I:10,1,1,1,1,1,0,0,20250831,20251223
GNE:GOAO060:60:060MF250831:I:11,1,1,1,1,1,0,0,20250831,20251223
GNE:GOAO060:60:060MF250831:I:12,1,1,1,1,1,0,0,20250831,20251223
GNE:GOAO060:60:060MF250831:I:13,1,1,1,1,1,0,0,20250831,20251223
GNE:GOAO060:60:060MF250831:I:14,1,1,1,1,1,0,0,20250831,20251223
GNE:GOAO060:60:060MF250831:I:15,1,1,1,1,1,0,0,20250831,20251223
GNE:GOAO060:60:060MF250831:I:16,1,1,1,1,1,0,0,20250831,20251223
GNE:GOAO060:60:060MF250831:I:17,1,1,1,1,1,0,0,20250831,20251223
GNE:GOAO060:60:060MF250831:I:18,1,1,1,1,1,0,0,20250831,20251223
GNE:GOAO060:60:060MF250831:I:19,1,1,1,1,1,0,0,20250831,20251223
GNE:GOAO060:60:060MF250831:I:20,1,1,1,1,1,0,0,20250831,20251223
GNE:GOAO060:60:060MF250831:I:21,1,1,1,1,1,0,0,20250831,20251223
GNE:GOAO060:60:060MF250831:I:22,1,1,1,1,1,0,0,20250831,20251223
GNE:GOAO060:60:060MF250831:I:23,1,1,1,1,1,0,0,20250831,20251223
GNE:GOAO060:60:060MF250831:I:24,1,1,1,1,1,0,0,20250831,20251223
GNE:GOAO060:60:060MF250831:I:25,1,1,1,1,1,0,0,20250831,20251223
GNE:GOAO060:60:060MF250831:I:26,1,1,1,1,1,0,0,20250831,20251223
GNE:GOAO060:60:060MF250831:I:27,1,1,1,1,1,0,0,20250831,20251223
GNE:GOAO060:60:060MF250831:I:28,1,1,1,1,1,0,0,20250831,20251223
GNE:GOAO060:60:060MF250831:I:29,1,1,1,1,1,0,0,20250831,20251223
GNE:GOAO060:60:060MF250831:I:30,1,1,1,1,1,0,0,20250831,20251223
GNE:GOAO060:60:060MF250831:I:31,1,1,1,1,1,0,0,20250831,20251223
GNE:GOAO060:60:060MF250831:I:32,1,1,1,1,1,0,0,20250831,20251223
GNE:GOAO060:60:060MF250831:I:33,1,1,1,1,1,0,0,20250831,20251223
GNE:GOAO060:60:060MF250831:I:34,1,1,1,1,1,0,0,20250831,20251223
GNE:GOAO060:60:060MF250831:I:35,1,1,1,1,1,0,0,20250831,20251223
GNE:GOAO060:60:060MF250831:I:36,1,1,1,1,1,0,0,20250831,20251223
GNE:GOAO060:60:060MF250831:I:37,1,1,1,1,1,0,0,20250831,20251223
GNE:GOAO060:60:060MF250831:I:38,1,1,1,1,1,0,0,20250831,20251223
GNE:GOAO060:60:060MF250831:I:39,1,1,1,1,1,0,0,20250831,20251223
GNE:GOAO060:60:060MF250831:I:40,1,1,1,1,1,0,0,20250831,20251223
GNE:GOAO060:60:060MF250831:I:41,1,1,1,1,1,0,0,20250831,20251223
GNE:GOAO060:60:060MF250831:I:42,1,1,1,1,1,0,0,20250831,20251223
GNE:GOAO060:60:060MF250831:I:43,1,1,1,1,1,0,0,20250831,20251223
GNE:GOAO060:60:060MF250831:I:44,1,1,1,1,1,0,0,20250831,20251223
GNE:GOAO060:60:060MF250831:I:45,1,1,1,1,1,0,0,20250831,20251223
GNE:GOAO060:60:060MF250831:I:46,1,1,1,1,1,0,0,20250831,20251223
GNE:GOAO060:60:060MF250831:I:47,1,1,1,1,1,0,0,20250831,20251223
GNE:GOAO060:60:060MF250831:I:48,1,1,1,1,1,0,0,20250831,20251223
GNE:GOAO060:60:060MF250831:I:49,1,1,1,1,1,0,0,20250831,20251223
GNE:GOAO060:60:060MF250831:I:50,1,1,1,1,1,0,0,20250831,20251223
GNE:GOAO060:60:060MF250831:I:51,1,1,1,1,1,0,0,20250831,20251223
GNE:GOAO060:60:060MF250831:I:52,1,1,1,1,1,0,0,20250831,20251223
GNE:GOAO060:60:060MF250831:I:53,1,1,1,1,1,0,0,20250831,20251223
GNE:GOAO060:60:060MF250831:I:54,1,1,1,1,1,0,0,20250831,20251223
GNE:GOAO060:60:060MF250831:I:55,1,1,1,1,1,0,0,20250831,20251223
GNE:GOAO060:60:060MF250831:I:56,1,1,1,1,1,0,0,20250831,20251223
GNE:GOAO060:60:060MF250831:I:57,1,1,1,1,1,0,0,20250831,20251223
GNE:GOAO060:60:060MF250831:I:58,1,1,1,1,1,0,0,20250831,20251223
GNE:GOAO060:60:060MF250831:I:59,1,1,1,1,1,0,0,20250831,20251223
GNE:GOAO060:60:060MF250831:I:60,1,1,1,1,1,0,0,20250831,20251223
GNE:GOAO060:60:060SA250831:O:1,0,0,0,0,0,1,0,20250831,20251223
GNE:GOAO060:60:060SA250831:O:2,0,0,0,0,0,1,0,20250831,20251223
GNE:GOAO060:60:060SA250831:O:3,0,0,0,0,0,1,0,20250831,20251223
GNE:GOAO060:60:060SA250831:O:4,0,0,0,0,0,1,0,20250831,20251223
GNE:GOAO060:60:060SA250831:O:5,0,0,0,0,0,1,0,20250831,20251223
GNE:GOAO060:60:060SA250831:O:6,0,0,0,0,0,1,0,20250831,20251223
GNE:GOAO060:60:060SA250831:O:7,0,0,0,0,0,1,0,20250831,20251223
GNE:GOAO060:60:060SA250831:O:8,0,0,0,0,0,1,0,20250831,20251223
GNE:GOAO060:60:060SA250831:O:9,0,0,0,0,0,1,0,20250831,20251223
GNE:GOAO060:60:060SA250831:O:10,0,0,0,0,0,1,0,20250831,20251223
GNE:GOAO060:60:060SA250831:O:11,0,0,0,0,0,1,0,20250831,20251223
GNE:GOAO060:60:060SA250831:O:12,0,0,0,0,0,1,0,20250831,20251223
GNE:GOAO060:60:060SA250831:O:13,0,0,0,0,0,1,0,20250831,20251223
GNE:GOAO060:60:060SA250831:O:14,0,0,0,0,0,1,0,20250831,20251223
GNE:GOAO060:60:060SA250831:O:15,0,0,0,0,0,1,0,20250831,20251223
GNE:GOAO060:60:060SA250831:O:16,0,0,0,0,0,1,0,20250831,20251223
GNE:GOAO060:60:060SA250831:O:17,0,0,0,0,0,1,0,20250831,20251223
GNE:GOAO060:60:060SA250831:O:18,0,0,0,0,0,1,0,20250831,20251223
GNE:GOAO060:60:060SA250831:O:19,0,0,0,0,0,1,0,20250831,20251223
GNE:GOAO060:60:060SA250831:O:20,0,0,0,0,0,1,0,20250831,20251223
GNE:GOAO060:60:060SA250831:O:21,0,0,0,0,0,1,0,20250831,20251223
GNE:GOAO060:60:060SA250831:O:22,0,0,0,0,0,1,0,20250831,20251223
GNE:GOAO060:60:060SA250831:O:23,0,0,0,0,0,1,0,20250831,20251223
GNE:GOAO060:60:060SA250831:O:24,0,0,0,0,0,1,0,20250831,20251223
GNE:GOAO060:60:060SA250831:O:25,0,0,0,0,0,1,0,20250831,20251223
GNE:GOAO060:60:060SA250831:O:26,0,0,0,0,0,1,0,20250831,20251223
GNE:GOAO060:60:060SA250831:O:27,0,0,0,0,0,1,0,20250831,20251223
GNE:GOAO060:60:060SA250831:O:28,0,0,0,0,0,1,0,20250831,20251223
GNE:GOAO060:60:060SA250831:O:29,0,0,0,0,0,1,0,20250831,20251223
GNE:GOAO060:60:060SA250831:O:30,0,0,0,0,0,1,0,20250831,20251223
GNE:GOAO060:60:060SA250831:O:31,0,0,0,0,0,1,0,20250831,20251223
GNE:GOAO060:60:060SA250831:O:32,0,0,0,0,0,1,0,20250831,20251223
GNE:GOAO060:60:060SA250831:O:33,0,0,0,0,0,1,0,20250831,20251223
GNE:GOAO060:60:060SA250831:O:34,0,0,0,0,0,1,0,20250831,20251223
GNE:GOAO060:60:060SA250831:O:35,0,0,0,0,0,1,0,20250831,20251223
GNE:GOAO060:60:060SA250831:O:36,0,0,0,0,0,1,0,20250831,20251223
GNE:GOAO060:60:060SA250831:O:37,0,0,0,0,0,1,0,20250831,20251223
GNE:GOAO060:60:060SA250831:O:38,0,0,0,0,0,1,0,20250831,20251223
GNE:GOAO060:60:060SA250831:O:39,0,0,0,0,0,1,0,20250831,20251223
GNE:GOAO060:60:060SA250831:O:40,0,0,0,0,0,1,0,20250831,20251223
GNE:GOAO060:60:060SA250831:O:41,0,0,0,0,0,1,0,20250831,20251223
GNE:GOAO060:60:060SA250831:O:42,0,0,0,0,0,1,0,20250831,20251223
GNE:GOAO060:60:060SA250831:O:43,0,0,0,0,0,1,0,20250831,20251223
GNE:GOAO060:60:060SA250831:O:44,0,0,0,0,0,1,0,20250831,20251223
GNE:GOAO060:60:060SA250831:O:45,0,0,0,0,0,1,0,20250831,20251223
GNE:GOAO060:60:060SA250831:O:46,0,0,0,0,0,1,0,20250831,20251223
GNE:GOAO060:60:060SA250831:O:47,0,0,0,0,0,1,0,20250831,20251223
GNE:GOAO060:60:060SA250831:O:48,0,0,0,0,0,1,0,20250831,20251223
GNE:GOAO060:60:060SA250831:O:49,0,0,0,0,0,1,0,20250831,20251223
GNE:GOAO060:60:060SA250831:O:50,0,0,0,0,0,1,0,20250831,20251223
GNE:GOAO060:60:060SA250831:O:51,0,0,0,0,0,1,0,20250831,20251223
GNE:GOAO060:60:060SA250831:O:52,0,0,0,0,0,1,0,20250831,20251223
GNE:GOAO060:60:060SA250831:O:53,0,0,0,0,0,1,0,20250831,20251223
GNE:GOAO060:60:060SA250831:O:54,0,0,0,0,0,1,0,20250831,20251223
GNE:GOAO060:60:060SA250831:O:55,0,0,0,0,0,1,0,20250831,20251223
GNE:GOAO060:60:060SA250831:O:56,0,0,0,0,0,1,0,20250831,20251223
GNE:GOAO060:60:060SA250831:I:1,0,0,0,0,0,1,0,20250831,20251223
GNE:GOAO060:60:060SA250831:I:2,0,0,0,0,0,1,0,20250831,20251223
GNE:GOAO060:60:060SA250831:I:3,0,0,0,0,0,1,0,20250831,20251223
GNE:GOAO060:60:060SA250831:I:4,0,0,0,0,0,1,0,20250831,20251223
GNE:GOAO060:60:060SA250831:I:5,0,0,0,0,0,1,0,20250831,20251223
GNE:GOAO060:60:060SA250831:I:6,0,0,0,0,0,1,0,20250831,20251223
GNE:GOAO060:60:060SA250831:I:7,0,0,0,0,0,1,0,20250831,20251223
GNE:GOAO060:60:060SA250831:I:8,0,0,0,0,0,1,0,20250831,20251223
GNE:GOAO060:60:060SA250831:I:9,0,0,0,0,0,1,0,20250831,20251223
GNE:GOAO060:60:060SA250831:I:10,0,0,0,0,0,1,0,20250831,20251223
GNE:GOAO060:60:060SA250831:I:11,0,0,0,0,0,1,0,20250831,20251223
GNE:GOAO060:60:060SA250831:I:12,0,0,0,0,0,1,0,20250831,20251223
GNE:GOAO060:60:060SA250831:I:13,0,0,0,0,0,1,0,20250831,20251223
GNE:GOAO060:60:060SA250831:I:14,0,0,0,0,0,1,0,20250831,20251223
GNE:GOAO060:60:060SA250831:I:15,0,0,0,0,0,1,0,20250831,20251223
GNE:GOAO060:60:060SA250831:I:16,0,0,0,0,0,1,0,20250831,20251223
GNE:GOAO060:60:060SA250831:I:17,0,0,0,0,0,1,0,20250831,20251223
GNE:GOAO060:60:060SA250831:I:18,0,0,0,0,0,1,0,20250831,20251223
GNE:GOAO060:60:060SA250831:I:19,0,0,0,0,0,1,0,20250831,20251223
GNE:GOAO060:60:060SA250831:I:20,0,0,0,0,0,1,0,20250831,20251223
GNE:GOAO060:60:060SA250831:I:21,0,0,0,0,0,1,0,20250831,20251223
GNE:GOAO060:60:060SA250831:I:22,0,0,0,0,0,1,0,20250831,20251223
GNE:GOAO060:60:060SA250831:I:23,0,0,0,0,0,1,0,20250831,20251223
GNE:GOAO060:60:060SA250831:I:24,0,0,0,0,0,1,0,20250831,20251223
GNE:GOAO060:60:060SA250831:I:25,0,0,0,0,0,1,0,20250831,20251223
GNE:GOAO060:60:060SA250831:I:26,0,0,0,0,0,1,0,20250831,20251223
GNE:GOAO060:60:060SA250831:I:27,0,0,0,0,0,1,0,20250831,20251223
GNE:GOAO060:60:060SA250831:I:28,0,0,0,0,0,1,0,20250831,20251223
GNE:GOAO060:60:060SA250831:I:29,0,0,0,0,0,1,0,20250831,20251223
GNE:GOAO060:60:060SA250831:I:30,0,0,0,0,0,1,0,20250831,20251223
GNE:GOAO060:60:060SA250831:I:31,0,0,0,0,0,1,0,20250831,20251223
GNE:GOAO060:60:060SA250831:I:32,0,0,0,0,0,1,0,20250831,20251223
GNE:GOAO060:60:060SA250831:I:33,0,0,0,0,0,1,0,20250831,20251223
GNE:GOAO060:60:060SA250831:I:34,0,0,0,0,0,1,0,20250831,20251223
GNE:GOAO060:60:060SA250831:I:35,0,0,0,0,0,1,0,20250831,20251223
GNE:GOAO060:60:060SA250831:I:36,0,0,0,0,0,1,0,20250831,20251223
GNE:GOAO060:60:060SA250831:I:37,0,0,0,0,0,1,0,20250831,20251223
GNE:GOAO060:60:060SA250831:I:38,0,0,0,0,0,1,0,20250831,20251223
GNE:GOAO060:60:060SA250831:I:39,0,0,0,0,0,1,0,20250831,20251223
GNE:GOAO060:60:060SA250831:I:40,0,0,0,0,0,1,0,20250831,20251223
GNE:GOAO060:60:060SA250831:I:41,0,0,0,0,0,1,0,20250831,20251223
GNE:GOAO060:60:060SA250831:I:42,0,0,0,0,0,1,0,20250831,20251223
GNE:GOAO060:60:060SA250831:I:43,0,0,0,0,0,1,0,20250831,20251223
GNE:GOAO060:60:060SA250831:I:44,0,0,0,0,0,1,0,20250831,20251223
GNE:GOAO060:60:060SA250831:I:45,0,0,0,0,0,1,0,20250831,20251223
GNE:GOAO060:60:060SA250831:I:46,0,0,0,0,0,1,0,20250831,20251223
GNE:GOAO060:60:060SA250831:I:47,0,0,0,0,0,1,0,20250831,20251223
GNE:GOAO060:60:060SA250831:I:48,0,0,0,0,0,1,0,20250831,20251223
GNE:GOAO060:60:060SA250831:I:49,0,0,0,0,0,1,0,20250831,20251223
GNE:GOAO060:60:060SA250831:I:50,0,0,0,0,0,1,0,20250831,20251223
GNE:GOAO060:60:060SA250831:I:51,0,0,0,0,0,1,0,20250831,20251223
GNE:GOAO060:60:060SA250831:I:52,0,0,0,0,0,1,0,20250831,20251223
GNE:GOAO060:60:060SA250831:I:53,0,0,0,0,0,1,0,20250831,20251223
GNE:GOAO060:60:060SA250831:I:54,0,0,0,0,0,1,0,20250831,20251223
GNE:GOAO060:60:060SA250831:I:55,0,0,0,0,0,1,0,20250831,20251223
GNE:GOAO060:60:060SA250831:I:56,0,0,0,0,0,1,0,20250831,20251223
GNE:GOAO060:60:060SU250831:O:1,0,0,0,0,0,0,1,20250831,20251223
GNE:GOAO060:60:060SU250831:O:2,0,0,0,0,0,0,1,20250831,20251223
GNE:GOAO060:60:060SU250831:O:3,0,0,0,0,0,0,1,20250831,20251223
GNE:GOAO060:60:060SU250831:O:4,0,0,0,0,0,0,1,20250831,20251223
GNE:GOAO060:60:060SU250831:O:5,0,0,0,0,0,0,1,20250831,20251223
GNE:GOAO060:60:060SU250831:O:6,0,0,0,0,0,0,1,20250831,20251223
GNE:GOAO060:60:060SU250831:O:7,0,0,0,0,0,0,1,20250831,20251223
GNE:GOAO060:60:060SU250831:O:8,0,0,0,0,0,0,1,20250831,20251223
GNE:GOAO060:60:060SU250831:O:9,0,0,0,0,0,0,1,20250831,20251223
GNE:GOAO060:60:060SU250831:O:10,0,0,0,0,0,0,1,20250831,20251223
GNE:GOAO060:60:060SU250831:O:11,0,0,0,0,0,0,1,20250831,20251223
GNE:GOAO060:60:060SU250831:O:12,0,0,0,0,0,0,1,20250831,20251223
GNE:GOAO060:60:060SU250831:O:13,0,0,0,0,0,0,1,20250831,20251223
GNE:GOAO060:60:060SU250831:O:14,0,0,0,0,0,0,1,20250831,20251223
GNE:GOAO060:60:060SU250831:O:15,0,0,0,0,0,0,1,20250831,20251223
GNE:GOAO060:60:060SU250831:O:16,0,0,0,0,0,0,1,20250831,20251223
GNE:GOAO060:60:060SU250831:O:17,0,0,0,0,0,0,1,20250831,20251223
GNE:GOAO060:60:060SU250831:O:18,0,0,0,0,0,0,1,20250831,20251223
GNE:GOAO060:60:060SU250831:O:19,0,0,0,0,0,0,1,20250831,20251223
GNE:GOAO060:60:060SU250831:O:20,0,0,0,0,0,0,1,20250831,20251223
GNE:GOAO060:60:060SU250831:O:21,0,0,0,0,0,0,1,20250831,20251223
GNE:GOAO060:60:060SU250831:O:22,0,0,0,0,0,0,1,20250831,20251223
GNE:GOAO060:60:060SU250831:O:23,0,0,0,0,0,0,1,20250831,20251223
GNE:GOAO060:60:060SU250831:O:24,0,0,0,0,0,0,1,20250831,20251223
GNE:GOAO060:60:060SU250831:O:25,0,0,0,0,0,0,1,20250831,20251223
GNE:GOAO060:60:060SU250831:O:26,0,0,0,0,0,0,1,20250831,20251223
GNE:GOAO060:60:060SU250831:O:27,0,0,0,0,0,0,1,20250831,20251223
GNE:GOAO060:60:060SU250831:O:28,0,0,0,0,0,0,1,20250831,20251223
GNE:GOAO060:60:060SU250831:O:29,0,0,0,0,0,0,1,20250831,20251223
GNE:GOAO060:60:060SU250831:O:30,0,0,0,0,0,0,1,20250831,20251223
GNE:GOAO060:60:060SU250831:O:31,0,0,0,0,0,0,1,20250831,20251223
GNE:GOAO060:60:060SU250831:O:32,0,0,0,0,0,0,1,20250831,20251223
GNE:GOAO060:60:060SU250831:O:33,0,0,0,0,0,0,1,20250831,20251223
GNE:GOAO060:60:060SU250831:O:34,0,0,0,0,0,0,1,20250831,20251223
GNE:GOAO060:60:060SU250831:O:35,0,0,0,0,0,0,1,20250831,20251223
GNE:GOAO060:60:060SU250831:O:36,0,0,0,0,0,0,1,20250831,20251223
GNE:GOAO060:60:060SU250831:O:37,0,0,0,0,0,0,1,20250831,20251223
GNE:GOAO060:60:060SU250831:O:38,0,0,0,0,0,0,1,20250831,20251223
GNE:GOAO060:60:060SU250831:I:1,0,0,0,0,0,0,1,20250831,20251223
GNE:GOAO060:60:060SU250831:I:2,0,0,0,0,0,0,1,20250831,20251223
GNE:GOAO060:60:060SU250831:I:3,0,0,0,0,0,0,1,20250831,20251223
GNE:GOAO060:60:060SU250831:I:4,0,0,0,0,0,0,1,20250831,20251223
GNE:GOAO060:60:060SU250831:I:5,0,0,0,0,0,0,1,20250831,20251223
GNE:GOAO060:60:060SU250831:I:6,0,0,0,0,0,0,1,20250831,20251223
GNE:GOAO060:60:060SU250831:I:7,0,0,0,0,0,0,1,20250831,20251223
GNE:GOAO060:60:060SU250831:I:8,0,0,0,0,0,0,1,20250831,20251223
GNE:GOAO060:60:060SU250831:I:9,0,0,0,0,0,0,1,20250831,20251223
GNE:GOAO060:60:060SU250831:I:10,0,0,0,0,0,0,1,20250831,20251223
GNE:GOAO060:60:060SU250831:I:11,0,0,0,0,0,0,1,20250831,20251223
GNE:GOAO060:60:060SU250831:I:12,0,0,0,0,0,0,1,20250831,20251223
GNE:GOAO060:60:060SU250831:I:13,0,0,0,0,0,0,1,20250831,20251223
GNE:GOAO060:60:060SU250831:I:14,0,0,0,0,0,0,1,20250831,20251223
GNE:GOAO060:60:060SU250831:I:15,0,0,0,0,0,0,1,20250831,20251223
GNE:GOAO060:60:060SU250831:I:16,0,0,0,0,0,0,1,20250831,20251223
GNE:GOAO060:60:060SU250831:I:17,0,0,0,0,0,0,1,20250831,20251223
GNE:GOAO060:60:060SU250831:I:18,0,0,0,0,0,0,1,20250831,20251223
GNE:GOAO060:60:060SU250831:I:19,0,0,0,0,0,0,1,20250831,20251223
GNE:GOAO060:60:060SU250831:I:20,0,0,0,0,0,0,1,20250831,20251223
GNE:GOAO060:60:060SU250831:I:21,0,0,0,0,0,0,1,20250831,20251223
GNE:GOAO060:60:060SU250831:I:22,0,0,0,0,0,0,1,20250831,20251223
GNE:GOAO060:60:060SU250831:I:23,0,0,0,0,0,0,1,20250831,20251223
GNE:GOAO060:60:060SU250831:I:24,0,0,0,0,0,0,1,20250831,20251223
GNE:GOAO060:60:060SU250831:I:25,0,0,0,0,0,0,1,20250831,20251223
GNE:GOAO060:60:060SU250831:I:26,0,0,0,0,0,0,1,20250831,20251223
GNE:GOAO060:60:060SU250831:I:27,0,0,0,0,0,0,1,20250831,20251223
GNE:GOAO060:60:060SU250831:I:28,0,0,0,0,0,0,1,20250831,20251223
GNE:GOAO060:60:060SU250831:I:29,0,0,0,0,0,0,1,20250831,20251223
GNE:GOAO060:60:060SU250831:I:30,0,0,0,0,0,0,1,20250831,20251223
GNE:GOAO060:60:060SU250831:I:31,0,0,0,0,0,0,1,20250831,20251223
GNE:GOAO060:60:060SU250831:I:32,0,0,0,0,0,0,1,20250831,20251223
GNE:GOAO060:60:060SU250831:I:33,0,0,0,0,0,0,1,20250831,20251223
GNE:GOAO060:60:060SU250831:I:34,0,0,0,0,0,0,1,20250831,20251223
GNE:GOAO060:60:060SU250831:I:35,0,0,0,0,0,0,1,20250831,20251223
GNE:GOAO060:60:060SU250831:I:36,0,0,0,0,0,0,1,20250831,20251223
GNE:GOAO060:60:060SU250831:I:37,0,0,0,0,0,0,1,20250831,20251223
GNE:GOAO060:60:060SU250831:I:38,0,0,0,0,0,0,1,20250831,20251223
GNE:GOAO060:60:060SU250831:I:39,0,0,0,0,0,0,1,20250831,20251223
GNE:GOAO060:60:060SU250831:I:40,0,0,0,0,0,0,1,20250831,20251223
GNE:GOAO061:61:061MF250831:O:1,1,1,1,1,1,0,0,20250831,20251223
GNE:GOAO061:61:061MF250831:O:2,1,1,1,1,1,0,0,20250831,20251223
GNE:GOAO061:61:061MF250831:O:4,1,1,1,1,1,0,0,20250831,20251223
GNE:GOAO061:61:061MF250831:O:6,1,1,1,1,1,0,0,20250831,20251223
GNE:GOAO061:61:061MF250831:O:8,1,1,1,1,1,0,0,20250831,20251223
GNE:GOAO061:61:061MF250831:O:10,1,1,1,1,1,0,0,20250831,20251223
GNE:GOAO061:61:061MF250831:O:12,1,1,1,1,1,0,0,20250831,20251223
GNE:GOAO061:61:061MF250831:O:14,1,1,1,1,1,0,0,20250831,20251223
GNE:GOAO061:61:061MF250831:O:16,1,1,1,1,1,0,0,20250831,20251223
GNE:GOAO061:61:061MF250831:O:18,1,1,1,1,1,0,0,20250831,20251223
GNE:GOAO061:61:061MF250831:O:20,1,1,1,1,1,0,0,20250831,20251223
GNE:GOAO061:61:061MF250831:O:22,1,1,1,1,1,0,0,20250831,20251223
GNE:GOAO061:61:061MF250831:O:24,1,1,1,1,1,0,0,20250831,20251223
GNE:GOAO061:61:061MF250831:O:26,1,1,1,1,1,0,0,20250831,20251223
GNE:GOAO061:61:061MF250831:O:28,1,1,1,1,1,0,0,20250831,20251223
GNE:GOAO061:61:061MF250831:O:30,1,1,1,1,1,0,0,20250831,20251223
GNE:GOAO061:61:061MF250831:O:32,1,1,1,1,1,0,0,20250831,20251223
GNE:GOAO061:61:061MF250831:O:34,1,1,1,1,1,0,0,20250831,20251223
GNE:GOAO061:61:061MF250831:O:36,1,1,1,1,1,0,0,20250831,20251223
GNE:GOAO061:61:061MF250831:O:38,1,1,1,1,1,0,0,20250831,20251223
GNE:GOAO061:61:061MF250831:O:40,1,1,1,1,1,0,0,20250831,20251223
GNE:GOAO061:61:061MF250831:O:42,1,1,1,1,1,0,0,20250831,20251223
GNE:GOAO061:61:061MF250831:O:44,1,1,1,1,1,0,0,20250831,20251223
GNE:GOAO061:61:061MF250831:O:46,1,1,1,1,1,0,0,20250831,20251223
GNE:GOAO061:61:061MF250831:O:48,1,1,1,1,1,0,0,20250831,20251223
GNE:GOAO061:61:061MF250831:O:50,1,1,1,1,1,0,0,20250831,20251223
GNE:GOAO061:61:061MF250831:O:52,1,1,1,1,1,0,0,20250831,20251223
GNE:GOAO061:61:061MF250831:O:54,1,1,1,1,1,0,0,20250831,20251223
GNE:GOAO061:61:061MF250831:O:56,1,1,1,1,1,0,0,20250831,20251223
GNE:GOAO061:61:061MF250831:O:58,1,1,1,1,1,0,0,20250831,20251223
GNE:GOAO061:61:061MF250831:O:60,1,1,1,1,1,0,0,20250831,20251223
GNE:GOAO061:61:061MF250831:O:62,1,1,1,1,1,0,0,20250831,20251223
GNE:GOAO061:61:061MF250831:I:3,1,1,1,1,1,0,0,20250831,20251223
GNE:GOAO061:61:061MF250831:I:5,1,1,1,1,1,0,0,20250831,20251223
GNE:GOAO061:61:061MF250831:I:7,1,1,1,1,1,0,0,20250831,20251223
GNE:GOAO061:61:061MF250831:I:9,1,1,1,1,1,0,0,20250831,20251223
GNE:GOAO061:61:061MF250831:I:11,1,1,1,1,1,0,0,20250831,20251223
GNE:GOAO061:61:061MF250831:I:13,1,1,1,1,1,0,0,20250831,20251223
GNE:GOAO061:61:061MF250831:I:15,1,1,1,1,1,0,0,20250831,20251223
GNE:GOAO061:61:061MF250831:I:17,1,1,1,1,1,0,0,20250831,20251223
GNE:GOAO061:61:061MF250831:I:19,1,1,1,1,1,0,0,20250831,20251223
GNE:GOAO061:61:061MF250831:I:21,1,1,1,1,1,0,0,20250831,20251223
GNE:GOAO061:61:061MF250831:I:23,1,1,1,1,1,0,0,20250831,20251223
GNE:GOAO061:61:061MF250831:I:25,1,1,1,1,1,0,0,20250831,20251223
GNE:GOAO061:61:061MF250831:I:27,1,1,1,1,1,0,0,20250831,20251223
GNE:GOAO061:61:061MF250831:I:29,1,1,1,1,1,0,0,20250831,20251223
GNE:GOAO061:61:061MF250831:I:31,1,1,1,1,1,0,0,20250831,20251223
GNE:GOAO061:61:061MF250831:I:33,1,1,1,1,1,0,0,20250831,20251223
GNE:GOAO061:61:061MF250831:I:35,1,1,1,1,1,0,0,20250831,20251223
GNE:GOAO061:61:061MF250831:I:37,1,1,1,1,1,0,0,20250831,20251223
GNE:GOAO061:61:061MF250831:I:39,1,1,1,1,1,0,0,20250831,20251223
GNE:GOAO061:61:061MF250831:I:41,1,1,1,1,1,0,0,20250831,20251223
GNE:GOAO061:61:061MF250831:I:43,1,1,1,1,1,0,0,20250831,20251223
GNE:GOAO061:61:061MF250831:I:45,1,1,1,1,1,0,0,20250831,20251223
GNE:GOAO061:61:061MF250831:I:47,1,1,1,1,1,0,0,20250831,20251223
GNE:GOAO061:61:061MF250831:I:49,1,1,1,1,1,0,0,20250831,20251223
GNE:GOAO061:61:061MF250831:I:51,1,1,1,1,1,0,0,20250831,20251223
GNE:GOAO061:61:061MF250831:I:53,1,1,1,1,1,0,0,20250831,20251223
GNE:GOAO061:61:061MF250831:I:54,1,1,1,1,1,0,0,20250831,20251223
GNE:GOAO061:61:061MF250831:I:56,1,1,1,1,1,0,0,20250831,20251223
GNE:GOAO061:61:061MF250831:I:58,1,1,1,1,1,0,0,20250831,20251223
GNE:GOAO061:61:061MF250831:I:60,1,1,1,1,1,0,0,20250831,20251223
GNE:GOAO061:61:061MF250831:I:62,1,1,1,1,1,0,0,20250831,20251223
GNE:GOAO061:61:061MF250831:I:63,1,1,1,1,1,0,0,20250831,20251223
GNE:GOAO061:61:061SA250831:O:1,0,0,0,0,0,1,0,20250831,20251223
GNE:GOAO061:61:061SA250831:O:3,0,0,0,0,0,1,0,20250831,20251223
GNE:GOAO061:61:061SA250831:O:6,0,0,0,0,0,1,0,20250831,20251223
GNE:GOAO061:61:061SA250831:O:8,0,0,0,0,0,1,0,20250831,20251223
GNE:GOAO061:61:061SA250831:O:10,0,0,0,0,0,1,0,20250831,20251223
GNE:GOAO061:61:061SA250831:O:12,0,0,0,0,0,1,0,20250831,20251223
GNE:GOAO061:61:061SA250831:O:14,0,0,0,0,0,1,0,20250831,20251223
GNE:GOAO061:61:061SA250831:O:16,0,0,0,0,0,1,0,20250831,20251223
GNE:GOAO061:61:061SA250831:O:18,0,0,0,0,0,1,0,20250831,20251223
GNE:GOAO061:61:061SA250831:O:20,0,0,0,0,0,1,0,20250831,20251223
GNE:GOAO061:61:061SA250831:O:22,0,0,0,0,0,1,0,20250831,20251223
GNE:GOAO061:61:061SA250831:O:24,0,0,0,0,0,1,0,20250831,20251223
GNE:GOAO061:61:061SA250831:O:26,0,0,0,0,0,1,0,20250831,20251223
GNE:GOAO061:61:061SA250831:O:28,0,0,0,0,0,1,0,20250831,20251223
GNE:GOAO061:61:061SA250831:O:30,0,0,0,0,0,1,0,20250831,20251223
GNE:GOAO061:61:061SA250831:O:32,0,0,0,0,0,1,0,20250831,20251223
GNE:GOAO061:61:061SA250831:O:34,0,0,0,0,0,1,0,20250831,20251223
GNE:GOAO061:61:061SA250831:O:36,0,0,0,0,0,1,0,20250831,20251223
GNE:GOAO061:61:061SA250831:O:38,0,0,0,0,0,1,0,20250831,20251223
GNE:GOAO061:61:061SA250831:O:40,0,0,0,0,0,1,0,20250831,20251223
GNE:GOAO061:61:061SA250831:O:42,0,0,0,0,0,1,0,20250831,20251223
GNE:GOAO061:61:061SA250831:O:44,0,0,0,0,0,1,0,20250831,20251223
GNE:GOAO061:61:061SA250831:O:46,0,0,0,0,0,1,0,20250831,20251223
GNE:GOAO061:61:061SA250831:O:48,0,0,0,0,0,1,0,20250831,20251223
GNE:GOAO061:61:061SA250831:O:51,0,0,0,0,0,1,0,20250831,20251223
GNE:GOAO061:61:061SA250831:O:53,0,0,0,0,0,1,0,20250831,20251223
GNE:GOAO061:61:061SA250831:O:55,0,0,0,0,0,1,0,20250831,20251223
GNE:GOAO061:61:061SA250831:O:57,0,0,0,0,0,1,0,20250831,20251223
GNE:GOAO061:61:061SA250831:O:59,0,0,0,0,0,1,0,20250831,20251223
GNE:GOAO061:61:061SA250831:I:2,0,0,0,0,0,1,0,20250831,20251223
GNE:GOAO061:61:061SA250831:I:4,0,0,0,0,0,1,0,20250831,20251223
GNE:GOAO061:61:061SA250831:I:6,0,0,0,0,0,1,0,20250831,20251223
GNE:GOAO061:61:061SA250831:I:8,0,0,0,0,0,1,0,20250831,20251223
GNE:GOAO061:61:061SA250831:I:10,0,0,0,0,0,1,0,20250831,20251223
GNE:GOAO061:61:061SA250831:I:12,0,0,0,0,0,1,0,20250831,20251223
GNE:GOAO061:61:061SA250831:I:14,0,0,0,0,0,1,0,20250831,20251223
GNE:GOAO061:61:061SA250831:I:16,0,0,0,0,0,1,0,20250831,20251223
GNE:GOAO061:61:061SA250831:I:18,0,0,0,0,0,1,0,20250831,20251223
GNE:GOAO061:61:061SA250831:I:20,0,0,0,0,0,1,0,20250831,20251223
GNE:GOAO061:61:061SA250831:I:22,0,0,0,0,0,1,0,20250831,20251223
GNE:GOAO061:61:061SA250831:I:24,0,0,0,0,0,1,0,20250831,20251223
GNE:GOAO061:61:061SA250831:I:26,0,0,0,0,0,1,0,20250831,20251223
GNE:GOAO061:61:061SA250831:I:28,0,0,0,0,0,1,0,20250831,20251223
GNE:GOAO061:61:061SA250831:I:30,0,0,0,0,0,1,0,20250831,20251223
GNE:GOAO061:61:061SA250831:I:32,0,0,0,0,0,1,0,20250831,20251223
GNE:GOAO061:61:061SA250831:I:34,0,0,0,0,0,1,0,20250831,20251223
GNE:GOAO061:61:061SA250831:I:36,0,0,0,0,0,1,0,20250831,20251223
GNE:GOAO061:61:061SA250831:I:38,0,0,0,0,0,1,0,20250831,20251223
GNE:GOAO061:61:061SA250831:I:40,0,0,0,0,0,1,0,20250831,20251223
GNE:GOAO061:61:061SA250831:I:42,0,0,0,0,0,1,0,20250831,20251223
GNE:GOAO061:61:061SA250831:I:44,0,0,0,0,0,1,0,20250831,20251223
GNE:GOAO061:61:061SA250831:I:46,0,0,0,0,0,1,0,20250831,20251223
GNE:GOAO061:61:061SA250831:I:48,0,0,0,0,0,1,0,20250831,20251223
GNE:GOAO061:61:061SA250831:I:50,0,0,0,0,0,1,0,20250831,20251223
GNE:GOAO061:61:061SA250831:I:51,0,0,0,0,0,1,0,20250831,20251223
GNE:GOAO061:61:061SA250831:I:53,0,0,0,0,0,1,0,20250831,20251223
GNE:GOAO061:61:061SA250831:I:55,0,0,0,0,0,1,0,20250831,20251223
GNE:GOAO061:61:061SA250831:I:57,0,0,0,0,0,1,0,20250831,20251223
GNE:GOAO061:61:061SA250831:I:59,0,0,0,0,0,1,0,20250831,20251223
GNE:GOAO061:61:061SA250831:I:60,0,0,0,0,0,1,0,20250831,20251223
GNE:GOAO061:61:061SU250831:O:1,0,0,0,0,0,0,1,20250831,20251223
GNE:GOAO061:61:061SU250831:O:4,0,0,0,0,0,0,1,20250831,20251223
GNE:GOAO061:61:061SU250831:O:6,0,0,0,0,0,0,1,20250831,20251223
GNE:GOAO061:61:061SU250831:O:8,0,0,0,0,0,0,1,20250831,20251223
GNE:GOAO061:61:061SU250831:O:10,0,0,0,0,0,0,1,20250831,20251223
GNE:GOAO061:61:061SU250831:O:12,0,0,0,0,0,0,1,20250831,20251223
GNE:GOAO061:61:061SU250831:O:14,0,0,0,0,0,0,1,20250831,20251223
GNE:GOAO061:61:061SU250831:O:16,0,0,0,0,0,0,1,20250831,20251223
GNE:GOAO061:61:061SU250831:O:18,0,0,0,0,0,0,1,20250831,20251223
GNE:GOAO061:61:061SU250831:O:20,0,0,0,0,0,0,1,20250831,20251223
GNE:GOAO061:61:061SU250831:O:22,0,0,0,0,0,0,1,20250831,20251223
GNE:GOAO061:61:061SU250831:O:24,0,0,0,0,0,0,1,20250831,20251223
GNE:GOAO061:61:061SU250831:O:26,0,0,0,0,0,0,1,20250831,20251223
GNE:GOAO061:61:061SU250831:O:28,0,0,0,0,0,0,1,20250831,20251223
GNE:GOAO061:61:061SU250831:I:2,0,0,0,0,0,0,1,20250831,20251223
GNE:GOAO061:61:061SU250831:I:5,0,0,0,0,0,0,1,20250831,20251223
GNE:GOAO061:61:061SU250831:I:7,0,0,0,0,0,0,1,20250831,20251223
GNE:GOAO061:61:061SU250831:I:9,0,0,0,0,0,0,1,20250831,20251223
GNE:GOAO061:61:061SU250831:I:11,0,0,0,0,0,0,1,20250831,20251223
GNE:GOAO061:61:061SU250831:I:13,0,0,0,0,0,0,1,20250831,20251223
GNE:GOAO061:61:061SU250831:I:15,0,0,0,0,0,0,1,20250831,20251223
GNE:GOAO061:61:061SU250831:I:17,0,0,0,0,0,0,1,20250831,20251223
GNE:GOAO061:61:061SU250831:I:19,0,0,0,0,0,0,1,20250831,20251223
GNE:GOAO061:61:061SU250831:I:21,0,0,0,0,0,0,1,20250831,20251223
GNE:GOAO061:61:061SU250831:I:23,0,0,0,0,0,0,1,20250831,20251223
GNE:GOAO061:61:061SU250831:I:25,0,0,0,0,0,0,1,20250831,20251223
GNE:GOAO061:61:061SU250831:I:27,0,0,0,0,0,0,1,20250831,20251223
GNE:GOAO061:61:061SU250831:I:29,0,0,0,0,0,0,1,20250831,20251223
GNE:GOAO062:62:061MF250831:O:5,1,1,1,1,1,0,0,20250831,20251223
GNE:GOAO062:62:061MF250831:O:9,1,1,1,1,1,0,0,20250831,20251223
GNE:GOAO062:62:061MF250831:O:13,1,1,1,1,1,0,0,20250831,20251223
GNE:GOAO062:62:061MF250831:O:17,1,1,1,1,1,0,0,20250831,20251223
GNE:GOAO062:62:061MF250831:O:21,1,1,1,1,1,0,0,20250831,20251223
GNE:GOAO062:62:061MF250831:O:25,1,1,1,1,1,0,0,20250831,20251223
GNE:GOAO062:62:061MF250831:O:29,1,1,1,1,1,0,0,20250831,20251223
GNE:GOAO062:62:061MF250831:O:33,1,1,1,1,1,0,0,20250831,20251223
GNE:GOAO062:62:061MF250831:O:37,1,1,1,1,1,0,0,20250831,20251223
GNE:GOAO062:62:061MF250831:O:41,1,1,1,1,1,0,0,20250831,20251223
GNE:GOAO062:62:061MF250831:O:45,1,1,1,1,1,0,0,20250831,20251223
GNE:GOAO062:62:061MF250831:O:49,1,1,1,1,1,0,0,20250831,20251223
GNE:GOAO062:62:061MF250831:O:53,1,1,1,1,1,0,0,20250831,20251223
GNE:GOAO062:62:061MF250831:O:55,1,1,1,1,1,0,0,20250831,20251223
GNE:GOAO062:62:061MF250831:O:57,1,1,1,1,1,0,0,20250831,20251223
GNE:GOAO062:62:061MF250831:O:59,1,1,1,1,1,0,0,20250831,20251223
GNE:GOAO062:62:061MF250831:O:61,1,1,1,1,1,0,0,20250831,20251223
GNE:GOAO062:62:061MF250831:O:63,1,1,1,1,1,0,0,20250831,20251223
GNE:GOAO062:62:061MF250831:I:1,1,1,1,1,1,0,0,20250831,20251223
GNE:GOAO062:62:061MF250831:I:2,1,1,1,1,1,0,0,20250831,20251223
GNE:GOAO062:62:061MF250831:I:6,1,1,1,1,1,0,0,20250831,20251223
GNE:GOAO062:62:061MF250831:I:10,1,1,1,1,1,0,0,20250831,20251223
GNE:GOAO062:62:061MF250831:I:14,1,1,1,1,1,0,0,20250831,20251223
GNE:GOAO062:62:061MF250831:I:18,1,1,1,1,1,0,0,20250831,20251223
GNE:GOAO062:62:061MF250831:I:22,1,1,1,1,1,0,0,20250831,20251223
GNE:GOAO062:62:061MF250831:I:26,1,1,1,1,1,0,0,20250831,20251223
GNE:GOAO062:62:061MF250831:I:30,1,1,1,1,1,0,0,20250831,20251223
GNE:GOAO062:62:061MF250831:I:34,1,1,1,1,1,0,0,20250831,20251223
GNE:GOAO062:62:061MF250831:I:38,1,1,1,1,1,0,0,20250831,20251223
GNE:GOAO062:62:061MF250831:I:42,1,1,1,1,1,0,0,20250831,20251223
GNE:GOAO062:62:061MF250831:I:46,1,1,1,1,1,0,0,20250831,20251223
GNE:GOAO062:62:061MF250831:I:50,1,1,1,1,1,0,0,20250831,20251223
GNE:GOAO062:62:061MF250831:I:52,1,1,1,1,1,0,0,20250831,20251223
GNE:GOAO062:62:061MF250831:I:55,1,1,1,1,1,0,0,20250831,20251223
GNE:GOAO062:62:061MF250831:I:57,1,1,1,1,1,0,0,20250831,20251223
GNE:GOAO062:62:061MF250831:I:59,1,1,1,1,1,0,0,20250831,20251223
GNE:GOAO062:62:061MF250831:I:61,1,1,1,1,1,0,0,20250831,20251223
GNE:GOAO062:62:061SA250831:O:4,0,0,0,0,0,1,0,20250831,20251223
GNE:GOAO062:62:061SA250831:O:7,0,0,0,0,0,1,0,20250831,20251223
GNE:GOAO062:62:061SA250831:O:11,0,0,0,0,0,1,0,20250831,20251223
GNE:GOAO062:62:061SA250831:O:15,0,0,0,0,0,1,0,20250831,20251223
GNE:GOAO062:62:061SA250831:O:19,0,0,0,0,0,1,0,20250831,20251223
GNE:GOAO062:62:061SA250831:O:23,0,0,0,0,0,1,0,20250831,20251223
GNE:GOAO062:62:061SA250831:O:27,0,0,0,0,0,1,0,20250831,20251223
GNE:GOAO062:62:061SA250831:O:31,0,0,0,0,0,1,0,20250831,20251223
GNE:GOAO062:62:061SA250831:O:35,0,0,0,0,0,1,0,20250831,20251223
GNE:GOAO062:62:061SA250831:O:39,0,0,0,0,0,1,0,20250831,20251223
GNE:GOAO062:62:061SA250831:O:43,0,0,0,0,0,1,0,20250831,20251223
GNE:GOAO062:62:061SA250831:O:47,0,0,0,0,0,1,0,20250831,20251223
GNE:GOAO062:62:061SA250831:O:50,0,0,0,0,0,1,0,20250831,20251223
GNE:GOAO062:62:061SA250831:O:52,0,0,0,0,0,1,0,20250831,20251223
GNE:GOAO062:62:061SA250831:O:54,0,0,0,0,0,1,0,20250831,20251223
GNE:GOAO062:62:061SA250831:O:56,0,0,0,0,0,1,0,20250831,20251223
GNE:GOAO062:62:061SA250831:O:58,0,0,0,0,0,1,0,20250831,20251223
GNE:GOAO062:62:061SA250831:O:60,0,0,0,0,0,1,0,20250831,20251223
GNE:GOAO062:62:061SA250831:I:1,0,0,0,0,0,1,0,20250831,20251223
GNE:GOAO062:62:061SA250831:I:3,0,0,0,0,0,1,0,20250831,20251223
GNE:GOAO062:62:061SA250831:I:7,0,0,0,0,0,1,0,20250831,20251223
GNE:GOAO062:62:061SA250831:I:11,0,0,0,0,0,1,0,20250831,20251223
GNE:GOAO062:62:061SA250831:I:15,0,0,0,0,0,1,0,20250831,20251223
GNE:GOAO062:62:061SA250831:I:19,0,0,0,0,0,1,0,20250831,20251223
GNE:GOAO062:62:061SA250831:I:23,0,0,0,0,0,1,0,20250831,20251223
GNE:GOAO062:62:061SA250831:I:27,0,0,0,0,0,1,0,20250831,20251223
GNE:GOAO062:62:061SA250831:I:31,0,0,0,0,0,1,0,20250831,20251223
GNE:GOAO062:62:061SA250831:I:35,0,0,0,0,0,1,0,20250831,20251223
GNE:GOAO062:62:061SA250831:I:39,0,0,0,0,0,1,0,20250831,20251223
GNE:GOAO062:62:061SA250831:I:43,0,0,0,0,0,1,0,20250831,20251223
GNE:GOAO062:62:061SA250831:I:47,0,0,0,0,0,1,0,20250831,20251223
GNE:GOAO062:62:061SA250831:I:49,0,0,0,0,0,1,0,20250831,20251223
GNE:GOAO062:62:061SA250831:I:52,0,0,0,0,0,1,0,20250831,20251223
GNE:GOAO062:62:061SA250831:I:54,0,0,0,0,0,1,0,20250831,20251223
GNE:GOAO062:62:061SA250831:I:56,0,0,0,0,0,1,0,20250831,20251223
GNE:GOAO062:62:061SA250831:I:58,0,0,0,0,0,1,0,20250831,20251223
GNE:GOAO062:62:061SU250831:O:2,0,0,0,0,0,0,1,20250831,20251223
GNE:GOAO062:62:061SU250831:O:3,0,0,0,0,0,0,1,20250831,20251223
GNE:GOAO062:62:061SU250831:O:5,0,0,0,0,0,0,1,20250831,20251223
GNE:GOAO062:62:061SU250831:O:7,0,0,0,0,0,0,1,20250831,20251223
GNE:GOAO062:62:061SU250831:O:9,0,0,0,0,0,0,1,20250831,20251223
GNE:GOAO062:62:061SU250831:O:11,0,0,0,0,0,0,1,20250831,20251223
GNE:GOAO062:62:061SU250831:O:13,0,0,0,0,0,0,1,20250831,20251223
GNE:GOAO062:62:061SU250831:O:15,0,0,0,0,0,0,1,20250831,20251223
GNE:GOAO062:62:061SU250831:O:17,0,0,0,0,0,0,1,20250831,20251223
GNE:GOAO062:62:061SU250831:O:19,0,0,0,0,0,0,1,20250831,20251223
GNE:GOAO062:62:061SU250831:O:21,0,0,0,0,0,0,1,20250831,20251223
GNE:GOAO062:62:061SU250831:O:23,0,0,0,0,0,0,1,20250831,20251223
GNE:GOAO062:62:061SU250831:O:25,0,0,0,0,0,0,1,20250831,20251223
GNE:GOAO062:62:061SU250831:O:27,0,0,0,0,0,0,1,20250831,20251223
GNE:GOAO062:62:061SU250831:O:29,0,0,0,0,0,0,1,20250831,20251223
GNE:GOAO062:62:061SU250831:O:30,0,0,0,0,0,0,1,20250831,20251223
GNE:GOAO062:62:061SU250831:O:31,0,0,0,0,0,0,1,20250831,20251223
GNE:GOAO062:62:061SU250831:O:32,0,0,0,0,0,0,1,20250831,20251223
GNE:GOAO062:62:061SU250831:I:1,0,0,0,0,0,0,1,20250831,20251223
GNE:GOAO062:62:061SU250831:I:3,0,0,0,0,0,0,1,20250831,20251223
GNE:GOAO062:62:061SU250831:I:4,0,0,0,0,0,0,1,20250831,20251223
GNE:GOAO062:62:061SU250831:I:6,0,0,0,0,0,0,1,20250831,20251223
GNE:GOAO062:62:061SU250831:I:8,0,0,0,0,0,0,1,20250831,20251223
GNE:GOAO062:62:061SU250831:I:10,0,0,0,0,0,0,1,20250831,20251223
GNE:GOAO062:62:061SU250831:I:12,0,0,0,0,0,0,1,20250831,20251223
GNE:GOAO062:62:061SU250831:I:14,0,0,0,0,0,0,1,20250831,20251223
GNE:GOAO062:62:061SU250831:I:16,0,0,0,0,0,0,1,20250831,20251223
GNE:GOAO062:62:061SU250831:I:18,0,0,0,0,0,0,1,20250831,20251223
GNE:GOAO062:62:061SU250831:I:20,0,0,0,0,0,0,1,20250831,20251223
GNE:GOAO062:62:061SU250831:I:22,0,0,0,0,0,0,1,20250831,20251223
GNE:GOAO062:62:061SU250831:I:24,0,0,0,0,0,0,1,20250831,20251223
GNE:GOAO062:62:061SU250831:I:26,0,0,0,0,0,0,1,20250831,20251223
GNE:GOAO062:62:061SU250831:I:28,0,0,0,0,0,0,1,20250831,20251223
GNE:GOAO062:62:061SU250831:I:30,0,0,0,0,0,0,1,20250831,20251223
GNE:GOAO062:62:061SU250831:I:31,0,0,0,0,0,0,1,20250831,20251223
GNE:GOAO062:62:061SU250831:I:32,0,0,0,0,0,0,1,20250831,20251223
GNE:GOAO062A:62A:061MF250831:O:3,1,1,1,1,1,0,0,20250831,20251223
GNE:GOAO062A:62A:061MF250831:O:7,1,1,1,1,1,0,0,20250831,20251223
GNE:GOAO062A:62A:061MF250831:O:11,1,1,1,1,1,0,0,20250831,20251223
GNE:GOAO062A:62A:061MF250831:O:15,1,1,1,1,1,0,0,20250831,20251223
GNE:GOAO062A:62A:061MF250831:O:19,1,1,1,1,1,0,0,20250831,20251223
GNE:GOAO062A:62A:061MF250831:O:23,1,1,1,1,1,0,0,20250831,20251223
GNE:GOAO062A:62A:061MF250831:O:27,1,1,1,1,1,0,0,20250831,20251223
GNE:GOAO062A:62A:061MF250831:O:31,1,1,1,1,1,0,0,20250831,20251223
GNE:GOAO062A:62A:061MF250831:O:35,1,1,1,1,1,0,0,20250831,20251223
GNE:GOAO062A:62A:061MF250831:O:39,1,1,1,1,1,0,0,20250831,20251223
GNE:GOAO062A:62A:061MF250831:O:43,1,1,1,1,1,0,0,20250831,20251223
GNE:GOAO062A:62A:061MF250831:O:47,1,1,1,1,1,0,0,20250831,20251223
GNE:GOAO062A:62A:061MF250831:O:51,1,1,1,1,1,0,0,20250831,20251223
GNE:GOAO062A:62A:061MF250831:I:4,1,1,1,1,1,0,0,20250831,20251223
GNE:GOAO062A:62A:061MF250831:I:8,1,1,1,1,1,0,0,20250831,20251223
GNE:GOAO062A:62A:061MF250831:I:12,1,1,1,1,1,0,0,20250831,20251223
GNE:GOAO062A:62A:061MF250831:I:16,1,1,1,1,1,0,0,20250831,20251223
GNE:GOAO062A:62A:061MF250831:I:20,1,1,1,1,1,0,0,20250831,20251223
GNE:GOAO062A:62A:061MF250831:I:24,1,1,1,1,1,0,0,20250831,20251223
GNE:GOAO062A:62A:061MF250831:I:28,1,1,1,1,1,0,0,20250831,20251223
GNE:GOAO062A:62A:061MF250831:I:32,1,1,1,1,1,0,0,20250831,20251223
GNE:GOAO062A:62A:061MF250831:I:36,1,1,1,1,1,0,0,20250831,20251223
GNE:GOAO062A:62A:061MF250831:I:40,1,1,1,1,1,0,0,20250831,20251223
GNE:GOAO062A:62A:061MF250831:I:44,1,1,1,1,1,0,0,20250831,20251223
GNE:GOAO062A:62A:061MF250831:I:48,1,1,1,1,1,0,0,20250831,20251223
GNE:GOAO062A:62A:061SA250831:O:2,0,0,0,0,0,1,0,20250831,20251223
GNE:GOAO062A:62A:061SA250831:O:5,0,0,0,0,0,1,0,20250831,20251223
GNE:GOAO062A:62A:061SA250831:O:9,0,0,0,0,0,1,0,20250831,20251223
GNE:GOAO062A:62A:061SA250831:O:13,0,0,0,0,0,1,0,20250831,20251223
GNE:GOAO062A:62A:061SA250831:O:17,0,0,0,0,0,1,0,20250831,20251223
GNE:GOAO062A:62A:061SA250831:O:21,0,0,0,0,0,1,0,20250831,20251223
GNE:GOAO062A:62A:061SA250831:O:25,0,0,0,0,0,1,0,20250831,20251223
GNE:GOAO062A:62A:061SA250831:O:29,0,0,0,0,0,1,0,20250831,20251223
GNE:GOAO062A:62A:061SA250831:O:33,0,0,0,0,0,1,0,20250831,20251223
GNE:GOAO062A:62A:061SA250831:O:37,0,0,0,0,0,1,0,20250831,20251223
GNE:GOAO062A:62A:061SA250831:O:41,0,0,0,0,0,1,0,20250831,20251223
GNE:GOAO062A:62A:061SA250831:O:45,0,0,0,0,0,1,0,20250831,20251223
GNE:GOAO062A:62A:061SA250831:O:49,0,0,0,0,0,1,0,20250831,20251223
GNE:GOAO062A:62A:061SA250831:I:5,0,0,0,0,0,1,0,20250831,20251223
GNE:GOAO062A:62A:061SA250831:I:9,0,0,0,0,0,1,0,20250831,20251223
GNE:GOAO062A:62A:061SA250831:I:13,0,0,0,0,0,1,0,20250831,20251223
GNE:GOAO062A:62A:061SA250831:I:17,0,0,0,0,0,1,0,20250831,20251223
GNE:GOAO062A:62A:061SA250831:I:21,0,0,0,0,0,1,0,20250831,20251223
GNE:GOAO062A:62A:061SA250831:I:25,0,0,0,0,0,1,0,20250831,20251223
GNE:GOAO062A:62A:061SA250831:I:29,0,0,0,0,0,1,0,20250831,20251223
GNE:GOAO062A:62A:061SA250831:I:33,0,0,0,0,0,1,0,20250831,20251223
GNE:GOAO062A:62A:061SA250831:I:37,0,0,0,0,0,1,0,20250831,20251223
GNE:GOAO062A:62A:061SA250831:I:41,0,0,0,0,0,1,0,20250831,20251223
GNE:GOAO062A:62A:061SA250831:I:45,0,0,0,0,0,1,0,20250831,20251223
GNE:GOAO063:63:063MF250831:O:1,1,1,1,1,1,0,0,20250831,20251223
GNE:GOAO063:63:063MF250831:O:2,1,1,1,1,1,0,0,20250831,20251223
GNE:GOAO063:63:063MF250831:O:3,1,1,1,1,1,0,0,20250831,20251223
GNE:GOAO063:63:063MF250831:O:4,1,1,1,1,1,0,0,20250831,20251223
GNE:GOAO063:63:063MF250831:O:5,1,1,1,1,1,0,0,20250831,20251223
GNE:GOAO063:63:063MF250831:O:6,1,1,1,1,1,0,0,20250831,20251223
GNE:GOAO063:63:063MF250831:O:7,1,1,1,1,1,0,0,20250831,20251223
GNE:GOAO063:63:063MF250831:O:8,1,1,1,1,1,0,0,20250831,20251223
GNE:GOAO063:63:063MF250831:O:9,1,1,1,1,1,0,0,20250831,20251223
GNE:GOAO063:63:063MF250831:O:10,1,1,1,1,1,0,0,20250831,20251223
GNE:GOAO063:63:063MF250831:O:11,1,1,1,1,1,0,0,20250831,20251223
GNE:GOAO063:63:063MF250831:O:12,1,1,1,1,1,0,0,20250831,20251223
GNE:GOAO063:63:063MF250831:O:13,1,1,1,1,1,0,0,20250831,20251223
GNE:GOAO063:63:063MF250831:O:14,1,1,1,1,1,0,0,20250831,20251223
GNE:GOAO063:63:063MF250831:O:15,1,1,1,1,1,0,0,20250831,20251223
GNE:GOAO063:63:063MF250831:O:16,1,1,1,1,1,0,0,20250831,20251223
GNE:GOAO063:63:063MF250831:O:17,1,1,1,1,1,0,0,20250831,20251223
GNE:GOAO063:63:063MF250831:O:18,1,1,1,1,1,0,0,20250831,20251223
GNE:GOAO063:63:063MF250831:O:19,1,1,1,1,1,0,0,20250831,20251223
GNE:GOAO063:63:063MF250831:O:20,1,1,1,1,1,0,0,20250831,20251223
GNE:GOAO063:63:063MF250831:O:21,1,1,1,1,1,0,0,20250831,20251223
GNE:GOAO063:63:063MF250831:O:22,1,1,1,1,1,0,0,20250831,20251223
GNE:GOAO063:63:063MF250831:O:23,1,1,1,1,1,0,0,20250831,20251223
GNE:GOAO063:63:063MF250831:O:24,1,1,1,1,1,0,0,20250831,20251223
GNE:GOAO063:63:063MF250831:O:25,1,1,1,1,1,0,0,20250831,20251223
GNE:GOAO063:63:063MF250831:O:26,1,1,1,1,1,0,0,20250831,20251223
GNE:GOAO063:63:063MF250831:O:27,1,1,1,1,1,0,0,20250831,20251223
GNE:GOAO063:63:063MF250831:O:28,1,1,1,1,1,0,0,20250831,20251223
GNE:GOAO063:63:063MF250831:O:29,1,1,1,1,1,0,0,20250831,20251223
GNE:GOAO063:63:063MF250831:O:30,1,1,1,1,1,0,0,20250831,20251223
GNE:GOAO063:63:063MF250831:O:31,1,1,1,1,1,0,0,20250831,20251223
GNE:GOAO063:63:063MF250831:O:32,1,1,1,1,1,0,0,20250831,20251223
GNE:GOAO063:63:063MF250831:O:33,1,1,1,1,1,0,0,20250831,20251223
GNE:GOAO063:63:063MF250831:O:34,1,1,1,1,1,0,0,20250831,20251223
GNE:GOAO063:63:063MF250831:O:35,1,1,1,1,1,0,0,20250831,20251223
GNE:GOAO063:63:063MF250831:O:36,1,1,1,1,1,0,0,20250831,20251223
GNE:GOAO063:63:063MF250831:O:37,1,1,1,1,1,0,0,20250831,20251223
GNE:GOAO063:63:063MF250831:O:38,1,1,1,1,1,0,0,20250831,20251223
GNE:GOAO063:63:063MF250831:O:39,1,1,1,1,1,0,0,20250831,20251223
GNE:GOAO063:63:063MF250831:O:40,1,1,1,1,1,0,0,20250831,20251223
GNE:GOAO063:63:063MF250831:O:41,1,1,1,1,1,0,0,20250831,20251223
GNE:GOAO063:63:063MF250831:O:42,1,1,1,1,1,0,0,20250831,20251223
GNE:GOAO063:63:063MF250831:O:43,1,1,1,1,1,0,0,20250831,20251223
GNE:GOAO063:63:063MF250831:O:44,1,1,1,1,1,0,0,20250831,20251223
GNE:GOAO063:63:063MF250831:O:45,1,1,1,1,1,0,0,20250831,20251223
GNE:GOAO063:63:063MF250831:O:46,1,1,1,1,1,0,0,20250831,20251223
GNE:GOAO063:63:063MF250831:O:47,1,1,1,1,1,0,0,20250831,20251223
GNE:GOAO063:63:063MF250831:O:48,1,1,1,1,1,0,0,20250831,20251223
GNE:GOAO063:63:063MF250831:O:49,1,1,1,1,1,0,0,20250831,20251223
GNE:GOAO063:63:063MF250831:O:50,1,1,1,1,1,0,0,20250831,20251223
GNE:GOAO063:63:063MF250831:O:51,1,1,1,1,1,0,0,20250831,20251223
GNE:GOAO063:63:063MF250831:O:52,1,1,1,1,1,0,0,20250831,20251223
GNE:GOAO063:63:063MF250831:O:53,1,1,1,1,1,0,0,20250831,20251223
GNE:GOAO063:63:063MF250831:O:54,1,1,1,1,1,0,0,20250831,20251223
GNE:GOAO063:63:063MF250831:I:1,1,1,1,1,1,0,0,20250831,20251223
GNE:GOAO063:63:063MF250831:I:2,1,1,1,1,1,0,0,20250831,20251223
GNE:GOAO063:63:063MF250831:I:3,1,1,1,1,1,0,0,20250831,20251223
GNE:GOAO063:63:063MF250831:I:4,1,1,1,1,1,0,0,20250831,20251223
GNE:GOAO063:63:063MF250831:I:5,1,1,1,1,1,0,0,20250831,20251223
GNE:GOAO063:63:063MF250831:I:6,1,1,1,1,1,0,0,20250831,20251223
GNE:GOAO063:63:063MF250831:I:7,1,1,1,1,1,0,0,20250831,20251223
GNE:GOAO063:63:063MF250831:I:8,1,1,1,1,1,0,0,20250831,20251223
GNE:GOAO063:63:063MF250831:I:9,1,1,1,1,1,0,0,20250831,20251223
GNE:GOAO063:63:063MF250831:I:10,1,1,1,1,1,0,0,20250831,20251223
GNE:GOAO063:63:063MF250831:I:11,1,1,1,1,1,0,0,20250831,20251223
GNE:GOAO063:63:063MF250831:I:12,1,1,1,1,1,0,0,20250831,20251223
GNE:GOAO063:63:063MF250831:I:13,1,1,1,1,1,0,0,20250831,20251223
GNE:GOAO063:63:063MF250831:I:14,1,1,1,1,1,0,0,20250831,20251223
GNE:GOAO063:63:063MF250831:I:15,1,1,1,1,1,0,0,20250831,20251223
GNE:GOAO063:63:063MF250831:I:16,1,1,1,1,1,0,0,20250831,20251223
GNE:GOAO063:63:063MF250831:I:17,1,1,1,1,1,0,0,20250831,20251223
GNE:GOAO063:63:063MF250831:I:18,1,1,1,1,1,0,0,20250831,20251223
GNE:GOAO063:63:063MF250831:I:19,1,1,1,1,1,0,0,20250831,20251223
GNE:GOAO063:63:063MF250831:I:20,1,1,1,1,1,0,0,20250831,20251223
GNE:GOAO063:63:063MF250831:I:21,1,1,1,1,1,0,0,20250831,20251223
GNE:GOAO063:63:063MF250831:I:22,1,1,1,1,1,0,0,20250831,20251223
GNE:GOAO063:63:063MF250831:I:23,1,1,1,1,1,0,0,20250831,20251223
GNE:GOAO063:63:063MF250831:I:24,1,1,1,1,1,0,0,20250831,20251223
GNE:GOAO063:63:063MF250831:I:25,1,1,1,1,1,0,0,20250831,20251223
GNE:GOAO063:63:063MF250831:I:26,1,1,1,1,1,0,0,20250831,20251223
GNE:GOAO063:63:063MF250831:I:27,1,1,1,1,1,0,0,20250831,20251223
GNE:GOAO063:63:063MF250831:I:28,1,1,1,1,1,0,0,20250831,20251223
GNE:GOAO063:63:063MF250831:I:29,1,1,1,1,1,0,0,20250831,20251223
GNE:GOAO063:63:063MF250831:I:30,1,1,1,1,1,0,0,20250831,20251223
GNE:GOAO063:63:063MF250831:I:31,1,1,1,1,1,0,0,20250831,20251223
GNE:GOAO063:63:063MF250831:I:32,1,1,1,1,1,0,0,20250831,20251223
GNE:GOAO063:63:063MF250831:I:33,1,1,1,1,1,0,0,20250831,20251223
GNE:GOAO063:63:063MF250831:I:34,1,1,1,1,1,0,0,20250831,20251223
GNE:GOAO063:63:063MF250831:I:35,1,1,1,1,1,0,0,20250831,20251223
GNE:GOAO063:63:063MF250831:I:36,1,1,1,1,1,0,0,20250831,20251223
GNE:GOAO063:63:063MF250831:I:37,1,1,1,1,1,0,0,20250831,20251223
GNE:GOAO063:63:063MF250831:I:38,1,1,1,1,1,0,0,20250831,20251223
GNE:GOAO063:63:063MF250831:I:39,1,1,1,1,1,0,0,20250831,20251223
GNE:GOAO063:63:063MF250831:I:40,1,1,1,1,1,0,0,20250831,20251223
GNE:GOAO063:63:063MF250831:I:41,1,1,1,1,1,0,0,20250831,20251223
GNE:GOAO063:63:063MF250831:I:42,1,1,1,1,1,0,0,20250831,20251223
GNE:GOAO063:63:063MF250831:I:43,1,1,1,1,1,0,0,20250831,20251223
GNE:GOAO063:63:063MF250831:I:44,1,1,1,1,1,0,0,20250831,20251223
GNE:GOAO063:63:063MF250831:I:45,1,1,1,1,1,0,0,20250831,20251223
GNE:GOAO063:63:063MF250831:I:46,1,1,1,1,1,0,0,20250831,20251223
GNE:GOAO063:63:063MF250831:I:47,1,1,1,1,1,0,0,20250831,20251223
GNE:GOAO063:63:063MF250831:I:48,1,1,1,1,1,0,0,20250831,20251223
GNE:GOAO063:63:063MF250831:I:49,1,1,1,1,1,0,0,20250831,20251223
GNE:GOAO063:63:063MF250831:I:50,1,1,1,1,1,0,0,20250831,20251223
GNE:GOAO063:63:063MF250831:I:51,1,1,1,1,1,0,0,20250831,20251223
GNE:GOAO063:63:063MF250831:I:52,1,1,1,1,1,0,0,20250831,20251223
GNE:GOAO063:63:063MF250831:I:53,1,1,1,1,1,0,0,20250831,20251223
GNE:GOAO063:63:063MF250831:I:54,1,1,1,1,1,0,0,20250831,20251223
GNE:GOAO063:63:063MF250831:I:55,1,1,1,1,1,0,0,20250831,20251223
GNE:GOAO063:63:063SA250831:O:1,0,0,0,0,0,1,0,20250831,20251223
GNE:GOAO063:63:063SA250831:O:2,0,0,0,0,0,1,0,20250831,20251223
GNE:GOAO063:63:063SA250831:O:3,0,0,0,0,0,1,0,20250831,20251223
GNE:GOAO063:63:063SA250831:O:4,0,0,0,0,0,1,0,20250831,20251223
GNE:GOAO063:63:063SA250831:O:5,0,0,0,0,0,1,0,20250831,20251223
GNE:GOAO063:63:063SA250831:O:6,0,0,0,0,0,1,0,20250831,20251223
GNE:GOAO063:63:063SA250831:O:7,0,0,0,0,0,1,0,20250831,20251223
GNE:GOAO063:63:063SA250831:O:8,0,0,0,0,0,1,0,20250831,20251223
GNE:GOAO063:63:063SA250831:O:9,0,0,0,0,0,1,0,20250831,20251223
GNE:GOAO063:63:063SA250831:O:10,0,0,0,0,0,1,0,20250831,20251223
GNE:GOAO063:63:063SA250831:O:11,0,0,0,0,0,1,0,20250831,20251223
GNE:GOAO063:63:063SA250831:O:12,0,0,0,0,0,1,0,20250831,20251223
GNE:GOAO063:63:063SA250831:O:13,0,0,0,0,0,1,0,20250831,20251223
GNE:GOAO063:63:063SA250831:O:14,0,0,0,0,0,1,0,20250831,20251223
GNE:GOAO063:63:063SA250831:O:15,0,0,0,0,0,1,0,20250831,20251223
GNE:GOAO063:63:063SA250831:O:16,0,0,0,0,0,1,0,20250831,20251223
GNE:GOAO063:63:063SA250831:O:17,0,0,0,0,0,1,0,20250831,20251223
GNE:GOAO063:63:063SA250831:O:18,0,0,0,0,0,1,0,20250831,20251223
GNE:GOAO063:63:063SA250831:O:19,0,0,0,0,0,1,0,20250831,20251223
GNE:GOAO063:63:063SA250831:O:20,0,0,0,0,0,1,0,20250831,20251223
GNE:GOAO063:63:063SA250831:O:21,0,0,0,0,0,1,0,20250831,20251223
GNE:GOAO063:63:063SA250831:O:22,0,0,0,0,0,1,0,20250831,20251223
GNE:GOAO063:63:063SA250831:O:23,0,0,0,0,0,1,0,20250831,20251223
GNE:GOAO063:63:063SA250831:O:24,0,0,0,0,0,1,0,20250831,20251223
GNE:GOAO063:63:063SA250831:O:25,0,0,0,0,0,1,0,20250831,20251223
GNE:GOAO063:63:063SA250831:O:26,0,0,0,0,0,1,0,20250831,20251223
GNE:GOAO063:63:063SA250831:O:27,0,0,0,0,0,1,0,20250831,20251223
GNE:GOAO063:63:063SA250831:O:28,0,0,0,0,0,1,0,20250831,20251223
GNE:GOAO063:63:063SA250831:O:29,0,0,0,0,0,1,0,20250831,20251223
GNE:GOAO063:63:063SA250831:O:30,0,0,0,0,0,1,0,20250831,20251223
GNE:GOAO063:63:063SA250831:O:31,0,0,0,0,0,1,0,20250831,20251223
GNE:GOAO063:63:063SA250831:O:32,0,0,0,0,0,1,0,20250831,20251223
GNE:GOAO063:63:063SA250831:O:33,0,0,0,0,0,1,0,20250831,20251223
GNE:GOAO063:63:063SA250831:O:34,0,0,0,0,0,1,0,20250831,20251223
GNE:GOAO063:63:063SA250831:O:35,0,0,0,0,0,1,0,20250831,20251223
GNE:GOAO063:63:063SA250831:O:36,0,0,0,0,0,1,0,20250831,20251223
GNE:GOAO063:63:063SA250831:O:37,0,0,0,0,0,1,0,20250831,20251223
GNE:GOAO063:63:063SA250831:O:38,0,0,0,0,0,1,0,20250831,20251223
GNE:GOAO063:63:063SA250831:O:39,0,0,0,0,0,1,0,20250831,20251223
GNE:GOAO063:63:063SA250831:O:40,0,0,0,0,0,1,0,20250831,20251223
GNE:GOAO063:63:063SA250831:O:41,0,0,0,0,0,1,0,20250831,20251223
GNE:GOAO063:63:063SA250831:O:42,0,0,0,0,0,1,0,20250831,20251223
GNE:GOAO063:63:063SA250831:O:43,0,0,0,0,0,1,0,20250831,20251223
GNE:GOAO063:63:063SA250831:O:44,0,0,0,0,0,1,0,20250831,20251223
GNE:GOAO063:63:063SA250831:O:45,0,0,0,0,0,1,0,20250831,20251223
GNE:GOAO063:63:063SA250831:O:46,0,0,0,0,0,1,0,20250831,20251223
GNE:GOAO063:63:063SA250831:O:47,0,0,0,0,0,1,0,20250831,20251223
GNE:GOAO063:63:063SA250831:O:48,0,0,0,0,0,1,0,20250831,20251223
GNE:GOAO063:63:063SA250831:O:49,0,0,0,0,0,1,0,20250831,20251223
GNE:GOAO063:63:063SA250831:O:50,0,0,0,0,0,1,0,20250831,20251223
GNE:GOAO063:63:063SA250831:O:51,0,0,0,0,0,1,0,20250831,20251223
GNE:GOAO063:63:063SA250831:I:1,0,0,0,0,0,1,0,20250831,20251223
GNE:GOAO063:63:063SA250831:I:2,0,0,0,0,0,1,0,20250831,20251223
GNE:GOAO063:63:063SA250831:I:3,0,0,0,0,0,1,0,20250831,20251223
GNE:GOAO063:63:063SA250831:I:4,0,0,0,0,0,1,0,20250831,20251223
GNE:GOAO063:63:063SA250831:I:5,0,0,0,0,0,1,0,20250831,20251223
GNE:GOAO063:63:063SA250831:I:6,0,0,0,0,0,1,0,20250831,20251223
GNE:GOAO063:63:063SA250831:I:7,0,0,0,0,0,1,0,20250831,20251223
GNE:GOAO063:63:063SA250831:I:8,0,0,0,0,0,1,0,20250831,20251223
GNE:GOAO063:63:063SA250831:I:9,0,0,0,0,0,1,0,20250831,20251223
GNE:GOAO063:63:063SA250831:I:10,0,0,0,0,0,1,0,20250831,20251223
GNE:GOAO063:63:063SA250831:I:11,0,0,0,0,0,1,0,20250831,20251223
GNE:GOAO063:63:063SA250831:I:12,0,0,0,0,0,1,0,20250831,20251223
GNE:GOAO063:63:063SA250831:I:13,0,0,0,0,0,1,0,20250831,20251223
GNE:GOAO063:63:063SA250831:I:14,0,0,0,0,0,1,0,20250831,20251223
GNE:GOAO063:63:063SA250831:I:15,0,0,0,0,0,1,0,20250831,20251223
GNE:GOAO063:63:063SA250831:I:16,0,0,0,0,0,1,0,20250831,20251223
GNE:GOAO063:63:063SA250831:I:17,0,0,0,0,0,1,0,20250831,20251223
GNE:GOAO063:63:063SA250831:I:18,0,0,0,0,0,1,0,20250831,20251223
GNE:GOAO063:63:063SA250831:I:19,0,0,0,0,0,1,0,20250831,20251223
GNE:GOAO063:63:063SA250831:I:20,0,0,0,0,0,1,0,20250831,20251223
GNE:GOAO063:63:063SA250831:I:21,0,0,0,0,0,1,0,20250831,20251223
GNE:GOAO063:63:063SA250831:I:22,0,0,0,0,0,1,0,20250831,20251223
GNE:GOAO063:63:063SA250831:I:23,0,0,0,0,0,1,0,20250831,20251223
GNE:GOAO063:63:063SA250831:I:24,0,0,0,0,0,1,0,20250831,20251223
GNE:GOAO063:63:063SA250831:I:25,0,0,0,0,0,1,0,20250831,20251223
GNE:GOAO063:63:063SA250831:I:26,0,0,0,0,0,1,0,20250831,20251223
GNE:GOAO063:63:063SA250831:I:27,0,0,0,0,0,1,0,20250831,20251223
GNE:GOAO063:63:063SA250831:I:28,0,0,0,0,0,1,0,20250831,20251223
GNE:GOAO063:63:063SA250831:I:29,0,0,0,0,0,1,0,20250831,20251223
GNE:GOAO063:63:063SA250831:I:30,0,0,0,0,0,1,0,20250831,20251223
GNE:GOAO063:63:063SA250831:I:31,0,0,0,0,0,1,0,20250831,20251223
GNE:GOAO063:63:063SA250831:I:32,0,0,0,0,0,1,0,20250831,20251223
GNE:GOAO063:63:063SA250831:I:33,0,0,0,0,0,1,0,20250831,20251223
GNE:GOAO063:63:063SA250831:I:34,0,0,0,0,0,1,0,20250831,20251223
GNE:GOAO063:63:063SA250831:I:35,0,0,0,0,0,1,0,20250831,20251223
GNE:GOAO063:63:063SA250831:I:36,0,0,0,0,0,1,0,20250831,20251223
GNE:GOAO063:63:063SA250831:I:37,0,0,0,0,0,1,0,20250831,20251223
GNE:GOAO063:63:063SA250831:I:38,0,0,0,0,0,1,0,20250831,20251223
GNE:GOAO063:63:063SA250831:I:39,0,0,0,0,0,1,0,20250831,20251223
GNE:GOAO063:63:063SA250831:I:40,0,0,0,0,0,1,0,20250831,20251223
GNE:GOAO063:63:063SA250831:I:41,0,0,0,0,0,1,0,20250831,20251223
GNE:GOAO063:63:063SA250831:I:42,0,0,0,0,0,1,0,20250831,20251223
GNE:GOAO063:63:063SA250831:I:43,0,0,0,0,0,1,0,20250831,20251223
GNE:GOAO063:63:063SA250831:I:44,0,0,0,0,0,1,0,20250831,20251223
GNE:GOAO063:63:063SA250831:I:45,0,0,0,0,0,1,0,20250831,20251223
GNE:GOAO063:63:063SA250831:I:46,0,0,0,0,0,1,0,20250831,20251223
GNE:GOAO063:63:063SA250831:I:47,0,0,0,0,0,1,0,20250831,20251223
GNE:GOAO063:63:063SA250831:I:48,0,0,0,0,0,1,0,20250831,20251223
GNE:GOAO063:63:063SA250831:I:49,0,0,0,0,0,1,0,20250831,20251223
GNE:GOAO063:63:063SA250831:I:50,0,0,0,0,0,1,0,20250831,20251223
GNE:GOAO063:63:063SA250831:I:51,0,0,0,0,0,1,0,20250831,20251223
GNE:GOAO063:63:063SU250831:O:1,0,0,0,0,0,0,1,20250831,20251223
GNE:GOAO063:63:063SU250831:O:2,0,0,0,0,0,0,1,20250831,20251223
GNE:GOAO063:63:063SU250831:O:3,0,0,0,0,0,0,1,20250831,20251223
GNE:GOAO063:63:063SU250831:O:4,0,0,0,0,0,0,1,20250831,20251223
GNE:GOAO063:63:063SU250831:O:5,0,0,0,0,0,0,1,20250831,20251223
GNE:GOAO063:63:063SU250831:O:6,0,0,0,0,0,0,1,20250831,20251223
GNE:GOAO063:63:063SU250831:O:7,0,0,0,0,0,0,1,20250831,20251223
GNE:GOAO063:63:063SU250831:O:8,0,0,0,0,0,0,1,20250831,20251223
GNE:GOAO063:63:063SU250831:O:9,0,0,0,0,0,0,1,20250831,20251223
GNE:GOAO063:63:063SU250831:O:10,0,0,0,0,0,0,1,20250831,20251223
GNE:GOAO063:63:063SU250831:O:11,0,0,0,0,0,0,1,20250831,20251223
GNE:GOAO063:63:063SU250831:O:12,0,0,0,0,0,0,1,20250831,20251223
GNE:GOAO063:63:063SU250831:O:13,0,0,0,0,0,0,1,20250831,20251223
GNE:GOAO063:63:063SU250831:O:14,0,0,0,0,0,0,1,20250831,20251223
GNE:GOAO063:63:063SU250831:O:15,0,0,0,0,0,0,1,20250831,20251223
GNE:GOAO063:63:063SU250831:O:16,0,0,0,0,0,0,1,20250831,20251223
GNE:GOAO063:63:063SU250831:O:17,0,0,0,0,0,0,1,20250831,20251223
GNE:GOAO063:63:063SU250831:O:18,0,0,0,0,0,0,1,20250831,20251223
GNE:GOAO063:63:063SU250831:O:19,0,0,0,0,0,0,1,20250831,20251223
GNE:GOAO063:63:063SU250831:O:20,0,0,0,0,0,0,1,20250831,20251223
GNE:GOAO063:63:063SU250831:O:21,0,0,0,0,0,0,1,20250831,20251223
GNE:GOAO063:63:063SU250831:O:22,0,0,0,0,0,0,1,20250831,20251223
GNE:GOAO063:63:063SU250831:O:23,0,0,0,0,0,0,1,20250831,20251223
GNE:GOAO063:63:063SU250831:O:24,0,0,0,0,0,0,1,20250831,20251223
GNE:GOAO063:63:063SU250831:O:25,0,0,0,0,0,0,1,20250831,20251223
GNE:GOAO063:63:063SU250831:O:26,0,0,0,0,0,0,1,20250831,20251223
GNE:GOAO063:63:063SU250831:O:27,0,0,0,0,0,0,1,20250831,20251223
GNE:GOAO063:63:063SU250831:I:1,0,0,0,0,0,0,1,20250831,20251223
GNE:GOAO063:63:063SU250831:I:2,0,0,0,0,0,0,1,20250831,20251223
GNE:GOAO063:63:063SU250831:I:3,0,0,0,0,0,0,1,20250831,20251223
GNE:GOAO063:63:063SU250831:I:4,0,0,0,0,0,0,1,20250831,20251223
GNE:GOAO063:63:063SU250831:I:5,0,0,0,0,0,0,1,20250831,20251223
GNE:GOAO063:63:063SU250831:I:6,0,0,0,0,0,0,1,20250831,20251223
GNE:GOAO063:63:063SU250831:I:7,0,0,0,0,0,0,1,20250831,20251223
GNE:GOAO063:63:063SU250831:I:8,0,0,0,0,0,0,1,20250831,20251223
GNE:GOAO063:63:063SU250831:I:9,0,0,0,0,0,0,1,20250831,20251223
GNE:GOAO063:63:063SU250831:I:10,0,0,0,0,0,0,1,20250831,20251223
GNE:GOAO063:63:063SU250831:I:11,0,0,0,0,0,0,1,20250831,20251223
GNE:GOAO063:63:063SU250831:I:12,0,0,0,0,0,0,1,20250831,20251223
GNE:GOAO063:63:063SU250831:I:13,0,0,0,0,0,0,1,20250831,20251223
GNE:GOAO063:63:063SU250831:I:14,0,0,0,0,0,0,1,20250831,20251223
GNE:GOAO063:63:063SU250831:I:15,0,0,0,0,0,0,1,20250831,20251223
GNE:GOAO063:63:063SU250831:I:16,0,0,0,0,0,0,1,20250831,20251223
GNE:GOAO063:63:063SU250831:I:17,0,0,0,0,0,0,1,20250831,20251223
GNE:GOAO063:63:063SU250831:I:18,0,0,0,0,0,0,1,20250831,20251223
GNE:GOAO063:63:063SU250831:I:19,0,0,0,0,0,0,1,20250831,20251223
GNE:GOAO063:63:063SU250831:I:20,0,0,0,0,0,0,1,20250831,20251223
GNE:GOAO063:63:063SU250831:I:21,0,0,0,0,0,0,1,20250831,20251223
GNE:GOAO063:63:063SU250831:I:22,0,0,0,0,0,0,1,20250831,20251223
GNE:GOAO063:63:063SU250831:I:23,0,0,0,0,0,0,1,20250831,20251223
GNE:GOAO063:63:063SU250831:I:24,0,0,0,0,0,0,1,20250831,20251223
GNE:GOAO063:63:063SU250831:I:25,0,0,0,0,0,0,1,20250831,20251223
GNE:GOAO063:63:063SU250831:I:26,0,0,0,0,0,0,1,20250831,20251223
GNE:GOAO065:65:065MF250831:O:1,1,1,1,1,1,0,0,20250831,20251223
GNE:GOAO065:65:065MF250831:O:2,1,1,1,1,1,0,0,20250831,20251223
GNE:GOAO065:65:065MF250831:O:3,1,1,1,1,1,0,0,20250831,20251223
GNE:GOAO065:65:065MF250831:O:4,1,1,1,1,1,0,0,20250831,20251223
GNE:GOAO065:65:065MF250831:O:5,1,1,1,1,1,0,0,20250831,20251223
GNE:GOAO065:65:065MF250831:O:6,1,1,1,1,1,0,0,20250831,20251223
GNE:GOAO065:65:065MF250831:O:7,1,1,1,1,1,0,0,20250831,20251223
GNE:GOAO065:65:065MF250831:O:8,1,1,1,1,1,0,0,20250831,20251223
GNE:GOAO065:65:065MF250831:O:9,1,1,1,1,1,0,0,20250831,20251223
GNE:GOAO065:65:065MF250831:O:10,1,1,1,1,1,0,0,20250831,20251223
GNE:GOAO065:65:065MF250831:O:11,1,1,1,1,1,0,0,20250831,20251223
GNE:GOAO065:65:065MF250831:O:12,1,1,1,1,1,0,0,20250831,20251223
GNE:GOAO065:65:065MF250831:O:13,1,1,1,1,1,0,0,20250831,20251223
GNE:GOAO065:65:065MF250831:O:14,1,1,1,1,1,0,0,20250831,20251223
GNE:GOAO065:65:065MF250831:O:15,1,1,1,1,1,0,0,20250831,20251223
GNE:GOAO065:65:065MF250831:O:16,1,1,1,1,1,0,0,20250831,20251223
GNE:GOAO065:65:065MF250831:O:17,1,1,1,1,1,0,0,20250831,20251223
GNE:GOAO065:65:065MF250831:O:18,1,1,1,1,1,0,0,20250831,20251223
GNE:GOAO065:65:065MF250831:O:19,1,1,1,1,1,0,0,20250831,20251223
GNE:GOAO065:65:065MF250831:O:20,1,1,1,1,1,0,0,20250831,20251223
GNE:GOAO065:65:065MF250831:O:21,1,1,1,1,1,0,0,20250831,20251223
GNE:GOAO065:65:065MF250831:O:22,1,1,1,1,1,0,0,20250831,20251223
GNE:GOAO065:65:065MF250831:O:23,1,1,1,1,1,0,0,20250831,20251223
GNE:GOAO065:65:065MF250831:O:24,1,1,1,1,1,0,0,20250831,20251223
GNE:GOAO065:65:065MF250831:I:1,1,1,1,1,1,0,0,20250831,20251223
GNE:GOAO065:65:065MF250831:I:2,1,1,1,1,1,0,0,20250831,20251223
GNE:GOAO065:65:065MF250831:I:3,1,1,1,1,1,0,0,20250831,20251223
GNE:GOAO065:65:065MF250831:I:4,1,1,1,1,1,0,0,20250831,20251223
GNE:GOAO065:65:065MF250831:I:5,1,1,1,1,1,0,0,20250831,20251223
GNE:GOAO065:65:065MF250831:I:6,1,1,1,1,1,0,0,20250831,20251223
GNE:GOAO065:65:065MF250831:I:7,1,1,1,1,1,0,0,20250831,20251223
GNE:GOAO065:65:065MF250831:I:8,1,1,1,1,1,0,0,20250831,20251223
GNE:GOAO065:65:065MF250831:I:9,1,1,1,1,1,0,0,20250831,20251223
GNE:GOAO065:65:065MF250831:I:10,1,1,1,1,1,0,0,20250831,20251223
GNE:GOAO065:65:065MF250831:I:11,1,1,1,1,1,0,0,20250831,20251223
GNE:GOAO065:65:065MF250831:I:12,1,1,1,1,1,0,0,20250831,20251223
GNE:GOAO065:65:065MF250831:I:13,1,1,1,1,1,0,0,20250831,20251223
GNE:GOAO065:65:065MF250831:I:14,1,1,1,1,1,0,0,20250831,20251223
GNE:GOAO065:65:065MF250831:I:15,1,1,1,1,1,0,0,20250831,20251223
GNE:GOAO065:65:065MF250831:I:16,1,1,1,1,1,0,0,20250831,20251223
GNE:GOAO065:65:065MF250831:I:17,1,1,1,1,1,0,0,20250831,20251223
GNE:GOAO065:65:065MF250831:I:18,1,1,1,1,1,0,0,20250831,20251223
GNE:GOAO065:65:065MF250831:I:19,1,1,1,1,1,0,0,20250831,20251223
GNE:GOAO065:65:065MF250831:I:20,1,1,1,1,1,0,0,20250831,20251223
GNE:GOAO065:65:065MF250831:I:21,1,1,1,1,1,0,0,20250831,20251223
GNE:GOAO065:65:065MF250831:I:22,1,1,1,1,1,0,0,20250831,20251223
GNE:GOAO065:65:065MF250831:I:23,1,1,1,1,1,0,0,20250831,20251223
GNE:GOAO065:65:065MF250831:I:24,1,1,1,1,1,0,0,20250831,20251223
GNE:GOAO065:65:065SA250831:O:1,0,0,0,0,0,1,0,20250831,20251223
GNE:GOAO065:65:065SA250831:O:2,0,0,0,0,0,1,0,20250831,20251223
GNE:GOAO065:65:065SA250831:O:3,0,0,0,0,0,1,0,20250831,20251223
GNE:GOAO065:65:065SA250831:O:4,0,0,0,0,0,1,0,20250831,20251223
GNE:GOAO065:65:065SA250831:O:5,0,0,0,0,0,1,0,20250831,20251223
GNE:GOAO065:65:065SA250831:O:6,0,0,0,0,0,1,0,20250831,20251223
GNE:GOAO065:65:065SA250831:O:7,0,0,0,0,0,1,0,20250831,20251223
GNE:GOAO065:65:065SA250831:O:8,0,0,0,0,0,1,0,20250831,20251223
GNE:GOAO065:65:065SA250831:O:9,0,0,0,0,0,1,0,20250831,20251223
GNE:GOAO065:65:065SA250831:O:10,0,0,0,0,0,1,0,20250831,20251223
GNE:GOAO065:65:065SA250831:O:11,0,0,0,0,0,1,0,20250831,20251223
GNE:GOAO065:65:065SA250831:O:12,0,0,0,0,0,1,0,20250831,20251223
GNE:GOAO065:65:065SA250831:O:13,0,0,0,0,0,1,0,20250831,20251223
GNE:GOAO065:65:065SA250831:O:14,0,0,0,0,0,1,0,20250831,20251223
GNE:GOAO065:65:065SA250831:O:15,0,0,0,0,0,1,0,20250831,20251223
GNE:GOAO065:65:065SA250831:O:16,0,0,0,0,0,1,0,20250831,20251223
GNE:GOAO065:65:065SA250831:O:17,0,0,0,0,0,1,0,20250831,20251223
GNE:GOAO065:65:065SA250831:O:18,0,0,0,0,0,1,0,20250831,20251223
GNE:GOAO065:65:065SA250831:O:19,0,0,0,0,0,1,0,20250831,20251223
GNE:GOAO065:65:065SA250831:O:20,0,0,0,0,0,1,0,20250831,20251223
GNE:GOAO065:65:065SA250831:O:21,0,0,0,0,0,1,0,20250831,20251223
GNE:GOAO065:65:065SA250831:I:1,0,0,0,0,0,1,0,20250831,20251223
GNE:GOAO065:65:065SA250831:I:2,0,0,0,0,0,1,0,20250831,20251223
GNE:GOAO065:65:065SA250831:I:3,0,0,0,0,0,1,0,20250831,20251223
GNE:GOAO065:65:065SA250831:I:4,0,0,0,0,0,1,0,20250831,20251223
GNE:GOAO065:65:065SA250831:I:5,0,0,0,0,0,1,0,20250831,20251223
GNE:GOAO065:65:065SA250831:I:6,0,0,0,0,0,1,0,20250831,20251223
GNE:GOAO065:65:065SA250831:I:7,0,0,0,0,0,1,0,20250831,20251223
GNE:GOAO065:65:065SA250831:I:8,0,0,0,0,0,1,0,20250831,20251223
GNE:GOAO065:65:065SA250831:I:9,0,0,0,0,0,1,0,20250831,20251223
GNE:GOAO065:65:065SA250831:I:10,0,0,0,0,0,1,0,20250831,20251223
GNE:GOAO065:65:065SA250831:I:11,0,0,0,0,0,1,0,20250831,20251223
GNE:GOAO065:65:065SA250831:I:12,0,0,0,0,0,1,0,20250831,20251223
GNE:GOAO065:65:065SA250831:I:13,0,0,0,0,0,1,0,20250831,20251223
GNE:GOAO065:65:065SA250831:I:14,0,0,0,0,0,1,0,20250831,20251223
GNE:GOAO065:65:065SA250831:I:15,0,0,0,0,0,1,0,20250831,20251223
GNE:GOAO065:65:065SA250831:I:16,0,0,0,0,0,1,0,20250831,20251223
GNE:GOAO065:65:065SA250831:I:17,0,0,0,0,0,1,0,20250831,20251223
GNE:GOAO065:65:065SA250831:I:18,0,0,0,0,0,1,0,20250831,20251223
GNE:GOAO065:65:065SA250831:I:19,0,0,0,0,0,1,0,20250831,20251223
GNE:GOAO065:65:065SA250831:I:20,0,0,0,0,0,1,0,20250831,20251223
GNE:GOAO065:65:065SA250831:I:21,0,0,0,0,0,1,0,20250831,20251223
GNE:GOAO065:65:065SA250831:I:22,0,0,0,0,0,1,0,20250831,20251223
GNE:GOAO065:65:065SU250831:O:1,0,0,0,0,0,0,1,20250831,20251223
GNE:GOAO065:65:065SU250831:O:2,0,0,0,0,0,0,1,20250831,20251223
GNE:GOAO065:65:065SU250831:O:3,0,0,0,0,0,0,1,20250831,20251223
GNE:GOAO065:65:065SU250831:O:4,0,0,0,0,0,0,1,20250831,20251223
GNE:GOAO065:65:065SU250831:O:5,0,0,0,0,0,0,1,20250831,20251223
GNE:GOAO065:65:065SU250831:O:6,0,0,0,0,0,0,1,20250831,20251223
GNE:GOAO065:65:065SU250831:O:7,0,0,0,0,0,0,1,20250831,20251223
GNE:GOAO065:65:065SU250831:O:8,0,0,0,0,0,0,1,20250831,20251223
GNE:GOAO065:65:065SU250831:O:9,0,0,0,0,0,0,1,20250831,20251223
GNE:GOAO065:65:065SU250831:O:10,0,0,0,0,0,0,1,20250831,20251223
GNE:GOAO065:65:065SU250831:I:1,0,0,0,0,0,0,1,20250831,20251223
GNE:GOAO065:65:065SU250831:I:2,0,0,0,0,0,0,1,20250831,20251223
GNE:GOAO065:65:065SU250831:I:3,0,0,0,0,0,0,1,20250831,20251223
GNE:GOAO065:65:065SU250831:I:4,0,0,0,0,0,0,1,20250831,20251223
GNE:GOAO065:65:065SU250831:I:5,0,0,0,0,0,0,1,20250831,20251223
GNE:GOAO065:65:065SU250831:I:6,0,0,0,0,0,0,1,20250831,20251223
GNE:GOAO065:65:065SU250831:I:7,0,0,0,0,0,0,1,20250831,20251223
GNE:GOAO065:65:065SU250831:I:8,0,0,0,0,0,0,1,20250831,20251223
GNE:GOAO065:65:065SU250831:I:9,0,0,0,0,0,0,1,20250831,20251223
GNE:GOAO065:65:065SU250831:I:10,0,0,0,0,0,0,1,20250831,20251223
GNE:GOAO067:67:067MF250831:O:1,1,1,1,1,1,0,0,20250831,20251223
GNE:GOAO067:67:067MF250831:O:2,1,1,1,1,1,0,0,20250831,20251223
GNE:GOAO067:67:067MF250831:O:3,1,1,1,1,1,0,0,20250831,20251223
GNE:GOAO067:67:067MF250831:O:4,1,1,1,1,1,0,0,20250831,20251223
GNE:GOAO067:67:067MF250831:O:5,1,1,1,1,1,0,0,20250831,20251223
GNE:GOAO067:67:067MF250831:O:6,1,1,1,1,1,0,0,20250831,20251223
GNE:GOAO067:67:067MF250831:O:7,1,1,1,1,1,0,0,20250831,20251223
GNE:GOAO067:67:067MF250831:O:8,1,1,1,1,1,0,0,20250831,20251223
GNE:GOAO067:67:067MF250831:O:9,1,1,1,1,1,0,0,20250831,20251223
GNE:GOAO067:67:067MF250831:O:10,1,1,1,1,1,0,0,20250831,20251223
GNE:GOAO067:67:067MF250831:O:11,1,1,1,1,1,0,0,20250831,20251223
GNE:GOAO067:67:067MF250831:O:12,1,1,1,1,1,0,0,20250831,20251223
GNE:GOAO067:67:067MF250831:O:13,1,1,1,1,1,0,0,20250831,20251223
GNE:GOAO067:67:067MF250831:O:14,1,1,1,1,1,0,0,20250831,20251223
GNE:GOAO067:67:067MF250831:O:15,1,1,1,1,1,0,0,20250831,20251223
GNE:GOAO067:67:067MF250831:O:16,1,1,1,1,1,0,0,20250831,20251223
GNE:GOAO067:67:067MF250831:O:17,1,1,1,1,1,0,0,20250831,20251223
GNE:GOAO067:67:067MF250831:I:1,1,1,1,1,1,0,0,20250831,20251223
GNE:GOAO067:67:067MF250831:I:2,1,1,1,1,1,0,0,20250831,20251223
GNE:GOAO067:67:067MF250831:I:3,1,1,1,1,1,0,0,20250831,20251223
GNE:GOAO067:67:067MF250831:I:4,1,1,1,1,1,0,0,20250831,20251223
GNE:GOAO067:67:067MF250831:I:5,1,1,1,1,1,0,0,20250831,20251223
GNE:GOAO067:67:067MF250831:I:6,1,1,1,1,1,0,0,20250831,20251223
GNE:GOAO067:67:067MF250831:I:7,1,1,1,1,1,0,0,20250831,20251223
GNE:GOAO067:67:067MF250831:I:8,1,1,1,1,1,0,0,20250831,20251223
GNE:GOAO067:67:067MF250831:I:9,1,1,1,1,1,0,0,20250831,20251223
GNE:GOAO067:67:067MF250831:I:10,1,1,1,1,1,0,0,20250831,20251223
GNE:GOAO067:67:067MF250831:I:11,1,1,1,1,1,0,0,20250831,20251223
GNE:GOAO067:67:067MF250831:I:12,1,1,1,1,1,0,0,20250831,20251223
GNE:GOAO067:67:067MF250831:I:13,1,1,1,1,1,0,0,20250831,20251223
GNE:GOAO067:67:067MF250831:I:14,1,1,1,1,1,0,0,20250831,20251223
GNE:GOAO067:67:067MF250831:I:15,1,1,1,1,1,0,0,20250831,20251223
GNE:GOAO067:67:067MF250831:I:16,1,1,1,1,1,0,0,20250831,20251223
GNE:GOAO067:67:067SA250831:O:1,0,0,0,0,0,1,0,20250831,20251223
GNE:GOAO067:67:067SA250831:O:2,0,0,0,0,0,1,0,20250831,20251223
GNE:GOAO067:67:067SA250831:O:3,0,0,0,0,0,1,0,20250831,20251223
GNE:GOAO067:67:067SA250831:O:4,0,0,0,0,0,1,0,20250831,20251223
GNE:GOAO067:67:067SA250831:O:5,0,0,0,0,0,1,0,20250831,20251223
GNE:GOAO067:67:067SA250831:O:6,0,0,0,0,0,1,0,20250831,20251223
GNE:GOAO067:67:067SA250831:O:7,0,0,0,0,0,1,0,20250831,20251223
GNE:GOAO067:67:067SA250831:O:8,0,0,0,0,0,1,0,20250831,20251223
GNE:GOAO067:67:067SA250831:O:9,0,0,0,0,0,1,0,20250831,20251223
GNE:GOAO067:67:067SA250831:O:10,0,0,0,0,0,1,0,20250831,20251223
GNE:GOAO067:67:067SA250831:O:11,0,0,0,0,0,1,0,20250831,20251223
GNE:GOAO067:67:067SA250831:O:12,0,0,0,0,0,1,0,20250831,20251223
GNE:GOAO067:67:067SA250831:O:13,0,0,0,0,0,1,0,20250831,20251223
GNE:GOAO067:67:067SA250831:O:14,0,0,0,0,0,1,0,20250831,20251223
GNE:GOAO067:67:067SA250831:O:15,0,0,0,0,0,1,0,20250831,20251223
GNE:GOAO067:67:067SA250831:O:16,0,0,0,0,0,1,0,20250831,20251223
GNE:GOAO067:67:067SA250831:O:17,0,0,0,0,0,1,0,20250831,20251223
GNE:GOAO067:67:067SA250831:I:1,0,0,0,0,0,1,0,20250831,20251223
GNE:GOAO067:67:067SA250831:I:2,0,0,0,0,0,1,0,20250831,20251223
GNE:GOAO067:67:067SA250831:I:3,0,0,0,0,0,1,0,20250831,20251223
GNE:GOAO067:67:067SA250831:I:4,0,0,0,0,0,1,0,20250831,20251223
GNE:GOAO067:67:067SA250831:I:5,0,0,0,0,0,1,0,20250831,20251223
GNE:GOAO067:67:067SA250831:I:6,0,0,0,0,0,1,0,20250831,20251223
GNE:GOAO067:67:067SA250831:I:7,0,0,0,0,0,1,0,20250831,20251223
GNE:GOAO067:67:067SA250831:I:8,0,0,0,0,0,1,0,20250831,20251223
GNE:GOAO067:67:067SA250831:I:9,0,0,0,0,0,1,0,20250831,20251223
GNE:GOAO067:67:067SA250831:I:10,0,0,0,0,0,1,0,20250831,20251223
GNE:GOAO067:67:067SA250831:I:11,0,0,0,0,0,1,0,20250831,20251223
GNE:GOAO067:67:067SA250831:I:12,0,0,0,0,0,1,0,20250831,20251223
GNE:GOAO067:67:067SA250831:I:13,0,0,0,0,0,1,0,20250831,20251223
GNE:GOAO067:67:067SA250831:I:14,0,0,0,0,0,1,0,20250831,20251223
GNE:GOAO067:67:067SA250831:I:15,0,0,0,0,0,1,0,20250831,20251223
GNE:GOAO067:67:067SA250831:I:16,0,0,0,0,0,1,0,20250831,20251223
GNE:GOAO067:67:067SU250831:O:1,0,0,0,0,0,0,1,20250831,20251223
GNE:GOAO067:67:067SU250831:O:2,0,0,0,0,0,0,1,20250831,20251223
GNE:GOAO067:67:067SU250831:O:3,0,0,0,0,0,0,1,20250831,20251223
GNE:GOAO067:67:067SU250831:O:4,0,0,0,0,0,0,1,20250831,20251223
GNE:GOAO067:67:067SU250831:O:5,0,0,0,0,0,0,1,20250831,20251223
GNE:GOAO067:67:067SU250831:O:6,0,0,0,0,0,0,1,20250831,20251223
GNE:GOAO067:67:067SU250831:O:7,0,0,0,0,0,0,1,20250831,20251223
GNE:GOAO067:67:067SU250831:O:8,0,0,0,0,0,0,1,20250831,20251223
GNE:GOAO067:67:067SU250831:O:9,0,0,0,0,0,0,1,20250831,20251223
GNE:GOAO067:67:067SU250831:O:10,0,0,0,0,0,0,1,20250831,20251223
GNE:GOAO067:67:067SU250831:O:11,0,0,0,0,0,0,1,20250831,20251223
GNE:GOAO067:67:067SU250831:O:12,0,0,0,0,0,0,1,20250831,20251223
GNE:GOAO067:67:067SU250831:O:13,0,0,0,0,0,0,1,20250831,20251223
GNE:GOAO067:67:067SU250831:O:14,0,0,0,0,0,0,1,20250831,20251223
GNE:GOAO067:67:067SU250831:O:15,0,0,0,0,0,0,1,20250831,20251223
GNE:GOAO067:67:067SU250831:O:16,0,0,0,0,0,0,1,20250831,20251223
GNE:GOAO067:67:067SU250831:O:17,0,0,0,0,0,0,1,20250831,20251223
GNE:GOAO067:67:067SU250831:I:1,0,0,0,0,0,0,1,20250831,20251223
GNE:GOAO067:67:067SU250831:I:2,0,0,0,0,0,0,1,20250831,20251223
GNE:GOAO067:67:067SU250831:I:3,0,0,0,0,0,0,1,20250831,20251223
GNE:GOAO067:67:067SU250831:I:4,0,0,0,0,0,0,1,20250831,20251223
GNE:GOAO067:67:067SU250831:I:5,0,0,0,0,0,0,1,20250831,20251223
GNE:GOAO067:67:067SU250831:I:6,0,0,0,0,0,0,1,20250831,20251223
GNE:GOAO067:67:067SU250831:I:7,0,0,0,0,0,0,1,20250831,20251223
GNE:GOAO067:67:067SU250831:I:8,0,0,0,0,0,0,1,20250831,20251223
GNE:GOAO067:67:067SU250831:I:9,0,0,0,0,0,0,1,20250831,20251223
GNE:GOAO067:67:067SU250831:I:10,0,0,0,0,0,0,1,20250831,20251223
GNE:GOAO067:67:067SU250831:I:11,0,0,0,0,0,0,1,20250831,20251223
GNE:GOAO067:67:067SU250831:I:12,0,0,0,0,0,0,1,20250831,20251223
GNE:GOAO067:67:067SU250831:I:13,0,0,0,0,0,0,1,20250831,20251223
GNE:GOAO067:67:067SU250831:I:14,0,0,0,0,0,0,1,20250831,20251223
GNE:GOAO067:67:067SU250831:I:15,0,0,0,0,0,0,1,20250831,20251223
GNE:GOAO067:67:067SU250831:I:16,0,0,0,0,0,0,1,20250831,20251223
GNE:GOAO069:69:069MF250831:O:1,1,1,1,1,1,0,0,20250831,20251223
GNE:GOAO069:69:069MF250831:O:2,1,1,1,1,1,0,0,20250831,20251223
GNE:GOAO069:69:069MF250831:O:3,1,1,1,1,1,0,0,20250831,20251223
GNE:GOAO069:69:069MF250831:O:4,1,1,1,1,1,0,0,20250831,20251223
GNE:GOAO069:69:069MF250831:O:5,1,1,1,1,1,0,0,20250831,20251223
GNE:GOAO069:69:069MF250831:O:6,1,1,1,1,1,0,0,20250831,20251223
GNE:GOAO069:69:069MF250831:O:7,1,1,1,1,1,0,0,20250831,20251223
GNE:GOAO069:69:069MF250831:O:8,1,1,1,1,1,0,0,20250831,20251223
GNE:GOAO069:69:069MF250831:O:9,1,1,1,1,1,0,0,20250831,20251223
GNE:GOAO069:69:069MF250831:O:10,1,1,1,1,1,0,0,20250831,20251223
GNE:GOAO069:69:069MF250831:O:11,1,1,1,1,1,0,0,20250831,20251223
GNE:GOAO069:69:069MF250831:O:12,1,1,1,1,1,0,0,20250831,20251223
GNE:GOAO069:69:069MF250831:O:13,1,1,1,1,1,0,0,20250831,20251223
GNE:GOAO069:69:069MF250831:O:14,1,1,1,1,1,0,0,20250831,20251223
GNE:GOAO069:69:069MF250831:O:15,1,1,1,1,1,0,0,20250831,20251223
GNE:GOAO069:69:069MF250831:O:16,1,1,1,1,1,0,0,20250831,20251223
GNE:GOAO069:69:069MF250831:O:17,1,1,1,1,1,0,0,20250831,20251223
GNE:GOAO069:69:069MF250831:I:1,1,1,1,1,1,0,0,20250831,20251223
GNE:GOAO069:69:069MF250831:I:2,1,1,1,1,1,0,0,20250831,20251223
GNE:GOAO069:69:069MF250831:I:3,1,1,1,1,1,0,0,20250831,20251223
GNE:GOAO069:69:069MF250831:I:4,1,1,1,1,1,0,0,20250831,20251223
GNE:GOAO069:69:069MF250831:I:5,1,1,1,1,1,0,0,20250831,20251223
GNE:GOAO069:69:069MF250831:I:6,1,1,1,1,1,0,0,20250831,20251223
GNE:GOAO069:69:069MF250831:I:7,1,1,1,1,1,0,0,20250831,20251223
GNE:GOAO069:69:069MF250831:I:8,1,1,1,1,1,0,0,20250831,20251223
GNE:GOAO069:69:069MF250831:I:9,1,1,1,1,1,0,0,20250831,20251223
GNE:GOAO069:69:069MF250831:I:10,1,1,1,1,1,0,0,20250831,20251223
GNE:GOAO069:69:069MF250831:I:11,1,1,1,1,1,0,0,20250831,20251223
GNE:GOAO069:69:069MF250831:I:12,1,1,1,1,1,0,0,20250831,20251223
GNE:GOAO069:69:069MF250831:I:13,1,1,1,1,1,0,0,20250831,20251223
GNE:GOAO069:69:069MF250831:I:14,1,1,1,1,1,0,0,20250831,20251223
GNE:GOAO069:69:069MF250831:I:15,1,1,1,1,1,0,0,20250831,20251223
GNE:GOAO069:69:069MF250831:I:16,1,1,1,1,1,0,0,20250831,20251223
GNE:GOAO069:69:069MF250831:I:17,1,1,1,1,1,0,0,20250831,20251223
GNE:GOAO069:69:069SA250831:O:1,0,0,0,0,0,1,0,20250831,20251223
GNE:GOAO069:69:069SA250831:O:2,0,0,0,0,0,1,0,20250831,20251223
GNE:GOAO069:69:069SA250831:O:3,0,0,0,0,0,1,0,20250831,20251223
GNE:GOAO069:69:069SA250831:O:4,0,0,0,0,0,1,0,20250831,20251223
GNE:GOAO069:69:069SA250831:O:5,0,0,0,0,0,1,0,20250831,20251223
GNE:GOAO069:69:069SA250831:O:6,0,0,0,0,0,1,0,20250831,20251223
GNE:GOAO069:69:069SA250831:O:7,0,0,0,0,0,1,0,20250831,20251223
GNE:GOAO069:69:069SA250831:O:8,0,0,0,0,0,1,0,20250831,20251223
GNE:GOAO069:69:069SA250831:O:9,0,0,0,0,0,1,0,20250831,20251223
GNE:GOAO069:69:069SA250831:O:10,0,0,0,0,0,1,0,20250831,20251223
GNE:GOAO069:69:069SA250831:O:11,0,0,0,0,0,1,0,20250831,20251223
GNE:GOAO069:69:069SA250831:O:12,0,0,0,0,0,1,0,20250831,20251223
GNE:GOAO069:69:069SA250831:O:13,0,0,0,0,0,1,0,20250831,20251223
GNE:GOAO069:69:069SA250831:O:14,0,0,0,0,0,1,0,20250831,20251223
GNE:GOAO069:69:069SA250831:O:15,0,0,0,0,0,1,0,20250831,20251223
GNE:GOAO069:69:069SA250831:O:16,0,0,0,0,0,1,0,20250831,20251223
GNE:GOAO069:69:069SA250831:O:17,0,0,0,0,0,1,0,20250831,20251223
GNE:GOAO069:69:069SA250831:I:1,0,0,0,0,0,1,0,20250831,20251223
GNE:GOAO069:69:069SA250831:I:2,0,0,0,0,0,1,0,20250831,20251223
GNE:GOAO069:69:069SA250831:I:3,0,0,0,0,0,1,0,20250831,20251223
GNE:GOAO069:69:069SA250831:I:4,0,0,0,0,0,1,0,20250831,20251223
GNE:GOAO069:69:069SA250831:I:5,0,0,0,0,0,1,0,20250831,20251223
GNE:GOAO069:69:069SA250831:I:6,0,0,0,0,0,1,0,20250831,20251223
GNE:GOAO069:69:069SA250831:I:7,0,0,0,0,0,1,0,20250831,20251223
GNE:GOAO069:69:069SA250831:I:8,0,0,0,0,0,1,0,20250831,20251223
GNE:GOAO069:69:069SA250831:I:9,0,0,0,0,0,1,0,20250831,20251223
GNE:GOAO069:69:069SA250831:I:10,0,0,0,0,0,1,0,20250831,20251223
GNE:GOAO069:69:069SA250831:I:11,0,0,0,0,0,1,0,20250831,20251223
GNE:GOAO069:69:069SA250831:I:12,0,0,0,0,0,1,0,20250831,20251223
GNE:GOAO069:69:069SA250831:I:13,0,0,0,0,0,1,0,20250831,20251223
GNE:GOAO069:69:069SA250831:I:14,0,0,0,0,0,1,0,20250831,20251223
GNE:GOAO069:69:069SA250831:I:15,0,0,0,0,0,1,0,20250831,20251223
GNE:GOAO069:69:069SA250831:I:16,0,0,0,0,0,1,0,20250831,20251223
GNE:GOAO069:69:069SA250831:I:17,0,0,0,0,0,1,0,20250831,20251223
GNE:GOAO069:69:069SU250831:O:1,0,0,0,0,0,0,1,20250831,20251223
GNE:GOAO069:69:069SU250831:O:2,0,0,0,0,0,0,1,20250831,20251223
GNE:GOAO069:69:069SU250831:O:3,0,0,0,0,0,0,1,20250831,20251223
GNE:GOAO069:69:069SU250831:O:4,0,0,0,0,0,0,1,20250831,20251223
GNE:GOAO069:69:069SU250831:O:5,0,0,0,0,0,0,1,20250831,20251223
GNE:GOAO069:69:069SU250831:O:6,0,0,0,0,0,0,1,20250831,20251223
GNE:GOAO069:69:069SU250831:O:7,0,0,0,0,0,0,1,20250831,20251223
GNE:GOAO069:69:069SU250831:O:8,0,0,0,0,0,0,1,20250831,20251223
GNE:GOAO069:69:069SU250831:O:9,0,0,0,0,0,0,1,20250831,20251223
GNE:GOAO069:69:069SU250831:O:10,0,0,0,0,0,0,1,20250831,20251223
GNE:GOAO069:69:069SU250831:O:11,0,0,0,0,0,0,1,20250831,20251223
GNE:GOAO069:69:069SU250831:O:12,0,0,0,0,0,0,1,20250831,20251223
GNE:GOAO069:69:069SU250831:O:13,0,0,0,0,0,0,1,20250831,20251223
GNE:GOAO069:69:069SU250831:O:14,0,0,0,0,0,0,1,20250831,20251223
GNE:GOAO069:69:069SU250831:O:15,0,0,0,0,0,0,1,20250831,20251223
GNE:GOAO069:69:069SU250831:O:16,0,0,0,0,0,0,1,20250831,20251223
GNE:GOAO069:69:069SU250831:O:17,0,0,0,0,0,0,1,20250831,20251223
GNE:GOAO069:69:069SU250831:I:1,0,0,0,0,0,0,1,20250831,20251223
GNE:GOAO069:69:069SU250831:I:2,0,0,0,0,0,0,1,20250831,20251223
GNE:GOAO069:69:069SU250831:I:3,0,0,0,0,0,0,1,20250831,20251223
GNE:GOAO069:69:069SU250831:I:4,0,0,0,0,0,0,1,20250831,20251223
GNE:GOAO069:69:069SU250831:I:5,0,0,0,0,0,0,1,20250831,20251223
GNE:GOAO069:69:069SU250831:I:6,0,0,0,0,0,0,1,20250831,20251223
GNE:GOAO069:69:069SU250831:I:7,0,0,0,0,0,0,1,20250831,20251223
GNE:GOAO069:69:069SU250831:I:8,0,0,0,0,0,0,1,20250831,20251223
GNE:GOAO069:69:069SU250831:I:9,0,0,0,0,0,0,1,20250831,20251223
GNE:GOAO069:69:069SU250831:I:10,0,0,0,0,0,0,1,20250831,20251223
GNE:GOAO069:69:069SU250831:I:11,0,0,0,0,0,0,1,20250831,20251223
GNE:GOAO069:69:069SU250831:I:12,0,0,0,0,0,0,1,20250831,20251223
GNE:GOAO069:69:069SU250831:I:13,0,0,0,0,0,0,1,20250831,20251223
GNE:GOAO069:69:069SU250831:I:14,0,0,0,0,0,0,1,20250831,20251223
GNE:GOAO069:69:069SU250831:I:15,0,0,0,0,0,0,1,20250831,20251223
GNE:GOAO069:69:069SU250831:I:16,0,0,0,0,0,0,1,20250831,20251223
GNE:GOAO069:69:069SU250831:I:17,0,0,0,0,0,0,1,20250831,20251223
GNE:GOAO074:74:074MF250831:O:1,1,1,1,1,1,0,0,20250831,20251223
GNE:GOAO074:74:074MF250831:O:2,1,1,1,1,1,0,0,20250831,20251223
GNE:GOAO074:74:074MF250831:O:3,1,1,1,1,1,0,0,20250831,20251223
GNE:GOAO074:74:074MF250831:O:4,1,1,1,1,1,0,0,20250831,20251223
GNE:GOAO074:74:074MF250831:I:1,1,1,1,1,1,0,0,20250831,20251223
GNE:GOAO074:74:074MF250831:I:2,1,1,1,1,1,0,0,20250831,20251223
GNE:GOAO074:74:074MF250831:I:3,1,1,1,1,1,0,0,20250831,20251223
GNE:GOAO074:74:074MF250831:I:4,1,1,1,1,1,0,0,20250831,20251223
GNE:GOAO074:74:074SA250831:O:1,0,0,0,0,0,1,0,20250831,20251223
GNE:GOAO074:74:074SA250831:O:2,0,0,0,0,0,1,0,20250831,20251223
GNE:GOAO074:74:074SA250831:O:3,0,0,0,0,0,1,0,20250831,20251223
GNE:GOAO074:74:074SA250831:O:4,0,0,0,0,0,1,0,20250831,20251223
GNE:GOAO074:74:074SA250831:O:5,0,0,0,0,0,1,0,20250831,20251223
GNE:GOAO074:74:074SA250831:O:6,0,0,0,0,0,1,0,20250831,20251223
GNE:GOAO074:74:074SA250831:I:1,0,0,0,0,0,1,0,20250831,20251223
GNE:GOAO074:74:074SA250831:I:2,0,0,0,0,0,1,0,20250831,20251223
GNE:GOAO074:74:074SA250831:I:3,0,0,0,0,0,1,0,20250831,20251223
GNE:GOAO074:74:074SA250831:I:4,0,0,0,0,0,1,0,20250831,20251223
GNE:GOAO074:74:074SA250831:I:5,0,0,0,0,0,1,0,20250831,20251223
GNE:GOAO074:74:074SA250831:I:6,0,0,0,0,0,1,0,20250831,20251223
GNE:GOAO078:78:078MF250831:O:1,1,1,1,1,1,0,0,20250831,20251223
GNE:GOAO078:78:078MF250831:O:2,1,1,1,1,1,0,0,20250831,20251223
GNE:GOAO078:78:078MF250831:O:3,1,1,1,1,1,0,0,20250831,20251223
GNE:GOAO078:78:078MF250831:O:4,1,1,1,1,1,0,0,20250831,20251223
GNE:GOAO078:78:078MF250831:O:5,1,1,1,1,1,0,0,20250831,20251223
GNE:GOAO078:78:078MF250831:O:6,1,1,1,1,1,0,0,20250831,20251223
GNE:GOAO078:78:078MF250831:O:7,1,1,1,1,1,0,0,20250831,20251223
GNE:GOAO078:78:078MF250831:O:8,1,1,1,1,1,0,0,20250831,20251223
GNE:GOAO078:78:078MF250831:O:9,1,1,1,1,1,0,0,20250831,20251223
GNE:GOAO078:78:078MF250831:O:10,1,1,1,1,1,0,0,20250831,20251223
GNE:GOAO078:78:078MF250831:O:11,1,1,1,1,1,0,0,20250831,20251223
GNE:GOAO078:78:078MF250831:O:12,1,1,1,1,1,0,0,20250831,20251223
GNE:GOAO078:78:078MF250831:O:13,1,1,1,1,1,0,0,20250831,20251223
GNE:GOAO078:78:078MF250831:O:14,1,1,1,1,1,0,0,20250831,20251223
GNE:GOAO078:78:078MF250831:O:15,1,1,1,1,1,0,0,20250831,20251223
GNE:GOAO078:78:078MF250831:O:16,1,1,1,1,1,0,0,20250831,20251223
GNE:GOAO078:78:078MF250831:O:17,1,1,1,1,1,0,0,20250831,20251223
GNE:GOAO078:78:078MF250831:O:18,1,1,1,1,1,0,0,20250831,20251223
GNE:GOAO078:78:078MF250831:O:19,1,1,1,1,1,0,0,20250831,20251223
GNE:GOAO078:78:078MF250831:O:20,1,1,1,1,1,0,0,20250831,20251223
GNE:GOAO078:78:078MF250831:O:21,1,1,1,1,1,0,0,20250831,20251223
GNE:GOAO078:78:078MF250831:O:22,1,1,1,1,1,0,0,20250831,20251223
GNE:GOAO078:78:078MF250831:O:23,1,1,1,1,1,0,0,20250831,20251223
GNE:GOAO078:78:078MF250831:O:24,1,1,1,1,1,0,0,20250831,20251223
GNE:GOAO078:78:078MF250831:O:25,1,1,1,1,1,0,0,20250831,20251223
GNE:GOAO078:78:078MF250831:O:26,1,1,1,1,1,0,0,20250831,20251223
GNE:GOAO078:78:078MF250831:O:27,1,1,1,1,1,0,0,20250831,20251223
GNE:GOAO078:78:078MF250831:O:28,1,1,1,1,1,0,0,20250831,20251223
GNE:GOAO078:78:078MF250831:O:29,1,1,1,1,1,0,0,20250831,20251223
GNE:GOAO078:78:078MF250831:O:30,1,1,1,1,1,0,0,20250831,20251223
GNE:GOAO078:78:078MF250831:I:1,1,1,1,1,1,0,0,20250831,20251223
GNE:GOAO078:78:078MF250831:I:2,1,1,1,1,1,0,0,20250831,20251223
GNE:GOAO078:78:078MF250831:I:3,1,1,1,1,1,0,0,20250831,20251223
GNE:GOAO078:78:078MF250831:I:4,1,1,1,1,1,0,0,20250831,20251223
GNE:GOAO078:78:078MF250831:I:5,1,1,1,1,1,0,0,20250831,20251223
GNE:GOAO078:78:078MF250831:I:6,1,1,1,1,1,0,0,20250831,20251223
GNE:GOAO078:78:078MF250831:I:7,1,1,1,1,1,0,0,20250831,20251223
GNE:GOAO078:78:078MF250831:I:8,1,1,1,1,1,0,0,20250831,20251223
GNE:GOAO078:78:078MF250831:I:9,1,1,1,1,1,0,0,20250831,20251223
GNE:GOAO078:78:078MF250831:I:10,1,1,1,1,1,0,0,20250831,20251223
GNE:GOAO078:78:078MF250831:I:11,1,1,1,1,1,0,0,20250831,20251223
GNE:GOAO078:78:078MF250831:I:12,1,1,1,1,1,0,0,20250831,20251223
GNE:GOAO078:78:078MF250831:I:13,1,1,1,1,1,0,0,20250831,20251223
GNE:GOAO078:78:078MF250831:I:14,1,1,1,1,1,0,0,20250831,20251223
GNE:GOAO078:78:078MF250831:I:15,1,1,1,1,1,0,0,20250831,20251223
GNE:GOAO078:78:078MF250831:I:16,1,1,1,1,1,0,0,20250831,20251223
GNE:GOAO078:78:078MF250831:I:17,1,1,1,1,1,0,0,20250831,20251223
GNE:GOAO078:78:078MF250831:I:18,1,1,1,1,1,0,0,20250831,20251223
GNE:GOAO078:78:078MF250831:I:19,1,1,1,1,1,0,0,20250831,20251223
GNE:GOAO078:78:078MF250831:I:20,1,1,1,1,1,0,0,20250831,20251223
GNE:GOAO078:78:078MF250831:I:21,1,1,1,1,1,0,0,20250831,20251223
GNE:GOAO078:78:078MF250831:I:22,1,1,1,1,1,0,0,20250831,20251223
GNE:GOAO078:78:078MF250831:I:23,1,1,1,1,1,0,0,20250831,20251223
GNE:GOAO078:78:078MF250831:I:24,1,1,1,1,1,0,0,20250831,20251223
GNE:GOAO078:78:078MF250831:I:25,1,1,1,1,1,0,0,20250831,20251223
GNE:GOAO078:78:078MF250831:I:26,1,1,1,1,1,0,0,20250831,20251223
GNE:GOAO078:78:078MF250831:I:27,1,1,1,1,1,0,0,20250831,20251223
GNE:GOAO078:78:078MF250831:I:28,1,1,1,1,1,0,0,20250831,20251223
GNE:GOAO078:78:078MF250831:I:29,1,1,1,1,1,0,0,20250831,20251223
GNE:GOAO078:78:078MF250831:I:30,1,1,1,1,1,0,0,20250831,20251223
GNE:GOAO078:78:078MF250831:I:31,1,1,1,1,1,0,0,20250831,20251223
GNE:GOAO078:78:078SA250831:O:1,0,0,0,0,0,1,0,20250831,20251223
GNE:GOAO078:78:078SA250831:O:2,0,0,0,0,0,1,0,20250831,20251223
GNE:GOAO078:78:078SA250831:O:3,0,0,0,0,0,1,0,20250831,20251223
GNE:GOAO078:78:078SA250831:O:4,0,0,0,0,0,1,0,20250831,20251223
GNE:GOAO078:78:078SA250831:O:5,0,0,0,0,0,1,0,20250831,20251223
GNE:GOAO078:78:078SA250831:O:6,0,0,0,0,0,1,0,20250831,20251223
GNE:GOAO078:78:078SA250831:O:7,0,0,0,0,0,1,0,20250831,20251223
GNE:GOAO078:78:078SA250831:O:8,0,0,0,0,0,1,0,20250831,20251223
GNE:GOAO078:78:078SA250831:O:9,0,0,0,0,0,1,0,20250831,20251223
GNE:GOAO078:78:078SA250831:O:10,0,0,0,0,0,1,0,20250831,20251223
GNE:GOAO078:78:078SA250831:O:11,0,0,0,0,0,1,0,20250831,20251223
GNE:GOAO078:78:078SA250831:O:12,0,0,0,0,0,1,0,20250831,20251223
GNE:GOAO078:78:078SA250831:O:13,0,0,0,0,0,1,0,20250831,20251223
GNE:GOAO078:78:078SA250831:O:14,0,0,0,0,0,1,0,20250831,20251223
GNE:GOAO078:78:078SA250831:O:15,0,0,0,0,0,1,0,20250831,20251223
GNE:GOAO078:78:078SA250831:O:16,0,0,0,0,0,1,0,20250831,20251223
GNE:GOAO078:78:078SA250831:O:17,0,0,0,0,0,1,0,20250831,20251223
GNE:GOAO078:78:078SA250831:O:18,0,0,0,0,0,1,0,20250831,20251223
GNE:GOAO078:78:078SA250831:O:19,0,0,0,0,0,1,0,20250831,20251223
GNE:GOAO078:78:078SA250831:O:20,0,0,0,0,0,1,0,20250831,20251223
GNE:GOAO078:78:078SA250831:O:21,0,0,0,0,0,1,0,20250831,20251223
GNE:GOAO078:78:078SA250831:O:22,0,0,0,0,0,1,0,20250831,20251223
GNE:GOAO078:78:078SA250831:O:23,0,0,0,0,0,1,0,20250831,20251223
GNE:GOAO078:78:078SA250831:O:24,0,0,0,0,0,1,0,20250831,20251223
GNE:GOAO078:78:078SA250831:O:25,0,0,0,0,0,1,0,20250831,20251223
GNE:GOAO078:78:078SA250831:O:26,0,0,0,0,0,1,0,20250831,20251223
GNE:GOAO078:78:078SA250831:O:27,0,0,0,0,0,1,0,20250831,20251223
GNE:GOAO078:78:078SA250831:I:1,0,0,0,0,0,1,0,20250831,20251223
GNE:GOAO078:78:078SA250831:I:2,0,0,0,0,0,1,0,20250831,20251223
GNE:GOAO078:78:078SA250831:I:3,0,0,0,0,0,1,0,20250831,20251223
GNE:GOAO078:78:078SA250831:I:4,0,0,0,0,0,1,0,20250831,20251223
GNE:GOAO078:78:078SA250831:I:5,0,0,0,0,0,1,0,20250831,20251223
GNE:GOAO078:78:078SA250831:I:6,0,0,0,0,0,1,0,20250831,20251223
GNE:GOAO078:78:078SA250831:I:7,0,0,0,0,0,1,0,20250831,20251223
GNE:GOAO078:78:078SA250831:I:8,0,0,0,0,0,1,0,20250831,20251223
GNE:GOAO078:78:078SA250831:I:9,0,0,0,0,0,1,0,20250831,20251223
GNE:GOAO078:78:078SA250831:I:10,0,0,0,0,0,1,0,20250831,20251223
GNE:GOAO078:78:078SA250831:I:11,0,0,0,0,0,1,0,20250831,20251223
GNE:GOAO078:78:078SA250831:I:12,0,0,0,0,0,1,0,20250831,20251223
GNE:GOAO078:78:078SA250831:I:13,0,0,0,0,0,1,0,20250831,20251223
GNE:GOAO078:78:078SA250831:I:14,0,0,0,0,0,1,0,20250831,20251223
GNE:GOAO078:78:078SA250831:I:15,0,0,0,0,0,1,0,20250831,20251223
GNE:GOAO078:78:078SA250831:I:16,0,0,0,0,0,1,0,20250831,20251223
GNE:GOAO078:78:078SA250831:I:17,0,0,0,0,0,1,0,20250831,20251223
GNE:GOAO078:78:078SA250831:I:18,0,0,0,0,0,1,0,20250831,20251223
GNE:GOAO078:78:078SA250831:I:19,0,0,0,0,0,1,0,20250831,20251223
GNE:GOAO078:78:078SA250831:I:20,0,0,0,0,0,1,0,20250831,20251223
GNE:GOAO078:78:078SA250831:I:21,0,0,0,0,0,1,0,20250831,20251223
GNE:GOAO078:78:078SA250831:I:22,0,0,0,0,0,1,0,20250831,20251223
GNE:GOAO078:78:078SA250831:I:23,0,0,0,0,0,1,0,20250831,20251223
GNE:GOAO078:78:078SA250831:I:24,0,0,0,0,0,1,0,20250831,20251223
GNE:GOAO078:78:078SA250831:I:25,0,0,0,0,0,1,0,20250831,20251223
GNE:GOAO078:78:078SA250831:I:26,0,0,0,0,0,1,0,20250831,20251223
GNE:GOAO078:78:078SA250831:I:27,0,0,0,0,0,1,0,20250831,20251223
GNE:GOAO078:78:078SA250831:I:28,0,0,0,0,0,1,0,20250831,20251223
GNE:GOAO078:78:078SA250831:I:29,0,0,0,0,0,1,0,20250831,20251223
GNE:GOAO078:78:078SU250831:O:1,0,0,0,0,0,0,1,20250831,20251223
GNE:GOAO078:78:078SU250831:O:2,0,0,0,0,0,0,1,20250831,20251223
GNE:GOAO078:78:078SU250831:O:3,0,0,0,0,0,0,1,20250831,20251223
GNE:GOAO078:78:078SU250831:O:4,0,0,0,0,0,0,1,20250831,20251223
GNE:GOAO078:78:078SU250831:O:5,0,0,0,0,0,0,1,20250831,20251223
GNE:GOAO078:78:078SU250831:O:6,0,0,0,0,0,0,1,20250831,20251223
GNE:GOAO078:78:078SU250831:O:7,0,0,0,0,0,0,1,20250831,20251223
GNE:GOAO078:78:078SU250831:O:8,0,0,0,0,0,0,1,20250831,20251223
GNE:GOAO078:78:078SU250831:O:9,0,0,0,0,0,0,1,20250831,20251223
GNE:GOAO078:78:078SU250831:O:10,0,0,0,0,0,0,1,20250831,20251223
GNE:GOAO078:78:078SU250831:O:11,0,0,0,0,0,0,1,20250831,20251223
GNE:GOAO078:78:078SU250831:O:12,0,0,0,0,0,0,1,20250831,20251223
GNE:GOAO078:78:078SU250831:O:13,0,0,0,0,0,0,1,20250831,20251223
GNE:GOAO078:78:078SU250831:O:14,0,0,0,0,0,0,1,20250831,20251223
GNE:GOAO078:78:078SU250831:O:15,0,0,0,0,0,0,1,20250831,20251223
GNE:GOAO078:78:078SU250831:O:16,0,0,0,0,0,0,1,20250831,20251223
GNE:GOAO078:78:078SU250831:I:1,0,0,0,0,0,0,1,20250831,20251223
GNE:GOAO078:78:078SU250831:I:2,0,0,0,0,0,0,1,20250831,20251223
GNE:GOAO078:78:078SU250831:I:3,0,0,0,0,0,0,1,20250831,20251223
GNE:GOAO078:78:078SU250831:I:4,0,0,0,0,0,0,1,20250831,20251223
GNE:GOAO078:78:078SU250831:I:5,0,0,0,0,0,0,1,20250831,20251223
GNE:GOAO078:78:078SU250831:I:6,0,0,0,0,0,0,1,20250831,20251223
GNE:GOAO078:78:078SU250831:I:7,0,0,0,0,0,0,1,20250831,20251223
GNE:GOAO078:78:078SU250831:I:8,0,0,0,0,0,0,1,20250831,20251223
GNE:GOAO078:78:078SU250831:I:9,0,0,0,0,0,0,1,20250831,20251223
GNE:GOAO078:78:078SU250831:I:10,0,0,0,0,0,0,1,20250831,20251223
GNE:GOAO078:78:078SU250831:I:11,0,0,0,0,0,0,1,20250831,20251223
GNE:GOAO078:78:078SU250831:I:12,0,0,0,0,0,0,1,20250831,20251223
GNE:GOAO078:78:078SU250831:I:13,0,0,0,0,0,0,1,20250831,20251223
GNE:GOAO078:78:078SU250831:I:14,0,0,0,0,0,0,1,20250831,20251223
GNE:GOAO078:78:078SU250831:I:15,0,0,0,0,0,0,1,20250831,20251223
GNE:GOAO078:78:078SU250831:I:16,0,0,0,0,0,0,1,20250831,20251223
GNE:GOAO081:81:081MF250831:O:1,1,1,1,1,1,0,0,20250831,20251223
GNE:GOAO081:81:081MF250831:O:2,1,1,1,1,1,0,0,20250831,20251223
GNE:GOAO081:81:081MF250831:O:3,1,1,1,1,1,0,0,20250831,20251223
GNE:GOAO081:81:081MF250831:O:4,1,1,1,1,1,0,0,20250831,20251223
GNE:GOAO081:81:081MF250831:O:5,1,1,1,1,1,0,0,20250831,20251223
GNE:GOAO081:81:081MF250831:O:6,1,1,1,1,1,0,0,20250831,20251223
GNE:GOAO081:81:081MF250831:O:7,1,1,1,1,1,0,0,20250831,20251223
GNE:GOAO081:81:081MF250831:O:8,1,1,1,1,1,0,0,20250831,20251223
GNE:GOAO081:81:081MF250831:O:9,1,1,1,1,1,0,0,20250831,20251223
GNE:GOAO081:81:081MF250831:O:10,1,1,1,1,1,0,0,20250831,20251223
GNE:GOAO081:81:081MF250831:O:11,1,1,1,1,1,0,0,20250831,20251223
GNE:GOAO081:81:081MF250831:I:1,1,1,1,1,1,0,0,20250831,20251223
GNE:GOAO081:81:081MF250831:I:2,1,1,1,1,1,0,0,20250831,20251223
GNE:GOAO081:81:081MF250831:I:3,1,1,1,1,1,0,0,20250831,20251223
GNE:GOAO081:81:081MF250831:I:4,1,1,1,1,1,0,0,20250831,20251223
GNE:GOAO081:81:081MF250831:I:5,1,1,1,1,1,0,0,20250831,20251223
GNE:GOAO081:81:081SA250831:O:1,0,0,0,0,0,1,0,20250831,20251223
GNE:GOAO081:81:081SA250831:O:2,0,0,0,0,0,1,0,20250831,20251223
GNE:GOAO081:81:081SA250831:O:3,0,0,0,0,0,1,0,20250831,20251223
GNE:GOAO081:81:081SA250831:O:4,0,0,0,0,0,1,0,20250831,20251223
GNE:GOAO081:81:081SA250831:O:5,0,0,0,0,0,1,0,20250831,20251223
GNE:GOAO081:81:081SA250831:O:6,0,0,0,0,0,1,0,20250831,20251223
GNE:GOAO081:81:081SA250831:O:7,0,0,0,0,0,1,0,20250831,20251223
GNE:GOAO081:81:081SA250831:O:8,0,0,0,0,0,1,0,20250831,20251223
GNE:GOAO081:81:081SA250831:O:9,0,0,0,0,0,1,0,20250831,20251223
GNE:GOAO081:81:081SA250831:O:10,0,0,0,0,0,1,0,20250831,20251223
GNE:GOAO081:81:081SA250831:O:11,0,0,0,0,0,1,0,20250831,20251223
GNE:GOAO081:81:081SA250831:I:1,0,0,0,0,0,1,0,20250831,20251223
GNE:GOAO081:81:081SA250831:I:2,0,0,0,0,0,1,0,20250831,20251223
GNE:GOAO081:81:081SA250831:I:3,0,0,0,0,0,1,0,20250831,20251223
GNE:GOAO081:81:081SA250831:I:4,0,0,0,0,0,1,0,20250831,20251223
GNE:GOAO081:81:081SA250831:I:5,0,0,0,0,0,1,0,20250831,20251223
GNE:GOAO081:81:081SU250831:O:1,0,0,0,0,0,0,1,20250831,20251223
GNE:GOAO081:81:081SU250831:O:2,0,0,0,0,0,0,1,20250831,20251223
GNE:GOAO081:81:081SU250831:O:3,0,0,0,0,0,0,1,20250831,20251223
GNE:GOAO081:81:081SU250831:O:4,0,0,0,0,0,0,1,20250831,20251223
GNE:GOAO081:81:081SU250831:O:5,0,0,0,0,0,0,1,20250831,20251223
GNE:GOAO081:81:081SU250831:O:6,0,0,0,0,0,0,1,20250831,20251223
GNE:GOAO081:81:081SU250831:O:7,0,0,0,0,0,0,1,20250831,20251223
GNE:GOAO081:81:081SU250831:O:8,0,0,0,0,0,0,1,20250831,20251223
GNE:GOAO081:81:081SU250831:O:9,0,0,0,0,0,0,1,20250831,20251223
GNE:GOAO081:81:081SU250831:O:10,0,0,0,0,0,0,1,20250831,20251223
GNE:GOAO081:81:081SU250831:O:11,0,0,0,0,0,0,1,20250831,20251223
GNE:GOAO081:81:081SU250831:O:12,0,0,0,0,0,0,1,20250831,20251223
GNE:GOAO081:81:081SU250831:O:13,0,0,0,0,0,0,1,20250831,20251223
GNE:GOAO081:81:081SU250831:O:14,0,0,0,0,0,0,1,20250831,20251223
GNE:GOAO081:81:081SU250831:O:15,0,0,0,0,0,0,1,20250831,20251223
GNE:GOAO081:81:081SU250831:O:16,0,0,0,0,0,0,1,20250831,20251223
GNE:GOAO081:81:081SU250831:O:17,0,0,0,0,0,0,1,20250831,20251223
GNE:GOAO081:81:081SU250831:O:18,0,0,0,0,0,0,1,20250831,20251223
GNE:GOAO081:81:081SU250831:O:19,0,0,0,0,0,0,1,20250831,20251223
GNE:GOAO081:81:081SU250831:O:20,0,0,0,0,0,0,1,20250831,20251223
GNE:GOAO081:81:081SU250831:O:21,0,0,0,0,0,0,1,20250831,20251223
GNE:GOAO081:81:081SU250831:O:22,0,0,0,0,0,0,1,20250831,20251223
GNE:GOAO081:81:081SU250831:O:23,0,0,0,0,0,0,1,20250831,20251223
GNE:GOAO081:81:081SU250831:I:1,0,0,0,0,0,0,1,20250831,20251223
GNE:GOAO081:81:081SU250831:I:2,0,0,0,0,0,0,1,20250831,20251223
GNE:GOAO081:81:081SU250831:I:3,0,0,0,0,0,0,1,20250831,20251223
GNE:GOAO081:81:081SU250831:I:4,0,0,0,0,0,0,1,20250831,20251223
GNE:GOAO081:81:081SU250831:I:5,0,0,0,0,0,0,1,20250831,20251223
GNE:GOAO081:81:081SU250831:I:6,0,0,0,0,0,0,1,20250831,20251223
GNE:GOAO081:81:081SU250831:I:7,0,0,0,0,0,0,1,20250831,20251223
GNE:GOAO081:81:081SU250831:I:8,0,0,0,0,0,0,1,20250831,20251223
GNE:GOAO081:81:081SU250831:I:9,0,0,0,0,0,0,1,20250831,20251223
GNE:GOAO081:81:081SU250831:I:10,0,0,0,0,0,0,1,20250831,20251223
GNE:GOAO081:81:081SU250831:I:11,0,0,0,0,0,0,1,20250831,20251223
GNE:GOAO081:81:081SU250831:I:12,0,0,0,0,0,0,1,20250831,20251223
GNE:GOAO081:81:081SU250831:I:13,0,0,0,0,0,0,1,20250831,20251223
GNE:GOAO081:81:081SU250831:I:14,0,0,0,0,0,0,1,20250831,20251223
GNE:GOAO081:81:081SU250831:I:15,0,0,0,0,0,0,1,20250831,20251223
GNE:GOAO081:81:081SU250831:I:16,0,0,0,0,0,0,1,20250831,20251223
GNE:GOAO081:81:081SU250831:I:17,0,0,0,0,0,0,1,20250831,20251223
GNE:GOAO084:84:084MF250831:O:1,1,1,1,1,1,0,0,20250831,20251223
GNE:GOAO084:84:084MF250831:O:2,1,1,1,1,1,0,0,20250831,20251223
GNE:GOAO084:84:084MF250831:O:3,1,1,1,1,1,0,0,20250831,20251223
GNE:GOAO084:84:084MF250831:O:4,1,1,1,1,1,0,0,20250831,20251223
GNE:GOAO084:84:084MF250831:O:5,1,1,1,1,1,0,0,20250831,20251223
GNE:GOAO084:84:084MF250831:O:6,1,1,1,1,1,0,0,20250831,20251223
GNE:GOAO084:84:084MF250831:O:7,1,1,1,1,1,0,0,20250831,20251223
GNE:GOAO084:84:084MF250831:O:8,1,1,1,1,1,0,0,20250831,20251223
GNE:GOAO084:84:084MF250831:O:9,1,1,1,1,1,0,0,20250831,20251223
GNE:GOAO084:84:084MF250831:O:10,1,1,1,1,1,0,0,20250831,20251223
GNE:GOAO084:84:084MF250831:O:11,1,1,1,1,1,0,0,20250831,20251223
GNE:GOAO084:84:084MF250831:O:12,1,1,1,1,1,0,0,20250831,20251223
GNE:GOAO084:84:084MF250831:O:13,1,1,1,1,1,0,0,20250831,20251223
GNE:GOAO084:84:084MF250831:O:14,1,1,1,1,1,0,0,20250831,20251223
GNE:GOAO084:84:084MF250831:O:15,1,1,1,1,1,0,0,20250831,20251223
GNE:GOAO084:84:084MF250831:O:16,1,1,1,1,1,0,0,20250831,20251223
GNE:GOAO084:84:084MF250831:O:17,1,1,1,1,1,0,0,20250831,20251223
GNE:GOAO084:84:084MF250831:O:18,1,1,1,1,1,0,0,20250831,20251223
GNE:GOAO084:84:084MF250831:O:19,1,1,1,1,1,0,0,20250831,20251223
GNE:GOAO084:84:084MF250831:O:20,1,1,1,1,1,0,0,20250831,20251223
GNE:GOAO084:84:084MF250831:O:21,1,1,1,1,1,0,0,20250831,20251223
GNE:GOAO084:84:084MF250831:O:22,1,1,1,1,1,0,0,20250831,20251223
GNE:GOAO084:84:084MF250831:O:23,1,1,1,1,1,0,0,20250831,20251223
GNE:GOAO084:84:084MF250831:O:24,1,1,1,1,1,0,0,20250831,20251223
GNE:GOAO084:84:084MF250831:O:25,1,1,1,1,1,0,0,20250831,20251223
GNE:GOAO084:84:084MF250831:O:26,1,1,1,1,1,0,0,20250831,20251223
GNE:GOAO084:84:084MF250831:O:27,1,1,1,1,1,0,0,20250831,20251223
GNE:GOAO084:84:084MF250831:O:28,1,1,1,1,1,0,0,20250831,20251223
GNE:GOAO084:84:084MF250831:O:29,1,1,1,1,1,0,0,20250831,20251223
GNE:GOAO084:84:084MF250831:O:30,1,1,1,1,1,0,0,20250831,20251223
GNE:GOAO084:84:084MF250831:O:31,1,1,1,1,1,0,0,20250831,20251223
GNE:GOAO084:84:084MF250831:O:32,1,1,1,1,1,0,0,20250831,20251223
GNE:GOAO084:84:084MF250831:O:33,1,1,1,1,1,0,0,20250831,20251223
GNE:GOAO084:84:084MF250831:O:34,1,1,1,1,1,0,0,20250831,20251223
GNE:GOAO084:84:084MF250831:O:35,1,1,1,1,1,0,0,20250831,20251223
GNE:GOAO084:84:084MF250831:O:36,1,1,1,1,1,0,0,20250831,20251223
GNE:GOAO084:84:084MF250831:O:37,1,1,1,1,1,0,0,20250831,20251223
GNE:GOAO084:84:084MF250831:O:38,1,1,1,1,1,0,0,20250831,20251223
GNE:GOAO084:84:084MF250831:O:39,1,1,1,1,1,0,0,20250831,20251223
GNE:GOAO084:84:084MF250831:O:40,1,1,1,1,1,0,0,20250831,20251223
GNE:GOAO084:84:084MF250831:O:41,1,1,1,1,1,0,0,20250831,20251223
GNE:GOAO084:84:084MF250831:O:42,1,1,1,1,1,0,0,20250831,20251223
GNE:GOAO084:84:084MF250831:O:43,1,1,1,1,1,0,0,20250831,20251223
GNE:GOAO084:84:084MF250831:O:44,1,1,1,1,1,0,0,20250831,20251223
GNE:GOAO084:84:084MF250831:O:45,1,1,1,1,1,0,0,20250831,20251223
GNE:GOAO084:84:084SA250831:O:1,0,0,0,0,0,1,0,20250831,20251223
GNE:GOAO084:84:084SA250831:O:2,0,0,0,0,0,1,0,20250831,20251223
GNE:GOAO084:84:084SA250831:O:3,0,0,0,0,0,1,0,20250831,20251223
GNE:GOAO084:84:084SA250831:O:4,0,0,0,0,0,1,0,20250831,20251223
GNE:GOAO084:84:084SA250831:O:5,0,0,0,0,0,1,0,20250831,20251223
GNE:GOAO084:84:084SA250831:O:6,0,0,0,0,0,1,0,20250831,20251223
GNE:GOAO084:84:084SA250831:O:7,0,0,0,0,0,1,0,20250831,20251223
GNE:GOAO084:84:084SA250831:O:8,0,0,0,0,0,1,0,20250831,20251223
GNE:GOAO084:84:084SA250831:O:9,0,0,0,0,0,1,0,20250831,20251223
GNE:GOAO084:84:084SA250831:O:10,0,0,0,0,0,1,0,20250831,20251223
GNE:GOAO084:84:084SA250831:O:11,0,0,0,0,0,1,0,20250831,20251223
GNE:GOAO084:84:084SA250831:O:12,0,0,0,0,0,1,0,20250831,20251223
GNE:GOAO084:84:084SA250831:O:13,0,0,0,0,0,1,0,20250831,20251223
GNE:GOAO084:84:084SA250831:O:14,0,0,0,0,0,1,0,20250831,20251223
GNE:GOAO084:84:084SA250831:O:15,0,0,0,0,0,1,0,20250831,20251223
GNE:GOAO084:84:084SA250831:O:16,0,0,0,0,0,1,0,20250831,20251223
GNE:GOAO084:84:084SA250831:O:17,0,0,0,0,0,1,0,20250831,20251223
GNE:GOAO084:84:084SA250831:O:18,0,0,0,0,0,1,0,20250831,20251223
GNE:GOAO084:84:084SA250831:O:19,0,0,0,0,0,1,0,20250831,20251223
GNE:GOAO084:84:084SA250831:O:20,0,0,0,0,0,1,0,20250831,20251223
GNE:GOAO084:84:084SA250831:O:21,0,0,0,0,0,1,0,20250831,20251223
GNE:GOAO084:84:084SA250831:O:22,0,0,0,0,0,1,0,20250831,20251223
GNE:GOAO084:84:084SA250831:O:23,0,0,0,0,0,1,0,20250831,20251223
GNE:GOAO084:84:084SA250831:O:24,0,0,0,0,0,1,0,20250831,20251223
GNE:GOAO084:84:084SA250831:O:25,0,0,0,0,0,1,0,20250831,20251223
GNE:GOAO084:84:084SA250831:O:26,0,0,0,0,0,1,0,20250831,20251223
GNE:GOAO084:84:084SA250831:O:27,0,0,0,0,0,1,0,20250831,20251223
GNE:GOAO084:84:084SA250831:O:28,0,0,0,0,0,1,0,20250831,20251223
GNE:GOAO084:84:084SA250831:O:29,0,0,0,0,0,1,0,20250831,20251223
GNE:GOAO084:84:084SA250831:O:30,0,0,0,0,0,1,0,20250831,20251223
GNE:GOAO084:84:084SA250831:O:31,0,0,0,0,0,1,0,20250831,20251223
GNE:GOAO084:84:084SA250831:O:32,0,0,0,0,0,1,0,20250831,20251223
GNE:GOAO084:84:084SA250831:O:33,0,0,0,0,0,1,0,20250831,20251223
GNE:GOAO084:84:084SA250831:O:34,0,0,0,0,0,1,0,20250831,20251223
GNE:GOAO084:84:084SA250831:O:35,0,0,0,0,0,1,0,20250831,20251223
GNE:GOAO084:84:084SA250831:O:36,0,0,0,0,0,1,0,20250831,20251223
GNE:GOAO084:84:084SA250831:O:37,0,0,0,0,0,1,0,20250831,20251223
GNE:GOAO084:84:084SA250831:O:38,0,0,0,0,0,1,0,20250831,20251223
GNE:GOAO084:84:084SA250831:O:39,0,0,0,0,0,1,0,20250831,20251223
GNE:GOAO084:84:084SU250831:O:1,0,0,0,0,0,0,1,20250831,20251223
GNE:GOAO084:84:084SU250831:O:2,0,0,0,0,0,0,1,20250831,20251223
GNE:GOAO084:84:084SU250831:O:3,0,0,0,0,0,0,1,20250831,20251223
GNE:GOAO084:84:084SU250831:O:4,0,0,0,0,0,0,1,20250831,20251223
GNE:GOAO084:84:084SU250831:O:5,0,0,0,0,0,0,1,20250831,20251223
GNE:GOAO084:84:084SU250831:O:6,0,0,0,0,0,0,1,20250831,20251223
GNE:GOAO084:84:084SU250831:O:7,0,0,0,0,0,0,1,20250831,20251223
GNE:GOAO084:84:084SU250831:O:8,0,0,0,0,0,0,1,20250831,20251223
GNE:GOAO084:84:084SU250831:O:9,0,0,0,0,0,0,1,20250831,20251223
GNE:GOAO084:84:084SU250831:O:10,0,0,0,0,0,0,1,20250831,20251223
GNE:GOAO084:84:084SU250831:O:11,0,0,0,0,0,0,1,20250831,20251223
GNE:GOAO084:84:084SU250831:O:12,0,0,0,0,0,0,1,20250831,20251223
GNE:GOAO084:84:084SU250831:O:13,0,0,0,0,0,0,1,20250831,20251223
GNE:GOAO084:84:084SU250831:O:14,0,0,0,0,0,0,1,20250831,20251223
GNE:GOAO084:84:084SU250831:O:15,0,0,0,0,0,0,1,20250831,20251223
GNE:GOAO084:84:084SU250831:O:16,0,0,0,0,0,0,1,20250831,20251223
GNE:GOAO084:84:084SU250831:O:17,0,0,0,0,0,0,1,20250831,20251223
GNE:GOAO084:84:084SU250831:O:18,0,0,0,0,0,0,1,20250831,20251223
GNE:GOAO084:84:084SU250831:O:19,0,0,0,0,0,0,1,20250831,20251223
GNE:GOAO084:84:084SU250831:O:20,0,0,0,0,0,0,1,20250831,20251223
GNE:GOAO084:84:084SU250831:O:21,0,0,0,0,0,0,1,20250831,20251223
GNE:GOAO084:84:084SU250831:O:22,0,0,0,0,0,0,1,20250831,20251223
GNE:GOAO084:84:084SU250831:O:23,0,0,0,0,0,0,1,20250831,20251223
GNE:GOAO084:84:084SU250831:O:24,0,0,0,0,0,0,1,20250831,20251223
GNE:GOAO084:84:084SU250831:O:25,0,0,0,0,0,0,1,20250831,20251223
GNE:GOAO084:84:084SU250831:O:26,0,0,0,0,0,0,1,20250831,20251223
GNE:GOAO084:84:084SU250831:O:27,0,0,0,0,0,0,1,20250831,20251223
GNE:GOAO084:84:084SU250831:O:28,0,0,0,0,0,0,1,20250831,20251223
GNE:GOAO084:84:084SU250831:O:29,0,0,0,0,0,0,1,20250831,20251223
GNE:GOAO084:84:084SU250831:O:30,0,0,0,0,0,0,1,20250831,20251223
GNE:GOAO085:85:084MF250831:I:1,1,1,1,1,1,0,0,20250831,20251223
GNE:GOAO085:85:084MF250831:I:2,1,1,1,1,1,0,0,20250831,20251223
GNE:GOAO085:85:084MF250831:I:3,1,1,1,1,1,0,0,20250831,20251223
GNE:GOAO085:85:084MF250831:I:4,1,1,1,1,1,0,0,20250831,20251223
GNE:GOAO085:85:084MF250831:I:5,1,1,1,1,1,0,0,20250831,20251223
GNE:GOAO085:85:084MF250831:I:6,1,1,1,1,1,0,0,20250831,20251223
GNE:GOAO085:85:084MF250831:I:7,1,1,1,1,1,0,0,20250831,20251223
GNE:GOAO085:85:084MF250831:I:8,1,1,1,1,1,0,0,20250831,20251223
GNE:GOAO085:85:084MF250831:I:9,1,1,1,1,1,0,0,20250831,20251223
GNE:GOAO085:85:084MF250831:I:10,1,1,1,1,1,0,0,20250831,20251223
GNE:GOAO085:85:084MF250831:I:11,1,1,1,1,1,0,0,20250831,20251223
GNE:GOAO085:85:084MF250831:I:12,1,1,1,1,1,0,0,20250831,20251223
GNE:GOAO085:85:084MF250831:I:13,1,1,1,1,1,0,0,20250831,20251223
GNE:GOAO085:85:084MF250831:I:14,1,1,1,1,1,0,0,20250831,20251223
GNE:GOAO085:85:084MF250831:I:15,1,1,1,1,1,0,0,20250831,20251223
GNE:GOAO085:85:084MF250831:I:16,1,1,1,1,1,0,0,20250831,20251223
GNE:GOAO085:85:084MF250831:I:17,1,1,1,1,1,0,0,20250831,20251223
GNE:GOAO085:85:084MF250831:I:18,1,1,1,1,1,0,0,20250831,20251223
GNE:GOAO085:85:084MF250831:I:19,1,1,1,1,1,0,0,20250831,20251223
GNE:GOAO085:85:084MF250831:I:20,1,1,1,1,1,0,0,20250831,20251223
GNE:GOAO085:85:084MF250831:I:21,1,1,1,1,1,0,0,20250831,20251223
GNE:GOAO085:85:084MF250831:I:22,1,1,1,1,1,0,0,20250831,20251223
GNE:GOAO085:85:084MF250831:I:23,1,1,1,1,1,0,0,20250831,20251223
GNE:GOAO085:85:084MF250831:I:24,1,1,1,1,1,0,0,20250831,20251223
GNE:GOAO085:85:084MF250831:I:25,1,1,1,1,1,0,0,20250831,20251223
GNE:GOAO085:85:084MF250831:I:26,1,1,1,1,1,0,0,20250831,20251223
GNE:GOAO085:85:084MF250831:I:27,1,1,1,1,1,0,0,20250831,20251223
GNE:GOAO085:85:084MF250831:I:28,1,1,1,1,1,0,0,20250831,20251223
GNE:GOAO085:85:084MF250831:I:29,1,1,1,1,1,0,0,20250831,20251223
GNE:GOAO085:85:084MF250831:I:30,1,1,1,1,1,0,0,20250831,20251223
GNE:GOAO085:85:084MF250831:I:31,1,1,1,1,1,0,0,20250831,20251223
GNE:GOAO085:85:084MF250831:I:32,1,1,1,1,1,0,0,20250831,20251223
GNE:GOAO085:85:084MF250831:I:33,1,1,1,1,1,0,0,20250831,20251223
GNE:GOAO085:85:084MF250831:I:34,1,1,1,1,1,0,0,20250831,20251223
GNE:GOAO085:85:084MF250831:I:35,1,1,1,1,1,0,0,20250831,20251223
GNE:GOAO085:85:084MF250831:I:36,1,1,1,1,1,0,0,20250831,20251223
GNE:GOAO085:85:084MF250831:I:37,1,1,1,1,1,0,0,20250831,20251223
GNE:GOAO085:85:084MF250831:I:38,1,1,1,1,1,0,0,20250831,20251223
GNE:GOAO085:85:084MF250831:I:39,1,1,1,1,1,0,0,20250831,20251223
GNE:GOAO085:85:084MF250831:I:40,1,1,1,1,1,0,0,20250831,20251223
GNE:GOAO085:85:084MF250831:I:41,1,1,1,1,1,0,0,20250831,20251223
GNE:GOAO085:85:084SA250831:I:1,0,0,0,0,0,1,0,20250831,20251223
GNE:GOAO085:85:084SA250831:I:2,0,0,0,0,0,1,0,20250831,20251223
GNE:GOAO085:85:084SA250831:I:3,0,0,0,0,0,1,0,20250831,20251223
GNE:GOAO085:85:084SA250831:I:4,0,0,0,0,0,1,0,20250831,20251223
GNE:GOAO085:85:084SA250831:I:5,0,0,0,0,0,1,0,20250831,20251223
GNE:GOAO085:85:084SA250831:I:6,0,0,0,0,0,1,0,20250831,20251223
GNE:GOAO085:85:084SA250831:I:7,0,0,0,0,0,1,0,20250831,20251223
GNE:GOAO085:85:084SA250831:I:8,0,0,0,0,0,1,0,20250831,20251223
GNE:GOAO085:85:084SA250831:I:9,0,0,0,0,0,1,0,20250831,20251223
GNE:GOAO085:85:084SA250831:I:10,0,0,0,0,0,1,0,20250831,20251223
GNE:GOAO085:85:084SA250831:I:11,0,0,0,0,0,1,0,20250831,20251223
GNE:GOAO085:85:084SA250831:I:12,0,0,0,0,0,1,0,20250831,20251223
GNE:GOAO085:85:084SA250831:I:13,0,0,0,0,0,1,0,20250831,20251223
GNE:GOAO085:85:084SA250831:I:14,0,0,0,0,0,1,0,20250831,20251223
GNE:GOAO085:85:084SA250831:I:15,0,0,0,0,0,1,0,20250831,20251223
GNE:GOAO085:85:084SA250831:I:16,0,0,0,0,0,1,0,20250831,20251223
GNE:GOAO085:85:084SA250831:I:17,0,0,0,0,0,1,0,20250831,20251223
GNE:GOAO085:85:084SA250831:I:18,0,0,0,0,0,1,0,20250831,20251223
GNE:GOAO085:85:084SA250831:I:19,0,0,0,0,0,1,0,20250831,20251223
GNE:GOAO085:85:084SA250831:I:20,0,0,0,0,0,1,0,20250831,20251223
GNE:GOAO085:85:084SA250831:I:21,0,0,0,0,0,1,0,20250831,20251223
GNE:GOAO085:85:084SA250831:I:22,0,0,0,0,0,1,0,20250831,20251223
GNE:GOAO085:85:084SA250831:I:23,0,0,0,0,0,1,0,20250831,20251223
GNE:GOAO085:85:084SA250831:I:24,0,0,0,0,0,1,0,20250831,20251223
GNE:GOAO085:85:084SA250831:I:25,0,0,0,0,0,1,0,20250831,20251223
GNE:GOAO085:85:084SA250831:I:26,0,0,0,0,0,1,0,20250831,20251223
GNE:GOAO085:85:084SA250831:I:27,0,0,0,0,0,1,0,20250831,20251223
GNE:GOAO085:85:084SA250831:I:28,0,0,0,0,0,1,0,20250831,20251223
GNE:GOAO085:85:084SA250831:I:29,0,0,0,0,0,1,0,20250831,20251223
GNE:GOAO085:85:084SA250831:I:30,0,0,0,0,0,1,0,20250831,20251223
GNE:GOAO085:85:084SA250831:I:31,0,0,0,0,0,1,0,20250831,20251223
GNE:GOAO085:85:084SA250831:I:32,0,0,0,0,0,1,0,20250831,20251223
GNE:GOAO085:85:084SA250831:I:33,0,0,0,0,0,1,0,20250831,20251223
GNE:GOAO085:85:084SA250831:I:34,0,0,0,0,0,1,0,20250831,20251223
GNE:GOAO085:85:084SA250831:I:35,0,0,0,0,0,1,0,20250831,20251223
GNE:GOAO085:85:084SU250831:I:1,0,0,0,0,0,0,1,20250831,20251223
GNE:GOAO085:85:084SU250831:I:2,0,0,0,0,0,0,1,20250831,20251223
GNE:GOAO085:85:084SU250831:I:3,0,0,0,0,0,0,1,20250831,20251223
GNE:GOAO085:85:084SU250831:I:4,0,0,0,0,0,0,1,20250831,20251223
GNE:GOAO085:85:084SU250831:I:5,0,0,0,0,0,0,1,20250831,20251223
GNE:GOAO085:85:084SU250831:I:6,0,0,0,0,0,0,1,20250831,20251223
GNE:GOAO085:85:084SU250831:I:7,0,0,0,0,0,0,1,20250831,20251223
GNE:GOAO085:85:084SU250831:I:8,0,0,0,0,0,0,1,20250831,20251223
GNE:GOAO085:85:084SU250831:I:9,0,0,0,0,0,0,1,20250831,20251223
GNE:GOAO085:85:084SU250831:I:10,0,0,0,0,0,0,1,20250831,20251223
GNE:GOAO085:85:084SU250831:I:11,0,0,0,0,0,0,1,20250831,20251223
GNE:GOAO085:85:084SU250831:I:12,0,0,0,0,0,0,1,20250831,20251223
GNE:GOAO085:85:084SU250831:I:13,0,0,0,0,0,0,1,20250831,20251223
GNE:GOAO085:85:084SU250831:I:14,0,0,0,0,0,0,1,20250831,20251223
GNE:GOAO085:85:084SU250831:I:15,0,0,0,0,0,0,1,20250831,20251223
GNE:GOAO085:85:084SU250831:I:16,0,0,0,0,0,0,1,20250831,20251223
GNE:GOAO085:85:084SU250831:I:17,0,0,0,0,0,0,1,20250831,20251223
GNE:GOAO085:85:084SU250831:I:18,0,0,0,0,0,0,1,20250831,20251223
GNE:GOAO085:85:084SU250831:I:19,0,0,0,0,0,0,1,20250831,20251223
GNE:GOAO085:85:084SU250831:I:20,0,0,0,0,0,0,1,20250831,20251223
GNE:GOAO085:85:084SU250831:I:21,0,0,0,0,0,0,1,20250831,20251223
GNE:GOAO085:85:084SU250831:I:22,0,0,0,0,0,0,1,20250831,20251223
GNE:GOAO085A:85A:85AMF250831:O:1,0,0,0,0,0,0,0,20250831,20251223
GNE:GOAO085A:85A:85AMF250831:O:2,0,0,0,0,0,0,0,20250831,20251223
GNE:GOAO085A:85A:85AMF250831:I:1,0,0,0,0,0,0,0,20250831,20251223
GNE:GOAO091:91:091MF250831:O:1,1,1,1,1,1,0,0,20250831,20251223
GNE:GOAO091:91:091MF250831:O:2,1,1,1,1,1,0,0,20250831,20251223
GNE:GOAO091:91:091MF250831:O:3,1,1,1,1,1,0,0,20250831,20251223
GNE:GOAO091:91:091MF250831:O:4,1,1,1,1,1,0,0,20250831,20251223
GNE:GOAO091:91:091MF250831:I:1,1,1,1,1,1,0,0,20250831,20251223
GNE:GOAO091:91:091MF250831:I:2,1,1,1,1,1,0,0,20250831,20251223
GNE:GOAO091:91:091MF250831:I:3,1,1,1,1,1,0,0,20250831,20251223
GNE:GOAO093:93:093MF250831:O:1,1,1,1,1,1,0,0,20250831,20251223
GNE:GOAO093:93:093MF250831:O:2,1,1,1,1,1,0,0,20250831,20251223
GNE:GOAO093:93:093MF250831:O:3,1,1,1,1,1,0,0,20250831,20251223
GNE:GOAO093:93:093MF250831:O:4,1,1,1,1,1,0,0,20250831,20251223
GNE:GOAO093:93:093MF250831:O:5,1,1,1,1,1,0,0,20250831,20251223
GNE:GOAO093:93:093MF250831:O:6,1,1,1,1,1,0,0,20250831,20251223
GNE:GOAO093:93:093MF250831:O:7,1,1,1,1,1,0,0,20250831,20251223
GNE:GOAO093:93:093MF250831:O:8,1,1,1,1,1,0,0,20250831,20251223
GNE:GOAO093:93:093MF250831:O:9,1,1,1,1,1,0,0,20250831,20251223
GNE:GOAO093:93:093MF250831:O:10,1,1,1,1,1,0,0,20250831,20251223
GNE:GOAO093:93:093MF250831:O:11,1,1,1,1,1,0,0,20250831,20251223
GNE:GOAO093:93:093MF250831:O:12,1,1,1,1,1,0,0,20250831,20251223
GNE:GOAO093:93:093MF250831:O:13,1,1,1,1,1,0,0,20250831,20251223
GNE:GOAO093:93:093MF250831:O:14,1,1,1,1,1,0,0,20250831,20251223
GNE:GOAO093:93:093MF250831:O:15,1,1,1,1,1,0,0,20250831,20251223
GNE:GOAO093:93:093MF250831:O:16,1,1,1,1,1,0,0,20250831,20251223
GNE:GOAO093:93:093MF250831:O:17,1,1,1,1,1,0,0,20250831,20251223
GNE:GOAO093:93:093MF250831:O:18,1,1,1,1,1,0,0,20250831,20251223
GNE:GOAO093:93:093MF250831:O:19,1,1,1,1,1,0,0,20250831,20251223
GNE:GOAO093:93:093MF250831:O:20,1,1,1,1,1,0,0,20250831,20251223
GNE:GOAO093:93:093MF250831:O:21,1,1,1,1,1,0,0,20250831,20251223
GNE:GOAO093:93:093MF250831:O:22,1,1,1,1,1,0,0,20250831,20251223
GNE:GOAO093:93:093MF250831:O:23,1,1,1,1,1,0,0,20250831,20251223
GNE:GOAO093:93:093MF250831:O:24,1,1,1,1,1,0,0,20250831,20251223
GNE:GOAO093:93:093MF250831:O:25,1,1,1,1,1,0,0,20250831,20251223
GNE:GOAO093:93:093MF250831:O:26,1,1,1,1,1,0,0,20250831,20251223
GNE:GOAO093:93:093MF250831:O:27,1,1,1,1,1,0,0,20250831,20251223
GNE:GOAO093:93:093MF250831:O:28,1,1,1,1,1,0,0,20250831,20251223
GNE:GOAO093:93:093MF250831:O:29,1,1,1,1,1,0,0,20250831,20251223
GNE:GOAO093:93:093MF250831:O:30,1,1,1,1,0,0,0,20250831,20251223
GNE:GOAO093:93:093MF250831:O:31,0,0,0,0,1,0,0,20250831,20251223
GNE:GOAO093:93:093MF250831:O:32,1,1,1,1,1,0,0,20250831,20251223
GNE:GOAO093:93:093MF250831:O:33,1,1,1,1,1,0,0,20250831,20251223
GNE:GOAO093:93:093MF250831:O:34,1,1,1,1,1,0,0,20250831,20251223
GNE:GOAO093:93:093MF250831:O:35,0,0,0,0,0,0,0,20250831,20251223
GNE:GOAO093:93:093MF250831:O:36,1,1,1,1,1,0,0,20250831,20251223
GNE:GOAO093:93:093MF250831:O:37,1,1,1,1,1,0,0,20250831,20251223
GNE:GOAO093:93:093MF250831:O:38,1,1,1,1,1,0,0,20250831,20251223
GNE:GOAO093:93:093MF250831:O:39,1,1,1,1,1,0,0,20250831,20251223
GNE:GOAO093:93:093MF250831:O:40,1,1,1,1,1,0,0,20250831,20251223
GNE:GOAO093:93:093MF250831:O:41,1,1,1,1,1,0,0,20250831,20251223
GNE:GOAO093:93:093MF250831:O:42,1,1,1,1,1,0,0,20250831,20251223
GNE:GOAO093:93:093MF250831:O:43,1,1,1,1,1,0,0,20250831,20251223
GNE:GOAO093:93:093MF250831:O:44,1,1,1,1,1,0,0,20250831,20251223
GNE:GOAO093:93:093MF250831:O:45,1,1,1,1,1,0,0,20250831,20251223
GNE:GOAO093:93:093MF250831:O:46,1,1,1,1,1,0,0,20250831,20251223
GNE:GOAO093:93:093MF250831:O:47,1,1,1,1,1,0,0,20250831,20251223
GNE:GOAO093:93:093MF250831:O:48,1,1,1,1,1,0,0,20250831,20251223
GNE:GOAO093:93:093MF250831:O:49,1,1,1,1,1,0,0,20250831,20251223
GNE:GOAO093:93:093MF250831:O:50,1,1,1,1,1,0,0,20250831,20251223
GNE:GOAO093:93:093MF250831:O:51,1,1,1,1,1,0,0,20250831,20251223
GNE:GOAO093:93:093MF250831:O:52,1,1,1,1,1,0,0,20250831,20251223
GNE:GOAO093:93:093MF250831:O:53,1,1,1,1,1,0,0,20250831,20251223
GNE:GOAO093:93:093MF250831:O:54,1,1,1,1,1,0,0,20250831,20251223
GNE:GOAO093:93:093SA250831:O:1,0,0,0,0,0,1,0,20250831,20251223
GNE:GOAO093:93:093SA250831:O:2,0,0,0,0,0,1,0,20250831,20251223
GNE:GOAO093:93:093SA250831:O:3,0,0,0,0,0,1,0,20250831,20251223
GNE:GOAO093:93:093SA250831:O:4,0,0,0,0,0,1,0,20250831,20251223
GNE:GOAO093:93:093SA250831:O:5,0,0,0,0,0,1,0,20250831,20251223
GNE:GOAO093:93:093SA250831:O:6,0,0,0,0,0,1,0,20250831,20251223
GNE:GOAO093:93:093SA250831:O:7,0,0,0,0,0,1,0,20250831,20251223
GNE:GOAO093:93:093SA250831:O:8,0,0,0,0,0,1,0,20250831,20251223
GNE:GOAO093:93:093SA250831:O:9,0,0,0,0,0,1,0,20250831,20251223
GNE:GOAO093:93:093SA250831:O:10,0,0,0,0,0,1,0,20250831,20251223
GNE:GOAO093:93:093SA250831:O:11,0,0,0,0,0,1,0,20250831,20251223
GNE:GOAO093:93:093SA250831:O:12,0,0,0,0,0,1,0,20250831,20251223
GNE:GOAO093:93:093SA250831:O:13,0,0,0,0,0,1,0,20250831,20251223
GNE:GOAO093:93:093SA250831:O:14,0,0,0,0,0,1,0,20250831,20251223
GNE:GOAO093:93:093SA250831:O:15,0,0,0,0,0,1,0,20250831,20251223
GNE:GOAO093:93:093SA250831:O:16,0,0,0,0,0,1,0,20250831,20251223
GNE:GOAO093:93:093SA250831:O:17,0,0,0,0,0,1,0,20250831,20251223
GNE:GOAO093:93:093SA250831:O:18,0,0,0,0,0,1,0,20250831,20251223
GNE:GOAO093:93:093SA250831:O:19,0,0,0,0,0,1,0,20250831,20251223
GNE:GOAO093:93:093SA250831:O:20,0,0,0,0,0,1,0,20250831,20251223
GNE:GOAO093:93:093SA250831:O:21,0,0,0,0,0,1,0,20250831,20251223
GNE:GOAO093:93:093SA250831:O:22,0,0,0,0,0,1,0,20250831,20251223
GNE:GOAO093:93:093SA250831:O:23,0,0,0,0,0,1,0,20250831,20251223
GNE:GOAO093:93:093SA250831:O:24,0,0,0,0,0,1,0,20250831,20251223
GNE:GOAO093:93:093SA250831:O:25,0,0,0,0,0,1,0,20250831,20251223
GNE:GOAO093:93:093SA250831:O:26,0,0,0,0,0,1,0,20250831,20251223
GNE:GOAO093:93:093SA250831:O:27,0,0,0,0,0,1,0,20250831,20251223
GNE:GOAO093:93:093SA250831:O:28,0,0,0,0,0,1,0,20250831,20251223
GNE:GOAO093:93:093SA250831:O:29,0,0,0,0,0,1,0,20250831,20251223
GNE:GOAO093:93:093SA250831:O:30,0,0,0,0,0,1,0,20250831,20251223
GNE:GOAO093:93:093SA250831:O:31,0,0,0,0,0,1,0,20250831,20251223
GNE:GOAO093:93:093SA250831:O:32,0,0,0,0,0,1,0,20250831,20251223
GNE:GOAO093:93:093SA250831:O:33,0,0,0,0,0,1,0,20250831,20251223
GNE:GOAO093:93:093SA250831:O:34,0,0,0,0,0,1,0,20250831,20251223
GNE:GOAO093:93:093SA250831:O:35,0,0,0,0,0,1,0,20250831,20251223
GNE:GOAO093:93:093SA250831:O:36,0,0,0,0,0,1,0,20250831,20251223
GNE:GOAO093:93:093SA250831:O:37,0,0,0,0,0,1,0,20250831,20251223
GNE:GOAO093:93:093SA250831:O:38,0,0,0,0,0,1,0,20250831,20251223
GNE:GOAO093:93:093SA250831:O:39,0,0,0,0,0,1,0,20250831,20251223
GNE:GOAO093:93:093SA250831:O:40,0,0,0,0,0,1,0,20250831,20251223
GNE:GOAO093:93:093SA250831:O:41,0,0,0,0,0,1,0,20250831,20251223
GNE:GOAO093:93:093SA250831:O:42,0,0,0,0,0,1,0,20250831,20251223
GNE:GOAO093:93:093SA250831:O:43,0,0,0,0,0,1,0,20250831,20251223
GNE:GOAO093:93:093SA250831:O:44,0,0,0,0,0,1,0,20250831,20251223
GNE:GOAO093:93:093SU250831:O:1,0,0,0,0,0,0,1,20250831,20251223
GNE:GOAO093:93:093SU250831:O:2,0,0,0,0,0,0,1,20250831,20251223
GNE:GOAO093:93:093SU250831:O:3,0,0,0,0,0,0,1,20250831,20251223
GNE:GOAO093:93:093SU250831:O:4,0,0,0,0,0,0,1,20250831,20251223
GNE:GOAO093:93:093SU250831:O:5,0,0,0,0,0,0,1,20250831,20251223
GNE:GOAO093:93:093SU250831:O:6,0,0,0,0,0,0,1,20250831,20251223
GNE:GOAO093:93:093SU250831:O:7,0,0,0,0,0,0,1,20250831,20251223
GNE:GOAO093:93:093SU250831:O:8,0,0,0,0,0,0,1,20250831,20251223
GNE:GOAO093:93:093SU250831:O:9,0,0,0,0,0,0,1,20250831,20251223
GNE:GOAO093:93:093SU250831:O:10,0,0,0,0,0,0,1,20250831,20251223
GNE:GOAO093:93:093SU250831:O:11,0,0,0,0,0,0,1,20250831,20251223
GNE:GOAO093:93:093SU250831:O:12,0,0,0,0,0,0,1,20250831,20251223
GNE:GOAO093:93:093SU250831:O:13,0,0,0,0,0,0,1,20250831,20251223
GNE:GOAO093:93:093SU250831:O:14,0,0,0,0,0,0,1,20250831,20251223
GNE:GOAO093:93:093SU250831:O:15,0,0,0,0,0,0,1,20250831,20251223
GNE:GOAO093:93:093SU250831:O:16,0,0,0,0,0,0,1,20250831,20251223
GNE:GOAO093:93:093SU250831:O:17,0,0,0,0,0,0,1,20250831,20251223
GNE:GOAO093:93:093SU250831:O:18,0,0,0,0,0,0,1,20250831,20251223
GNE:GOAO093:93:093SU250831:O:19,0,0,0,0,0,0,1,20250831,20251223
GNE:GOAO093:93:093SU250831:O:20,0,0,0,0,0,0,1,20250831,20251223
GNE:GOAO093:93:093SU250831:O:21,0,0,0,0,0,0,1,20250831,20251223
GNE:GOAO093:93:093SU250831:O:22,0,0,0,0,0,0,1,20250831,20251223
GNE:GOAO093:93:093SU250831:O:23,0,0,0,0,0,0,1,20250831,20251223
GNE:GOAO093:93:093SU250831:O:24,0,0,0,0,0,0,1,20250831,20251223
GNE:GOAO093:93:093SU250831:O:25,0,0,0,0,0,0,1,20250831,20251223
GNE:GOAO093:93:093SU250831:O:26,0,0,0,0,0,0,1,20250831,20251223
GNE:GOAO093:93:093SU250831:O:27,0,0,0,0,0,0,1,20250831,20251223
GNE:GOAO093:93:093SU250831:O:28,0,0,0,0,0,0,1,20250831,20251223
GNE:GOAO093:93:093SU250831:O:29,0,0,0,0,0,0,1,20250831,20251223
GNE:GOAO093:93:093SU250831:O:30,0,0,0,0,0,0,1,20250831,20251223
GNE:GOAO093:93:093SU250831:O:31,0,0,0,0,0,0,1,20250831,20251223
GNE:GOAO093:93:093SU250831:O:32,0,0,0,0,0,0,1,20250831,20251223
GNE:GOAO094:94:093MF250831:I:1,1,1,1,1,1,0,0,20250831,20251223
GNE:GOAO094:94:093MF250831:I:2,1,1,1,1,1,0,0,20250831,20251223
GNE:GOAO094:94:093MF250831:I:3,1,1,1,1,1,0,0,20250831,20251223
GNE:GOAO094:94:093MF250831:I:4,1,1,1,1,1,0,0,20250831,20251223
GNE:GOAO094:94:093MF250831:I:5,1,1,1,1,1,0,0,20250831,20251223
GNE:GOAO094:94:093MF250831:I:6,1,1,1,1,1,0,0,20250831,20251223
GNE:GOAO094:94:093MF250831:I:7,1,1,1,1,1,0,0,20250831,20251223
GNE:GOAO094:94:093MF250831:I:8,1,1,1,1,1,0,0,20250831,20251223
GNE:GOAO094:94:093MF250831:I:9,1,1,1,1,1,0,0,20250831,20251223
GNE:GOAO094:94:093MF250831:I:10,1,1,1,1,1,0,0,20250831,20251223
GNE:GOAO094:94:093MF250831:I:11,1,1,1,1,1,0,0,20250831,20251223
GNE:GOAO094:94:093MF250831:I:12,1,1,1,1,1,0,0,20250831,20251223
GNE:GOAO094:94:093MF250831:I:13,1,1,1,1,1,0,0,20250831,20251223
GNE:GOAO094:94:093MF250831:I:14,1,1,1,1,1,0,0,20250831,20251223
GNE:GOAO094:94:093MF250831:I:15,1,1,1,1,1,0,0,20250831,20251223
GNE:GOAO094:94:093MF250831:I:16,1,1,1,1,1,0,0,20250831,20251223
GNE:GOAO094:94:093MF250831:I:17,1,1,1,1,1,0,0,20250831,20251223
GNE:GOAO094:94:093MF250831:I:18,1,1,1,1,1,0,0,20250831,20251223
GNE:GOAO094:94:093MF250831:I:19,1,1,1,1,1,0,0,20250831,20251223
GNE:GOAO094:94:093MF250831:I:20,1,1,1,1,1,0,0,20250831,20251223
GNE:GOAO094:94:093MF250831:I:21,1,1,1,1,1,0,0,20250831,20251223
GNE:GOAO094:94:093MF250831:I:22,1,1,1,1,1,0,0,20250831,20251223
GNE:GOAO094:94:093MF250831:I:23,1,1,1,1,1,0,0,20250831,20251223
GNE:GOAO094:94:093MF250831:I:24,1,1,1,1,1,0,0,20250831,20251223
GNE:GOAO094:94:093MF250831:I:25,1,1,1,1,1,0,0,20250831,20251223
GNE:GOAO094:94:093MF250831:I:26,1,1,1,1,1,0,0,20250831,20251223
GNE:GOAO094:94:093MF250831:I:27,1,1,1,1,1,0,0,20250831,20251223
GNE:GOAO094:94:093MF250831:I:28,1,1,1,1,1,0,0,20250831,20251223
GNE:GOAO094:94:093MF250831:I:29,1,1,1,1,1,0,0,20250831,20251223
GNE:GOAO094:94:093MF250831:I:30,1,1,1,1,1,0,0,20250831,20251223
GNE:GOAO094:94:093MF250831:I:31,1,1,1,1,1,0,0,20250831,20251223
GNE:GOAO094:94:093MF250831:I:32,1,1,1,1,1,0,0,20250831,20251223
GNE:GOAO094:94:093MF250831:I:33,1,1,1,1,1,0,0,20250831,20251223
GNE:GOAO094:94:093MF250831:I:34,1,1,1,1,1,0,0,20250831,20251223
GNE:GOAO094:94:093MF250831:I:35,1,1,1,1,1,0,0,20250831,20251223
GNE:GOAO094:94:093MF250831:I:36,1,1,1,1,1,0,0,20250831,20251223
GNE:GOAO094:94:093MF250831:I:37,1,1,1,1,1,0,0,20250831,20251223
GNE:GOAO094:94:093MF250831:I:38,1,1,1,1,1,0,0,20250831,20251223
GNE:GOAO094:94:093MF250831:I:39,1,1,1,1,1,0,0,20250831,20251223
GNE:GOAO094:94:093MF250831:I:40,1,1,1,1,1,0,0,20250831,20251223
GNE:GOAO094:94:093MF250831:I:41,1,1,1,1,1,0,0,20250831,20251223
GNE:GOAO094:94:093MF250831:I:42,1,1,1,1,1,0,0,20250831,20251223
GNE:GOAO094:94:093MF250831:I:43,1,1,1,1,1,0,0,20250831,20251223
GNE:GOAO094:94:093MF250831:I:44,1,1,1,1,1,0,0,20250831,20251223
GNE:GOAO094:94:093MF250831:I:45,1,1,1,1,1,0,0,20250831,20251223
GNE:GOAO094:94:093MF250831:I:46,1,1,1,1,1,0,0,20250831,20251223
GNE:GOAO094:94:093MF250831:I:47,1,1,1,1,1,0,0,20250831,20251223
GNE:GOAO094:94:093MF250831:I:48,1,1,1,1,1,0,0,20250831,20251223
GNE:GOAO094:94:093MF250831:I:49,1,1,1,1,1,0,0,20250831,20251223
GNE:GOAO094:94:093MF250831:I:50,1,1,1,1,1,0,0,20250831,20251223
GNE:GOAO094:94:093SA250831:I:1,0,0,0,0,0,1,0,20250831,20251223
GNE:GOAO094:94:093SA250831:I:2,0,0,0,0,0,1,0,20250831,20251223
GNE:GOAO094:94:093SA250831:I:3,0,0,0,0,0,1,0,20250831,20251223
GNE:GOAO094:94:093SA250831:I:4,0,0,0,0,0,1,0,20250831,20251223
GNE:GOAO094:94:093SA250831:I:5,0,0,0,0,0,1,0,20250831,20251223
GNE:GOAO094:94:093SA250831:I:6,0,0,0,0,0,1,0,20250831,20251223
GNE:GOAO094:94:093SA250831:I:7,0,0,0,0,0,1,0,20250831,20251223
GNE:GOAO094:94:093SA250831:I:8,0,0,0,0,0,1,0,20250831,20251223
GNE:GOAO094:94:093SA250831:I:9,0,0,0,0,0,1,0,20250831,20251223
GNE:GOAO094:94:093SA250831:I:10,0,0,0,0,0,1,0,20250831,20251223
GNE:GOAO094:94:093SA250831:I:11,0,0,0,0,0,1,0,20250831,20251223
GNE:GOAO094:94:093SA250831:I:12,0,0,0,0,0,1,0,20250831,20251223
GNE:GOAO094:94:093SA250831:I:13,0,0,0,0,0,1,0,20250831,20251223
GNE:GOAO094:94:093SA250831:I:14,0,0,0,0,0,1,0,20250831,20251223
GNE:GOAO094:94:093SA250831:I:15,0,0,0,0,0,1,0,20250831,20251223
GNE:GOAO094:94:093SA250831:I:16,0,0,0,0,0,1,0,20250831,20251223
GNE:GOAO094:94:093SA250831:I:17,0,0,0,0,0,1,0,20250831,20251223
GNE:GOAO094:94:093SA250831:I:18,0,0,0,0,0,1,0,20250831,20251223
GNE:GOAO094:94:093SA250831:I:19,0,0,0,0,0,1,0,20250831,20251223
GNE:GOAO094:94:093SA250831:I:20,0,0,0,0,0,1,0,20250831,20251223
GNE:GOAO094:94:093SA250831:I:21,0,0,0,0,0,1,0,20250831,20251223
GNE:GOAO094:94:093SA250831:I:22,0,0,0,0,0,1,0,20250831,20251223
GNE:GOAO094:94:093SA250831:I:23,0,0,0,0,0,1,0,20250831,20251223
GNE:GOAO094:94:093SA250831:I:24,0,0,0,0,0,1,0,20250831,20251223
GNE:GOAO094:94:093SA250831:I:25,0,0,0,0,0,1,0,20250831,20251223
GNE:GOAO094:94:093SA250831:I:26,0,0,0,0,0,1,0,20250831,20251223
GNE:GOAO094:94:093SA250831:I:27,0,0,0,0,0,1,0,20250831,20251223
GNE:GOAO094:94:093SA250831:I:28,0,0,0,0,0,1,0,20250831,20251223
GNE:GOAO094:94:093SA250831:I:29,0,0,0,0,0,1,0,20250831,20251223
GNE:GOAO094:94:093SA250831:I:30,0,0,0,0,0,1,0,20250831,20251223
GNE:GOAO094:94:093SA250831:I:31,0,0,0,0,0,1,0,20250831,20251223
GNE:GOAO094:94:093SA250831:I:32,0,0,0,0,0,1,0,20250831,20251223
GNE:GOAO094:94:093SA250831:I:33,0,0,0,0,0,1,0,20250831,20251223
GNE:GOAO094:94:093SA250831:I:34,0,0,0,0,0,1,0,20250831,20251223
GNE:GOAO094:94:093SA250831:I:35,0,0,0,0,0,1,0,20250831,20251223
GNE:GOAO094:94:093SA250831:I:36,0,0,0,0,0,1,0,20250831,20251223
GNE:GOAO094:94:093SA250831:I:37,0,0,0,0,0,1,0,20250831,20251223
GNE:GOAO094:94:093SA250831:I:38,0,0,0,0,0,1,0,20250831,20251223
GNE:GOAO094:94:093SA250831:I:39,0,0,0,0,0,1,0,20250831,20251223
GNE:GOAO094:94:093SA250831:I:40,0,0,0,0,0,1,0,20250831,20251223
GNE:GOAO094:94:093SA250831:I:41,0,0,0,0,0,1,0,20250831,20251223
GNE:GOAO094:94:093SA250831:I:42,0,0,0,0,0,1,0,20250831,20251223
GNE:GOAO094:94:093SA250831:I:43,0,0,0,0,0,1,0,20250831,20251223
GNE:GOAO094:94:093SU250831:I:1,0,0,0,0,0,0,1,20250831,20251223
GNE:GOAO094:94:093SU250831:I:2,0,0,0,0,0,0,1,20250831,20251223
GNE:GOAO094:94:093SU250831:I:3,0,0,0,0,0,0,1,20250831,20251223
GNE:GOAO094:94:093SU250831:I:4,0,0,0,0,0,0,1,20250831,20251223
GNE:GOAO094:94:093SU250831:I:5,0,0,0,0,0,0,1,20250831,20251223
GNE:GOAO094:94:093SU250831:I:6,0,0,0,0,0,0,1,20250831,20251223
GNE:GOAO094:94:093SU250831:I:7,0,0,0,0,0,0,1,20250831,20251223
GNE:GOAO094:94:093SU250831:I:8,0,0,0,0,0,0,1,20250831,20251223
GNE:GOAO094:94:093SU250831:I:9,0,0,0,0,0,0,1,20250831,20251223
GNE:GOAO094:94:093SU250831:I:10,0,0,0,0,0,0,1,20250831,20251223
GNE:GOAO094:94:093SU250831:I:11,0,0,0,0,0,0,1,20250831,20251223
GNE:GOAO094:94:093SU250831:I:12,0,0,0,0,0,0,1,20250831,20251223
GNE:GOAO094:94:093SU250831:I:13,0,0,0,0,0,0,1,20250831,20251223
GNE:GOAO094:94:093SU250831:I:14,0,0,0,0,0,0,1,20250831,20251223
GNE:GOAO094:94:093SU250831:I:15,0,0,0,0,0,0,1,20250831,20251223
GNE:GOAO094:94:093SU250831:I:16,0,0,0,0,0,0,1,20250831,20251223
GNE:GOAO094:94:093SU250831:I:17,0,0,0,0,0,0,1,20250831,20251223
GNE:GOAO094:94:093SU250831:I:18,0,0,0,0,0,0,1,20250831,20251223
GNE:GOAO094:94:093SU250831:I:19,0,0,0,0,0,0,1,20250831,20251223
GNE:GOAO094:94:093SU250831:I:20,0,0,0,0,0,0,1,20250831,20251223
GNE:GOAO094:94:093SU250831:I:21,0,0,0,0,0,0,1,20250831,20251223
GNE:GOAO094:94:093SU250831:I:22,0,0,0,0,0,0,1,20250831,20251223
GNE:GOAO094:94:093SU250831:I:23,0,0,0,0,0,0,1,20250831,20251223
GNE:GOAO094:94:093SU250831:I:24,0,0,0,0,0,0,1,20250831,20251223
GNE:GOAO094:94:093SU250831:I:25,0,0,0,0,0,0,1,20250831,20251223
GNE:GOAO094:94:093SU250831:I:26,0,0,0,0,0,0,1,20250831,20251223
GNE:GOAO094:94:093SU250831:I:27,0,0,0,0,0,0,1,20250831,20251223
GNE:GOAO094:94:093SU250831:I:28,0,0,0,0,0,0,1,20250831,20251223
GNE:GOAO094:94:093SU250831:I:29,0,0,0,0,0,0,1,20250831,20251223
GNE:GOAO094:94:093SU250831:I:30,0,0,0,0,0,0,1,20250831,20251223
GNE:GOAO094:94:093SU250831:I:31,0,0,0,0,0,0,1,20250831,20251223
GNE:GOAO094:94:093SU250831:I:32,0,0,0,0,0,0,1,20250831,20251223
GNE:GOAO094:94:093SU250831:I:33,0,0,0,0,0,0,1,20250831,20251223
GNE:GOAO096:96:096MF250831:O:1,1,1,1,1,1,0,0,20250831,20251223
GNE:GOAO096:96:096MF250831:O:2,1,1,1,1,1,0,0,20250831,20251223
GNE:GOAO096:96:096MF250831:O:3,1,1,1,1,1,0,0,20250831,20251223
GNE:GOAO096:96:096MF250831:O:4,1,1,1,1,1,0,0,20250831,20251223
GNE:GOAO096:96:096MF250831:O:5,1,1,1,1,1,0,0,20250831,20251223
GNE:GOAO096:96:096MF250831:O:6,1,1,1,1,1,0,0,20250831,20251223
GNE:GOAO096:96:096MF250831:O:7,1,1,1,1,1,0,0,20250831,20251223
GNE:GOAO096:96:096MF250831:O:8,1,1,1,1,1,0,0,20250831,20251223
GNE:GOAO096:96:096MF250831:O:9,1,1,1,1,1,0,0,20250831,20251223
GNE:GOAO096:96:096MF250831:O:10,1,1,1,1,1,0,0,20250831,20251223
GNE:GOAO096:96:096MF250831:O:11,1,1,1,1,1,0,0,20250831,20251223
GNE:GOAO096:96:096MF250831:O:12,1,1,1,1,1,0,0,20250831,20251223
GNE:GOAO096:96:096MF250831:O:13,1,1,1,1,1,0,0,20250831,20251223
GNE:GOAO096:96:096MF250831:O:14,1,1,1,1,1,0,0,20250831,20251223
GNE:GOAO096:96:096MF250831:O:15,1,1,1,1,1,0,0,20250831,20251223
GNE:GOAO096:96:096MF250831:O:16,1,1,1,1,1,0,0,20250831,20251223
GNE:GOAO096:96:096MF250831:O:17,1,1,1,1,1,0,0,20250831,20251223
GNE:GOAO096:96:096MF250831:O:18,1,1,1,1,1,0,0,20250831,20251223
GNE:GOAO096:96:096MF250831:O:19,1,1,1,1,1,0,0,20250831,20251223
GNE:GOAO096:96:096MF250831:O:20,1,1,1,1,1,0,0,20250831,20251223
GNE:GOAO096:96:096MF250831:O:21,1,1,1,1,1,0,0,20250831,20251223
GNE:GOAO096:96:096MF250831:O:22,1,1,1,1,1,0,0,20250831,20251223
GNE:GOAO096:96:096MF250831:O:23,1,1,1,1,1,0,0,20250831,20251223
GNE:GOAO096:96:096MF250831:O:24,1,1,1,1,1,0,0,20250831,20251223
GNE:GOAO096:96:096MF250831:I:1,1,1,1,1,1,0,0,20250831,20251223
GNE:GOAO096:96:096MF250831:I:2,1,1,1,1,1,0,0,20250831,20251223
GNE:GOAO096:96:096MF250831:I:3,1,1,1,1,1,0,0,20250831,20251223
GNE:GOAO096:96:096MF250831:I:4,1,1,1,1,1,0,0,20250831,20251223
GNE:GOAO096:96:096MF250831:I:5,1,1,1,1,1,0,0,20250831,20251223
GNE:GOAO096:96:096MF250831:I:6,1,1,1,1,1,0,0,20250831,20251223
GNE:GOAO096:96:096MF250831:I:7,1,1,1,1,1,0,0,20250831,20251223
GNE:GOAO096:96:096MF250831:I:8,1,1,1,1,1,0,0,20250831,20251223
GNE:GOAO096:96:096MF250831:I:9,1,1,1,1,1,0,0,20250831,20251223
GNE:GOAO096:96:096MF250831:I:10,1,1,1,1,1,0,0,20250831,20251223
GNE:GOAO096:96:096MF250831:I:11,1,1,1,1,1,0,0,20250831,20251223
GNE:GOAO096:96:096MF250831:I:12,1,1,1,1,1,0,0,20250831,20251223
GNE:GOAO096:96:096MF250831:I:13,1,1,1,1,1,0,0,20250831,20251223
GNE:GOAO096:96:096MF250831:I:14,1,1,1,1,1,0,0,20250831,20251223
GNE:GOAO096:96:096MF250831:I:15,1,1,1,1,1,0,0,20250831,20251223
GNE:GOAO096:96:096MF250831:I:16,1,1,1,1,1,0,0,20250831,20251223
GNE:GOAO096:96:096MF250831:I:17,1,1,1,1,1,0,0,20250831,20251223
GNE:GOAO096:96:096MF250831:I:18,1,1,1,1,1,0,0,20250831,20251223
GNE:GOAO096:96:096MF250831:I:19,1,1,1,1,1,0,0,20250831,20251223
GNE:GOAO096:96:096MF250831:I:20,1,1,1,1,1,0,0,20250831,20251223
GNE:GOAO096:96:096MF250831:I:21,1,1,1,1,1,0,0,20250831,20251223
GNE:GOAO096:96:096MF250831:I:22,1,1,1,1,1,0,0,20250831,20251223
GNE:GOAO096:96:096MF250831:I:23,1,1,1,1,1,0,0,20250831,20251223
GNE:GOAO096:96:096MF250831:I:24,1,1,1,1,1,0,0,20250831,20251223
GNE:GOAO096:96:096MF250831:I:25,1,1,1,1,1,0,0,20250831,20251223
GNE:GOAO096:96:096MF250831:I:26,1,1,1,1,1,0,0,20250831,20251223
GNE:GOAO096:96:096MF250831:I:27,1,1,1,1,1,0,0,20250831,20251223
GNE:GOAO096:96:096MF250831:I:28,1,1,1,1,1,0,0,20250831,20251223
GNE:GOAO096:96:096SA250831:O:1,0,0,0,0,0,1,0,20250831,20251223
GNE:GOAO096:96:096SA250831:O:2,0,0,0,0,0,1,0,20250831,20251223
GNE:GOAO096:96:096SA250831:O:3,0,0,0,0,0,1,0,20250831,20251223
GNE:GOAO096:96:096SA250831:O:4,0,0,0,0,0,1,0,20250831,20251223
GNE:GOAO096:96:096SA250831:O:5,0,0,0,0,0,1,0,20250831,20251223
GNE:GOAO096:96:096SA250831:O:6,0,0,0,0,0,1,0,20250831,20251223
GNE:GOAO096:96:096SA250831:O:7,0,0,0,0,0,1,0,20250831,20251223
GNE:GOAO096:96:096SA250831:O:8,0,0,0,0,0,1,0,20250831,20251223
GNE:GOAO096:96:096SA250831:O:9,0,0,0,0,0,1,0,20250831,20251223
GNE:GOAO096:96:096SA250831:O:10,0,0,0,0,0,1,0,20250831,20251223
GNE:GOAO096:96:096SA250831:O:11,0,0,0,0,0,1,0,20250831,20251223
GNE:GOAO096:96:096SA250831:O:12,0,0,0,0,0,1,0,20250831,20251223
GNE:GOAO096:96:096SA250831:O:13,0,0,0,0,0,1,0,20250831,20251223
GNE:GOAO096:96:096SA250831:O:14,0,0,0,0,0,1,0,20250831,20251223
GNE:GOAO096:96:096SA250831:O:15,0,0,0,0,0,1,0,20250831,20251223
GNE:GOAO096:96:096SA250831:O:16,0,0,0,0,0,1,0,20250831,20251223
GNE:GOAO096:96:096SA250831:O:17,0,0,0,0,0,1,0,20250831,20251223
GNE:GOAO096:96:096SA250831:O:18,0,0,0,0,0,1,0,20250831,20251223
GNE:GOAO096:96:096SA250831:O:19,0,0,0,0,0,1,0,20250831,20251223
GNE:GOAO096:96:096SA250831:O:20,0,0,0,0,0,1,0,20250831,20251223
GNE:GOAO096:96:096SA250831:O:21,0,0,0,0,0,1,0,20250831,20251223
GNE:GOAO096:96:096SA250831:O:22,0,0,0,0,0,1,0,20250831,20251223
GNE:GOAO096:96:096SA250831:O:23,0,0,0,0,0,1,0,20250831,20251223
GNE:GOAO096:96:096SA250831:O:24,0,0,0,0,0,1,0,20250831,20251223
GNE:GOAO096:96:096SA250831:I:1,0,0,0,0,0,1,0,20250831,20251223
GNE:GOAO096:96:096SA250831:I:2,0,0,0,0,0,1,0,20250831,20251223
GNE:GOAO096:96:096SA250831:I:3,0,0,0,0,0,1,0,20250831,20251223
GNE:GOAO096:96:096SA250831:I:4,0,0,0,0,0,1,0,20250831,20251223
GNE:GOAO096:96:096SA250831:I:5,0,0,0,0,0,1,0,20250831,20251223
GNE:GOAO096:96:096SA250831:I:6,0,0,0,0,0,1,0,20250831,20251223
GNE:GOAO096:96:096SA250831:I:7,0,0,0,0,0,1,0,20250831,20251223
GNE:GOAO096:96:096SA250831:I:8,0,0,0,0,0,1,0,20250831,20251223
GNE:GOAO096:96:096SA250831:I:9,0,0,0,0,0,1,0,20250831,20251223
GNE:GOAO096:96:096SA250831:I:10,0,0,0,0,0,1,0,20250831,20251223
GNE:GOAO096:96:096SA250831:I:11,0,0,0,0,0,1,0,20250831,20251223
GNE:GOAO096:96:096SA250831:I:12,0,0,0,0,0,1,0,20250831,20251223
GNE:GOAO096:96:096SA250831:I:13,0,0,0,0,0,1,0,20250831,20251223
GNE:GOAO096:96:096SA250831:I:14,0,0,0,0,0,1,0,20250831,20251223
GNE:GOAO096:96:096SA250831:I:15,0,0,0,0,0,1,0,20250831,20251223
GNE:GOAO096:96:096SA250831:I:16,0,0,0,0,0,1,0,20250831,20251223
GNE:GOAO096:96:096SA250831:I:17,0,0,0,0,0,1,0,20250831,20251223
GNE:GOAO096:96:096SA250831:I:18,0,0,0,0,0,1,0,20250831,20251223
GNE:GOAO096:96:096SA250831:I:19,0,0,0,0,0,1,0,20250831,20251223
GNE:GOAO096:96:096SA250831:I:20,0,0,0,0,0,1,0,20250831,20251223
GNE:GOAO096:96:096SA250831:I:21,0,0,0,0,0,1,0,20250831,20251223
GNE:GOAO096:96:096SA250831:I:22,0,0,0,0,0,1,0,20250831,20251223
GNE:GOAO096:96:096SA250831:I:23,0,0,0,0,0,1,0,20250831,20251223
GNE:GOAO096:96:096SA250831:I:24,0,0,0,0,0,1,0,20250831,20251223
GNE:GOAO096:96:096SU250831:O:1,0,0,0,0,0,0,1,20250831,20251223
GNE:GOAO096:96:096SU250831:O:2,0,0,0,0,0,0,1,20250831,20251223
GNE:GOAO096:96:096SU250831:O:3,0,0,0,0,0,0,1,20250831,20251223
GNE:GOAO096:96:096SU250831:O:4,0,0,0,0,0,0,1,20250831,20251223
GNE:GOAO096:96:096SU250831:O:5,0,0,0,0,0,0,1,20250831,20251223
GNE:GOAO096:96:096SU250831:O:6,0,0,0,0,0,0,1,20250831,20251223
GNE:GOAO096:96:096SU250831:O:7,0,0,0,0,0,0,1,20250831,20251223
GNE:GOAO096:96:096SU250831:O:8,0,0,0,0,0,0,1,20250831,20251223
GNE:GOAO096:96:096SU250831:O:9,0,0,0,0,0,0,1,20250831,20251223
GNE:GOAO096:96:096SU250831:O:10,0,0,0,0,0,0,1,20250831,20251223
GNE:GOAO096:96:096SU250831:O:11,0,0,0,0,0,0,1,20250831,20251223
GNE:GOAO096:96:096SU250831:O:12,0,0,0,0,0,0,1,20250831,20251223
GNE:GOAO096:96:096SU250831:O:13,0,0,0,0,0,0,1,20250831,20251223
GNE:GOAO096:96:096SU250831:I:1,0,0,0,0,0,0,1,20250831,20251223
GNE:GOAO096:96:096SU250831:I:2,0,0,0,0,0,0,1,20250831,20251223
GNE:GOAO096:96:096SU250831:I:3,0,0,0,0,0,0,1,20250831,20251223
GNE:GOAO096:96:096SU250831:I:4,0,0,0,0,0,0,1,20250831,20251223
GNE:GOAO096:96:096SU250831:I:5,0,0,0,0,0,0,1,20250831,20251223
GNE:GOAO096:96:096SU250831:I:6,0,0,0,0,0,0,1,20250831,20251223
GNE:GOAO096:96:096SU250831:I:7,0,0,0,0,0,0,1,20250831,20251223
GNE:GOAO096:96:096SU250831:I:8,0,0,0,0,0,0,1,20250831,20251223
GNE:GOAO096:96:096SU250831:I:9,0,0,0,0,0,0,1,20250831,20251223
GNE:GOAO096:96:096SU250831:I:10,0,0,0,0,0,0,1,20250831,20251223
GNE:GOAO096:96:096SU250831:I:11,0,0,0,0,0,0,1,20250831,20251223
GNE:GOAO096:96:096SU250831:I:12,0,0,0,0,0,0,1,20250831,20251223
GNE:GOAO096:96:096SU250831:I:13,0,0,0,0,0,0,1,20250831,20251223
GNE:GOAO096:96:096SU250831:I:14,0,0,0,0,0,0,1,20250831,20251223
GNE:GONO099:99:099MF250831:O:1,0,0,0,0,0,0,0,20250831,20251223
GNE:GONO099:99:099MF250831:O:2,1,1,1,1,1,0,0,20250831,20251223
GNE:GONO099:99:099MF250831:O:3,0,0,0,0,0,0,0,20250831,20251223
GNE:GONO099:99:099MF250831:O:4,1,1,1,1,1,0,0,20250831,20251223
GNE:GONO099:99:099MF250831:O:5,0,0,0,0,0,0,0,20250831,20251223
GNE:GONO099:99:099MF250831:O:6,1,1,1,1,1,0,0,20250831,20251223
GNE:GONO099:99:099MF250831:O:7,0,0,0,0,0,0,0,20250831,20251223
GNE:GONO099:99:099MF250831:O:8,1,1,1,1,1,0,0,20250831,20251223
GNE:GONO099:99:099MF250831:O:9,0,0,0,0,0,0,0,20250831,20251223
GNE:GONO099:99:099MF250831:O:10,1,1,1,1,1,0,0,20250831,20251223
GNE:GONO099:99:099MF250831:O:11,0,0,0,0,0,0,0,20250831,20251223
GNE:GONO099:99:099MF250831:O:12,1,1,1,1,1,0,0,20250831,20251223
GNE:GONO099:99:099MF250831:I:1,0,0,0,0,0,0,0,20250831,20251223
GNE:GONO099:99:099MF250831:I:2,1,1,1,1,1,0,0,20250831,20251223
GNE:GONO099:99:099MF250831:I:3,0,0,0,0,0,0,0,20250831,20251223
GNE:GONO099:99:099MF250831:I:4,1,1,1,1,1,0,0,20250831,20251223
GNE:GONO099:99:099MF250831:I:5,0,0,0,0,0,0,0,20250831,20251223
GNE:GONO099:99:099MF250831:I:6,1,1,1,1,1,0,0,20250831,20251223
GNE:GONO099:99:099MF250831:I:7,0,0,0,0,0,0,0,20250831,20251223
GNE:GONO099:99:099MF250831:I:8,1,1,1,1,1,0,0,20250831,20251223
GNE:GONO099:99:099MF250831:I:9,0,0,0,0,0,0,0,20250831,20251223
GNE:GONO099:99:099MF250831:I:10,1,1,1,1,1,0,0,20250831,20251223
GNE:GONO099:99:099SA250831:O:1,0,0,0,0,0,1,0,20250831,20251223
GNE:GONO099:99:099SA250831:O:2,0,0,0,0,0,1,0,20250831,20251223
GNE:GONO099:99:099SA250831:O:3,0,0,0,0,0,1,0,20250831,20251223
GNE:GONO099:99:099SA250831:O:4,0,0,0,0,0,1,0,20250831,20251223
GNE:GONO099:99:099SA250831:O:5,0,0,0,0,0,1,0,20250831,20251223
GNE:GONO099:99:099SA250831:O:6,0,0,0,0,0,1,0,20250831,20251223
GNE:GONO099:99:099SA250831:I:1,0,0,0,0,0,1,0,20250831,20251223
GNE:GONO099:99:099SA250831:I:2,0,0,0,0,0,1,0,20250831,20251223
GNE:GONO099:99:099SA250831:I:3,0,0,0,0,0,1,0,20250831,20251223
GNE:GONO099:99:099SA250831:I:4,0,0,0,0,0,1,0,20250831,20251223
GNE:GONO099:99:099SA250831:I:5,0,0,0,0,0,1,0,20250831,20251223
GNE:GONO103:103:103MF250831:I:1,0,0,0,0,0,0,0,20250831,20251223
GNE:GONO104:104:104MF250831:O:1,0,0,0,0,0,0,0,20250831,20251223
GNE:GONO104:104:104MF250831:I:1,0,0,0,0,0,0,0,20250831,20251223
GNE:GONO116:116:116MF250831:O:1,0,0,0,0,0,0,0,20250831,20251223
GNE:GONO135:135:135MF250831:I:1,0,0,0,0,0,0,0,20250831,20251223
GNE:GONO137:137:137MF250831:O:1,0,0,0,0,0,0,0,20250831,20251223
GNE:GONO139:139:139MF250831:O:1,0,0,0,0,0,0,0,20250831,20251223
GNE:GONO140:140:140MF250831:I:1,0,0,0,0,0,0,0,20250831,20251223
GNE:GONO143:143:143MF250831:O:1,0,0,0,0,0,0,0,20250831,20251223
GNE:GONO143:143:143MF250831:I:1,0,0,0,0,0,0,0,20250831,20251223
GNE:GONO145:145:145MF250831:I:1,0,0,0,0,0,0,0,20250831,20251223
GNE:GONO145:145:145MF250831:I:2,0,0,0,0,0,0,0,20250831,20251223
GNE:GONO154:154:154MF250831:O:1,0,0,0,0,0,0,0,20250831,20251223
GNE:GONO154:154:154MF250831:O:2,0,0,0,0,0,0,0,20250831,20251223
GNE:GONO154:154:154MF250831:I:1,0,0,0,0,0,0,0,20250831,20251223
GNE:GONO155:155:155MF250831:I:1,0,0,0,0,0,0,0,20250831,20251223
GNE:GOAO201:201:201MF250831:O:1,1,1,1,1,1,0,0,20250831,20251223
GNE:GOAO201:201:201MF250831:O:3,1,1,1,1,1,0,0,20250831,20251223
GNE:GOAO201:201:201MF250831:O:5,1,1,1,1,1,0,0,20250831,20251223
GNE:GOAO201:201:201MF250831:O:7,1,1,1,1,1,0,0,20250831,20251223
GNE:GOAO201:201:201MF250831:O:9,1,1,1,1,1,0,0,20250831,20251223
GNE:GOAO201:201:201MF250831:O:11,1,1,1,1,1,0,0,20250831,20251223
GNE:GOAO201:201:201MF250831:O:13,1,1,1,1,1,0,0,20250831,20251223
GNE:GOAO201:201:201MF250831:O:15,1,1,1,1,1,0,0,20250831,20251223
GNE:GOAO201:201:201MF250831:O:17,1,1,1,1,1,0,0,20250831,20251223
GNE:GOAO201:201:201MF250831:O:19,1,1,1,1,1,0,0,20250831,20251223
GNE:GOAO201:201:201MF250831:O:21,1,1,1,1,1,0,0,20250831,20251223
GNE:GOAO201:201:201MF250831:O:23,1,1,1,1,1,0,0,20250831,20251223
GNE:GOAO201:201:201SA250831:O:1,0,0,0,0,0,1,0,20250831,20251223
GNE:GOAO201:201:201SA250831:O:3,0,0,0,0,0,1,0,20250831,20251223
GNE:GOAO201:201:201SA250831:O:5,0,0,0,0,0,1,0,20250831,20251223
GNE:GOAO201:201:201SA250831:O:7,0,0,0,0,0,1,0,20250831,20251223
GNE:GOAO201:201:201SA250831:O:9,0,0,0,0,0,1,0,20250831,20251223
GNE:GOAO201:201:201SA250831:O:11,0,0,0,0,0,1,0,20250831,20251223
GNE:GOAO201:201:201SA250831:O:13,0,0,0,0,0,1,0,20250831,20251223
GNE:GOAO201:201:201SA250831:O:15,0,0,0,0,0,1,0,20250831,20251223
GNE:GOAO201:201:201SA250831:O:17,0,0,0,0,0,1,0,20250831,20251223
GNE:GOAO201:201:201SA250831:O:19,0,0,0,0,0,1,0,20250831,20251223
GNE:GOAO201:201:201SA250831:O:21,0,0,0,0,0,1,0,20250831,20251223
GNE:GOAO202:202:201MF250831:O:2,1,1,1,1,1,0,0,20250831,20251223
GNE:GOAO202:202:201MF250831:O:4,1,1,1,1,1,0,0,20250831,20251223
GNE:GOAO202:202:201MF250831:O:6,1,1,1,1,1,0,0,20250831,20251223
GNE:GOAO202:202:201MF250831:O:8,1,1,1,1,1,0,0,20250831,20251223
GNE:GOAO202:202:201MF250831:O:10,1,1,1,1,1,0,0,20250831,20251223
GNE:GOAO202:202:201MF250831:O:12,1,1,1,1,1,0,0,20250831,20251223
GNE:GOAO202:202:201MF250831:O:14,1,1,1,1,1,0,0,20250831,20251223
GNE:GOAO202:202:201MF250831:O:16,1,1,1,1,1,0,0,20250831,20251223
GNE:GOAO202:202:201MF250831:O:18,1,1,1,1,1,0,0,20250831,20251223
GNE:GOAO202:202:201MF250831:O:20,1,1,1,1,1,0,0,20250831,20251223
GNE:GOAO202:202:201MF250831:O:22,1,1,1,1,1,0,0,20250831,20251223
GNE:GOAO202:202:201SA250831:O:2,0,0,0,0,0,1,0,20250831,20251223
GNE:GOAO202:202:201SA250831:O:4,0,0,0,0,0,1,0,20250831,20251223
GNE:GOAO202:202:201SA250831:O:6,0,0,0,0,0,1,0,20250831,20251223
GNE:GOAO202:202:201SA250831:O:8,0,0,0,0,0,1,0,20250831,20251223
GNE:GOAO202:202:201SA250831:O:10,0,0,0,0,0,1,0,20250831,20251223
GNE:GOAO202:202:201SA250831:O:12,0,0,0,0,0,1,0,20250831,20251223
GNE:GOAO202:202:201SA250831:O:14,0,0,0,0,0,1,0,20250831,20251223
GNE:GOAO202:202:201SA250831:O:16,0,0,0,0,0,1,0,20250831,20251223
GNE:GOAO202:202:201SA250831:O:18,0,0,0,0,0,1,0,20250831,20251223
GNE:GOAO202:202:201SA250831:O:20,0,0,0,0,0,1,0,20250831,20251223
GNE:GOAO206:206:206MF250831:O:1,1,1,1,1,1,0,0,20250831,20251223
GNE:GOAO206:206:206MF250831:O:2,1,1,1,1,1,0,0,20250831,20251223
GNE:GOAO206:206:206MF250831:O:3,1,1,1,1,1,0,0,20250831,20251223
GNE:GOAO206:206:206MF250831:O:4,1,1,1,1,1,0,0,20250831,20251223
GNE:GOAO206:206:206MF250831:O:5,1,1,1,1,1,0,0,20250831,20251223
GNE:GOAO206:206:206MF250831:O:6,1,1,1,1,1,0,0,20250831,20251223
GNE:GOAO206:206:206MF250831:O:7,1,1,1,1,1,0,0,20250831,20251223
GNE:GOAO206:206:206MF250831:O:8,1,1,1,1,1,0,0,20250831,20251223
GNE:GOAO206:206:206MF250831:O:9,1,1,1,1,1,0,0,20250831,20251223
GNE:GOAO206:206:206MF250831:O:10,1,1,1,1,1,0,0,20250831,20251223
GNE:GOAO206:206:206MF250831:O:11,1,1,1,1,1,0,0,20250831,20251223
GNE:GOAO206:206:206MF250831:O:12,1,1,1,1,1,0,0,20250831,20251223
GNE:GOAO206:206:206SA250831:O:1,0,0,0,0,0,1,0,20250831,20251223
GNE:GOAO206:206:206SA250831:O:2,0,0,0,0,0,1,0,20250831,20251223
GNE:GOAO206:206:206SA250831:O:3,0,0,0,0,0,1,0,20250831,20251223
GNE:GOAO206:206:206SA250831:O:4,0,0,0,0,0,1,0,20250831,20251223
GNE:GOAO206:206:206SA250831:O:5,0,0,0,0,0,1,0,20250831,20251223
GNE:GOAO206:206:206SA250831:O:6,0,0,0,0,0,1,0,20250831,20251223
GNE:GOAO206:206:206SA250831:O:7,0,0,0,0,0,1,0,20250831,20251223
GNE:GOAO206:206:206SA250831:O:8,0,0,0,0,0,1,0,20250831,20251223
GNE:GOAO206:206:206SA250831:O:9,0,0,0,0,0,1,0,20250831,20251223
GNE:GOAO206:206:206SA250831:O:10,0,0,0,0,0,1,0,20250831,20251223
GNE:GOAO206:206:206SA250831:O:11,0,0,0,0,0,1,0,20250831,20251223
GNE:GOAO208:208:208MF250831:O:1,1,1,1,1,1,0,0,20250831,20251223
GNE:GOAO208:208:208MF250831:O:2,1,1,1,1,1,0,0,20250831,20251223
GNE:GOAO208:208:208MF250831:O:3,1,1,1,1,1,0,0,20250831,20251223
GNE:GOAO208:208:208MF250831:O:4,1,1,1,1,1,0,0,20250831,20251223
GNE:GOAO208:208:208MF250831:O:5,1,1,1,1,1,0,0,20250831,20251223
GNE:GOAO208:208:208MF250831:O:6,1,1,1,1,1,0,0,20250831,20251223
GNE:GOAO208:208:208MF250831:O:7,1,1,1,1,1,0,0,20250831,20251223
GNE:GOAO208:208:208MF250831:O:8,1,1,1,1,1,0,0,20250831,20251223
GNE:GOAO208:208:208MF250831:O:9,0,0,0,0,0,0,0,20250831,20251223
GNE:GOAO208:208:208MF250831:O:10,1,1,1,1,1,0,0,20250831,20251223
GNE:GOAO208:208:208MF250831:O:11,1,1,1,1,1,0,0,20250831,20251223
GNE:GOAO208:208:208MF250831:O:12,1,1,1,1,1,0,0,20250831,20251223
GNE:GOAO208:208:208MF250831:O:13,1,1,1,1,1,0,0,20250831,20251223
GNE:GOAO208:208:208MF250831:O:14,1,1,1,1,1,0,0,20250831,20251223
GNE:GOAO208:208:208MF250831:I:1,1,1,1,1,1,0,0,20250831,20251223
GNE:GOAO208:208:208MF250831:I:2,1,1,1,1,1,0,0,20250831,20251223
GNE:GOAO208:208:208MF250831:I:3,1,1,1,1,1,0,0,20250831,20251223
GNE:GOAO208:208:208MF250831:I:4,1,1,1,1,1,0,0,20250831,20251223
GNE:GOAO208:208:208MF250831:I:5,1,1,1,1,1,0,0,20250831,20251223
GNE:GOAO208:208:208MF250831:I:6,1,1,1,1,1,0,0,20250831,20251223
GNE:GOAO208:208:208MF250831:I:7,1,1,1,1,1,0,0,20250831,20251223
GNE:GOAO208:208:208MF250831:I:8,1,1,1,1,1,0,0,20250831,20251223
GNE:GOAO208:208:208MF250831:I:9,1,1,1,1,1,0,0,20250831,20251223
GNE:GOAO208:208:208MF250831:I:10,0,0,0,0,0,0,0,20250831,20251223
GNE:GOAO208:208:208MF250831:I:11,1,1,1,1,1,0,0,20250831,20251223
GNE:GOAO208:208:208MF250831:I:12,1,1,1,1,1,0,0,20250831,20251223
GNE:GOAO208:208:208MF250831:I:13,1,1,1,1,1,0,0,20250831,20251223
GNE:GOAO208:208:208MF250831:I:14,1,1,1,1,1,0,0,20250831,20251223
GNE:GOAO208:208:208MF250831:I:15,1,1,1,1,1,0,0,20250831,20251223
GNE:GOAO208:208:208SA250831:O:1,0,0,0,0,0,1,0,20250831,20251223
GNE:GOAO208:208:208SA250831:O:2,0,0,0,0,0,1,0,20250831,20251223
GNE:GOAO208:208:208SA250831:O:3,0,0,0,0,0,1,0,20250831,20251223
GNE:GOAO208:208:208SA250831:O:4,0,0,0,0,0,1,0,20250831,20251223
GNE:GOAO208:208:208SA250831:O:5,0,0,0,0,0,1,0,20250831,20251223
GNE:GOAO208:208:208SA250831:O:6,0,0,0,0,0,1,0,20250831,20251223
GNE:GOAO208:208:208SA250831:O:7,0,0,0,0,0,1,0,20250831,20251223
GNE:GOAO208:208:208SA250831:O:8,0,0,0,0,0,1,0,20250831,20251223
GNE:GOAO208:208:208SA250831:O:9,0,0,0,0,0,1,0,20250831,20251223
GNE:GOAO208:208:208SA250831:O:10,0,0,0,0,0,1,0,20250831,20251223
GNE:GOAO208:208:208SA250831:O:11,0,0,0,0,0,1,0,20250831,20251223
GNE:GOAO208:208:208SA250831:O:12,0,0,0,0,0,1,0,20250831,20251223
GNE:GOAO208:208:208SA250831:I:1,0,0,0,0,0,1,0,20250831,20251223
GNE:GOAO208:208:208SA250831:I:2,0,0,0,0,0,1,0,20250831,20251223
GNE:GOAO208:208:208SA250831:I:3,0,0,0,0,0,1,0,20250831,20251223
GNE:GOAO208:208:208SA250831:I:4,0,0,0,0,0,1,0,20250831,20251223
GNE:GOAO208:208:208SA250831:I:5,0,0,0,0,0,1,0,20250831,20251223
GNE:GOAO208:208:208SA250831:I:6,0,0,0,0,0,1,0,20250831,20251223
GNE:GOAO208:208:208SA250831:I:7,0,0,0,0,0,1,0,20250831,20251223
GNE:GOAO208:208:208SA250831:I:8,0,0,0,0,0,1,0,20250831,20251223
GNE:GOAO208:208:208SA250831:I:9,0,0,0,0,0,1,0,20250831,20251223
GNE:GOAO208:208:208SA250831:I:10,0,0,0,0,0,1,0,20250831,20251223
GNE:GOAO208:208:208SA250831:I:11,0,0,0,0,0,1,0,20250831,20251223
GNE:GOAO208:208:208SA250831:I:12,0,0,0,0,0,1,0,20250831,20251223
GNE:GOAO208:208:208SA250831:I:13,0,0,0,0,0,1,0,20250831,20251223
GNE:GOAO209:209:209MF250831:O:1,1,1,1,1,1,0,0,20250831,20251223
GNE:GOAO209:209:209MF250831:O:2,1,1,1,1,1,0,0,20250831,20251223
GNE:GOAO209:209:209MF250831:O:3,1,1,1,1,1,0,0,20250831,20251223
GNE:GOAO209:209:209MF250831:O:4,1,1,1,1,1,0,0,20250831,20251223
GNE:GOAO209:209:209MF250831:O:5,1,1,1,1,1,0,0,20250831,20251223
GNE:GOAO209:209:209MF250831:O:6,1,1,1,1,1,0,0,20250831,20251223
GNE:GOAO209:209:209MF250831:O:7,1,1,1,1,1,0,0,20250831,20251223
GNE:GOAO209:209:209MF250831:O:8,1,1,1,1,1,0,0,20250831,20251223
GNE:GOAO209:209:209MF250831:O:9,1,1,1,1,1,0,0,20250831,20251223
GNE:GOAO209:209:209SA250831:O:1,0,0,0,0,0,1,0,20250831,20251223
GNE:GOAO209:209:209SA250831:O:2,0,0,0,0,0,1,0,20250831,20251223
GNE:GOAO209:209:209SA250831:O:3,0,0,0,0,0,1,0,20250831,20251223
GNE:GOAO209:209:209SA250831:O:4,0,0,0,0,0,1,0,20250831,20251223
GNE:GOAO209:209:209SA250831:O:5,0,0,0,0,0,1,0,20250831,20251223
GNE:GOAO209:209:209SA250831:O:6,0,0,0,0,0,1,0,20250831,20251223
GNE:GOAO209:209:209SA250831:O:7,0,0,0,0,0,1,0,20250831,20251223
GNE:GOAO209:209:209SA250831:O:8,0,0,0,0,0,1,0,20250831,20251223
GNE:GOAO209:209:209SA250831:O:9,0,0,0,0,0,1,0,20250831,20251223
GNE:GOAO210:210:209MF250831:I:1,1,1,1,1,1,0,0,20250831,20251223
GNE:GOAO210:210:209MF250831:I:2,1,1,1,1,1,0,0,20250831,20251223
GNE:GOAO210:210:209MF250831:I:3,1,1,1,1,1,0,0,20250831,20251223
GNE:GOAO210:210:209MF250831:I:4,1,1,1,1,1,0,0,20250831,20251223
GNE:GOAO210:210:209MF250831:I:5,1,1,1,1,1,0,0,20250831,20251223
GNE:GOAO210:210:209MF250831:I:6,1,1,1,1,1,0,0,20250831,20251223
GNE:GOAO210:210:209MF250831:I:7,1,1,1,1,1,0,0,20250831,20251223
GNE:GOAO210:210:209MF250831:I:8,1,1,1,1,1,0,0,20250831,20251223
GNE:GOAO210:210:209MF250831:I:9,1,1,1,1,1,0,0,20250831,20251223
GNE:GOAO210:210:209SA250831:I:1,0,0,0,0,0,1,0,20250831,20251223
GNE:GOAO210:210:209SA250831:I:2,0,0,0,0,0,1,0,20250831,20251223
GNE:GOAO210:210:209SA250831:I:3,0,0,0,0,0,1,0,20250831,20251223
GNE:GOAO210:210:209SA250831:I:4,0,0,0,0,0,1,0,20250831,20251223
GNE:GOAO210:210:209SA250831:I:5,0,0,0,0,0,1,0,20250831,20251223
GNE:GOAO210:210:209SA250831:I:6,0,0,0,0,0,1,0,20250831,20251223
GNE:GOAO210:210:209SA250831:I:7,0,0,0,0,0,1,0,20250831,20251223
GNE:GOAO210:210:209SA250831:I:8,0,0,0,0,0,1,0,20250831,20251223
GNE:GOAO301:301:301MF250831:O:1,1,1,1,1,1,0,0,20250831,20251223
GNE:GOAO301:301:301MF250831:O:2,1,1,1,1,1,0,0,20250831,20251223
GNE:GOAO301:301:301MF250831:O:3,1,1,1,1,1,0,0,20250831,20251223
GNE:GOAO301:301:301MF250831:O:4,1,1,1,1,1,0,0,20250831,20251223
GNE:GOAO301:301:301MF250831:O:5,1,1,1,1,1,0,0,20250831,20251223
GNE:GOAO301:301:301MF250831:O:6,1,1,1,1,1,0,0,20250831,20251223
GNE:GOAO301:301:301MF250831:O:7,1,1,1,1,1,0,0,20250831,20251223
GNE:GOAO301:301:301MF250831:O:8,1,1,1,1,1,0,0,20250831,20251223
GNE:GOAO301:301:301MF250831:O:9,1,1,1,1,1,0,0,20250831,20251223
GNE:GOAO301:301:301MF250831:O:10,1,1,1,1,1,0,0,20250831,20251223
GNE:GOAO301:301:301MF250831:O:11,1,1,1,1,1,0,0,20250831,20251223
GNE:GOAO301:301:301MF250831:O:12,1,1,1,1,1,0,0,20250831,20251223
GNE:GOAO301:301:301MF250831:O:13,1,1,1,1,1,0,0,20250831,20251223
GNE:GOAO301:301:301MF250831:O:14,1,1,1,1,1,0,0,20250831,20251223
GNE:GOAO301:301:301MF250831:O:15,1,1,1,1,1,0,0,20250831,20251223
GNE:GOAO301:301:301MF250831:O:16,1,1,1,1,1,0,0,20250831,20251223
GNE:GOAO301:301:301MF250831:O:17,1,1,1,1,1,0,0,20250831,20251223
GNE:GOAO301:301:301MF250831:O:18,1,1,1,1,1,0,0,20250831,20251223
GNE:GOAO301:301:301MF250831:O:19,1,1,1,1,1,0,0,20250831,20251223
GNE:GOAO301:301:301MF250831:O:20,1,1,1,1,1,0,0,20250831,20251223
GNE:GOAO301:301:301MF250831:O:21,1,1,1,1,1,0,0,20250831,20251223
GNE:GOAO301:301:301MF250831:O:22,1,1,1,1,1,0,0,20250831,20251223
GNE:GOAO301:301:301MF250831:O:23,1,1,1,1,1,0,0,20250831,20251223
GNE:GOAO301:301:301MF250831:O:24,1,1,1,1,1,0,0,20250831,20251223
GNE:GOAO301:301:301MF250831:O:25,1,1,1,1,1,0,0,20250831,20251223
GNE:GOAO301:301:301MF250831:O:26,1,1,1,1,1,0,0,20250831,20251223
GNE:GOAO301:301:301MF250831:O:27,1,1,1,1,1,0,0,20250831,20251223
GNE:GOAO301:301:301MF250831:O:28,1,1,1,1,1,0,0,20250831,20251223
GNE:GOAO301:301:301MF250831:O:29,1,1,1,1,1,0,0,20250831,20251223
GNE:GOAO301:301:301MF250831:O:30,1,1,1,1,1,0,0,20250831,20251223
GNE:GOAO301:301:301MF250831:O:31,1,1,1,1,1,0,0,20250831,20251223
GNE:GOAO301:301:301MF250831:O:32,1,1,1,1,1,0,0,20250831,20251223
GNE:GOAO301:301:301MF250831:O:33,1,1,1,1,1,0,0,20250831,20251223
GNE:GOAO301:301:301MF250831:O:34,1,1,1,1,1,0,0,20250831,20251223
GNE:GOAO301:301:301MF250831:O:35,1,1,1,1,1,0,0,20250831,20251223
GNE:GOAO301:301:301MF250831:O:36,1,1,1,1,1,0,0,20250831,20251223
GNE:GOAO301:301:301MF250831:O:37,1,1,1,1,1,0,0,20250831,20251223
GNE:GOAO301:301:301MF250831:O:38,1,1,1,1,1,0,0,20250831,20251223
GNE:GOAO301:301:301MF250831:O:39,1,1,1,1,1,0,0,20250831,20251223
GNE:GOAO301:301:301MF250831:O:40,1,1,1,1,1,0,0,20250831,20251223
GNE:GOAO301:301:301MF250831:O:41,1,1,1,1,1,0,0,20250831,20251223
GNE:GOAO301:301:301MF250831:O:42,1,1,1,1,1,0,0,20250831,20251223
GNE:GOAO301:301:301MF250831:O:43,1,1,1,1,1,0,0,20250831,20251223
GNE:GOAO301:301:301MF250831:O:44,1,1,1,1,1,0,0,20250831,20251223
GNE:GOAO301:301:301MF250831:O:45,1,1,1,1,1,0,0,20250831,20251223
GNE:GOAO301:301:301MF250831:O:46,1,1,1,1,1,0,0,20250831,20251223
GNE:GOAO301:301:301MF250831:O:47,1,1,1,1,1,0,0,20250831,20251223
GNE:GOAO301:301:301MF250831:O:48,1,1,1,1,1,0,0,20250831,20251223
GNE:GOAO301:301:301MF250831:I:2,1,1,1,1,1,0,0,20250831,20251223
GNE:GOAO301:301:301MF250831:I:3,1,1,1,1,1,0,0,20250831,20251223
GNE:GOAO301:301:301MF250831:I:4,1,1,1,1,1,0,0,20250831,20251223
GNE:GOAO301:301:301MF250831:I:5,1,1,1,1,1,0,0,20250831,20251223
GNE:GOAO301:301:301MF250831:I:6,1,1,1,1,1,0,0,20250831,20251223
GNE:GOAO301:301:301MF250831:I:7,1,1,1,1,1,0,0,20250831,20251223
GNE:GOAO301:301:301MF250831:I:8,1,1,1,1,1,0,0,20250831,20251223
GNE:GOAO301:301:301MF250831:I:9,1,1,1,1,1,0,0,20250831,20251223
GNE:GOAO301:301:301MF250831:I:10,1,1,1,1,1,0,0,20250831,20251223
GNE:GOAO301:301:301MF250831:I:11,1,1,1,1,1,0,0,20250831,20251223
GNE:GOAO301:301:301MF250831:I:12,1,1,1,1,1,0,0,20250831,20251223
GNE:GOAO301:301:301MF250831:I:13,1,1,1,1,1,0,0,20250831,20251223
GNE:GOAO301:301:301MF250831:I:14,1,1,1,1,1,0,0,20250831,20251223
GNE:GOAO301:301:301MF250831:I:15,1,1,1,1,1,0,0,20250831,20251223
GNE:GOAO301:301:301MF250831:I:16,1,1,1,1,1,0,0,20250831,20251223
GNE:GOAO301:301:301MF250831:I:17,1,1,1,1,1,0,0,20250831,20251223
GNE:GOAO301:301:301MF250831:I:18,1,1,1,1,1,0,0,20250831,20251223
GNE:GOAO301:301:301MF250831:I:19,1,1,1,1,1,0,0,20250831,20251223
GNE:GOAO301:301:301MF250831:I:20,1,1,1,1,1,0,0,20250831,20251223
GNE:GOAO301:301:301MF250831:I:21,1,1,1,1,1,0,0,20250831,20251223
GNE:GOAO301:301:301MF250831:I:22,1,1,1,1,1,0,0,20250831,20251223
GNE:GOAO301:301:301MF250831:I:23,1,1,1,1,1,0,0,20250831,20251223
GNE:GOAO301:301:301MF250831:I:24,1,1,1,1,1,0,0,20250831,20251223
GNE:GOAO301:301:301MF250831:I:25,1,1,1,1,1,0,0,20250831,20251223
GNE:GOAO301:301:301MF250831:I:26,1,1,1,1,1,0,0,20250831,20251223
GNE:GOAO301:301:301MF250831:I:27,1,1,1,1,1,0,0,20250831,20251223
GNE:GOAO301:301:301MF250831:I:28,1,1,1,1,1,0,0,20250831,20251223
GNE:GOAO301:301:301MF250831:I:29,1,1,1,1,1,0,0,20250831,20251223
GNE:GOAO301:301:301MF250831:I:30,1,1,1,1,1,0,0,20250831,20251223
GNE:GOAO301:301:301MF250831:I:31,1,1,1,1,1,0,0,20250831,20251223
GNE:GOAO301:301:301MF250831:I:32,1,1,1,1,1,0,0,20250831,20251223
GNE:GOAO301:301:301MF250831:I:33,1,1,1,1,1,0,0,20250831,20251223
GNE:GOAO301:301:301MF250831:I:34,1,1,1,1,1,0,0,20250831,20251223
GNE:GOAO301:301:301MF250831:I:35,1,1,1,1,1,0,0,20250831,20251223
GNE:GOAO301:301:301MF250831:I:36,1,1,1,1,1,0,0,20250831,20251223
GNE:GOAO301:301:301MF250831:I:37,1,1,1,1,1,0,0,20250831,20251223
GNE:GOAO301:301:301MF250831:I:38,1,1,1,1,1,0,0,20250831,20251223
GNE:GOAO301:301:301MF250831:I:39,1,1,1,1,1,0,0,20250831,20251223
GNE:GOAO301:301:301MF250831:I:40,1,1,1,1,1,0,0,20250831,20251223
GNE:GOAO301:301:301MF250831:I:41,1,1,1,1,1,0,0,20250831,20251223
GNE:GOAO301:301:301MF250831:I:42,1,1,1,1,1,0,0,20250831,20251223
GNE:GOAO301:301:301MF250831:I:43,1,1,1,1,1,0,0,20250831,20251223
GNE:GOAO301:301:301MF250831:I:44,1,1,1,1,1,0,0,20250831,20251223
GNE:GOAO301:301:301MF250831:I:45,1,1,1,1,1,0,0,20250831,20251223
GNE:GOAO301:301:301MF250831:I:46,1,1,1,1,1,0,0,20250831,20251223
GNE:GOAO301:301:301SA250831:O:1,0,0,0,0,0,1,0,20250831,20251223
GNE:GOAO301:301:301SA250831:O:2,0,0,0,0,0,1,0,20250831,20251223
GNE:GOAO301:301:301SA250831:O:3,0,0,0,0,0,1,0,20250831,20251223
GNE:GOAO301:301:301SA250831:O:4,0,0,0,0,0,1,0,20250831,20251223
GNE:GOAO301:301:301SA250831:O:5,0,0,0,0,0,1,0,20250831,20251223
GNE:GOAO301:301:301SA250831:O:6,0,0,0,0,0,1,0,20250831,20251223
GNE:GOAO301:301:301SA250831:O:7,0,0,0,0,0,1,0,20250831,20251223
GNE:GOAO301:301:301SA250831:O:8,0,0,0,0,0,1,0,20250831,20251223
GNE:GOAO301:301:301SA250831:O:9,0,0,0,0,0,1,0,20250831,20251223
GNE:GOAO301:301:301SA250831:O:10,0,0,0,0,0,1,0,20250831,20251223
GNE:GOAO301:301:301SA250831:O:11,0,0,0,0,0,1,0,20250831,20251223
GNE:GOAO301:301:301SA250831:O:12,0,0,0,0,0,1,0,20250831,20251223
GNE:GOAO301:301:301SA250831:O:13,0,0,0,0,0,1,0,20250831,20251223
GNE:GOAO301:301:301SA250831:O:14,0,0,0,0,0,1,0,20250831,20251223
GNE:GOAO301:301:301SA250831:O:15,0,0,0,0,0,1,0,20250831,20251223
GNE:GOAO301:301:301SA250831:O:16,0,0,0,0,0,1,0,20250831,20251223
GNE:GOAO301:301:301SA250831:O:17,0,0,0,0,0,1,0,20250831,20251223
GNE:GOAO301:301:301SA250831:O:18,0,0,0,0,0,1,0,20250831,20251223
GNE:GOAO301:301:301SA250831:O:19,0,0,0,0,0,1,0,20250831,20251223
GNE:GOAO301:301:301SA250831:O:20,0,0,0,0,0,1,0,20250831,20251223
GNE:GOAO301:301:301SA250831:O:21,0,0,0,0,0,1,0,20250831,20251223
GNE:GOAO301:301:301SA250831:O:22,0,0,0,0,0,1,0,20250831,20251223
GNE:GOAO301:301:301SA250831:O:23,0,0,0,0,0,1,0,20250831,20251223
GNE:GOAO301:301:301SA250831:O:24,0,0,0,0,0,1,0,20250831,20251223
GNE:GOAO301:301:301SA250831:O:25,0,0,0,0,0,1,0,20250831,20251223
GNE:GOAO301:301:301SA250831:O:26,0,0,0,0,0,1,0,20250831,20251223
GNE:GOAO301:301:301SA250831:O:27,0,0,0,0,0,1,0,20250831,20251223
GNE:GOAO301:301:301SA250831:O:28,0,0,0,0,0,1,0,20250831,20251223
GNE:GOAO301:301:301SA250831:O:29,0,0,0,0,0,1,0,20250831,20251223
GNE:GOAO301:301:301SA250831:O:30,0,0,0,0,0,1,0,20250831,20251223
GNE:GOAO301:301:301SA250831:O:31,0,0,0,0,0,1,0,20250831,20251223
GNE:GOAO301:301:301SA250831:O:32,0,0,0,0,0,1,0,20250831,20251223
GNE:GOAO301:301:301SA250831:O:33,0,0,0,0,0,1,0,20250831,20251223
GNE:GOAO301:301:301SA250831:O:34,0,0,0,0,0,1,0,20250831,20251223
GNE:GOAO301:301:301SA250831:O:35,0,0,0,0,0,1,0,20250831,20251223
GNE:GOAO301:301:301SA250831:O:36,0,0,0,0,0,1,0,20250831,20251223
GNE:GOAO301:301:301SA250831:O:37,0,0,0,0,0,1,0,20250831,20251223
GNE:GOAO301:301:301SA250831:O:38,0,0,0,0,0,1,0,20250831,20251223
GNE:GOAO301:301:301SA250831:O:39,0,0,0,0,0,1,0,20250831,20251223
GNE:GOAO301:301:301SA250831:O:40,0,0,0,0,0,1,0,20250831,20251223
GNE:GOAO301:301:301SA250831:O:41,0,0,0,0,0,1,0,20250831,20251223
GNE:GOAO301:301:301SA250831:O:42,0,0,0,0,0,1,0,20250831,20251223
GNE:GOAO301:301:301SA250831:O:43,0,0,0,0,0,1,0,20250831,20251223
GNE:GOAO301:301:301SA250831:O:44,0,0,0,0,0,1,0,20250831,20251223
GNE:GOAO301:301:301SA250831:O:45,0,0,0,0,0,1,0,20250831,20251223
GNE:GOAO301:301:301SA250831:I:1,0,0,0,0,0,1,0,20250831,20251223
GNE:GOAO301:301:301SA250831:I:2,0,0,0,0,0,1,0,20250831,20251223
GNE:GOAO301:301:301SA250831:I:3,0,0,0,0,0,1,0,20250831,20251223
GNE:GOAO301:301:301SA250831:I:4,0,0,0,0,0,1,0,20250831,20251223
GNE:GOAO301:301:301SA250831:I:5,0,0,0,0,0,1,0,20250831,20251223
GNE:GOAO301:301:301SA250831:I:6,0,0,0,0,0,1,0,20250831,20251223
GNE:GOAO301:301:301SA250831:I:7,0,0,0,0,0,1,0,20250831,20251223
GNE:GOAO301:301:301SA250831:I:8,0,0,0,0,0,1,0,20250831,20251223
GNE:GOAO301:301:301SA250831:I:9,0,0,0,0,0,1,0,20250831,20251223
GNE:GOAO301:301:301SA250831:I:10,0,0,0,0,0,1,0,20250831,20251223
GNE:GOAO301:301:301SA250831:I:11,0,0,0,0,0,1,0,20250831,20251223
GNE:GOAO301:301:301SA250831:I:12,0,0,0,0,0,1,0,20250831,20251223
GNE:GOAO301:301:301SA250831:I:13,0,0,0,0,0,1,0,20250831,20251223
GNE:GOAO301:301:301SA250831:I:14,0,0,0,0,0,1,0,20250831,20251223
GNE:GOAO301:301:301SA250831:I:15,0,0,0,0,0,1,0,20250831,20251223
GNE:GOAO301:301:301SA250831:I:16,0,0,0,0,0,1,0,20250831,20251223
GNE:GOAO301:301:301SA250831:I:17,0,0,0,0,0,1,0,20250831,20251223
GNE:GOAO301:301:301SA250831:I:18,0,0,0,0,0,1,0,20250831,20251223
GNE:GOAO301:301:301SA250831:I:19,0,0,0,0,0,1,0,20250831,20251223
GNE:GOAO301:301:301SA250831:I:20,0,0,0,0,0,1,0,20250831,20251223
GNE:GOAO301:301:301SA250831:I:21,0,0,0,0,0,1,0,20250831,20251223
GNE:GOAO301:301:301SA250831:I:22,0,0,0,0,0,1,0,20250831,20251223
GNE:GOAO301:301:301SA250831:I:23,0,0,0,0,0,1,0,20250831,20251223
GNE:GOAO301:301:301SA250831:I:24,0,0,0,0,0,1,0,20250831,20251223
GNE:GOAO301:301:301SA250831:I:25,0,0,0,0,0,1,0,20250831,20251223
GNE:GOAO301:301:301SA250831:I:26,0,0,0,0,0,1,0,20250831,20251223
GNE:GOAO301:301:301SA250831:I:27,0,0,0,0,0,1,0,20250831,20251223
GNE:GOAO301:301:301SA250831:I:28,0,0,0,0,0,1,0,20250831,20251223
GNE:GOAO301:301:301SA250831:I:29,0,0,0,0,0,1,0,20250831,20251223
GNE:GOAO301:301:301SA250831:I:30,0,0,0,0,0,1,0,20250831,20251223
GNE:GOAO301:301:301SA250831:I:31,0,0,0,0,0,1,0,20250831,20251223
GNE:GOAO301:301:301SA250831:I:32,0,0,0,0,0,1,0,20250831,20251223
GNE:GOAO301:301:301SA250831:I:33,0,0,0,0,0,1,0,20250831,20251223
GNE:GOAO301:301:301SA250831:I:34,0,0,0,0,0,1,0,20250831,20251223
GNE:GOAO301:301:301SA250831:I:35,0,0,0,0,0,1,0,20250831,20251223
GNE:GOAO301:301:301SA250831:I:36,0,0,0,0,0,1,0,20250831,20251223
GNE:GOAO301:301:301SA250831:I:37,0,0,0,0,0,1,0,20250831,20251223
GNE:GOAO301:301:301SA250831:I:38,0,0,0,0,0,1,0,20250831,20251223
GNE:GOAO301:301:301SA250831:I:39,0,0,0,0,0,1,0,20250831,20251223
GNE:GOAO301:301:301SA250831:I:40,0,0,0,0,0,1,0,20250831,20251223
GNE:GOAO301:301:301SA250831:I:41,0,0,0,0,0,1,0,20250831,20251223
GNE:GOAO301:301:301SA250831:I:42,0,0,0,0,0,1,0,20250831,20251223
GNE:GOAO301:301:301SA250831:I:43,0,0,0,0,0,1,0,20250831,20251223
GNE:GOAO301:301:301SA250831:I:44,0,0,0,0,0,1,0,20250831,20251223
GNE:GOAO301:301:301SU250831:O:1,0,0,0,0,0,0,1,20250831,20251223
GNE:GOAO301:301:301SU250831:O:2,0,0,0,0,0,0,1,20250831,20251223
GNE:GOAO301:301:301SU250831:O:3,0,0,0,0,0,0,1,20250831,20251223
GNE:GOAO301:301:301SU250831:O:4,0,0,0,0,0,0,1,20250831,20251223
GNE:GOAO301:301:301SU250831:O:5,0,0,0,0,0,0,1,20250831,20251223
GNE:GOAO301:301:301SU250831:O:6,0,0,0,0,0,0,1,20250831,20251223
GNE:GOAO301:301:301SU250831:O:7,0,0,0,0,0,0,1,20250831,20251223
GNE:GOAO301:301:301SU250831:O:8,0,0,0,0,0,0,1,20250831,20251223
GNE:GOAO301:301:301SU250831:O:9,0,0,0,0,0,0,1,20250831,20251223
GNE:GOAO301:301:301SU250831:O:10,0,0,0,0,0,0,1,20250831,20251223
GNE:GOAO301:301:301SU250831:O:11,0,0,0,0,0,0,1,20250831,20251223
GNE:GOAO301:301:301SU250831:O:12,0,0,0,0,0,0,1,20250831,20251223
GNE:GOAO301:301:301SU250831:O:13,0,0,0,0,0,0,1,20250831,20251223
GNE:GOAO301:301:301SU250831:O:14,0,0,0,0,0,0,1,20250831,20251223
GNE:GOAO301:301:301SU250831:O:15,0,0,0,0,0,0,1,20250831,20251223
GNE:GOAO301:301:301SU250831:O:16,0,0,0,0,0,0,1,20250831,20251223
GNE:GOAO301:301:301SU250831:O:17,0,0,0,0,0,0,1,20250831,20251223
GNE:GOAO301:301:301SU250831:O:18,0,0,0,0,0,0,1,20250831,20251223
GNE:GOAO301:301:301SU250831:O:19,0,0,0,0,0,0,1,20250831,20251223
GNE:GOAO301:301:301SU250831:O:20,0,0,0,0,0,0,1,20250831,20251223
GNE:GOAO301:301:301SU250831:O:21,0,0,0,0,0,0,1,20250831,20251223
GNE:GOAO301:301:301SU250831:O:22,0,0,0,0,0,0,1,20250831,20251223
GNE:GOAO301:301:301SU250831:O:23,0,0,0,0,0,0,1,20250831,20251223
GNE:GOAO301:301:301SU250831:O:24,0,0,0,0,0,0,1,20250831,20251223
GNE:GOAO301:301:301SU250831:O:25,0,0,0,0,0,0,1,20250831,20251223
GNE:GOAO301:301:301SU250831:O:26,0,0,0,0,0,0,1,20250831,20251223
GNE:GOAO301:301:301SU250831:O:27,0,0,0,0,0,0,1,20250831,20251223
GNE:GOAO301:301:301SU250831:O:28,0,0,0,0,0,0,1,20250831,20251223
GNE:GOAO301:301:301SU250831:O:29,0,0,0,0,0,0,1,20250831,20251223
GNE:GOAO301:301:301SU250831:O:30,0,0,0,0,0,0,1,20250831,20251223
GNE:GOAO301:301:301SU250831:O:31,0,0,0,0,0,0,1,20250831,20251223
GNE:GOAO301:301:301SU250831:O:32,0,0,0,0,0,0,1,20250831,20251223
GNE:GOAO301:301:301SU250831:I:1,0,0,0,0,0,0,1,20250831,20251223
GNE:GOAO301:301:301SU250831:I:2,0,0,0,0,0,0,1,20250831,20251223
GNE:GOAO301:301:301SU250831:I:3,0,0,0,0,0,0,1,20250831,20251223
GNE:GOAO301:301:301SU250831:I:4,0,0,0,0,0,0,1,20250831,20251223
GNE:GOAO301:301:301SU250831:I:5,0,0,0,0,0,0,1,20250831,20251223
GNE:GOAO301:301:301SU250831:I:6,0,0,0,0,0,0,1,20250831,20251223
GNE:GOAO301:301:301SU250831:I:7,0,0,0,0,0,0,1,20250831,20251223
GNE:GOAO301:301:301SU250831:I:8,0,0,0,0,0,0,1,20250831,20251223
GNE:GOAO301:301:301SU250831:I:9,0,0,0,0,0,0,1,20250831,20251223
GNE:GOAO301:301:301SU250831:I:10,0,0,0,0,0,0,1,20250831,20251223
GNE:GOAO301:301:301SU250831:I:11,0,0,0,0,0,0,1,20250831,20251223
GNE:GOAO301:301:301SU250831:I:12,0,0,0,0,0,0,1,20250831,20251223
GNE:GOAO301:301:301SU250831:I:13,0,0,0,0,0,0,1,20250831,20251223
GNE:GOAO301:301:301SU250831:I:14,0,0,0,0,0,0,1,20250831,20251223
GNE:GOAO301:301:301SU250831:I:15,0,0,0,0,0,0,1,20250831,20251223
GNE:GOAO301:301:301SU250831:I:16,0,0,0,0,0,0,1,20250831,20251223
GNE:GOAO301:301:301SU250831:I:17,0,0,0,0,0,0,1,20250831,20251223
GNE:GOAO301:301:301SU250831:I:18,0,0,0,0,0,0,1,20250831,20251223
GNE:GOAO301:301:301SU250831:I:19,0,0,0,0,0,0,1,20250831,20251223
GNE:GOAO301:301:301SU250831:I:20,0,0,0,0,0,0,1,20250831,20251223
GNE:GOAO301:301:301SU250831:I:21,0,0,0,0,0,0,1,20250831,20251223
GNE:GOAO301:301:301SU250831:I:22,0,0,0,0,0,0,1,20250831,20251223
GNE:GOAO301:301:301SU250831:I:23,0,0,0,0,0,0,1,20250831,20251223
GNE:GOAO301:301:301SU250831:I:24,0,0,0,0,0,0,1,20250831,20251223
GNE:GOAO301:301:301SU250831:I:25,0,0,0,0,0,0,1,20250831,20251223
GNE:GOAO301:301:301SU250831:I:26,0,0,0,0,0,0,1,20250831,20251223
GNE:GOAO301:301:301SU250831:I:27,0,0,0,0,0,0,1,20250831,20251223
GNE:GOAO301:301:301SU250831:I:28,0,0,0,0,0,0,1,20250831,20251223
GNE:GOAO301:301:301SU250831:I:29,0,0,0,0,0,0,1,20250831,20251223
GNE:GOAO301:301:301SU250831:I:30,0,0,0,0,0,0,1,20250831,20251223
GNE:GOAO301:301:301SU250831:I:31,0,0,0,0,0,0,1,20250831,20251223
GNE:GOAO301A:301A:301MF250831:I:1,1,1,1,1,1,0,0,20250831,20251223
GNE:GOAO307:307:307MF250831:O:1,1,1,1,1,1,0,0,20250831,20251223
GNE:GOAO307:307:307MF250831:O:3,1,1,1,1,1,0,0,20250831,20251223
GNE:GOAO307:307:307MF250831:O:6,1,1,1,1,1,0,0,20250831,20251223
GNE:GOAO307:307:307MF250831:O:7,1,1,1,1,1,0,0,20250831,20251223
GNE:GOAO307:307:307MF250831:O:8,1,1,1,1,1,0,0,20250831,20251223
GNE:GOAO307:307:307MF250831:O:10,1,1,1,1,1,0,0,20250831,20251223
GNE:GOAO307:307:307MF250831:O:13,1,1,1,1,1,0,0,20250831,20251223
GNE:GOAO307:307:307MF250831:O:15,1,1,1,1,1,0,0,20250831,20251223
GNE:GOAO307:307:307MF250831:O:17,1,1,1,1,1,0,0,20250831,20251223
GNE:GOAO307:307:307MF250831:O:19,1,1,1,1,1,0,0,20250831,20251223
GNE:GOAO307:307:307MF250831:O:21,1,1,1,1,1,0,0,20250831,20251223
GNE:GOAO307:307:307MF250831:O:23,1,1,1,1,1,0,0,20250831,20251223
GNE:GOAO307:307:307MF250831:O:25,1,1,1,1,1,0,0,20250831,20251223
GNE:GOAO307:307:307MF250831:O:27,1,1,1,1,1,0,0,20250831,20251223
GNE:GOAO307:307:307MF250831:O:29,1,1,1,1,1,0,0,20250831,20251223
GNE:GOAO307:307:307MF250831:O:31,1,1,1,1,1,0,0,20250831,20251223
GNE:GOAO307:307:307MF250831:O:33,1,1,1,1,1,0,0,20250831,20251223
GNE:GOAO307:307:307MF250831:O:35,1,1,1,1,1,0,0,20250831,20251223
GNE:GOAO307:307:307MF250831:O:37,1,1,1,1,1,0,0,20250831,20251223
GNE:GOAO307:307:307MF250831:O:39,1,1,1,1,1,0,0,20250831,20251223
GNE:GOAO307:307:307MF250831:O:41,1,1,1,1,1,0,0,20250831,20251223
GNE:GOAO307:307:307MF250831:O:43,1,1,1,1,1,0,0,20250831,20251223
GNE:GOAO307:307:307MF250831:O:45,1,1,1,1,1,0,0,20250831,20251223
GNE:GOAO307:307:307MF250831:O:47,1,1,1,1,1,0,0,20250831,20251223
GNE:GOAO307:307:307MF250831:O:49,1,1,1,1,1,0,0,20250831,20251223
GNE:GOAO307:307:307MF250831:O:51,1,1,1,1,1,0,0,20250831,20251223
GNE:GOAO307:307:307MF250831:O:53,1,1,1,1,1,0,0,20250831,20251223
GNE:GOAO307:307:307MF250831:O:55,1,1,1,1,1,0,0,20250831,20251223
GNE:GOAO307:307:307MF250831:O:57,1,1,1,1,1,0,0,20250831,20251223
GNE:GOAO307:307:307MF250831:O:59,1,1,1,1,1,0,0,20250831,20251223
GNE:GOAO307:307:307MF250831:O:61,1,1,1,1,1,0,0,20250831,20251223
GNE:GOAO307:307:307MF250831:O:63,1,1,1,1,1,0,0,20250831,20251223
GNE:GOAO307:307:307MF250831:O:65,1,1,1,1,1,0,0,20250831,20251223
GNE:GOAO307:307:307MF250831:O:67,1,1,1,1,1,0,0,20250831,20251223
GNE:GOAO307:307:307MF250831:O:69,1,1,1,1,1,0,0,20250831,20251223
GNE:GOAO307:307:307MF250831:O:71,1,1,1,1,1,0,0,20250831,20251223
GNE:GOAO307:307:307MF250831:O:73,1,1,1,1,1,0,0,20250831,20251223
GNE:GOAO307:307:307MF250831:O:75,1,1,1,1,1,0,0,20250831,20251223
GNE:GOAO307:307:307MF250831:O:77,1,1,1,1,1,0,0,20250831,20251223
GNE:GOAO307:307:307MF250831:O:79,1,1,1,1,1,0,0,20250831,20251223
GNE:GOAO307:307:307MF250831:O:81,1,1,1,1,1,0,0,20250831,20251223
GNE:GOAO307:307:307MF250831:O:83,1,1,1,1,1,0,0,20250831,20251223
GNE:GOAO307:307:307MF250831:O:85,1,1,1,1,1,0,0,20250831,20251223
GNE:GOAO307:307:307MF250831:I:2,1,1,1,1,1,0,0,20250831,20251223
GNE:GOAO307:307:307MF250831:I:4,1,1,1,1,1,0,0,20250831,20251223
GNE:GOAO307:307:307MF250831:I:6,1,1,1,1,1,0,0,20250831,20251223
GNE:GOAO307:307:307MF250831:I:8,1,1,1,1,1,0,0,20250831,20251223
GNE:GOAO307:307:307MF250831:I:10,1,1,1,1,1,0,0,20250831,20251223
GNE:GOAO307:307:307MF250831:I:12,1,1,1,1,1,0,0,20250831,20251223
GNE:GOAO307:307:307MF250831:I:14,1,1,1,1,1,0,0,20250831,20251223
GNE:GOAO307:307:307MF250831:I:16,1,1,1,1,1,0,0,20250831,20251223
GNE:GOAO307:307:307MF250831:I:18,1,1,1,1,1,0,0,20250831,20251223
GNE:GOAO307:307:307MF250831:I:20,1,1,1,1,1,0,0,20250831,20251223
GNE:GOAO307:307:307MF250831:I:22,1,1,1,1,1,0,0,20250831,20251223
GNE:GOAO307:307:307MF250831:I:24,1,1,1,1,1,0,0,20250831,20251223
GNE:GOAO307:307:307MF250831:I:26,1,1,1,1,1,0,0,20250831,20251223
GNE:GOAO307:307:307MF250831:I:28,1,1,1,1,1,0,0,20250831,20251223
GNE:GOAO307:307:307MF250831:I:30,1,1,1,1,1,0,0,20250831,20251223
GNE:GOAO307:307:307MF250831:I:32,1,1,1,1,1,0,0,20250831,20251223
GNE:GOAO307:307:307MF250831:I:34,1,1,1,1,1,0,0,20250831,20251223
GNE:GOAO307:307:307MF250831:I:36,1,1,1,1,1,0,0,20250831,20251223
GNE:GOAO307:307:307MF250831:I:38,1,1,1,1,1,0,0,20250831,20251223
GNE:GOAO307:307:307MF250831:I:40,1,1,1,1,1,0,0,20250831,20251223
GNE:GOAO307:307:307MF250831:I:42,1,1,1,1,1,0,0,20250831,20251223
GNE:GOAO307:307:307MF250831:I:44,1,1,1,1,1,0,0,20250831,20251223
GNE:GOAO307:307:307MF250831:I:46,1,1,1,1,1,0,0,20250831,20251223
GNE:GOAO307:307:307MF250831:I:48,1,1,1,1,1,0,0,20250831,20251223
GNE:GOAO307:307:307MF250831:I:50,1,1,1,1,1,0,0,20250831,20251223
GNE:GOAO307:307:307MF250831:I:52,1,1,1,1,1,0,0,20250831,20251223
GNE:GOAO307:307:307MF250831:I:54,1,1,1,1,1,0,0,20250831,20251223
GNE:GOAO307:307:307MF250831:I:56,1,1,1,1,1,0,0,20250831,20251223
GNE:GOAO307:307:307MF250831:I:58,1,1,1,1,1,0,0,20250831,20251223
GNE:GOAO307:307:307MF250831:I:60,1,1,1,1,1,0,0,20250831,20251223
GNE:GOAO307:307:307MF250831:I:62,1,1,1,1,1,0,0,20250831,20251223
GNE:GOAO307:307:307MF250831:I:64,1,1,1,1,1,0,0,20250831,20251223
GNE:GOAO307:307:307MF250831:I:66,1,1,1,1,1,0,0,20250831,20251223
GNE:GOAO307:307:307MF250831:I:68,1,1,1,1,1,0,0,20250831,20251223
GNE:GOAO307:307:307MF250831:I:70,1,1,1,1,1,0,0,20250831,20251223
GNE:GOAO307:307:307MF250831:I:72,1,1,1,1,1,0,0,20250831,20251223
GNE:GOAO307:307:307MF250831:I:74,1,1,1,1,1,0,0,20250831,20251223
GNE:GOAO307:307:307MF250831:I:76,1,1,1,1,1,0,0,20250831,20251223
GNE:GOAO307:307:307MF250831:I:78,1,1,1,1,1,0,0,20250831,20251223
GNE:GOAO307:307:307MF250831:I:80,1,1,1,1,1,0,0,20250831,20251223
GNE:GOAO307:307:307MF250831:I:82,1,1,1,1,1,0,0,20250831,20251223
GNE:GOAO307:307:307SA250831:O:1,0,0,0,0,0,1,0,20250831,20251223
GNE:GOAO307:307:307SA250831:O:2,0,0,0,0,0,1,0,20250831,20251223
GNE:GOAO307:307:307SA250831:O:4,0,0,0,0,0,1,0,20250831,20251223
GNE:GOAO307:307:307SA250831:O:6,0,0,0,0,0,1,0,20250831,20251223
GNE:GOAO307:307:307SA250831:O:8,0,0,0,0,0,1,0,20250831,20251223
GNE:GOAO307:307:307SA250831:O:10,0,0,0,0,0,1,0,20250831,20251223
GNE:GOAO307:307:307SA250831:O:12,0,0,0,0,0,1,0,20250831,20251223
GNE:GOAO307:307:307SA250831:O:14,0,0,0,0,0,1,0,20250831,20251223
GNE:GOAO307:307:307SA250831:O:16,0,0,0,0,0,1,0,20250831,20251223
GNE:GOAO307:307:307SA250831:O:18,0,0,0,0,0,1,0,20250831,20251223
GNE:GOAO307:307:307SA250831:O:20,0,0,0,0,0,1,0,20250831,20251223
GNE:GOAO307:307:307SA250831:O:22,0,0,0,0,0,1,0,20250831,20251223
GNE:GOAO307:307:307SA250831:O:24,0,0,0,0,0,1,0,20250831,20251223
GNE:GOAO307:307:307SA250831:O:26,0,0,0,0,0,1,0,20250831,20251223
GNE:GOAO307:307:307SA250831:O:28,0,0,0,0,0,1,0,20250831,20251223
GNE:GOAO307:307:307SA250831:O:30,0,0,0,0,0,1,0,20250831,20251223
GNE:GOAO307:307:307SA250831:O:32,0,0,0,0,0,1,0,20250831,20251223
GNE:GOAO307:307:307SA250831:O:34,0,0,0,0,0,1,0,20250831,20251223
GNE:GOAO307:307:307SA250831:O:36,0,0,0,0,0,1,0,20250831,20251223
GNE:GOAO307:307:307SA250831:O:38,0,0,0,0,0,1,0,20250831,20251223
GNE:GOAO307:307:307SA250831:O:40,0,0,0,0,0,1,0,20250831,20251223
GNE:GOAO307:307:307SA250831:O:42,0,0,0,0,0,1,0,20250831,20251223
GNE:GOAO307:307:307SA250831:O:44,0,0,0,0,0,1,0,20250831,20251223
GNE:GOAO307:307:307SA250831:O:46,0,0,0,0,0,1,0,20250831,20251223
GNE:GOAO307:307:307SA250831:O:48,0,0,0,0,0,1,0,20250831,20251223
GNE:GOAO307:307:307SA250831:O:50,0,0,0,0,0,1,0,20250831,20251223
GNE:GOAO307:307:307SA250831:O:52,0,0,0,0,0,1,0,20250831,20251223
GNE:GOAO307:307:307SA250831:O:54,0,0,0,0,0,1,0,20250831,20251223
GNE:GOAO307:307:307SA250831:O:56,0,0,0,0,0,1,0,20250831,20251223
GNE:GOAO307:307:307SA250831:O:58,0,0,0,0,0,1,0,20250831,20251223
GNE:GOAO307:307:307SA250831:O:60,0,0,0,0,0,1,0,20250831,20251223
GNE:GOAO307:307:307SA250831:O:62,0,0,0,0,0,1,0,20250831,20251223
GNE:GOAO307:307:307SA250831:O:64,0,0,0,0,0,1,0,20250831,20251223
GNE:GOAO307:307:307SA250831:O:66,0,0,0,0,0,1,0,20250831,20251223
GNE:GOAO307:307:307SA250831:O:68,0,0,0,0,0,1,0,20250831,20251223
GNE:GOAO307:307:307SA250831:O:70,0,0,0,0,0,1,0,20250831,20251223
GNE:GOAO307:307:307SA250831:O:72,0,0,0,0,0,1,0,20250831,20251223
GNE:GOAO307:307:307SA250831:O:74,0,0,0,0,0,1,0,20250831,20251223
GNE:GOAO307:307:307SA250831:I:3,0,0,0,0,0,1,0,20250831,20251223
GNE:GOAO307:307:307SA250831:I:6,0,0,0,0,0,1,0,20250831,20251223
GNE:GOAO307:307:307SA250831:I:8,0,0,0,0,0,1,0,20250831,20251223
GNE:GOAO307:307:307SA250831:I:10,0,0,0,0,0,1,0,20250831,20251223
GNE:GOAO307:307:307SA250831:I:12,0,0,0,0,0,1,0,20250831,20251223
GNE:GOAO307:307:307SA250831:I:14,0,0,0,0,0,1,0,20250831,20251223
GNE:GOAO307:307:307SA250831:I:16,0,0,0,0,0,1,0,20250831,20251223
GNE:GOAO307:307:307SA250831:I:18,0,0,0,0,0,1,0,20250831,20251223
GNE:GOAO307:307:307SA250831:I:20,0,0,0,0,0,1,0,20250831,20251223
GNE:GOAO307:307:307SA250831:I:22,0,0,0,0,0,1,0,20250831,20251223
GNE:GOAO307:307:307SA250831:I:24,0,0,0,0,0,1,0,20250831,20251223
GNE:GOAO307:307:307SA250831:I:26,0,0,0,0,0,1,0,20250831,20251223
GNE:GOAO307:307:307SA250831:I:28,0,0,0,0,0,1,0,20250831,20251223
GNE:GOAO307:307:307SA250831:I:30,0,0,0,0,0,1,0,20250831,20251223
GNE:GOAO307:307:307SA250831:I:32,0,0,0,0,0,1,0,20250831,20251223
GNE:GOAO307:307:307SA250831:I:34,0,0,0,0,0,1,0,20250831,20251223
GNE:GOAO307:307:307SA250831:I:36,0,0,0,0,0,1,0,20250831,20251223
GNE:GOAO307:307:307SA250831:I:38,0,0,0,0,0,1,0,20250831,20251223
GNE:GOAO307:307:307SA250831:I:40,0,0,0,0,0,1,0,20250831,20251223
GNE:GOAO307:307:307SA250831:I:42,0,0,0,0,0,1,0,20250831,20251223
GNE:GOAO307:307:307SA250831:I:44,0,0,0,0,0,1,0,20250831,20251223
GNE:GOAO307:307:307SA250831:I:46,0,0,0,0,0,1,0,20250831,20251223
GNE:GOAO307:307:307SA250831:I:48,0,0,0,0,0,1,0,20250831,20251223
GNE:GOAO307:307:307SA250831:I:50,0,0,0,0,0,1,0,20250831,20251223
GNE:GOAO307:307:307SA250831:I:52,0,0,0,0,0,1,0,20250831,20251223
GNE:GOAO307:307:307SA250831:I:54,0,0,0,0,0,1,0,20250831,20251223
GNE:GOAO307:307:307SA250831:I:56,0,0,0,0,0,1,0,20250831,20251223
GNE:GOAO307:307:307SA250831:I:58,0,0,0,0,0,1,0,20250831,20251223
GNE:GOAO307:307:307SA250831:I:60,0,0,0,0,0,1,0,20250831,20251223
GNE:GOAO307:307:307SA250831:I:62,0,0,0,0,0,1,0,20250831,20251223
GNE:GOAO307:307:307SA250831:I:64,0,0,0,0,0,1,0,20250831,20251223
GNE:GOAO307:307:307SA250831:I:66,0,0,0,0,0,1,0,20250831,20251223
GNE:GOAO307:307:307SA250831:I:68,0,0,0,0,0,1,0,20250831,20251223
GNE:GOAO307:307:307SA250831:I:70,0,0,0,0,0,1,0,20250831,20251223
GNE:GOAO307:307:307SA250831:I:72,0,0,0,0,0,1,0,20250831,20251223
GNE:GOAO307:307:307SA250831:I:74,0,0,0,0,0,1,0,20250831,20251223
GNE:GOAO307:307:307SU250831:O:1,0,0,0,0,0,0,1,20250831,20251223
GNE:GOAO307:307:307SU250831:O:3,0,0,0,0,0,0,1,20250831,20251223
GNE:GOAO307:307:307SU250831:O:5,0,0,0,0,0,0,1,20250831,20251223
GNE:GOAO307:307:307SU250831:O:7,0,0,0,0,0,0,1,20250831,20251223
GNE:GOAO307:307:307SU250831:O:9,0,0,0,0,0,0,1,20250831,20251223
GNE:GOAO307:307:307SU250831:O:11,0,0,0,0,0,0,1,20250831,20251223
GNE:GOAO307:307:307SU250831:O:13,0,0,0,0,0,0,1,20250831,20251223
GNE:GOAO307:307:307SU250831:O:15,0,0,0,0,0,0,1,20250831,20251223
GNE:GOAO307:307:307SU250831:O:17,0,0,0,0,0,0,1,20250831,20251223
GNE:GOAO307:307:307SU250831:O:19,0,0,0,0,0,0,1,20250831,20251223
GNE:GOAO307:307:307SU250831:O:21,0,0,0,0,0,0,1,20250831,20251223
GNE:GOAO307:307:307SU250831:O:23,0,0,0,0,0,0,1,20250831,20251223
GNE:GOAO307:307:307SU250831:O:25,0,0,0,0,0,0,1,20250831,20251223
GNE:GOAO307:307:307SU250831:O:27,0,0,0,0,0,0,1,20250831,20251223
GNE:GOAO307:307:307SU250831:O:29,0,0,0,0,0,0,1,20250831,20251223
GNE:GOAO307:307:307SU250831:O:31,0,0,0,0,0,0,1,20250831,20251223
GNE:GOAO307:307:307SU250831:O:33,0,0,0,0,0,0,1,20250831,20251223
GNE:GOAO307:307:307SU250831:O:35,0,0,0,0,0,0,1,20250831,20251223
GNE:GOAO307:307:307SU250831:O:37,0,0,0,0,0,0,1,20250831,20251223
GNE:GOAO307:307:307SU250831:O:39,0,0,0,0,0,0,1,20250831,20251223
GNE:GOAO307:307:307SU250831:O:41,0,0,0,0,0,0,1,20250831,20251223
GNE:GOAO307:307:307SU250831:O:43,0,0,0,0,0,0,1,20250831,20251223
GNE:GOAO307:307:307SU250831:O:45,0,0,0,0,0,0,1,20250831,20251223
GNE:GOAO307:307:307SU250831:O:47,0,0,0,0,0,0,1,20250831,20251223
GNE:GOAO307:307:307SU250831:O:49,0,0,0,0,0,0,1,20250831,20251223
GNE:GOAO307:307:307SU250831:O:51,0,0,0,0,0,0,1,20250831,20251223
GNE:GOAO307:307:307SU250831:O:53,0,0,0,0,0,0,1,20250831,20251223
GNE:GOAO307:307:307SU250831:I:3,0,0,0,0,0,0,1,20250831,20251223
GNE:GOAO307:307:307SU250831:I:6,0,0,0,0,0,0,1,20250831,20251223
GNE:GOAO307:307:307SU250831:I:8,0,0,0,0,0,0,1,20250831,20251223
GNE:GOAO307:307:307SU250831:I:10,0,0,0,0,0,0,1,20250831,20251223
GNE:GOAO307:307:307SU250831:I:12,0,0,0,0,0,0,1,20250831,20251223
GNE:GOAO307:307:307SU250831:I:14,0,0,0,0,0,0,1,20250831,20251223
GNE:GOAO307:307:307SU250831:I:16,0,0,0,0,0,0,1,20250831,20251223
GNE:GOAO307:307:307SU250831:I:18,0,0,0,0,0,0,1,20250831,20251223
GNE:GOAO307:307:307SU250831:I:20,0,0,0,0,0,0,1,20250831,20251223
GNE:GOAO307:307:307SU250831:I:22,0,0,0,0,0,0,1,20250831,20251223
GNE:GOAO307:307:307SU250831:I:24,0,0,0,0,0,0,1,20250831,20251223
GNE:GOAO307:307:307SU250831:I:26,0,0,0,0,0,0,1,20250831,20251223
GNE:GOAO307:307:307SU250831:I:28,0,0,0,0,0,0,1,20250831,20251223
GNE:GOAO307:307:307SU250831:I:30,0,0,0,0,0,0,1,20250831,20251223
GNE:GOAO307:307:307SU250831:I:32,0,0,0,0,0,0,1,20250831,20251223
GNE:GOAO307:307:307SU250831:I:34,0,0,0,0,0,0,1,20250831,20251223
GNE:GOAO307:307:307SU250831:I:36,0,0,0,0,0,0,1,20250831,20251223
GNE:GOAO307:307:307SU250831:I:38,0,0,0,0,0,0,1,20250831,20251223
GNE:GOAO307:307:307SU250831:I:40,0,0,0,0,0,0,1,20250831,20251223
GNE:GOAO307:307:307SU250831:I:42,0,0,0,0,0,0,1,20250831,20251223
GNE:GOAO307:307:307SU250831:I:44,0,0,0,0,0,0,1,20250831,20251223
GNE:GOAO307:307:307SU250831:I:46,0,0,0,0,0,0,1,20250831,20251223
GNE:GOAO307:307:307SU250831:I:48,0,0,0,0,0,0,1,20250831,20251223
GNE:GOAO307:307:307SU250831:I:50,0,0,0,0,0,0,1,20250831,20251223
GNE:GOAO307:307:307SU250831:I:52,0,0,0,0,0,0,1,20250831,20251223
GNE:GOAO309:309:307MF250831:O:2,1,1,1,1,1,0,0,20250831,20251223
GNE:GOAO309:309:307MF250831:O:4,1,1,1,1,1,0,0,20250831,20251223
GNE:GOAO309:309:307MF250831:O:5,1,1,1,1,1,0,0,20250831,20251223
GNE:GOAO309:309:307MF250831:O:9,1,1,1,1,1,0,0,20250831,20251223
GNE:GOAO309:309:307MF250831:O:11,1,1,1,1,1,0,0,20250831,20251223
GNE:GOAO309:309:307MF250831:O:12,1,1,1,1,1,0,0,20250831,20251223
GNE:GOAO309:309:307MF250831:O:14,1,1,1,1,1,0,0,20250831,20251223
GNE:GOAO309:309:307MF250831:O:16,1,1,1,1,1,0,0,20250831,20251223
GNE:GOAO309:309:307MF250831:O:18,1,1,1,1,1,0,0,20250831,20251223
GNE:GOAO309:309:307MF250831:O:20,1,1,1,1,1,0,0,20250831,20251223
GNE:GOAO309:309:307MF250831:O:22,1,1,1,1,1,0,0,20250831,20251223
GNE:GOAO309:309:307MF250831:O:24,1,1,1,1,1,0,0,20250831,20251223
GNE:GOAO309:309:307MF250831:O:26,1,1,1,1,1,0,0,20250831,20251223
GNE:GOAO309:309:307MF250831:O:28,1,1,1,1,1,0,0,20250831,20251223
GNE:GOAO309:309:307MF250831:O:30,1,1,1,1,1,0,0,20250831,20251223
GNE:GOAO309:309:307MF250831:O:32,1,1,1,1,1,0,0,20250831,20251223
GNE:GOAO309:309:307MF250831:O:34,1,1,1,1,1,0,0,20250831,20251223
GNE:GOAO309:309:307MF250831:O:36,1,1,1,1,1,0,0,20250831,20251223
GNE:GOAO309:309:307MF250831:O:38,1,1,1,1,1,0,0,20250831,20251223
GNE:GOAO309:309:307MF250831:O:40,1,1,1,1,1,0,0,20250831,20251223
GNE:GOAO309:309:307MF250831:O:42,1,1,1,1,1,0,0,20250831,20251223
GNE:GOAO309:309:307MF250831:O:44,1,1,1,1,1,0,0,20250831,20251223
GNE:GOAO309:309:307MF250831:O:46,1,1,1,1,1,0,0,20250831,20251223
GNE:GOAO309:309:307MF250831:O:48,1,1,1,1,1,0,0,20250831,20251223
GNE:GOAO309:309:307MF250831:O:50,1,1,1,1,1,0,0,20250831,20251223
GNE:GOAO309:309:307MF250831:O:52,1,1,1,1,1,0,0,20250831,20251223
GNE:GOAO309:309:307MF250831:O:54,1,1,1,1,1,0,0,20250831,20251223
GNE:GOAO309:309:307MF250831:O:56,1,1,1,1,1,0,0,20250831,20251223
GNE:GOAO309:309:307MF250831:O:58,1,1,1,1,1,0,0,20250831,20251223
GNE:GOAO309:309:307MF250831:O:60,1,1,1,1,1,0,0,20250831,20251223
GNE:GOAO309:309:307MF250831:O:62,1,1,1,1,1,0,0,20250831,20251223
GNE:GOAO309:309:307MF250831:O:64,1,1,1,1,1,0,0,20250831,20251223
GNE:GOAO309:309:307MF250831:O:66,1,1,1,1,1,0,0,20250831,20251223
GNE:GOAO309:309:307MF250831:O:68,1,1,1,1,1,0,0,20250831,20251223
GNE:GOAO309:309:307MF250831:O:70,1,1,1,1,1,0,0,20250831,20251223
GNE:GOAO309:309:307MF250831:O:72,1,1,1,1,1,0,0,20250831,20251223
GNE:GOAO309:309:307MF250831:O:74,1,1,1,1,1,0,0,20250831,20251223
GNE:GOAO309:309:307MF250831:O:76,1,1,1,1,1,0,0,20250831,20251223
GNE:GOAO309:309:307MF250831:O:78,1,1,1,1,1,0,0,20250831,20251223
GNE:GOAO309:309:307MF250831:O:80,1,1,1,1,1,0,0,20250831,20251223
GNE:GOAO309:309:307MF250831:O:82,1,1,1,1,1,0,0,20250831,20251223
GNE:GOAO309:309:307MF250831:O:84,1,1,1,1,1,0,0,20250831,20251223
GNE:GOAO309:309:307MF250831:I:1,1,1,1,1,1,0,0,20250831,20251223
GNE:GOAO309:309:307MF250831:I:3,1,1,1,1,1,0,0,20250831,20251223
GNE:GOAO309:309:307MF250831:I:5,1,1,1,1,1,0,0,20250831,20251223
GNE:GOAO309:309:307MF250831:I:7,1,1,1,1,1,0,0,20250831,20251223
GNE:GOAO309:309:307MF250831:I:9,1,1,1,1,1,0,0,20250831,20251223
GNE:GOAO309:309:307MF250831:I:11,1,1,1,1,1,0,0,20250831,20251223
GNE:GOAO309:309:307MF250831:I:13,1,1,1,1,1,0,0,20250831,20251223
GNE:GOAO309:309:307MF250831:I:15,1,1,1,1,1,0,0,20250831,20251223
GNE:GOAO309:309:307MF250831:I:17,1,1,1,1,1,0,0,20250831,20251223
GNE:GOAO309:309:307MF250831:I:19,1,1,1,1,1,0,0,20250831,20251223
GNE:GOAO309:309:307MF250831:I:21,1,1,1,1,1,0,0,20250831,20251223
GNE:GOAO309:309:307MF250831:I:23,1,1,1,1,1,0,0,20250831,20251223
GNE:GOAO309:309:307MF250831:I:25,1,1,1,1,1,0,0,20250831,20251223
GNE:GOAO309:309:307MF250831:I:27,1,1,1,1,1,0,0,20250831,20251223
GNE:GOAO309:309:307MF250831:I:29,1,1,1,1,1,0,0,20250831,20251223
GNE:GOAO309:309:307MF250831:I:31,1,1,1,1,1,0,0,20250831,20251223
GNE:GOAO309:309:307MF250831:I:33,1,1,1,1,1,0,0,20250831,20251223
GNE:GOAO309:309:307MF250831:I:35,1,1,1,1,1,0,0,20250831,20251223
GNE:GOAO309:309:307MF250831:I:37,1,1,1,1,1,0,0,20250831,20251223
GNE:GOAO309:309:307MF250831:I:39,1,1,1,1,1,0,0,20250831,20251223
GNE:GOAO309:309:307MF250831:I:41,1,1,1,1,1,0,0,20250831,20251223
GNE:GOAO309:309:307MF250831:I:43,1,1,1,1,1,0,0,20250831,20251223
GNE:GOAO309:309:307MF250831:I:45,1,1,1,1,1,0,0,20250831,20251223
GNE:GOAO309:309:307MF250831:I:47,1,1,1,1,1,0,0,20250831,20251223
GNE:GOAO309:309:307MF250831:I:49,1,1,1,1,1,0,0,20250831,20251223
GNE:GOAO309:309:307MF250831:I:51,1,1,1,1,1,0,0,20250831,20251223
GNE:GOAO309:309:307MF250831:I:53,1,1,1,1,1,0,0,20250831,20251223
GNE:GOAO309:309:307MF250831:I:55,1,1,1,1,1,0,0,20250831,20251223
GNE:GOAO309:309:307MF250831:I:57,1,1,1,1,1,0,0,20250831,20251223
GNE:GOAO309:309:307MF250831:I:59,1,1,1,1,1,0,0,20250831,20251223
GNE:GOAO309:309:307MF250831:I:61,1,1,1,1,1,0,0,20250831,20251223
GNE:GOAO309:309:307MF250831:I:63,1,1,1,1,1,0,0,20250831,20251223
GNE:GOAO309:309:307MF250831:I:65,1,1,1,1,1,0,0,20250831,20251223
GNE:GOAO309:309:307MF250831:I:67,1,1,1,1,1,0,0,20250831,20251223
GNE:GOAO309:309:307MF250831:I:69,1,1,1,1,1,0,0,20250831,20251223
GNE:GOAO309:309:307MF250831:I:71,1,1,1,1,1,0,0,20250831,20251223
GNE:GOAO309:309:307MF250831:I:73,1,1,1,1,1,0,0,20250831,20251223
GNE:GOAO309:309:307MF250831:I:75,1,1,1,1,1,0,0,20250831,20251223
GNE:GOAO309:309:307MF250831:I:77,1,1,1,1,1,0,0,20250831,20251223
GNE:GOAO309:309:307MF250831:I:79,1,1,1,1,1,0,0,20250831,20251223
GNE:GOAO309:309:307MF250831:I:81,1,1,1,1,1,0,0,20250831,20251223
GNE:GOAO309:309:307MF250831:I:83,1,1,1,1,1,0,0,20250831,20251223
GNE:GOAO309:309:307SA250831:O:3,0,0,0,0,0,1,0,20250831,20251223
GNE:GOAO309:309:307SA250831:O:5,0,0,0,0,0,1,0,20250831,20251223
GNE:GOAO309:309:307SA250831:O:7,0,0,0,0,0,1,0,20250831,20251223
GNE:GOAO309:309:307SA250831:O:9,0,0,0,0,0,1,0,20250831,20251223
GNE:GOAO309:309:307SA250831:O:11,0,0,0,0,0,1,0,20250831,20251223
GNE:GOAO309:309:307SA250831:O:13,0,0,0,0,0,1,0,20250831,20251223
GNE:GOAO309:309:307SA250831:O:15,0,0,0,0,0,1,0,20250831,20251223
GNE:GOAO309:309:307SA250831:O:17,0,0,0,0,0,1,0,20250831,20251223
GNE:GOAO309:309:307SA250831:O:19,0,0,0,0,0,1,0,20250831,20251223
GNE:GOAO309:309:307SA250831:O:21,0,0,0,0,0,1,0,20250831,20251223
GNE:GOAO309:309:307SA250831:O:23,0,0,0,0,0,1,0,20250831,20251223
GNE:GOAO309:309:307SA250831:O:25,0,0,0,0,0,1,0,20250831,20251223
GNE:GOAO309:309:307SA250831:O:27,0,0,0,0,0,1,0,20250831,20251223
GNE:GOAO309:309:307SA250831:O:29,0,0,0,0,0,1,0,20250831,20251223
GNE:GOAO309:309:307SA250831:O:31,0,0,0,0,0,1,0,20250831,20251223
GNE:GOAO309:309:307SA250831:O:33,0,0,0,0,0,1,0,20250831,20251223
GNE:GOAO309:309:307SA250831:O:35,0,0,0,0,0,1,0,20250831,20251223
GNE:GOAO309:309:307SA250831:O:37,0,0,0,0,0,1,0,20250831,20251223
GNE:GOAO309:309:307SA250831:O:39,0,0,0,0,0,1,0,20250831,20251223
GNE:GOAO309:309:307SA250831:O:41,0,0,0,0,0,1,0,20250831,20251223
GNE:GOAO309:309:307SA250831:O:43,0,0,0,0,0,1,0,20250831,20251223
GNE:GOAO309:309:307SA250831:O:45,0,0,0,0,0,1,0,20250831,20251223
GNE:GOAO309:309:307SA250831:O:47,0,0,0,0,0,1,0,20250831,20251223
GNE:GOAO309:309:307SA250831:O:49,0,0,0,0,0,1,0,20250831,20251223
GNE:GOAO309:309:307SA250831:O:51,0,0,0,0,0,1,0,20250831,20251223
GNE:GOAO309:309:307SA250831:O:53,0,0,0,0,0,1,0,20250831,20251223
GNE:GOAO309:309:307SA250831:O:55,0,0,0,0,0,1,0,20250831,20251223
GNE:GOAO309:309:307SA250831:O:57,0,0,0,0,0,1,0,20250831,20251223
GNE:GOAO309:309:307SA250831:O:59,0,0,0,0,0,1,0,20250831,20251223
GNE:GOAO309:309:307SA250831:O:61,0,0,0,0,0,1,0,20250831,20251223
GNE:GOAO309:309:307SA250831:O:63,0,0,0,0,0,1,0,20250831,20251223
GNE:GOAO309:309:307SA250831:O:65,0,0,0,0,0,1,0,20250831,20251223
GNE:GOAO309:309:307SA250831:O:67,0,0,0,0,0,1,0,20250831,20251223
GNE:GOAO309:309:307SA250831:O:69,0,0,0,0,0,1,0,20250831,20251223
GNE:GOAO309:309:307SA250831:O:71,0,0,0,0,0,1,0,20250831,20251223
GNE:GOAO309:309:307SA250831:O:73,0,0,0,0,0,1,0,20250831,20251223
GNE:GOAO309:309:307SA250831:I:1,0,0,0,0,0,1,0,20250831,20251223
GNE:GOAO309:309:307SA250831:I:2,0,0,0,0,0,1,0,20250831,20251223
GNE:GOAO309:309:307SA250831:I:4,0,0,0,0,0,1,0,20250831,20251223
GNE:GOAO309:309:307SA250831:I:5,0,0,0,0,0,1,0,20250831,20251223
GNE:GOAO309:309:307SA250831:I:7,0,0,0,0,0,1,0,20250831,20251223
GNE:GOAO309:309:307SA250831:I:9,0,0,0,0,0,1,0,20250831,20251223
GNE:GOAO309:309:307SA250831:I:11,0,0,0,0,0,1,0,20250831,20251223
GNE:GOAO309:309:307SA250831:I:13,0,0,0,0,0,1,0,20250831,20251223
GNE:GOAO309:309:307SA250831:I:15,0,0,0,0,0,1,0,20250831,20251223
GNE:GOAO309:309:307SA250831:I:17,0,0,0,0,0,1,0,20250831,20251223
GNE:GOAO309:309:307SA250831:I:19,0,0,0,0,0,1,0,20250831,20251223
GNE:GOAO309:309:307SA250831:I:21,0,0,0,0,0,1,0,20250831,20251223
GNE:GOAO309:309:307SA250831:I:23,0,0,0,0,0,1,0,20250831,20251223
GNE:GOAO309:309:307SA250831:I:25,0,0,0,0,0,1,0,20250831,20251223
GNE:GOAO309:309:307SA250831:I:27,0,0,0,0,0,1,0,20250831,20251223
GNE:GOAO309:309:307SA250831:I:29,0,0,0,0,0,1,0,20250831,20251223
GNE:GOAO309:309:307SA250831:I:31,0,0,0,0,0,1,0,20250831,20251223
GNE:GOAO309:309:307SA250831:I:33,0,0,0,0,0,1,0,20250831,20251223
GNE:GOAO309:309:307SA250831:I:35,0,0,0,0,0,1,0,20250831,20251223
GNE:GOAO309:309:307SA250831:I:37,0,0,0,0,0,1,0,20250831,20251223
GNE:GOAO309:309:307SA250831:I:39,0,0,0,0,0,1,0,20250831,20251223
GNE:GOAO309:309:307SA250831:I:41,0,0,0,0,0,1,0,20250831,20251223
GNE:GOAO309:309:307SA250831:I:43,0,0,0,0,0,1,0,20250831,20251223
GNE:GOAO309:309:307SA250831:I:45,0,0,0,0,0,1,0,20250831,20251223
GNE:GOAO309:309:307SA250831:I:47,0,0,0,0,0,1,0,20250831,20251223
GNE:GOAO309:309:307SA250831:I:49,0,0,0,0,0,1,0,20250831,20251223
GNE:GOAO309:309:307SA250831:I:51,0,0,0,0,0,1,0,20250831,20251223
GNE:GOAO309:309:307SA250831:I:53,0,0,0,0,0,1,0,20250831,20251223
GNE:GOAO309:309:307SA250831:I:55,0,0,0,0,0,1,0,20250831,20251223
GNE:GOAO309:309:307SA250831:I:57,0,0,0,0,0,1,0,20250831,20251223
GNE:GOAO309:309:307SA250831:I:59,0,0,0,0,0,1,0,20250831,20251223
GNE:GOAO309:309:307SA250831:I:61,0,0,0,0,0,1,0,20250831,20251223
GNE:GOAO309:309:307SA250831:I:63,0,0,0,0,0,1,0,20250831,20251223
GNE:GOAO309:309:307SA250831:I:65,0,0,0,0,0,1,0,20250831,20251223
GNE:GOAO309:309:307SA250831:I:67,0,0,0,0,0,1,0,20250831,20251223
GNE:GOAO309:309:307SA250831:I:69,0,0,0,0,0,1,0,20250831,20251223
GNE:GOAO309:309:307SA250831:I:71,0,0,0,0,0,1,0,20250831,20251223
GNE:GOAO309:309:307SA250831:I:73,0,0,0,0,0,1,0,20250831,20251223
GNE:GOAO309:309:307SA250831:I:75,0,0,0,0,0,1,0,20250831,20251223
GNE:GOAO309:309:307SU250831:O:2,0,0,0,0,0,0,1,20250831,20251223
GNE:GOAO309:309:307SU250831:O:4,0,0,0,0,0,0,1,20250831,20251223
GNE:GOAO309:309:307SU250831:O:6,0,0,0,0,0,0,1,20250831,20251223
GNE:GOAO309:309:307SU250831:O:8,0,0,0,0,0,0,1,20250831,20251223
GNE:GOAO309:309:307SU250831:O:10,0,0,0,0,0,0,1,20250831,20251223
GNE:GOAO309:309:307SU250831:O:12,0,0,0,0,0,0,1,20250831,20251223
GNE:GOAO309:309:307SU250831:O:14,0,0,0,0,0,0,1,20250831,20251223
GNE:GOAO309:309:307SU250831:O:16,0,0,0,0,0,0,1,20250831,20251223
GNE:GOAO309:309:307SU250831:O:18,0,0,0,0,0,0,1,20250831,20251223
GNE:GOAO309:309:307SU250831:O:20,0,0,0,0,0,0,1,20250831,20251223
GNE:GOAO309:309:307SU250831:O:22,0,0,0,0,0,0,1,20250831,20251223
GNE:GOAO309:309:307SU250831:O:24,0,0,0,0,0,0,1,20250831,20251223
GNE:GOAO309:309:307SU250831:O:26,0,0,0,0,0,0,1,20250831,20251223
GNE:GOAO309:309:307SU250831:O:28,0,0,0,0,0,0,1,20250831,20251223
GNE:GOAO309:309:307SU250831:O:30,0,0,0,0,0,0,1,20250831,20251223
GNE:GOAO309:309:307SU250831:O:32,0,0,0,0,0,0,1,20250831,20251223
GNE:GOAO309:309:307SU250831:O:34,0,0,0,0,0,0,1,20250831,20251223
GNE:GOAO309:309:307SU250831:O:36,0,0,0,0,0,0,1,20250831,20251223
GNE:GOAO309:309:307SU250831:O:38,0,0,0,0,0,0,1,20250831,20251223
GNE:GOAO309:309:307SU250831:O:40,0,0,0,0,0,0,1,20250831,20251223
GNE:GOAO309:309:307SU250831:O:42,0,0,0,0,0,0,1,20250831,20251223
GNE:GOAO309:309:307SU250831:O:44,0,0,0,0,0,0,1,20250831,20251223
GNE:GOAO309:309:307SU250831:O:46,0,0,0,0,0,0,1,20250831,20251223
GNE:GOAO309:309:307SU250831:O:48,0,0,0,0,0,0,1,20250831,20251223
GNE:GOAO309:309:307SU250831:O:50,0,0,0,0,0,0,1,20250831,20251223
GNE:GOAO309:309:307SU250831:O:52,0,0,0,0,0,0,1,20250831,20251223
GNE:GOAO309:309:307SU250831:I:1,0,0,0,0,0,0,1,20250831,20251223
GNE:GOAO309:309:307SU250831:I:2,0,0,0,0,0,0,1,20250831,20251223
GNE:GOAO309:309:307SU250831:I:4,0,0,0,0,0,0,1,20250831,20251223
GNE:GOAO309:309:307SU250831:I:5,0,0,0,0,0,0,1,20250831,20251223
GNE:GOAO309:309:307SU250831:I:7,0,0,0,0,0,0,1,20250831,20251223
GNE:GOAO309:309:307SU250831:I:9,0,0,0,0,0,0,1,20250831,20251223
GNE:GOAO309:309:307SU250831:I:11,0,0,0,0,0,0,1,20250831,20251223
GNE:GOAO309:309:307SU250831:I:13,0,0,0,0,0,0,1,20250831,20251223
GNE:GOAO309:309:307SU250831:I:15,0,0,0,0,0,0,1,20250831,20251223
GNE:GOAO309:309:307SU250831:I:17,0,0,0,0,0,0,1,20250831,20251223
GNE:GOAO309:309:307SU250831:I:19,0,0,0,0,0,0,1,20250831,20251223
GNE:GOAO309:309:307SU250831:I:21,0,0,0,0,0,0,1,20250831,20251223
GNE:GOAO309:309:307SU250831:I:23,0,0,0,0,0,0,1,20250831,20251223
GNE:GOAO309:309:307SU250831:I:25,0,0,0,0,0,0,1,20250831,20251223
GNE:GOAO309:309:307SU250831:I:27,0,0,0,0,0,0,1,20250831,20251223
GNE:GOAO309:309:307SU250831:I:29,0,0,0,0,0,0,1,20250831,20251223
GNE:GOAO309:309:307SU250831:I:31,0,0,0,0,0,0,1,20250831,20251223
GNE:GOAO309:309:307SU250831:I:33,0,0,0,0,0,0,1,20250831,20251223
GNE:GOAO309:309:307SU250831:I:35,0,0,0,0,0,0,1,20250831,20251223
GNE:GOAO309:309:307SU250831:I:37,0,0,0,0,0,0,1,20250831,20251223
GNE:GOAO309:309:307SU250831:I:39,0,0,0,0,0,0,1,20250831,20251223
GNE:GOAO309:309:307SU250831:I:41,0,0,0,0,0,0,1,20250831,20251223
GNE:GOAO309:309:307SU250831:I:43,0,0,0,0,0,0,1,20250831,20251223
GNE:GOAO309:309:307SU250831:I:45,0,0,0,0,0,0,1,20250831,20251223
GNE:GOAO309:309:307SU250831:I:47,0,0,0,0,0,0,1,20250831,20251223
GNE:GOAO309:309:307SU250831:I:49,0,0,0,0,0,0,1,20250831,20251223
GNE:GOAO309:309:307SU250831:I:51,0,0,0,0,0,0,1,20250831,20251223
GNE:GOAO309:309:307SU250831:I:53,0,0,0,0,0,0,1,20250831,20251223
GNE:GOAO317:317:317MF250831:O:1,1,1,1,1,1,0,0,20250831,20251223
GNE:GOAO317:317:317MF250831:O:2,1,1,1,1,1,0,0,20250831,20251223
GNE:GOAO317:317:317MF250831:O:3,1,1,1,1,1,0,0,20250831,20251223
GNE:GOAO317:317:317MF250831:O:4,1,1,1,1,1,0,0,20250831,20251223
GNE:GOAO317:317:317MF250831:O:5,1,1,1,1,1,0,0,20250831,20251223
GNE:GOAO317:317:317MF250831:O:6,1,1,1,1,1,0,0,20250831,20251223
GNE:GOAO317:317:317MF250831:O:7,1,1,1,1,1,0,0,20250831,20251223
GNE:GOAO317:317:317MF250831:O:8,1,1,1,1,1,0,0,20250831,20251223
GNE:GOAO317:317:317MF250831:O:9,1,1,1,1,1,0,0,20250831,20251223
GNE:GOAO317:317:317MF250831:O:10,1,1,1,1,1,0,0,20250831,20251223
GNE:GOAO317:317:317MF250831:O:11,1,1,1,1,1,0,0,20250831,20251223
GNE:GOAO317:317:317MF250831:O:12,1,1,1,1,1,0,0,20250831,20251223
GNE:GOAO317:317:317MF250831:O:13,1,1,1,1,1,0,0,20250831,20251223
GNE:GOAO317:317:317MF250831:O:14,1,1,1,1,1,0,0,20250831,20251223
GNE:GOAO317:317:317MF250831:O:15,1,1,1,1,1,0,0,20250831,20251223
GNE:GOAO317:317:317MF250831:O:16,1,1,1,1,1,0,0,20250831,20251223
GNE:GOAO317:317:317MF250831:O:17,1,1,1,1,1,0,0,20250831,20251223
GNE:GOAO317:317:317MF250831:O:18,1,1,1,1,1,0,0,20250831,20251223
GNE:GOAO317:317:317MF250831:O:19,1,1,1,1,1,0,0,20250831,20251223
GNE:GOAO317:317:317MF250831:O:20,1,1,1,1,1,0,0,20250831,20251223
GNE:GOAO317:317:317MF250831:O:21,1,1,1,1,1,0,0,20250831,20251223
GNE:GOAO317:317:317MF250831:O:22,1,1,1,1,1,0,0,20250831,20251223
GNE:GOAO317:317:317MF250831:O:23,1,1,1,1,1,0,0,20250831,20251223
GNE:GOAO317:317:317MF250831:O:24,1,1,1,1,1,0,0,20250831,20251223
GNE:GOAO317:317:317MF250831:O:25,1,1,1,1,1,0,0,20250831,20251223
GNE:GOAO317:317:317MF250831:O:26,1,1,1,1,1,0,0,20250831,20251223
GNE:GOAO317:317:317MF250831:O:27,1,1,1,1,1,0,0,20250831,20251223
GNE:GOAO317:317:317MF250831:O:28,1,1,1,1,1,0,0,20250831,20251223
GNE:GOAO317:317:317MF250831:O:29,1,1,1,1,1,0,0,20250831,20251223
GNE:GOAO317:317:317MF250831:O:30,1,1,1,1,1,0,0,20250831,20251223
GNE:GOAO317:317:317MF250831:O:31,1,1,1,1,1,0,0,20250831,20251223
GNE:GOAO317:317:317MF250831:O:32,1,1,1,1,1,0,0,20250831,20251223
GNE:GOAO317:317:317MF250831:O:33,1,1,1,1,1,0,0,20250831,20251223
GNE:GOAO317:317:317MF250831:O:34,1,1,1,1,1,0,0,20250831,20251223
GNE:GOAO317:317:317MF250831:I:1,1,1,1,1,1,0,0,20250831,20251223
GNE:GOAO317:317:317MF250831:I:2,1,1,1,1,1,0,0,20250831,20251223
GNE:GOAO317:317:317MF250831:I:3,1,1,1,1,1,0,0,20250831,20251223
GNE:GOAO317:317:317MF250831:I:4,1,1,1,1,1,0,0,20250831,20251223
GNE:GOAO317:317:317MF250831:I:5,1,1,1,1,1,0,0,20250831,20251223
GNE:GOAO317:317:317MF250831:I:6,1,1,1,1,1,0,0,20250831,20251223
GNE:GOAO317:317:317MF250831:I:7,1,1,1,1,1,0,0,20250831,20251223
GNE:GOAO317:317:317MF250831:I:8,1,1,1,1,1,0,0,20250831,20251223
GNE:GOAO317:317:317MF250831:I:9,1,1,1,1,1,0,0,20250831,20251223
GNE:GOAO317:317:317MF250831:I:10,1,1,1,1,1,0,0,20250831,20251223
GNE:GOAO317:317:317MF250831:I:11,1,1,1,1,1,0,0,20250831,20251223
GNE:GOAO317:317:317MF250831:I:12,1,1,1,1,1,0,0,20250831,20251223
GNE:GOAO317:317:317MF250831:I:13,1,1,1,1,1,0,0,20250831,20251223
GNE:GOAO317:317:317MF250831:I:14,1,1,1,1,1,0,0,20250831,20251223
GNE:GOAO317:317:317MF250831:I:15,1,1,1,1,1,0,0,20250831,20251223
GNE:GOAO317:317:317MF250831:I:16,1,1,1,1,1,0,0,20250831,20251223
GNE:GOAO317:317:317MF250831:I:17,1,1,1,1,1,0,0,20250831,20251223
GNE:GOAO317:317:317MF250831:I:18,1,1,1,1,1,0,0,20250831,20251223
GNE:GOAO317:317:317MF250831:I:19,1,1,1,1,1,0,0,20250831,20251223
GNE:GOAO317:317:317MF250831:I:20,1,1,1,1,1,0,0,20250831,20251223
GNE:GOAO317:317:317MF250831:I:21,1,1,1,1,1,0,0,20250831,20251223
GNE:GOAO317:317:317MF250831:I:22,1,1,1,1,1,0,0,20250831,20251223
GNE:GOAO317:317:317MF250831:I:23,1,1,1,1,1,0,0,20250831,20251223
GNE:GOAO317:317:317MF250831:I:24,1,1,1,1,1,0,0,20250831,20251223
GNE:GOAO317:317:317MF250831:I:25,1,1,1,1,1,0,0,20250831,20251223
GNE:GOAO317:317:317MF250831:I:26,1,1,1,1,1,0,0,20250831,20251223
GNE:GOAO317:317:317MF250831:I:27,1,1,1,1,1,0,0,20250831,20251223
GNE:GOAO317:317:317MF250831:I:28,1,1,1,1,1,0,0,20250831,20251223
GNE:GOAO317:317:317MF250831:I:29,1,1,1,1,1,0,0,20250831,20251223
GNE:GOAO317:317:317MF250831:I:30,1,1,1,1,1,0,0,20250831,20251223
GNE:GOAO317:317:317MF250831:I:31,1,1,1,1,1,0,0,20250831,20251223
GNE:GOAO317:317:317MF250831:I:32,1,1,1,1,1,0,0,20250831,20251223
GNE:GOAO317:317:317MF250831:I:33,1,1,1,1,1,0,0,20250831,20251223
GNE:GOAO317:317:317SA250831:O:1,0,0,0,0,0,1,0,20250831,20251223
GNE:GOAO317:317:317SA250831:O:2,0,0,0,0,0,1,0,20250831,20251223
GNE:GOAO317:317:317SA250831:O:3,0,0,0,0,0,1,0,20250831,20251223
GNE:GOAO317:317:317SA250831:O:4,0,0,0,0,0,1,0,20250831,20251223
GNE:GOAO317:317:317SA250831:O:5,0,0,0,0,0,1,0,20250831,20251223
GNE:GOAO317:317:317SA250831:O:6,0,0,0,0,0,1,0,20250831,20251223
GNE:GOAO317:317:317SA250831:O:7,0,0,0,0,0,1,0,20250831,20251223
GNE:GOAO317:317:317SA250831:O:8,0,0,0,0,0,1,0,20250831,20251223
GNE:GOAO317:317:317SA250831:O:9,0,0,0,0,0,1,0,20250831,20251223
GNE:GOAO317:317:317SA250831:O:10,0,0,0,0,0,1,0,20250831,20251223
GNE:GOAO317:317:317SA250831:O:11,0,0,0,0,0,1,0,20250831,20251223
GNE:GOAO317:317:317SA250831:O:12,0,0,0,0,0,1,0,20250831,20251223
GNE:GOAO317:317:317SA250831:O:13,0,0,0,0,0,1,0,20250831,20251223
GNE:GOAO317:317:317SA250831:O:14,0,0,0,0,0,1,0,20250831,20251223
GNE:GOAO317:317:317SA250831:O:15,0,0,0,0,0,1,0,20250831,20251223
GNE:GOAO317:317:317SA250831:O:16,0,0,0,0,0,1,0,20250831,20251223
GNE:GOAO317:317:317SA250831:O:17,0,0,0,0,0,1,0,20250831,20251223
GNE:GOAO317:317:317SA250831:O:18,0,0,0,0,0,1,0,20250831,20251223
GNE:GOAO317:317:317SA250831:O:19,0,0,0,0,0,1,0,20250831,20251223
GNE:GOAO317:317:317SA250831:O:20,0,0,0,0,0,1,0,20250831,20251223
GNE:GOAO317:317:317SA250831:O:21,0,0,0,0,0,1,0,20250831,20251223
GNE:GOAO317:317:317SA250831:O:22,0,0,0,0,0,1,0,20250831,20251223
GNE:GOAO317:317:317SA250831:O:23,0,0,0,0,0,1,0,20250831,20251223
GNE:GOAO317:317:317SA250831:O:24,0,0,0,0,0,1,0,20250831,20251223
GNE:GOAO317:317:317SA250831:O:25,0,0,0,0,0,1,0,20250831,20251223
GNE:GOAO317:317:317SA250831:O:26,0,0,0,0,0,1,0,20250831,20251223
GNE:GOAO317:317:317SA250831:O:27,0,0,0,0,0,1,0,20250831,20251223
GNE:GOAO317:317:317SA250831:O:28,0,0,0,0,0,1,0,20250831,20251223
GNE:GOAO317:317:317SA250831:O:29,0,0,0,0,0,1,0,20250831,20251223
GNE:GOAO317:317:317SA250831:O:30,0,0,0,0,0,1,0,20250831,20251223
GNE:GOAO317:317:317SA250831:O:31,0,0,0,0,0,1,0,20250831,20251223
GNE:GOAO317:317:317SA250831:O:32,0,0,0,0,0,1,0,20250831,20251223
GNE:GOAO317:317:317SA250831:O:33,0,0,0,0,0,1,0,20250831,20251223
GNE:GOAO317:317:317SA250831:O:34,0,0,0,0,0,1,0,20250831,20251223
GNE:GOAO317:317:317SA250831:I:1,0,0,0,0,0,1,0,20250831,20251223
GNE:GOAO317:317:317SA250831:I:2,0,0,0,0,0,1,0,20250831,20251223
GNE:GOAO317:317:317SA250831:I:3,0,0,0,0,0,1,0,20250831,20251223
GNE:GOAO317:317:317SA250831:I:4,0,0,0,0,0,1,0,20250831,20251223
GNE:GOAO317:317:317SA250831:I:5,0,0,0,0,0,1,0,20250831,20251223
GNE:GOAO317:317:317SA250831:I:6,0,0,0,0,0,1,0,20250831,20251223
GNE:GOAO317:317:317SA250831:I:7,0,0,0,0,0,1,0,20250831,20251223
GNE:GOAO317:317:317SA250831:I:8,0,0,0,0,0,1,0,20250831,20251223
GNE:GOAO317:317:317SA250831:I:9,0,0,0,0,0,1,0,20250831,20251223
GNE:GOAO317:317:317SA250831:I:10,0,0,0,0,0,1,0,20250831,20251223
GNE:GOAO317:317:317SA250831:I:11,0,0,0,0,0,1,0,20250831,20251223
GNE:GOAO317:317:317SA250831:I:12,0,0,0,0,0,1,0,20250831,20251223
GNE:GOAO317:317:317SA250831:I:13,0,0,0,0,0,1,0,20250831,20251223
GNE:GOAO317:317:317SA250831:I:14,0,0,0,0,0,1,0,20250831,20251223
GNE:GOAO317:317:317SA250831:I:15,0,0,0,0,0,1,0,20250831,20251223
GNE:GOAO317:317:317SA250831:I:16,0,0,0,0,0,1,0,20250831,20251223
GNE:GOAO317:317:317SA250831:I:17,0,0,0,0,0,1,0,20250831,20251223
GNE:GOAO317:317:317SA250831:I:18,0,0,0,0,0,1,0,20250831,20251223
GNE:GOAO317:317:317SA250831:I:19,0,0,0,0,0,1,0,20250831,20251223
GNE:GOAO317:317:317SA250831:I:20,0,0,0,0,0,1,0,20250831,20251223
GNE:GOAO317:317:317SA250831:I:21,0,0,0,0,0,1,0,20250831,20251223
GNE:GOAO317:317:317SA250831:I:22,0,0,0,0,0,1,0,20250831,20251223
GNE:GOAO317:317:317SA250831:I:23,0,0,0,0,0,1,0,20250831,20251223
GNE:GOAO317:317:317SA250831:I:24,0,0,0,0,0,1,0,20250831,20251223
GNE:GOAO317:317:317SA250831:I:25,0,0,0,0,0,1,0,20250831,20251223
GNE:GOAO317:317:317SA250831:I:26,0,0,0,0,0,1,0,20250831,20251223
GNE:GOAO317:317:317SA250831:I:27,0,0,0,0,0,1,0,20250831,20251223
GNE:GOAO317:317:317SA250831:I:28,0,0,0,0,0,1,0,20250831,20251223
GNE:GOAO317:317:317SA250831:I:29,0,0,0,0,0,1,0,20250831,20251223
GNE:GOAO317:317:317SA250831:I:30,0,0,0,0,0,1,0,20250831,20251223
GNE:GOAO317:317:317SA250831:I:31,0,0,0,0,0,1,0,20250831,20251223
GNE:GOAO317:317:317SA250831:I:32,0,0,0,0,0,1,0,20250831,20251223
GNE:GOAO317:317:317SA250831:I:33,0,0,0,0,0,1,0,20250831,20251223
GNE:GOAO317:317:317SU250831:O:1,0,0,0,0,0,0,1,20250831,20251223
GNE:GOAO317:317:317SU250831:O:2,0,0,0,0,0,0,1,20250831,20251223
GNE:GOAO317:317:317SU250831:O:3,0,0,0,0,0,0,1,20250831,20251223
GNE:GOAO317:317:317SU250831:O:4,0,0,0,0,0,0,1,20250831,20251223
GNE:GOAO317:317:317SU250831:O:5,0,0,0,0,0,0,1,20250831,20251223
GNE:GOAO317:317:317SU250831:O:6,0,0,0,0,0,0,1,20250831,20251223
GNE:GOAO317:317:317SU250831:O:7,0,0,0,0,0,0,1,20250831,20251223
GNE:GOAO317:317:317SU250831:O:8,0,0,0,0,0,0,1,20250831,20251223
GNE:GOAO317:317:317SU250831:O:9,0,0,0,0,0,0,1,20250831,20251223
GNE:GOAO317:317:317SU250831:O:10,0,0,0,0,0,0,1,20250831,20251223
GNE:GOAO317:317:317SU250831:O:11,0,0,0,0,0,0,1,20250831,20251223
GNE:GOAO317:317:317SU250831:O:12,0,0,0,0,0,0,1,20250831,20251223
GNE:GOAO317:317:317SU250831:O:13,0,0,0,0,0,0,1,20250831,20251223
GNE:GOAO317:317:317SU250831:O:14,0,0,0,0,0,0,1,20250831,20251223
GNE:GOAO317:317:317SU250831:O:15,0,0,0,0,0,0,1,20250831,20251223
GNE:GOAO317:317:317SU250831:O:16,0,0,0,0,0,0,1,20250831,20251223
GNE:GOAO317:317:317SU250831:O:17,0,0,0,0,0,0,1,20250831,20251223
GNE:GOAO317:317:317SU250831:O:18,0,0,0,0,0,0,1,20250831,20251223
GNE:GOAO317:317:317SU250831:O:19,0,0,0,0,0,0,1,20250831,20251223
GNE:GOAO317:317:317SU250831:O:20,0,0,0,0,0,0,1,20250831,20251223
GNE:GOAO317:317:317SU250831:O:21,0,0,0,0,0,0,1,20250831,20251223
GNE:GOAO317:317:317SU250831:O:22,0,0,0,0,0,0,1,20250831,20251223
GNE:GOAO317:317:317SU250831:O:23,0,0,0,0,0,0,1,20250831,20251223
GNE:GOAO317:317:317SU250831:O:24,0,0,0,0,0,0,1,20250831,20251223
GNE:GOAO317:317:317SU250831:O:25,0,0,0,0,0,0,1,20250831,20251223
GNE:GOAO317:317:317SU250831:O:26,0,0,0,0,0,0,1,20250831,20251223
GNE:GOAO317:317:317SU250831:O:27,0,0,0,0,0,0,1,20250831,20251223
GNE:GOAO317:317:317SU250831:O:28,0,0,0,0,0,0,1,20250831,20251223
GNE:GOAO317:317:317SU250831:O:29,0,0,0,0,0,0,1,20250831,20251223
GNE:GOAO317:317:317SU250831:I:1,0,0,0,0,0,0,1,20250831,20251223
GNE:GOAO317:317:317SU250831:I:2,0,0,0,0,0,0,1,20250831,20251223
GNE:GOAO317:317:317SU250831:I:3,0,0,0,0,0,0,1,20250831,20251223
GNE:GOAO317:317:317SU250831:I:4,0,0,0,0,0,0,1,20250831,20251223
GNE:GOAO317:317:317SU250831:I:5,0,0,0,0,0,0,1,20250831,20251223
GNE:GOAO317:317:317SU250831:I:6,0,0,0,0,0,0,1,20250831,20251223
GNE:GOAO317:317:317SU250831:I:7,0,0,0,0,0,0,1,20250831,20251223
GNE:GOAO317:317:317SU250831:I:8,0,0,0,0,0,0,1,20250831,20251223
GNE:GOAO317:317:317SU250831:I:9,0,0,0,0,0,0,1,20250831,20251223
GNE:GOAO317:317:317SU250831:I:10,0,0,0,0,0,0,1,20250831,20251223
GNE:GOAO317:317:317SU250831:I:11,0,0,0,0,0,0,1,20250831,20251223
GNE:GOAO317:317:317SU250831:I:12,0,0,0,0,0,0,1,20250831,20251223
GNE:GOAO317:317:317SU250831:I:13,0,0,0,0,0,0,1,20250831,20251223
GNE:GOAO317:317:317SU250831:I:14,0,0,0,0,0,0,1,20250831,20251223
GNE:GOAO317:317:317SU250831:I:15,0,0,0,0,0,0,1,20250831,20251223
GNE:GOAO317:317:317SU250831:I:16,0,0,0,0,0,0,1,20250831,20251223
GNE:GOAO317:317:317SU250831:I:17,0,0,0,0,0,0,1,20250831,20251223
GNE:GOAO317:317:317SU250831:I:18,0,0,0,0,0,0,1,20250831,20251223
GNE:GOAO317:317:317SU250831:I:19,0,0,0,0,0,0,1,20250831,20251223
GNE:GOAO317:317:317SU250831:I:20,0,0,0,0,0,0,1,20250831,20251223
GNE:GOAO317:317:317SU250831:I:21,0,0,0,0,0,0,1,20250831,20251223
GNE:GOAO317:317:317SU250831:I:22,0,0,0,0,0,0,1,20250831,20251223
GNE:GOAO317:317:317SU250831:I:23,0,0,0,0,0,0,1,20250831,20251223
GNE:GOAO317:317:317SU250831:I:24,0,0,0,0,0,0,1,20250831,20251223
GNE:GOAO317:317:317SU250831:I:25,0,0,0,0,0,0,1,20250831,20251223
GNE:GOAO317:317:317SU250831:I:26,0,0,0,0,0,0,1,20250831,20251223
GNE:GOAO317:317:317SU250831:I:27,0,0,0,0,0,0,1,20250831,20251223
GNE:GOAO317:317:317SU250831:I:28,0,0,0,0,0,0,1,20250831,20251223
GNE:GOAO317:317:317SU250831:I:29,0,0,0,0,0,0,1,20250831,20251223
GNE:GOAO327:327:327BH250831:O:1,0,0,0,0,0,0,0,20250831,20251223
GNE:GOAO327:327:327BH250831:I:1,0,0,0,0,0,0,0,20250831,20251223
GNE:GOAO327:327:327BH250831:I:2,0,0,0,0,0,0,0,20250831,20251223
GNE:GOAO327:327:327MF250831:O:1,0,0,0,0,0,0,0,20250831,20251223
GNE:GOAO327:327:327MF250831:I:1,0,0,0,0,0,0,0,20250831,20251223
GNE:GOAO327:327:327MF250831:I:2,0,0,0,0,0,0,0,20250831,20251223
GNE:GOAO327:327:327SA250831:O:1,0,0,0,0,0,0,0,20250831,20251223
GNE:GOAO327:327:327SA250831:I:1,0,0,0,0,0,0,0,20250831,20251223
GNE:GOAO327:327:327SA250831:I:2,0,0,0,0,0,0,0,20250831,20251223
GNE:GOAO327:327:327SU250831:O:1,0,0,0,0,0,0,0,20250831,20251223
GNE:GOAO327:327:327SU250831:I:1,0,0,0,0,0,0,0,20250831,20251223
GNE:GOAO327:327:327SU250831:I:2,0,0,0,0,0,0,0,20250831,20251223
GNE:GOAO340:340:341MF250831:O:2,1,1,1,1,1,0,0,20250831,20251223
GNE:GOAO340:340:341MF250831:O:4,1,1,1,1,1,0,0,20250831,20251223
GNE:GOAO340:340:341MF250831:O:6,1,1,1,1,1,0,0,20250831,20251223
GNE:GOAO340:340:341MF250831:O:8,1,1,1,1,1,0,0,20250831,20251223
GNE:GOAO340:340:341MF250831:O:10,1,1,1,1,1,0,0,20250831,20251223
GNE:GOAO340:340:341MF250831:O:12,1,1,1,1,1,0,0,20250831,20251223
GNE:GOAO340:340:341MF250831:O:14,1,1,1,1,1,0,0,20250831,20251223
GNE:GOAO340:340:341MF250831:O:16,1,1,1,1,1,0,0,20250831,20251223
GNE:GOAO340:340:341MF250831:O:18,1,1,1,1,1,0,0,20250831,20251223
GNE:GOAO340:340:341MF250831:O:20,1,1,1,1,1,0,0,20250831,20251223
GNE:GOAO340:340:341MF250831:O:22,1,1,1,1,1,0,0,20250831,20251223
GNE:GOAO340:340:341MF250831:O:24,1,1,1,1,1,0,0,20250831,20251223
GNE:GOAO340:340:341MF250831:O:26,1,1,1,1,1,0,0,20250831,20251223
GNE:GOAO340:340:341MF250831:O:28,1,1,1,1,1,0,0,20250831,20251223
GNE:GOAO340:340:341MF250831:O:30,1,1,1,1,1,0,0,20250831,20251223
GNE:GOAO340:340:341MF250831:O:32,1,1,1,1,1,0,0,20250831,20251223
GNE:GOAO340:340:341MF250831:O:34,1,1,1,1,1,0,0,20250831,20251223
GNE:GOAO340:340:341MF250831:O:36,1,1,1,1,1,0,0,20250831,20251223
GNE:GOAO340:340:341MF250831:O:38,1,1,1,1,1,0,0,20250831,20251223
GNE:GOAO340:340:341MF250831:O:40,1,1,1,1,1,0,0,20250831,20251223
GNE:GOAO340:340:341MF250831:I:2,1,1,1,1,1,0,0,20250831,20251223
GNE:GOAO340:340:341MF250831:I:4,1,1,1,1,1,0,0,20250831,20251223
GNE:GOAO340:340:341MF250831:I:6,1,1,1,1,1,0,0,20250831,20251223
GNE:GOAO340:340:341MF250831:I:8,1,1,1,1,1,0,0,20250831,20251223
GNE:GOAO340:340:341MF250831:I:10,1,1,1,1,1,0,0,20250831,20251223
GNE:GOAO340:340:341MF250831:I:12,1,1,1,1,1,0,0,20250831,20251223
GNE:GOAO340:340:341MF250831:I:14,1,1,1,1,1,0,0,20250831,20251223
GNE:GOAO340:340:341MF250831:I:16,1,1,1,1,1,0,0,20250831,20251223
GNE:GOAO340:340:341MF250831:I:18,1,1,1,1,1,0,0,20250831,20251223
GNE:GOAO340:340:341MF250831:I:20,1,1,1,1,1,0,0,20250831,20251223
GNE:GOAO340:340:341MF250831:I:22,1,1,1,1,1,0,0,20250831,20251223
GNE:GOAO340:340:341MF250831:I:24,1,1,1,1,1,0,0,20250831,20251223
GNE:GOAO340:340:341MF250831:I:26,1,1,1,1,1,0,0,20250831,20251223
GNE:GOAO340:340:341MF250831:I:28,1,1,1,1,1,0,0,20250831,20251223
GNE:GOAO340:340:341MF250831:I:30,1,1,1,1,1,0,0,20250831,20251223
GNE:GOAO340:340:341MF250831:I:32,1,1,1,1,1,0,0,20250831,20251223
GNE:GOAO340:340:341MF250831:I:34,1,1,1,1,1,0,0,20250831,20251223
GNE:GOAO340:340:341MF250831:I:36,1,1,1,1,1,0,0,20250831,20251223
GNE:GOAO340:340:341MF250831:I:38,1,1,1,1,1,0,0,20250831,20251223
GNE:GOAO340:340:341MF250831:I:40,1,1,1,1,1,0,0,20250831,20251223
GNE:GOAO340:340:341MF250831:I:42,1,1,1,1,1,0,0,20250831,20251223
GNE:GOAO340:340:341SA250831:O:4,0,0,0,0,0,1,0,20250831,20251223
GNE:GOAO340:340:341SA250831:O:6,0,0,0,0,0,1,0,20250831,20251223
GNE:GOAO340:340:341SA250831:O:8,0,0,0,0,0,1,0,20250831,20251223
GNE:GOAO340:340:341SA250831:O:10,0,0,0,0,0,1,0,20250831,20251223
GNE:GOAO340:340:341SA250831:O:12,0,0,0,0,0,1,0,20250831,20251223
GNE:GOAO340:340:341SA250831:O:14,0,0,0,0,0,1,0,20250831,20251223
GNE:GOAO340:340:341SA250831:O:16,0,0,0,0,0,1,0,20250831,20251223
GNE:GOAO340:340:341SA250831:O:18,0,0,0,0,0,1,0,20250831,20251223
GNE:GOAO340:340:341SA250831:O:20,0,0,0,0,0,1,0,20250831,20251223
GNE:GOAO340:340:341SA250831:O:22,0,0,0,0,0,1,0,20250831,20251223
GNE:GOAO340:340:341SA250831:O:24,0,0,0,0,0,1,0,20250831,20251223
GNE:GOAO340:340:341SA250831:O:26,0,0,0,0,0,1,0,20250831,20251223
GNE:GOAO340:340:341SA250831:O:28,0,0,0,0,0,1,0,20250831,20251223
GNE:GOAO340:340:341SA250831:O:30,0,0,0,0,0,1,0,20250831,20251223
GNE:GOAO340:340:341SA250831:O:32,0,0,0,0,0,1,0,20250831,20251223
GNE:GOAO340:340:341SA250831:I:4,0,0,0,0,0,1,0,20250831,20251223
GNE:GOAO340:340:341SA250831:I:6,0,0,0,0,0,1,0,20250831,20251223
GNE:GOAO340:340:341SA250831:I:8,0,0,0,0,0,1,0,20250831,20251223
GNE:GOAO340:340:341SA250831:I:10,0,0,0,0,0,1,0,20250831,20251223
GNE:GOAO340:340:341SA250831:I:12,0,0,0,0,0,1,0,20250831,20251223
GNE:GOAO340:340:341SA250831:I:14,0,0,0,0,0,1,0,20250831,20251223
GNE:GOAO340:340:341SA250831:I:16,0,0,0,0,0,1,0,20250831,20251223
GNE:GOAO340:340:341SA250831:I:18,0,0,0,0,0,1,0,20250831,20251223
GNE:GOAO340:340:341SA250831:I:20,0,0,0,0,0,1,0,20250831,20251223
GNE:GOAO340:340:341SA250831:I:22,0,0,0,0,0,1,0,20250831,20251223
GNE:GOAO340:340:341SA250831:I:24,0,0,0,0,0,1,0,20250831,20251223
GNE:GOAO340:340:341SA250831:I:26,0,0,0,0,0,1,0,20250831,20251223
GNE:GOAO340:340:341SA250831:I:28,0,0,0,0,0,1,0,20250831,20251223
GNE:GOAO340:340:341SA250831:I:30,0,0,0,0,0,1,0,20250831,20251223
GNE:GOAO340:340:341SA250831:I:32,0,0,0,0,0,1,0,20250831,20251223
GNE:GOAO340:340:341SA250831:I:34,0,0,0,0,0,1,0,20250831,20251223
GNE:GOAO340:340:341SA250831:I:36,0,0,0,0,0,1,0,20250831,20251223
GNE:GOAO341:341:341MF250831:O:1,1,1,1,1,1,0,0,20250831,20251223
GNE:GOAO341:341:341MF250831:O:3,1,1,1,1,1,0,0,20250831,20251223
GNE:GOAO341:341:341MF250831:O:5,1,1,1,1,1,0,0,20250831,20251223
GNE:GOAO341:341:341MF250831:O:7,1,1,1,1,1,0,0,20250831,20251223
GNE:GOAO341:341:341MF250831:O:9,1,1,1,1,1,0,0,20250831,20251223
GNE:GOAO341:341:341MF250831:O:11,1,1,1,1,1,0,0,20250831,20251223
GNE:GOAO341:341:341MF250831:O:13,1,1,1,1,1,0,0,20250831,20251223
GNE:GOAO341:341:341MF250831:O:15,1,1,1,1,1,0,0,20250831,20251223
GNE:GOAO341:341:341MF250831:O:17,1,1,1,1,1,0,0,20250831,20251223
GNE:GOAO341:341:341MF250831:O:19,1,1,1,1,1,0,0,20250831,20251223
GNE:GOAO341:341:341MF250831:O:21,1,1,1,1,1,0,0,20250831,20251223
GNE:GOAO341:341:341MF250831:O:23,1,1,1,1,1,0,0,20250831,20251223
GNE:GOAO341:341:341MF250831:O:25,1,1,1,1,1,0,0,20250831,20251223
GNE:GOAO341:341:341MF250831:O:27,1,1,1,1,1,0,0,20250831,20251223
GNE:GOAO341:341:341MF250831:O:29,1,1,1,1,1,0,0,20250831,20251223
GNE:GOAO341:341:341MF250831:O:31,1,1,1,1,1,0,0,20250831,20251223
GNE:GOAO341:341:341MF250831:O:33,1,1,1,1,1,0,0,20250831,20251223
GNE:GOAO341:341:341MF250831:O:35,1,1,1,1,1,0,0,20250831,20251223
GNE:GOAO341:341:341MF250831:O:37,1,1,1,1,1,0,0,20250831,20251223
GNE:GOAO341:341:341MF250831:O:39,1,1,1,1,1,0,0,20250831,20251223
GNE:GOAO341:341:341MF250831:O:41,1,1,1,1,1,0,0,20250831,20251223
GNE:GOAO341:341:341MF250831:O:42,1,1,1,1,1,0,0,20250831,20251223
GNE:GOAO341:341:341MF250831:O:43,1,1,1,1,1,0,0,20250831,20251223
GNE:GOAO341:341:341MF250831:O:44,1,1,1,1,1,0,0,20250831,20251223
GNE:GOAO341:341:341MF250831:O:45,1,1,1,1,1,0,0,20250831,20251223
GNE:GOAO341:341:341MF250831:O:46,1,1,1,1,1,0,0,20250831,20251223
GNE:GOAO341:341:341MF250831:O:47,1,1,1,1,1,0,0,20250831,20251223
GNE:GOAO341:341:341MF250831:O:48,1,1,1,1,1,0,0,20250831,20251223
GNE:GOAO341:341:341MF250831:I:1,1,1,1,1,1,0,0,20250831,20251223
GNE:GOAO341:341:341MF250831:I:3,1,1,1,1,1,0,0,20250831,20251223
GNE:GOAO341:341:341MF250831:I:5,1,1,1,1,1,0,0,20250831,20251223
GNE:GOAO341:341:341MF250831:I:7,1,1,1,1,1,0,0,20250831,20251223
GNE:GOAO341:341:341MF250831:I:9,1,1,1,1,1,0,0,20250831,20251223
GNE:GOAO341:341:341MF250831:I:11,1,1,1,1,1,0,0,20250831,20251223
GNE:GOAO341:341:341MF250831:I:13,1,1,1,1,1,0,0,20250831,20251223
GNE:GOAO341:341:341MF250831:I:15,1,1,1,1,1,0,0,20250831,20251223
GNE:GOAO341:341:341MF250831:I:17,1,1,1,1,1,0,0,20250831,20251223
GNE:GOAO341:341:341MF250831:I:19,1,1,1,1,1,0,0,20250831,20251223
GNE:GOAO341:341:341MF250831:I:21,1,1,1,1,1,0,0,20250831,20251223
GNE:GOAO341:341:341MF250831:I:23,1,1,1,1,1,0,0,20250831,20251223
GNE:GOAO341:341:341MF250831:I:25,1,1,1,1,1,0,0,20250831,20251223
GNE:GOAO341:341:341MF250831:I:27,1,1,1,1,1,0,0,20250831,20251223
GNE:GOAO341:341:341MF250831:I:29,1,1,1,1,1,0,0,20250831,20251223
GNE:GOAO341:341:341MF250831:I:31,1,1,1,1,1,0,0,20250831,20251223
GNE:GOAO341:341:341MF250831:I:33,1,1,1,1,1,0,0,20250831,20251223
GNE:GOAO341:341:341MF250831:I:35,1,1,1,1,1,0,0,20250831,20251223
GNE:GOAO341:341:341MF250831:I:37,1,1,1,1,1,0,0,20250831,20251223
GNE:GOAO341:341:341MF250831:I:39,1,1,1,1,1,0,0,20250831,20251223
GNE:GOAO341:341:341MF250831:I:41,1,1,1,1,1,0,0,20250831,20251223
GNE:GOAO341:341:341MF250831:I:43,1,1,1,1,1,0,0,20250831,20251223
GNE:GOAO341:341:341MF250831:I:44,1,1,1,1,1,0,0,20250831,20251223
GNE:GOAO341:341:341MF250831:I:45,1,1,1,1,1,0,0,20250831,20251223
GNE:GOAO341:341:341MF250831:I:46,1,1,1,1,1,0,0,20250831,20251223
GNE:GOAO341:341:341MF250831:I:47,1,1,1,1,1,0,0,20250831,20251223
GNE:GOAO341:341:341MF250831:I:48,1,1,1,1,1,0,0,20250831,20251223
GNE:GOAO341:341:341MF250831:I:49,1,1,1,1,1,0,0,20250831,20251223
GNE:GOAO341:341:341MF250831:I:50,1,1,1,1,1,0,0,20250831,20251223
GNE:GOAO341:341:341MF250831:I:51,1,1,1,1,1,0,0,20250831,20251223
GNE:GOAO341:341:341SA250831:O:1,0,0,0,0,0,1,0,20250831,20251223
GNE:GOAO341:341:341SA250831:O:2,0,0,0,0,0,1,0,20250831,20251223
GNE:GOAO341:341:341SA250831:O:3,0,0,0,0,0,1,0,20250831,20251223
GNE:GOAO341:341:341SA250831:O:5,0,0,0,0,0,1,0,20250831,20251223
GNE:GOAO341:341:341SA250831:O:7,0,0,0,0,0,1,0,20250831,20251223
GNE:GOAO341:341:341SA250831:O:9,0,0,0,0,0,1,0,20250831,20251223
GNE:GOAO341:341:341SA250831:O:11,0,0,0,0,0,1,0,20250831,20251223
GNE:GOAO341:341:341SA250831:O:13,0,0,0,0,0,1,0,20250831,20251223
GNE:GOAO341:341:341SA250831:O:15,0,0,0,0,0,1,0,20250831,20251223
GNE:GOAO341:341:341SA250831:O:17,0,0,0,0,0,1,0,20250831,20251223
GNE:GOAO341:341:341SA250831:O:19,0,0,0,0,0,1,0,20250831,20251223
GNE:GOAO341:341:341SA250831:O:21,0,0,0,0,0,1,0,20250831,20251223
GNE:GOAO341:341:341SA250831:O:23,0,0,0,0,0,1,0,20250831,20251223
GNE:GOAO341:341:341SA250831:O:25,0,0,0,0,0,1,0,20250831,20251223
GNE:GOAO341:341:341SA250831:O:27,0,0,0,0,0,1,0,20250831,20251223
GNE:GOAO341:341:341SA250831:O:29,0,0,0,0,0,1,0,20250831,20251223
GNE:GOAO341:341:341SA250831:O:31,0,0,0,0,0,1,0,20250831,20251223
GNE:GOAO341:341:341SA250831:O:33,0,0,0,0,0,1,0,20250831,20251223
GNE:GOAO341:341:341SA250831:O:34,0,0,0,0,0,1,0,20250831,20251223
GNE:GOAO341:341:341SA250831:O:35,0,0,0,0,0,1,0,20250831,20251223
GNE:GOAO341:341:341SA250831:O:36,0,0,0,0,0,1,0,20250831,20251223
GNE:GOAO341:341:341SA250831:O:37,0,0,0,0,0,1,0,20250831,20251223
GNE:GOAO341:341:341SA250831:O:38,0,0,0,0,0,1,0,20250831,20251223
GNE:GOAO341:341:341SA250831:O:39,0,0,0,0,0,1,0,20250831,20251223
GNE:GOAO341:341:341SA250831:O:40,0,0,0,0,0,1,0,20250831,20251223
GNE:GOAO341:341:341SA250831:O:41,0,0,0,0,0,1,0,20250831,20251223
GNE:GOAO341:341:341SA250831:O:42,0,0,0,0,0,1,0,20250831,20251223
GNE:GOAO341:341:341SA250831:I:1,0,0,0,0,0,1,0,20250831,20251223
GNE:GOAO341:341:341SA250831:I:2,0,0,0,0,0,1,0,20250831,20251223
GNE:GOAO341:341:341SA250831:I:3,0,0,0,0,0,1,0,20250831,20251223
GNE:GOAO341:341:341SA250831:I:5,0,0,0,0,0,1,0,20250831,20251223
GNE:GOAO341:341:341SA250831:I:7,0,0,0,0,0,1,0,20250831,20251223
GNE:GOAO341:341:341SA250831:I:9,0,0,0,0,0,1,0,20250831,20251223
GNE:GOAO341:341:341SA250831:I:11,0,0,0,0,0,1,0,20250831,20251223
GNE:GOAO341:341:341SA250831:I:13,0,0,0,0,0,1,0,20250831,20251223
GNE:GOAO341:341:341SA250831:I:15,0,0,0,0,0,1,0,20250831,20251223
GNE:GOAO341:341:341SA250831:I:17,0,0,0,0,0,1,0,20250831,20251223
GNE:GOAO341:341:341SA250831:I:19,0,0,0,0,0,1,0,20250831,20251223
GNE:GOAO341:341:341SA250831:I:21,0,0,0,0,0,1,0,20250831,20251223
GNE:GOAO341:341:341SA250831:I:23,0,0,0,0,0,1,0,20250831,20251223
GNE:GOAO341:341:341SA250831:I:25,0,0,0,0,0,1,0,20250831,20251223
GNE:GOAO341:341:341SA250831:I:27,0,0,0,0,0,1,0,20250831,20251223
GNE:GOAO341:341:341SA250831:I:29,0,0,0,0,0,1,0,20250831,20251223
GNE:GOAO341:341:341SA250831:I:31,0,0,0,0,0,1,0,20250831,20251223
GNE:GOAO341:341:341SA250831:I:33,0,0,0,0,0,1,0,20250831,20251223
GNE:GOAO341:341:341SA250831:I:35,0,0,0,0,0,1,0,20250831,20251223
GNE:GOAO341:341:341SA250831:I:37,0,0,0,0,0,1,0,20250831,20251223
GNE:GOAO341:341:341SA250831:I:38,0,0,0,0,0,1,0,20250831,20251223
GNE:GOAO341:341:341SA250831:I:39,0,0,0,0,0,1,0,20250831,20251223
GNE:GOAO341:341:341SA250831:I:40,0,0,0,0,0,1,0,20250831,20251223
GNE:GOAO341:341:341SA250831:I:41,0,0,0,0,0,1,0,20250831,20251223
GNE:GOAO341:341:341SA250831:I:42,0,0,0,0,0,1,0,20250831,20251223
GNE:GOAO341:341:341SA250831:I:43,0,0,0,0,0,1,0,20250831,20251223
GNE:GOAO341:341:341SA250831:I:44,0,0,0,0,0,1,0,20250831,20251223
GNE:GOAO341:341:341SA250831:I:45,0,0,0,0,0,1,0,20250831,20251223
GNE:GOAO341:341:341SU250831:O:1,0,0,0,0,0,0,1,20250831,20251223
GNE:GOAO341:341:341SU250831:O:2,0,0,0,0,0,0,1,20250831,20251223
GNE:GOAO341:341:341SU250831:O:3,0,0,0,0,0,0,1,20250831,20251223
GNE:GOAO341:341:341SU250831:O:4,0,0,0,0,0,0,1,20250831,20251223
GNE:GOAO341:341:341SU250831:O:5,0,0,0,0,0,0,1,20250831,20251223
GNE:GOAO341:341:341SU250831:O:6,0,0,0,0,0,0,1,20250831,20251223
GNE:GOAO341:341:341SU250831:O:7,0,0,0,0,0,0,1,20250831,20251223
GNE:GOAO341:341:341SU250831:O:8,0,0,0,0,0,0,1,20250831,20251223
GNE:GOAO341:341:341SU250831:O:9,0,0,0,0,0,0,1,20250831,20251223
GNE:GOAO341:341:341SU250831:O:10,0,0,0,0,0,0,1,20250831,20251223
GNE:GOAO341:341:341SU250831:O:11,0,0,0,0,0,0,1,20250831,20251223
GNE:GOAO341:341:341SU250831:O:12,0,0,0,0,0,0,1,20250831,20251223
GNE:GOAO341:341:341SU250831:O:13,0,0,0,0,0,0,1,20250831,20251223
GNE:GOAO341:341:341SU250831:O:14,0,0,0,0,0,0,1,20250831,20251223
GNE:GOAO341:341:341SU250831:O:15,0,0,0,0,0,0,1,20250831,20251223
GNE:GOAO341:341:341SU250831:I:1,0,0,0,0,0,0,1,20250831,20251223
GNE:GOAO341:341:341SU250831:I:2,0,0,0,0,0,0,1,20250831,20251223
GNE:GOAO341:341:341SU250831:I:3,0,0,0,0,0,0,1,20250831,20251223
GNE:GOAO341:341:341SU250831:I:4,0,0,0,0,0,0,1,20250831,20251223
GNE:GOAO341:341:341SU250831:I:5,0,0,0,0,0,0,1,20250831,20251223
GNE:GOAO341:341:341SU250831:I:6,0,0,0,0,0,0,1,20250831,20251223
GNE:GOAO341:341:341SU250831:I:7,0,0,0,0,0,0,1,20250831,20251223
GNE:GOAO341:341:341SU250831:I:8,0,0,0,0,0,0,1,20250831,20251223
GNE:GOAO341:341:341SU250831:I:9,0,0,0,0,0,0,1,20250831,20251223
GNE:GOAO341:341:341SU250831:I:10,0,0,0,0,0,0,1,20250831,20251223
GNE:GOAO341:341:341SU250831:I:11,0,0,0,0,0,0,1,20250831,20251223
GNE:GOAO341:341:341SU250831:I:12,0,0,0,0,0,0,1,20250831,20251223
GNE:GOAO341:341:341SU250831:I:13,0,0,0,0,0,0,1,20250831,20251223
GNE:GOAO341:341:341SU250831:I:14,0,0,0,0,0,0,1,20250831,20251223
GNE:GOAO341:341:341SU250831:I:15,0,0,0,0,0,0,1,20250831,20251223
GNE:GOAO341:341:341SU250831:I:16,0,0,0,0,0,0,1,20250831,20251223
GNE:GOAO342:342:342MF250831:O:1,1,1,1,1,1,0,0,20250831,20251223
GNE:GOAO342:342:342MF250831:O:2,1,1,1,1,1,0,0,20250831,20251223
GNE:GOAO342:342:342MF250831:O:3,1,1,1,1,1,0,0,20250831,20251223
GNE:GOAO342:342:342MF250831:O:4,1,1,1,1,1,0,0,20250831,20251223
GNE:GOAO342:342:342MF250831:O:5,1,1,1,1,1,0,0,20250831,20251223
GNE:GOAO342:342:342MF250831:O:6,1,1,1,1,1,0,0,20250831,20251223
GNE:GOAO342:342:342MF250831:O:7,1,1,1,1,1,0,0,20250831,20251223
GNE:GOAO342:342:342MF250831:O:8,1,1,1,1,1,0,0,20250831,20251223
GNE:GOAO342:342:342MF250831:O:9,1,1,1,1,1,0,0,20250831,20251223
GNE:GOAO342:342:342MF250831:O:10,1,1,1,1,1,0,0,20250831,20251223
GNE:GOAO342:342:342MF250831:O:11,1,1,1,1,1,0,0,20250831,20251223
GNE:GOAO342:342:342MF250831:O:12,1,1,1,1,1,0,0,20250831,20251223
GNE:GOAO342:342:342MF250831:O:13,1,1,1,1,1,0,0,20250831,20251223
GNE:GOAO342:342:342MF250831:O:14,1,1,1,1,1,0,0,20250831,20251223
GNE:GOAO342:342:342MF250831:O:15,1,1,1,1,1,0,0,20250831,20251223
GNE:GOAO342:342:342MF250831:O:16,1,1,1,1,1,0,0,20250831,20251223
GNE:GOAO342:342:342MF250831:O:17,1,1,1,1,1,0,0,20250831,20251223
GNE:GOAO342:342:342MF250831:O:18,1,1,1,1,1,0,0,20250831,20251223
GNE:GOAO342:342:342MF250831:O:19,1,1,1,1,1,0,0,20250831,20251223
GNE:GOAO342:342:342MF250831:O:20,1,1,1,1,1,0,0,20250831,20251223
GNE:GOAO342:342:342MF250831:O:21,1,1,1,1,1,0,0,20250831,20251223
GNE:GOAO342:342:342MF250831:O:22,1,1,1,1,1,0,0,20250831,20251223
GNE:GOAO342:342:342MF250831:O:23,1,1,1,1,1,0,0,20250831,20251223
GNE:GOAO342:342:342MF250831:O:24,1,1,1,1,1,0,0,20250831,20251223
GNE:GOAO342:342:342MF250831:O:25,1,1,1,1,1,0,0,20250831,20251223
GNE:GOAO342:342:342MF250831:O:26,1,1,1,1,1,0,0,20250831,20251223
GNE:GOAO342:342:342MF250831:O:27,1,1,1,1,1,0,0,20250831,20251223
GNE:GOAO342:342:342MF250831:O:28,1,1,1,1,1,0,0,20250831,20251223
GNE:GOAO342:342:342MF250831:O:29,1,1,1,1,1,0,0,20250831,20251223
GNE:GOAO342:342:342MF250831:O:30,1,1,1,1,1,0,0,20250831,20251223
GNE:GOAO342:342:342MF250831:I:1,1,1,1,1,1,0,0,20250831,20251223
GNE:GOAO342:342:342MF250831:I:2,1,1,1,1,1,0,0,20250831,20251223
GNE:GOAO342:342:342MF250831:I:3,1,1,1,1,1,0,0,20250831,20251223
GNE:GOAO342:342:342MF250831:I:4,1,1,1,1,1,0,0,20250831,20251223
GNE:GOAO342:342:342MF250831:I:5,1,1,1,1,1,0,0,20250831,20251223
GNE:GOAO342:342:342MF250831:I:6,1,1,1,1,1,0,0,20250831,20251223
GNE:GOAO342:342:342MF250831:I:7,1,1,1,1,1,0,0,20250831,20251223
GNE:GOAO342:342:342MF250831:I:8,1,1,1,1,1,0,0,20250831,20251223
GNE:GOAO342:342:342MF250831:I:9,1,1,1,1,1,0,0,20250831,20251223
GNE:GOAO342:342:342MF250831:I:10,1,1,1,1,1,0,0,20250831,20251223
GNE:GOAO342:342:342MF250831:I:11,1,1,1,1,1,0,0,20250831,20251223
GNE:GOAO342:342:342MF250831:I:12,1,1,1,1,1,0,0,20250831,20251223
GNE:GOAO342:342:342MF250831:I:13,1,1,1,1,1,0,0,20250831,20251223
GNE:GOAO342:342:342MF250831:I:14,1,1,1,1,1,0,0,20250831,20251223
GNE:GOAO342:342:342MF250831:I:15,1,1,1,1,1,0,0,20250831,20251223
GNE:GOAO342:342:342MF250831:I:16,1,1,1,1,1,0,0,20250831,20251223
GNE:GOAO342:342:342MF250831:I:17,1,1,1,1,1,0,0,20250831,20251223
GNE:GOAO342:342:342MF250831:I:18,1,1,1,1,1,0,0,20250831,20251223
GNE:GOAO342:342:342MF250831:I:19,1,1,1,1,1,0,0,20250831,20251223
GNE:GOAO342:342:342MF250831:I:20,1,1,1,1,1,0,0,20250831,20251223
GNE:GOAO342:342:342MF250831:I:21,1,1,1,1,1,0,0,20250831,20251223
GNE:GOAO342:342:342MF250831:I:22,1,1,1,1,1,0,0,20250831,20251223
GNE:GOAO342:342:342MF250831:I:23,1,1,1,1,1,0,0,20250831,20251223
GNE:GOAO342:342:342MF250831:I:24,1,1,1,1,1,0,0,20250831,20251223
GNE:GOAO342:342:342MF250831:I:25,1,1,1,1,1,0,0,20250831,20251223
GNE:GOAO342:342:342MF250831:I:26,1,1,1,1,1,0,0,20250831,20251223
GNE:GOAO342:342:342MF250831:I:27,1,1,1,1,1,0,0,20250831,20251223
GNE:GOAO342:342:342MF250831:I:28,1,1,1,1,1,0,0,20250831,20251223
GNE:GOAO342:342:342MF250831:I:29,1,1,1,1,1,0,0,20250831,20251223
GNE:GOAO342:342:342MF250831:I:30,1,1,1,1,1,0,0,20250831,20251223
GNE:GOAO342:342:342MF250831:I:31,1,1,1,1,1,0,0,20250831,20251223
GNE:GOAO342:342:342SA250831:O:1,0,0,0,0,0,1,0,20250831,20251223
GNE:GOAO342:342:342SA250831:O:2,0,0,0,0,0,1,0,20250831,20251223
GNE:GOAO342:342:342SA250831:O:3,0,0,0,0,0,1,0,20250831,20251223
GNE:GOAO342:342:342SA250831:O:4,0,0,0,0,0,1,0,20250831,20251223
GNE:GOAO342:342:342SA250831:O:5,0,0,0,0,0,1,0,20250831,20251223
GNE:GOAO342:342:342SA250831:O:6,0,0,0,0,0,1,0,20250831,20251223
GNE:GOAO342:342:342SA250831:O:7,0,0,0,0,0,1,0,20250831,20251223
GNE:GOAO342:342:342SA250831:O:8,0,0,0,0,0,1,0,20250831,20251223
GNE:GOAO342:342:342SA250831:O:9,0,0,0,0,0,1,0,20250831,20251223
GNE:GOAO342:342:342SA250831:O:10,0,0,0,0,0,1,0,20250831,20251223
GNE:GOAO342:342:342SA250831:O:11,0,0,0,0,0,1,0,20250831,20251223
GNE:GOAO342:342:342SA250831:O:12,0,0,0,0,0,1,0,20250831,20251223
GNE:GOAO342:342:342SA250831:O:13,0,0,0,0,0,1,0,20250831,20251223
GNE:GOAO342:342:342SA250831:O:14,0,0,0,0,0,1,0,20250831,20251223
GNE:GOAO342:342:342SA250831:O:15,0,0,0,0,0,1,0,20250831,20251223
GNE:GOAO342:342:342SA250831:O:16,0,0,0,0,0,1,0,20250831,20251223
GNE:GOAO342:342:342SA250831:O:17,0,0,0,0,0,1,0,20250831,20251223
GNE:GOAO342:342:342SA250831:O:18,0,0,0,0,0,1,0,20250831,20251223
GNE:GOAO342:342:342SA250831:O:19,0,0,0,0,0,1,0,20250831,20251223
GNE:GOAO342:342:342SA250831:O:20,0,0,0,0,0,1,0,20250831,20251223
GNE:GOAO342:342:342SA250831:O:21,0,0,0,0,0,1,0,20250831,20251223
GNE:GOAO342:342:342SA250831:O:22,0,0,0,0,0,1,0,20250831,20251223
GNE:GOAO342:342:342SA250831:O:23,0,0,0,0,0,1,0,20250831,20251223
GNE:GOAO342:342:342SA250831:O:24,0,0,0,0,0,1,0,20250831,20251223
GNE:GOAO342:342:342SA250831:O:25,0,0,0,0,0,1,0,20250831,20251223
GNE:GOAO342:342:342SA250831:O:26,0,0,0,0,0,1,0,20250831,20251223
GNE:GOAO342:342:342SA250831:O:27,0,0,0,0,0,1,0,20250831,20251223
GNE:GOAO342:342:342SA250831:O:28,0,0,0,0,0,1,0,20250831,20251223
GNE:GOAO342:342:342SA250831:I:1,0,0,0,0,0,1,0,20250831,20251223
GNE:GOAO342:342:342SA250831:I:2,0,0,0,0,0,1,0,20250831,20251223
GNE:GOAO342:342:342SA250831:I:3,0,0,0,0,0,1,0,20250831,20251223
GNE:GOAO342:342:342SA250831:I:4,0,0,0,0,0,1,0,20250831,20251223
GNE:GOAO342:342:342SA250831:I:5,0,0,0,0,0,1,0,20250831,20251223
GNE:GOAO342:342:342SA250831:I:6,0,0,0,0,0,1,0,20250831,20251223
GNE:GOAO342:342:342SA250831:I:7,0,0,0,0,0,1,0,20250831,20251223
GNE:GOAO342:342:342SA250831:I:8,0,0,0,0,0,1,0,20250831,20251223
GNE:GOAO342:342:342SA250831:I:9,0,0,0,0,0,1,0,20250831,20251223
GNE:GOAO342:342:342SA250831:I:10,0,0,0,0,0,1,0,20250831,20251223
GNE:GOAO342:342:342SA250831:I:11,0,0,0,0,0,1,0,20250831,20251223
GNE:GOAO342:342:342SA250831:I:12,0,0,0,0,0,1,0,20250831,20251223
GNE:GOAO342:342:342SA250831:I:13,0,0,0,0,0,1,0,20250831,20251223
GNE:GOAO342:342:342SA250831:I:14,0,0,0,0,0,1,0,20250831,20251223
GNE:GOAO342:342:342SA250831:I:15,0,0,0,0,0,1,0,20250831,20251223
GNE:GOAO342:342:342SA250831:I:16,0,0,0,0,0,1,0,20250831,20251223
GNE:GOAO342:342:342SA250831:I:17,0,0,0,0,0,1,0,20250831,20251223
GNE:GOAO342:342:342SA250831:I:18,0,0,0,0,0,1,0,20250831,20251223
GNE:GOAO342:342:342SA250831:I:19,0,0,0,0,0,1,0,20250831,20251223
GNE:GOAO342:342:342SA250831:I:20,0,0,0,0,0,1,0,20250831,20251223
GNE:GOAO342:342:342SA250831:I:21,0,0,0,0,0,1,0,20250831,20251223
GNE:GOAO342:342:342SA250831:I:22,0,0,0,0,0,1,0,20250831,20251223
GNE:GOAO342:342:342SA250831:I:23,0,0,0,0,0,1,0,20250831,20251223
GNE:GOAO342:342:342SA250831:I:24,0,0,0,0,0,1,0,20250831,20251223
GNE:GOAO342:342:342SA250831:I:25,0,0,0,0,0,1,0,20250831,20251223
GNE:GOAO342:342:342SA250831:I:26,0,0,0,0,0,1,0,20250831,20251223
GNE:GOAO342:342:342SA250831:I:27,0,0,0,0,0,1,0,20250831,20251223
GNE:GOAO342:342:342SA250831:I:28,0,0,0,0,0,1,0,20250831,20251223
GNE:GOAO342:342:342SA250831:I:29,0,0,0,0,0,1,0,20250831,20251223
GNE:GOAO342:342:342SU250831:O:1,0,0,0,0,0,0,1,20250831,20251223
GNE:GOAO342:342:342SU250831:O:2,0,0,0,0,0,0,1,20250831,20251223
GNE:GOAO342:342:342SU250831:O:3,0,0,0,0,0,0,1,20250831,20251223
GNE:GOAO342:342:342SU250831:O:4,0,0,0,0,0,0,1,20250831,20251223
GNE:GOAO342:342:342SU250831:O:5,0,0,0,0,0,0,1,20250831,20251223
GNE:GOAO342:342:342SU250831:O:6,0,0,0,0,0,0,1,20250831,20251223
GNE:GOAO342:342:342SU250831:O:7,0,0,0,0,0,0,1,20250831,20251223
GNE:GOAO342:342:342SU250831:O:8,0,0,0,0,0,0,1,20250831,20251223
GNE:GOAO342:342:342SU250831:O:9,0,0,0,0,0,0,1,20250831,20251223
GNE:GOAO342:342:342SU250831:O:10,0,0,0,0,0,0,1,20250831,20251223
GNE:GOAO342:342:342SU250831:O:11,0,0,0,0,0,0,1,20250831,20251223
GNE:GOAO342:342:342SU250831:O:12,0,0,0,0,0,0,1,20250831,20251223
GNE:GOAO342:342:342SU250831:O:13,0,0,0,0,0,0,1,20250831,20251223
GNE:GOAO342:342:342SU250831:O:14,0,0,0,0,0,0,1,20250831,20251223
GNE:GOAO342:342:342SU250831:O:15,0,0,0,0,0,0,1,20250831,20251223
GNE:GOAO342:342:342SU250831:I:1,0,0,0,0,0,0,1,20250831,20251223
GNE:GOAO342:342:342SU250831:I:2,0,0,0,0,0,0,1,20250831,20251223
GNE:GOAO342:342:342SU250831:I:3,0,0,0,0,0,0,1,20250831,20251223
GNE:GOAO342:342:342SU250831:I:4,0,0,0,0,0,0,1,20250831,20251223
GNE:GOAO342:342:342SU250831:I:5,0,0,0,0,0,0,1,20250831,20251223
GNE:GOAO342:342:342SU250831:I:6,0,0,0,0,0,0,1,20250831,20251223
GNE:GOAO342:342:342SU250831:I:7,0,0,0,0,0,0,1,20250831,20251223
GNE:GOAO342:342:342SU250831:I:8,0,0,0,0,0,0,1,20250831,20251223
GNE:GOAO342:342:342SU250831:I:9,0,0,0,0,0,0,1,20250831,20251223
GNE:GOAO342:342:342SU250831:I:10,0,0,0,0,0,0,1,20250831,20251223
GNE:GOAO342:342:342SU250831:I:11,0,0,0,0,0,0,1,20250831,20251223
GNE:GOAO342:342:342SU250831:I:12,0,0,0,0,0,0,1,20250831,20251223
GNE:GOAO342:342:342SU250831:I:13,0,0,0,0,0,0,1,20250831,20251223
GNE:GOAO342:342:342SU250831:I:14,0,0,0,0,0,0,1,20250831,20251223
GNE:GOAO342:342:342SU250831:I:15,0,0,0,0,0,0,1,20250831,20251223
GNE:GOAO342:342:342SU250831:I:16,0,0,0,0,0,0,1,20250831,20251223
GNE:GOAO352:352:352MF250831:O:1,1,1,1,1,1,0,0,20250831,20251223
GNE:GOAO352:352:352MF250831:O:2,1,1,1,1,1,0,0,20250831,20251223
GNE:GOAO352:352:352MF250831:I:1,1,1,1,1,1,0,0,20250831,20251223
GNE:GOAO353:353:353MF250831:O:1,1,1,1,1,1,0,0,20250831,20251223
GNE:GOAO353:353:353MF250831:O:2,1,1,1,1,1,0,0,20250831,20251223
GNE:GOAO353:353:353MF250831:O:3,1,1,1,1,1,0,0,20250831,20251223
GNE:GOAO353:353:353MF250831:O:4,1,1,1,1,1,0,0,20250831,20251223
GNE:GOAO353:353:353MF250831:O:5,1,1,1,1,1,0,0,20250831,20251223
GNE:GOAO353:353:353MF250831:O:6,1,1,1,1,1,0,0,20250831,20251223
GNE:GOAO353:353:353MF250831:O:7,1,1,1,1,1,0,0,20250831,20251223
GNE:GOAO353:353:353MF250831:O:8,1,1,1,1,1,0,0,20250831,20251223
GNE:GOAO353:353:353MF250831:O:9,1,1,1,1,1,0,0,20250831,20251223
GNE:GOAO353:353:353MF250831:O:10,1,1,1,1,1,0,0,20250831,20251223
GNE:GOAO353:353:353MF250831:O:11,1,1,1,1,1,0,0,20250831,20251223
GNE:GOAO353:353:353MF250831:O:12,1,1,1,1,1,0,0,20250831,20251223
GNE:GOAO353:353:353MF250831:O:13,1,1,1,1,1,0,0,20250831,20251223
GNE:GOAO353:353:353MF250831:O:14,1,1,1,1,1,0,0,20250831,20251223
GNE:GOAO353:353:353MF250831:O:15,1,1,1,1,1,0,0,20250831,20251223
GNE:GOAO353:353:353MF250831:O:16,1,1,1,1,1,0,0,20250831,20251223
GNE:GOAO353:353:353MF250831:O:17,1,1,1,1,1,0,0,20250831,20251223
GNE:GOAO353:353:353MF250831:O:18,1,1,1,1,1,0,0,20250831,20251223
GNE:GOAO353:353:353MF250831:I:1,1,1,1,1,1,0,0,20250831,20251223
GNE:GOAO353:353:353MF250831:I:2,1,1,1,1,1,0,0,20250831,20251223
GNE:GOAO353:353:353MF250831:I:3,1,1,1,1,1,0,0,20250831,20251223
GNE:GOAO353:353:353MF250831:I:4,1,1,1,1,1,0,0,20250831,20251223
GNE:GOAO353:353:353MF250831:I:5,1,1,1,1,1,0,0,20250831,20251223
GNE:GOAO353:353:353MF250831:I:6,1,1,1,1,1,0,0,20250831,20251223
GNE:GOAO353:353:353MF250831:I:7,1,1,1,1,1,0,0,20250831,20251223
GNE:GOAO353:353:353MF250831:I:8,1,1,1,1,1,0,0,20250831,20251223
GNE:GOAO353:353:353MF250831:I:9,1,1,1,1,1,0,0,20250831,20251223
GNE:GOAO353:353:353MF250831:I:10,1,1,1,1,1,0,0,20250831,20251223
GNE:GOAO353:353:353MF250831:I:11,1,1,1,1,1,0,0,20250831,20251223
GNE:GOAO353:353:353MF250831:I:12,1,1,1,1,1,0,0,20250831,20251223
GNE:GOAO353:353:353MF250831:I:13,1,1,1,1,1,0,0,20250831,20251223
GNE:GOAO353:353:353MF250831:I:14,1,1,1,1,1,0,0,20250831,20251223
GNE:GOAO353:353:353MF250831:I:15,1,1,1,1,1,0,0,20250831,20251223
GNE:GOAO353:353:353MF250831:I:16,1,1,1,1,1,0,0,20250831,20251223
GNE:GOAO353:353:353MF250831:I:17,1,1,1,1,1,0,0,20250831,20251223
GNE:GOAO353:353:353MF250831:I:18,1,1,1,1,1,0,0,20250831,20251223
GNE:GOAO353:353:353SA250831:O:1,0,0,0,0,0,1,0,20250831,20251223
GNE:GOAO353:353:353SA250831:O:2,0,0,0,0,0,1,0,20250831,20251223
GNE:GOAO353:353:353SA250831:O:3,0,0,0,0,0,1,0,20250831,20251223
GNE:GOAO353:353:353SA250831:O:4,0,0,0,0,0,1,0,20250831,20251223
GNE:GOAO353:353:353SA250831:O:5,0,0,0,0,0,1,0,20250831,20251223
GNE:GOAO353:353:353SA250831:O:6,0,0,0,0,0,1,0,20250831,20251223
GNE:GOAO353:353:353SA250831:O:7,0,0,0,0,0,1,0,20250831,20251223
GNE:GOAO353:353:353SA250831:O:8,0,0,0,0,0,1,0,20250831,20251223
GNE:GOAO353:353:353SA250831:O:9,0,0,0,0,0,1,0,20250831,20251223
GNE:GOAO353:353:353SA250831:O:10,0,0,0,0,0,1,0,20250831,20251223
GNE:GOAO353:353:353SA250831:O:11,0,0,0,0,0,1,0,20250831,20251223
GNE:GOAO353:353:353SA250831:O:12,0,0,0,0,0,1,0,20250831,20251223
GNE:GOAO353:353:353SA250831:O:13,0,0,0,0,0,1,0,20250831,20251223
GNE:GOAO353:353:353SA250831:O:14,0,0,0,0,0,1,0,20250831,20251223
GNE:GOAO353:353:353SA250831:O:15,0,0,0,0,0,1,0,20250831,20251223
GNE:GOAO353:353:353SA250831:O:16,0,0,0,0,0,1,0,20250831,20251223
GNE:GOAO353:353:353SA250831:O:17,0,0,0,0,0,1,0,20250831,20251223
GNE:GOAO353:353:353SA250831:I:1,0,0,0,0,0,1,0,20250831,20251223
GNE:GOAO353:353:353SA250831:I:2,0,0,0,0,0,1,0,20250831,20251223
GNE:GOAO353:353:353SA250831:I:3,0,0,0,0,0,1,0,20250831,20251223
GNE:GOAO353:353:353SA250831:I:4,0,0,0,0,0,1,0,20250831,20251223
GNE:GOAO353:353:353SA250831:I:5,0,0,0,0,0,1,0,20250831,20251223
GNE:GOAO353:353:353SA250831:I:6,0,0,0,0,0,1,0,20250831,20251223
GNE:GOAO353:353:353SA250831:I:7,0,0,0,0,0,1,0,20250831,20251223
GNE:GOAO353:353:353SA250831:I:8,0,0,0,0,0,1,0,20250831,20251223
GNE:GOAO353:353:353SA250831:I:9,0,0,0,0,0,1,0,20250831,20251223
GNE:GOAO353:353:353SA250831:I:10,0,0,0,0,0,1,0,20250831,20251223
GNE:GOAO353:353:353SA250831:I:11,0,0,0,0,0,1,0,20250831,20251223
GNE:GOAO353:353:353SA250831:I:12,0,0,0,0,0,1,0,20250831,20251223
GNE:GOAO353:353:353SA250831:I:13,0,0,0,0,0,1,0,20250831,20251223
GNE:GOAO353:353:353SA250831:I:14,0,0,0,0,0,1,0,20250831,20251223
GNE:GOAO353:353:353SA250831:I:15,0,0,0,0,0,1,0,20250831,20251223
GNE:GOAO353:353:353SA250831:I:16,0,0,0,0,0,1,0,20250831,20251223
GNE:GOAO353:353:353SA250831:I:17,0,0,0,0,0,1,0,20250831,20251223
GNE:GOAO353:353:353SU250831:O:1,0,0,0,0,0,0,1,20250831,20251223
GNE:GOAO353:353:353SU250831:O:2,0,0,0,0,0,0,1,20250831,20251223
GNE:GOAO353:353:353SU250831:O:3,0,0,0,0,0,0,1,20250831,20251223
GNE:GOAO353:353:353SU250831:O:4,0,0,0,0,0,0,1,20250831,20251223
GNE:GOAO353:353:353SU250831:O:5,0,0,0,0,0,0,1,20250831,20251223
GNE:GOAO353:353:353SU250831:O:6,0,0,0,0,0,0,1,20250831,20251223
GNE:GOAO353:353:353SU250831:O:7,0,0,0,0,0,0,1,20250831,20251223
GNE:GOAO353:353:353SU250831:O:8,0,0,0,0,0,0,1,20250831,20251223
GNE:GOAO353:353:353SU250831:O:9,0,0,0,0,0,0,1,20250831,20251223
GNE:GOAO353:353:353SU250831:O:10,0,0,0,0,0,0,1,20250831,20251223
GNE:GOAO353:353:353SU250831:O:11,0,0,0,0,0,0,1,20250831,20251223
GNE:GOAO353:353:353SU250831:O:12,0,0,0,0,0,0,1,20250831,20251223
GNE:GOAO353:353:353SU250831:O:13,0,0,0,0,0,0,1,20250831,20251223
GNE:GOAO353:353:353SU250831:O:14,0,0,0,0,0,0,1,20250831,20251223
GNE:GOAO353:353:353SU250831:O:15,0,0,0,0,0,0,1,20250831,20251223
GNE:GOAO353:353:353SU250831:O:16,0,0,0,0,0,0,1,20250831,20251223
GNE:GOAO353:353:353SU250831:I:1,0,0,0,0,0,0,1,20250831,20251223
GNE:GOAO353:353:353SU250831:I:2,0,0,0,0,0,0,1,20250831,20251223
GNE:GOAO353:353:353SU250831:I:3,0,0,0,0,0,0,1,20250831,20251223
GNE:GOAO353:353:353SU250831:I:4,0,0,0,0,0,0,1,20250831,20251223
GNE:GOAO353:353:353SU250831:I:5,0,0,0,0,0,0,1,20250831,20251223
GNE:GOAO353:353:353SU250831:I:6,0,0,0,0,0,0,1,20250831,20251223
GNE:GOAO353:353:353SU250831:I:7,0,0,0,0,0,0,1,20250831,20251223
GNE:GOAO353:353:353SU250831:I:8,0,0,0,0,0,0,1,20250831,20251223
GNE:GOAO353:353:353SU250831:I:9,0,0,0,0,0,0,1,20250831,20251223
GNE:GOAO353:353:353SU250831:I:10,0,0,0,0,0,0,1,20250831,20251223
GNE:GOAO353:353:353SU250831:I:11,0,0,0,0,0,0,1,20250831,20251223
GNE:GOAO353:353:353SU250831:I:12,0,0,0,0,0,0,1,20250831,20251223
GNE:GOAO353:353:353SU250831:I:13,0,0,0,0,0,0,1,20250831,20251223
GNE:GOAO353:353:353SU250831:I:14,0,0,0,0,0,0,1,20250831,20251223
GNE:GOAO353:353:353SU250831:I:15,0,0,0,0,0,0,1,20250831,20251223
GNE:GOAO353:353:353SU250831:I:16,0,0,0,0,0,0,1,20250831,20251223
GNE:GOAO354:354:354MF250831:O:1,1,1,1,1,1,0,0,20250831,20251223
GNE:GOAO354:354:354MF250831:O:2,1,1,1,1,1,0,0,20250831,20251223
GNE:GOAO354:354:354MF250831:O:3,1,1,1,1,1,0,0,20250831,20251223
GNE:GOAO354:354:354MF250831:O:4,1,1,1,1,1,0,0,20250831,20251223
GNE:GOAO354:354:354MF250831:O:5,1,1,1,1,1,0,0,20250831,20251223
GNE:GOAO354:354:354MF250831:O:6,1,1,1,1,1,0,0,20250831,20251223
GNE:GOAO354:354:354MF250831:O:7,1,1,1,1,1,0,0,20250831,20251223
GNE:GOAO354:354:354MF250831:O:8,1,1,1,1,1,0,0,20250831,20251223
GNE:GOAO354:354:354MF250831:O:9,1,1,1,1,1,0,0,20250831,20251223
GNE:GOAO354:354:354MF250831:O:10,1,1,1,1,1,0,0,20250831,20251223
GNE:GOAO354:354:354MF250831:O:11,1,1,1,1,1,0,0,20250831,20251223
GNE:GOAO354:354:354MF250831:O:12,1,1,1,1,1,0,0,20250831,20251223
GNE:GOAO354:354:354MF250831:O:13,1,1,1,1,1,0,0,20250831,20251223
GNE:GOAO354:354:354MF250831:I:1,1,1,1,1,1,0,0,20250831,20251223
GNE:GOAO354:354:354MF250831:I:2,1,1,1,1,1,0,0,20250831,20251223
GNE:GOAO354:354:354MF250831:I:3,1,1,1,1,1,0,0,20250831,20251223
GNE:GOAO354:354:354MF250831:I:4,1,1,1,1,1,0,0,20250831,20251223
GNE:GOAO354:354:354MF250831:I:5,1,1,1,1,1,0,0,20250831,20251223
GNE:GOAO354:354:354MF250831:I:6,1,1,1,1,1,0,0,20250831,20251223
GNE:GOAO354:354:354MF250831:I:7,1,1,1,1,1,0,0,20250831,20251223
GNE:GOAO354:354:354MF250831:I:8,1,1,1,1,1,0,0,20250831,20251223
GNE:GOAO354:354:354MF250831:I:9,1,1,1,1,1,0,0,20250831,20251223
GNE:GOAO354:354:354MF250831:I:10,1,1,1,1,1,0,0,20250831,20251223
GNE:GOAO354:354:354MF250831:I:11,1,1,1,1,1,0,0,20250831,20251223
GNE:GOAO354:354:354MF250831:I:12,1,1,1,1,1,0,0,20250831,20251223
GNE:GOAO354:354:354MF250831:I:13,1,1,1,1,1,0,0,20250831,20251223
GNE:GOAO354:354:354MF250831:I:14,1,1,1,1,1,0,0,20250831,20251223
GNE:GOAO354:354:354SA250831:O:1,0,0,0,0,0,1,0,20250831,20251223
GNE:GOAO354:354:354SA250831:O:2,0,0,0,0,0,1,0,20250831,20251223
GNE:GOAO354:354:354SA250831:O:3,0,0,0,0,0,1,0,20250831,20251223
GNE:GOAO354:354:354SA250831:O:4,0,0,0,0,0,1,0,20250831,20251223
GNE:GOAO354:354:354SA250831:O:5,0,0,0,0,0,1,0,20250831,20251223
GNE:GOAO354:354:354SA250831:O:6,0,0,0,0,0,1,0,20250831,20251223
GNE:GOAO354:354:354SA250831:O:7,0,0,0,0,0,1,0,20250831,20251223
GNE:GOAO354:354:354SA250831:O:8,0,0,0,0,0,1,0,20250831,20251223
GNE:GOAO354:354:354SA250831:O:9,0,0,0,0,0,1,0,20250831,20251223
GNE:GOAO354:354:354SA250831:O:10,0,0,0,0,0,1,0,20250831,20251223
GNE:GOAO354:354:354SA250831:O:11,0,0,0,0,0,1,0,20250831,20251223
GNE:GOAO354:354:354SA250831:O:12,0,0,0,0,0,1,0,20250831,20251223
GNE:GOAO354:354:354SA250831:I:1,0,0,0,0,0,1,0,20250831,20251223
GNE:GOAO354:354:354SA250831:I:2,0,0,0,0,0,1,0,20250831,20251223
GNE:GOAO354:354:354SA250831:I:3,0,0,0,0,0,1,0,20250831,20251223
GNE:GOAO354:354:354SA250831:I:4,0,0,0,0,0,1,0,20250831,20251223
GNE:GOAO354:354:354SA250831:I:5,0,0,0,0,0,1,0,20250831,20251223
GNE:GOAO354:354:354SA250831:I:6,0,0,0,0,0,1,0,20250831,20251223
GNE:GOAO354:354:354SA250831:I:7,0,0,0,0,0,1,0,20250831,20251223
GNE:GOAO354:354:354SA250831:I:8,0,0,0,0,0,1,0,20250831,20251223
GNE:GOAO354:354:354SA250831:I:9,0,0,0,0,0,1,0,20250831,20251223
GNE:GOAO354:354:354SA250831:I:10,0,0,0,0,0,1,0,20250831,20251223
GNE:GOAO354:354:354SA250831:I:11,0,0,0,0,0,1,0,20250831,20251223
GNE:GOAO354:354:354SA250831:I:12,0,0,0,0,0,1,0,20250831,20251223
GNE:GOAO354:354:354SA250831:I:13,0,0,0,0,0,1,0,20250831,20251223
GNE:GOAO355:355:355MF250831:O:2,1,1,1,1,1,0,0,20250831,20251223
GNE:GOAO355:355:355MF250831:O:5,1,1,1,1,1,0,0,20250831,20251223
GNE:GOAO355:355:355MF250831:O:7,1,1,1,1,1,0,0,20250831,20251223
GNE:GOAO355:355:355MF250831:O:9,1,1,1,1,1,0,0,20250831,20251223
GNE:GOAO355:355:355MF250831:O:11,1,1,1,1,1,0,0,20250831,20251223
GNE:GOAO355:355:355MF250831:O:13,1,1,1,1,1,0,0,20250831,20251223
GNE:GOAO355:355:355MF250831:O:15,1,1,1,1,1,0,0,20250831,20251223
GNE:GOAO355:355:355MF250831:O:17,1,1,1,1,1,0,0,20250831,20251223
GNE:GOAO355:355:355MF250831:O:19,1,1,1,1,1,0,0,20250831,20251223
GNE:GOAO355:355:355MF250831:O:21,1,1,1,1,1,0,0,20250831,20251223
GNE:GOAO355:355:355MF250831:O:23,1,1,1,1,1,0,0,20250831,20251223
GNE:GOAO355:355:355MF250831:O:25,1,1,1,1,1,0,0,20250831,20251223
GNE:GOAO355:355:355MF250831:O:27,1,1,1,1,1,0,0,20250831,20251223
GNE:GOAO355:355:355MF250831:I:1,1,1,1,1,1,0,0,20250831,20251223
GNE:GOAO355:355:355MF250831:I:2,1,1,1,1,1,0,0,20250831,20251223
GNE:GOAO355:355:355MF250831:I:3,1,1,1,1,1,0,0,20250831,20251223
GNE:GOAO355:355:355MF250831:I:6,1,1,1,1,1,0,0,20250831,20251223
GNE:GOAO355:355:355MF250831:I:8,1,1,1,1,1,0,0,20250831,20251223
GNE:GOAO355:355:355MF250831:I:10,1,1,1,1,1,0,0,20250831,20251223
GNE:GOAO355:355:355MF250831:I:12,1,1,1,1,1,0,0,20250831,20251223
GNE:GOAO355:355:355MF250831:I:14,1,1,1,1,1,0,0,20250831,20251223
GNE:GOAO355:355:355MF250831:I:16,1,1,1,1,1,0,0,20250831,20251223
GNE:GOAO355:355:355MF250831:I:18,1,1,1,1,1,0,0,20250831,20251223
GNE:GOAO355:355:355MF250831:I:20,1,1,1,1,1,0,0,20250831,20251223
GNE:GOAO355:355:355MF250831:I:22,1,1,1,1,1,0,0,20250831,20251223
GNE:GOAO355:355:355MF250831:I:24,1,1,1,1,1,0,0,20250831,20251223
GNE:GOAO355:355:355MF250831:I:26,1,1,1,1,1,0,0,20250831,20251223
GNE:GOAO355:355:355MF250831:I:28,1,1,1,1,1,0,0,20250831,20251223
GNE:GOAO355:355:355SA250831:O:3,0,0,0,0,0,1,0,20250831,20251223
GNE:GOAO355:355:355SA250831:O:5,0,0,0,0,0,1,0,20250831,20251223
GNE:GOAO355:355:355SA250831:O:7,0,0,0,0,0,1,0,20250831,20251223
GNE:GOAO355:355:355SA250831:O:9,0,0,0,0,0,1,0,20250831,20251223
GNE:GOAO355:355:355SA250831:O:11,0,0,0,0,0,1,0,20250831,20251223
GNE:GOAO355:355:355SA250831:O:13,0,0,0,0,0,1,0,20250831,20251223
GNE:GOAO355:355:355SA250831:O:15,0,0,0,0,0,1,0,20250831,20251223
GNE:GOAO355:355:355SA250831:O:17,0,0,0,0,0,1,0,20250831,20251223
GNE:GOAO355:355:355SA250831:O:19,0,0,0,0,0,1,0,20250831,20251223
GNE:GOAO355:355:355SA250831:O:21,0,0,0,0,0,1,0,20250831,20251223
GNE:GOAO355:355:355SA250831:O:23,0,0,0,0,0,1,0,20250831,20251223
GNE:GOAO355:355:355SA250831:I:2,0,0,0,0,0,1,0,20250831,20251223
GNE:GOAO355:355:355SA250831:I:4,0,0,0,0,0,1,0,20250831,20251223
GNE:GOAO355:355:355SA250831:I:6,0,0,0,0,0,1,0,20250831,20251223
GNE:GOAO355:355:355SA250831:I:8,0,0,0,0,0,1,0,20250831,20251223
GNE:GOAO355:355:355SA250831:I:10,0,0,0,0,0,1,0,20250831,20251223
GNE:GOAO355:355:355SA250831:I:12,0,0,0,0,0,1,0,20250831,20251223
GNE:GOAO355:355:355SA250831:I:14,0,0,0,0,0,1,0,20250831,20251223
GNE:GOAO355:355:355SA250831:I:16,0,0,0,0,0,1,0,20250831,20251223
GNE:GOAO355:355:355SA250831:I:18,0,0,0,0,0,1,0,20250831,20251223
GNE:GOAO355:355:355SA250831:I:20,0,0,0,0,0,1,0,20250831,20251223
GNE:GOAO355:355:355SA250831:I:22,0,0,0,0,0,1,0,20250831,20251223
GNE:GOAO355:355:355SA250831:I:24,0,0,0,0,0,1,0,20250831,20251223
GNE:GOAO356:356:355MF250831:O:1,1,1,1,1,1,0,0,20250831,20251223
GNE:GOAO356:356:355MF250831:O:3,1,1,1,1,1,0,0,20250831,20251223
GNE:GOAO356:356:355MF250831:O:4,1,1,1,1,1,0,0,20250831,20251223
GNE:GOAO356:356:355MF250831:O:6,1,1,1,1,1,0,0,20250831,20251223
GNE:GOAO356:356:355MF250831:O:8,1,1,1,1,1,0,0,20250831,20251223
GNE:GOAO356:356:355MF250831:O:10,1,1,1,1,1,0,0,20250831,20251223
GNE:GOAO356:356:355MF250831:O:12,1,1,1,1,1,0,0,20250831,20251223
GNE:GOAO356:356:355MF250831:O:14,1,1,1,1,1,0,0,20250831,20251223
GNE:GOAO356:356:355MF250831:O:16,1,1,1,1,1,0,0,20250831,20251223
GNE:GOAO356:356:355MF250831:O:18,1,1,1,1,1,0,0,20250831,20251223
GNE:GOAO356:356:355MF250831:O:20,1,1,1,1,1,0,0,20250831,20251223
GNE:GOAO356:356:355MF250831:O:22,1,1,1,1,1,0,0,20250831,20251223
GNE:GOAO356:356:355MF250831:O:24,1,1,1,1,1,0,0,20250831,20251223
GNE:GOAO356:356:355MF250831:O:26,1,1,1,1,1,0,0,20250831,20251223
GNE:GOAO356:356:355MF250831:I:4,1,1,1,1,1,0,0,20250831,20251223
GNE:GOAO356:356:355MF250831:I:5,1,1,1,1,1,0,0,20250831,20251223
GNE:GOAO356:356:355MF250831:I:7,1,1,1,1,1,0,0,20250831,20251223
GNE:GOAO356:356:355MF250831:I:9,1,1,1,1,1,0,0,20250831,20251223
GNE:GOAO356:356:355MF250831:I:11,1,1,1,1,1,0,0,20250831,20251223
GNE:GOAO356:356:355MF250831:I:13,1,1,1,1,1,0,0,20250831,20251223
GNE:GOAO356:356:355MF250831:I:15,1,1,1,1,1,0,0,20250831,20251223
GNE:GOAO356:356:355MF250831:I:17,1,1,1,1,1,0,0,20250831,20251223
GNE:GOAO356:356:355MF250831:I:19,1,1,1,1,1,0,0,20250831,20251223
GNE:GOAO356:356:355MF250831:I:21,1,1,1,1,1,0,0,20250831,20251223
GNE:GOAO356:356:355MF250831:I:23,1,1,1,1,1,0,0,20250831,20251223
GNE:GOAO356:356:355MF250831:I:25,1,1,1,1,1,0,0,20250831,20251223
GNE:GOAO356:356:355MF250831:I:27,1,1,1,1,1,0,0,20250831,20251223
GNE:GOAO356:356:355SA250831:O:1,0,0,0,0,0,1,0,20250831,20251223
GNE:GOAO356:356:355SA250831:O:2,0,0,0,0,0,1,0,20250831,20251223
GNE:GOAO356:356:355SA250831:O:4,0,0,0,0,0,1,0,20250831,20251223
GNE:GOAO356:356:355SA250831:O:6,0,0,0,0,0,1,0,20250831,20251223
GNE:GOAO356:356:355SA250831:O:8,0,0,0,0,0,1,0,20250831,20251223
GNE:GOAO356:356:355SA250831:O:10,0,0,0,0,0,1,0,20250831,20251223
GNE:GOAO356:356:355SA250831:O:12,0,0,0,0,0,1,0,20250831,20251223
GNE:GOAO356:356:355SA250831:O:14,0,0,0,0,0,1,0,20250831,20251223
GNE:GOAO356:356:355SA250831:O:16,0,0,0,0,0,1,0,20250831,20251223
GNE:GOAO356:356:355SA250831:O:18,0,0,0,0,0,1,0,20250831,20251223
GNE:GOAO356:356:355SA250831:O:20,0,0,0,0,0,1,0,20250831,20251223
GNE:GOAO356:356:355SA250831:O:22,0,0,0,0,0,1,0,20250831,20251223
GNE:GOAO356:356:355SA250831:O:24,0,0,0,0,0,1,0,20250831,20251223
GNE:GOAO356:356:355SA250831:I:1,0,0,0,0,0,1,0,20250831,20251223
GNE:GOAO356:356:355SA250831:I:3,0,0,0,0,0,1,0,20250831,20251223
GNE:GOAO356:356:355SA250831:I:5,0,0,0,0,0,1,0,20250831,20251223
GNE:GOAO356:356:355SA250831:I:7,0,0,0,0,0,1,0,20250831,20251223
GNE:GOAO356:356:355SA250831:I:9,0,0,0,0,0,1,0,20250831,20251223
GNE:GOAO356:356:355SA250831:I:11,0,0,0,0,0,1,0,20250831,20251223
GNE:GOAO356:356:355SA250831:I:13,0,0,0,0,0,1,0,20250831,20251223
GNE:GOAO356:356:355SA250831:I:15,0,0,0,0,0,1,0,20250831,20251223
GNE:GOAO356:356:355SA250831:I:17,0,0,0,0,0,1,0,20250831,20251223
GNE:GOAO356:356:355SA250831:I:19,0,0,0,0,0,1,0,20250831,20251223
GNE:GOAO356:356:355SA250831:I:21,0,0,0,0,0,1,0,20250831,20251223
GNE:GOAO356:356:355SA250831:I:23,0,0,0,0,0,1,0,20250831,20251223
GNE:GOAO356:356:355SA250831:I:25,0,0,0,0,0,1,0,20250831,20251223
GNE:GONO442:442:442MF250831:I:1,0,0,0,0,0,0,0,20250831,20251223
GNE:GONO444:444:444MF250831:O:1,0,0,0,0,0,0,0,20250831,20251223
GNE:GONO449:449:449MF250831:I:1,0,0,0,0,0,0,0,20250831,20251223
GNE:GONO454:454:454MF250831:O:1,0,0,0,0,0,0,0,20250831,20251223
GNE:GONO454:454:454MF250831:I:1,0,0,0,0,0,0,0,20250831,20251223
GNE:GONO457:457:457MF250831:O:1,0,0,0,0,0,0,0,20250831,20251223
GNE:GONO457:457:457MF250831:I:1,0,0,0,0,0,0,0,20250831,20251223
GNE:GONO458:458:458MF250831:O:1,0,0,0,0,0,0,0,20250831,20251223
GNE:GONO458:458:458MF250831:O:2,0,0,0,0,0,0,0,20250831,20251223
GNE:GONO458:458:458MF250831:I:1,0,0,0,0,0,0,0,20250831,20251223
GNE:GONO458:458:458MF250831:I:2,0,0,0,0,0,0,0,20250831,20251223
GNE:GONO462:462:462MF250831:I:1,0,0,0,0,0,0,0,20250831,20251223
GNE:GOAO643:643:643MF250831:O:1,1,1,1,1,1,0,0,20250831,20251223
GNE:GOAO643:643:643MF250831:O:2,1,1,1,1,1,0,0,20250831,20251223
GNE:GOAO643:643:643MF250831:O:3,1,1,1,1,1,0,0,20250831,20251223
GNE:GOAO643:643:643MF250831:O:4,1,1,1,1,1,0,0,20250831,20251223
GNE:GOAO643:643:643MF250831:O:5,1,1,1,1,1,0,0,20250831,20251223
GNE:GOAO643:643:643MF250831:O:6,1,1,1,1,1,0,0,20250831,20251223
GNE:GOAO643:643:643MF250831:O:7,1,1,1,1,1,0,0,20250831,20251223
GNE:GOAO643:643:643MF250831:I:1,1,1,1,1,1,0,0,20250831,20251223
GNE:GOAO643:643:643MF250831:I:2,1,1,1,1,1,0,0,20250831,20251223
GNE:GOAO643:643:643MF250831:I:3,1,1,1,1,1,0,0,20250831,20251223
GNE:GOAO643:643:643MF250831:I:4,1,1,1,1,1,0,0,20250831,20251223
GNE:GOAO643:643:643MF250831:I:5,1,1,1,1,1,0,0,20250831,20251223
GNE:GOAO643:643:643MF250831:I:6,1,1,1,1,1,0,0,20250831,20251223
GNE:GOAO643:643:643SA250831:O:1,0,0,0,0,0,1,0,20250831,20251223
GNE:GOAO643:643:643SA250831:O:2,0,0,0,0,0,1,0,20250831,20251223
GNE:GOAO643:643:643SA250831:O:3,0,0,0,0,0,1,0,20250831,20251223
GNE:GOAO643:643:643SA250831:O:4,0,0,0,0,0,1,0,20250831,20251223
GNE:GOAO643:643:643SA250831:O:5,0,0,0,0,0,1,0,20250831,20251223
GNE:GOAO643:643:643SA250831:O:6,0,0,0,0,0,1,0,20250831,20251223
GNE:GOAO643:643:643SA250831:I:1,0,0,0,0,0,1,0,20250831,20251223
GNE:GOAO643:643:643SA250831:I:2,0,0,0,0,0,1,0,20250831,20251223
GNE:GOAO643:643:643SA250831:I:3,0,0,0,0,0,1,0,20250831,20251223
GNE:GOAO643:643:643SA250831:I:4,0,0,0,0,0,1,0,20250831,20251223
GNE:GOAO643:643:643SA250831:I:5,0,0,0,0,0,1,0,20250831,20251223
GNE:GOAO643:643:643SA250831:I:6,0,0,0,0,0,1,0,20250831,20251223
GNE:GOAO644:644:644MF250831:O:1,1,1,1,1,1,0,0,20250831,20251223
GNE:GOAO644:644:644MF250831:O:2,1,1,1,1,1,0,0,20250831,20251223
GNE:GOAO644:644:644MF250831:O:3,1,1,1,1,1,0,0,20250831,20251223
GNE:GOAO644:644:644MF250831:O:4,1,1,1,1,1,0,0,20250831,20251223
GNE:GOAO644:644:644MF250831:O:5,1,1,1,1,1,0,0,20250831,20251223
GNE:GOAO644:644:644MF250831:I:1,1,1,1,1,1,0,0,20250831,20251223
GNE:GOAO644:644:644MF250831:I:2,1,1,1,1,1,0,0,20250831,20251223
GNE:GOAO644:644:644MF250831:I:3,1,1,1,1,1,0,0,20250831,20251223
GNE:GOAO644:644:644MF250831:I:4,1,1,1,1,1,0,0,20250831,20251223
GNE:GOAO644:644:644MF250831:I:5,1,1,1,1,1,0,0,20250831,20251223
GNE:GOAO644:644:644MF250831:I:6,1,1,1,1,1,0,0,20250831,20251223
GNE:GOAO644:644:644SA250831:O:1,0,0,0,0,0,1,0,20250831,20251223
GNE:GOAO644:644:644SA250831:O:2,0,0,0,0,0,1,0,20250831,20251223
GNE:GOAO644:644:644SA250831:O:3,0,0,0,0,0,1,0,20250831,20251223
GNE:GOAO644:644:644SA250831:O:4,0,0,0,0,0,1,0,20250831,20251223
GNE:GOAO644:644:644SA250831:O:5,0,0,0,0,0,1,0,20250831,20251223
GNE:GOAO644:644:644SA250831:I:1,0,0,0,0,0,1,0,20250831,20251223
GNE:GOAO644:644:644SA250831:I:2,0,0,0,0,0,1,0,20250831,20251223
GNE:GOAO644:644:644SA250831:I:3,0,0,0,0,0,1,0,20250831,20251223
GNE:GOAO644:644:644SA250831:I:4,0,0,0,0,0,1,0,20250831,20251223
GNE:GOAO644:644:644SA250831:I:5,0,0,0,0,0,1,0,20250831,20251223
GNE:GOAO644:644:644SA250831:I:6,0,0,0,0,0,1,0,20250831,20251223
GNE:GONO673:673:673MF250831:I:1,0,0,0,0,0,0,0,20250831,20251223
GNE:GONO675:675:675MF250831:O:1,0,0,0,0,0,0,0,20250831,20251223
GNE:GONO676:676:676MF250831:O:1,0,0,0,0,0,0,0,20250831,20251223
GNE:GONO676:676:676MF250831:I:1,0,0,0,0,0,0,0,20250831,20251223
GNE:GOAO680:680:680MF250831:O:1,1,1,1,1,1,0,0,20250831,20251223
GNE:GOAO680:680:680MF250831:O:2,1,1,1,1,1,0,0,20250831,20251223
GNE:GOAO680:680:680MF250831:O:3,1,1,1,1,1,0,0,20250831,20251223
GNE:GOAO680:680:680MF250831:O:4,1,1,1,1,1,0,0,20250831,20251223
GNE:GOAO680:680:680MF250831:O:5,1,1,1,1,1,0,0,20250831,20251223
GNE:GOAO680:680:680MF250831:O:6,0,0,0,0,0,0,0,20250831,20251223
GNE:GOAO680:680:680MF250831:O:7,1,1,1,1,1,0,0,20250831,20251223
GNE:GOAO680:680:680MF250831:O:8,1,1,1,1,1,0,0,20250831,20251223
GNE:GOAO680:680:680MF250831:O:9,1,1,1,1,1,0,0,20250831,20251223
GNE:GOAO680:680:680MF250831:I:1,1,1,1,1,1,0,0,20250831,20251223
GNE:GOAO680:680:680MF250831:I:2,0,0,0,0,0,0,0,20250831,20251223
GNE:GOAO680:680:680MF250831:I:3,1,1,1,1,1,0,0,20250831,20251223
GNE:GOAO680:680:680MF250831:I:4,1,1,1,1,1,0,0,20250831,20251223
GNE:GOAO680:680:680MF250831:I:5,1,1,1,1,1,0,0,20250831,20251223
GNE:GOAO680:680:680MF250831:I:6,1,1,1,1,1,0,0,20250831,20251223
GNE:GOAO680:680:680MF250831:I:7,1,1,1,1,1,0,0,20250831,20251223
GNE:GOAO680:680:680MF250831:I:8,1,1,1,1,1,0,0,20250831,20251223
GNE:GOAO680:680:680MF250831:I:9,1,1,1,1,1,0,0,20250831,20251223
GNE:GOAO680:680:680MF250831:I:10,1,1,1,1,1,0,0,20250831,20251223
GNE:GOAO680:680:680SA250831:O:1,0,0,0,0,0,1,0,20250831,20251223
GNE:GOAO680:680:680SA250831:O:2,0,0,0,0,0,1,0,20250831,20251223
GNE:GOAO680:680:680SA250831:O:3,0,0,0,0,0,1,0,20250831,20251223
GNE:GOAO680:680:680SA250831:O:4,0,0,0,0,0,1,0,20250831,20251223
GNE:GOAO680:680:680SA250831:O:5,0,0,0,0,0,1,0,20250831,20251223
GNE:GOAO680:680:680SA250831:O:6,0,0,0,0,0,1,0,20250831,20251223
GNE:GOAO680:680:680SA250831:O:7,0,0,0,0,0,1,0,20250831,20251223
GNE:GOAO680:680:680SA250831:I:1,0,0,0,0,0,1,0,20250831,20251223
GNE:GOAO680:680:680SA250831:I:2,0,0,0,0,0,1,0,20250831,20251223
GNE:GOAO680:680:680SA250831:I:3,0,0,0,0,0,1,0,20250831,20251223
GNE:GOAO680:680:680SA250831:I:4,0,0,0,0,0,1,0,20250831,20251223
GNE:GOAO680:680:680SA250831:I:5,0,0,0,0,0,1,0,20250831,20251223
GNE:GOAO680:680:680SA250831:I:6,0,0,0,0,0,1,0,20250831,20251223
GNE:GOAO680:680:680SA250831:I:7,0,0,0,0,0,1,0,20250831,20251223
GNE:GONO680:680N:690MF250831:O:1,0,0,0,0,0,0,0,20250831,20251223
GNE:GOAO681:681:681MF250831:O:1,1,1,1,1,1,0,0,20250831,20251223
GNE:GOAO681:681:681MF250831:O:2,1,1,1,1,1,0,0,20250831,20251223
GNE:GOAO681:681:681MF250831:O:3,1,1,1,1,1,0,0,20250831,20251223
GNE:GOAO681:681:681MF250831:I:1,1,1,1,1,1,0,0,20250831,20251223
GNE:GOAO681:681:681MF250831:I:2,1,1,1,1,1,0,0,20250831,20251223
GNE:GOAO681:681:681MF250831:I:3,1,1,1,1,1,0,0,20250831,20251223
GNE:GOAO681:681:681MF250831:I:4,1,1,1,1,1,0,0,20250831,20251223
GNE:GOAO681:681:681SA250831:O:1,0,0,0,0,0,1,0,20250831,20251223
GNE:GOAO681:681:681SA250831:O:2,0,0,0,0,0,1,0,20250831,20251223
GNE:GOAO681:681:681SA250831:O:3,0,0,0,0,0,1,0,20250831,20251223
GNE:GOAO681:681:681SA250831:I:1,0,0,0,0,0,1,0,20250831,20251223
GNE:GOAO681:681:681SA250831:I:2,0,0,0,0,0,1,0,20250831,20251223
GNE:GOAO681:681:681SA250831:I:3,0,0,0,0,0,1,0,20250831,20251223
GNE:GOAO681:681:681SA250831:I:4,0,0,0,0,0,1,0,20250831,20251223
GNE:GOAO682:682:682MF250831:O:1,1,1,1,1,1,0,0,20250831,20251223
GNE:GOAO682:682:682MF250831:O:2,1,1,1,1,1,0,0,20250831,20251223
GNE:GOAO682:682:682MF250831:O:3,1,1,1,1,1,0,0,20250831,20251223
GNE:GOAO682:682:682MF250831:I:1,1,1,1,1,1,0,0,20250831,20251223
GNE:GOAO682:682:682MF250831:I:2,1,1,1,1,1,0,0,20250831,20251223
GNE:GOAO682:682:682MF250831:I:3,1,1,1,1,1,0,0,20250831,20251223
GNE:GOAO682:682:682SA250831:O:1,0,0,0,0,0,1,0,20250831,20251223
GNE:GOAO682:682:682SA250831:O:2,0,0,0,0,0,1,0,20250831,20251223
GNE:GOAO682:682:682SA250831:I:1,0,0,0,0,0,1,0,20250831,20251223
GNE:GOAO682:682:682SA250831:I:2,0,0,0,0,0,1,0,20250831,20251223
GNE:GOAO683:683:683MF250831:O:1,1,1,1,1,1,0,0,20250831,20251223
GNE:GOAO683:683:683MF250831:O:2,1,1,1,1,1,0,0,20250831,20251223
GNE:GOAO683:683:683MF250831:O:3,1,1,1,1,1,0,0,20250831,20251223
GNE:GOAO683:683:683MF250831:O:4,1,1,1,1,1,0,0,20250831,20251223
GNE:GOAO683:683:683MF250831:O:5,1,1,1,1,1,0,0,20250831,20251223
GNE:GOAO683:683:683MF250831:O:6,1,1,1,1,1,0,0,20250831,20251223
GNE:GOAO683:683:683MF250831:O:7,1,1,1,1,1,0,0,20250831,20251223
GNE:GOAO683:683:683MF250831:O:8,1,1,1,1,1,0,0,20250831,20251223
GNE:GOAO683:683:683MF250831:O:9,1,1,1,1,1,0,0,20250831,20251223
GNE:GOAO683:683:683MF250831:O:10,1,1,1,1,1,0,0,20250831,20251223
GNE:GOAO683:683:683MF250831:O:11,1,1,1,1,1,0,0,20250831,20251223
GNE:GOAO683:683:683MF250831:O:12,1,1,1,1,1,0,0,20250831,20251223
GNE:GOAO683:683:683MF250831:I:1,1,1,1,1,1,0,0,20250831,20251223
GNE:GOAO683:683:683MF250831:I:2,1,1,1,1,1,0,0,20250831,20251223
GNE:GOAO683:683:683MF250831:I:3,1,1,1,1,1,0,0,20250831,20251223
GNE:GOAO683:683:683MF250831:I:4,1,1,1,1,1,0,0,20250831,20251223
GNE:GOAO683:683:683MF250831:I:5,1,1,1,1,1,0,0,20250831,20251223
GNE:GOAO683:683:683MF250831:I:6,1,1,1,1,1,0,0,20250831,20251223
GNE:GOAO683:683:683MF250831:I:7,1,1,1,1,1,0,0,20250831,20251223
GNE:GOAO683:683:683MF250831:I:8,1,1,1,1,1,0,0,20250831,20251223
GNE:GOAO683:683:683MF250831:I:9,1,1,1,1,1,0,0,20250831,20251223
GNE:GOAO683:683:683MF250831:I:10,1,1,1,1,1,0,0,20250831,20251223
GNE:GOAO683:683:683MF250831:I:11,1,1,1,1,1,0,0,20250831,20251223
GNE:GOAO683:683:683MF250831:I:12,1,1,1,1,1,0,0,20250831,20251223
GNE:GOAO683:683:683SA250831:O:1,0,0,0,0,0,1,0,20250831,20251223
GNE:GOAO683:683:683SA250831:O:2,0,0,0,0,0,1,0,20250831,20251223
GNE:GOAO683:683:683SA250831:O:3,0,0,0,0,0,1,0,20250831,20251223
GNE:GOAO683:683:683SA250831:O:4,0,0,0,0,0,1,0,20250831,20251223
GNE:GOAO683:683:683SA250831:O:5,0,0,0,0,0,1,0,20250831,20251223
GNE:GOAO683:683:683SA250831:O:6,0,0,0,0,0,1,0,20250831,20251223
GNE:GOAO683:683:683SA250831:O:7,0,0,0,0,0,1,0,20250831,20251223
GNE:GOAO683:683:683SA250831:O:8,0,0,0,0,0,1,0,20250831,20251223
GNE:GOAO683:683:683SA250831:O:9,0,0,0,0,0,1,0,20250831,20251223
GNE:GOAO683:683:683SA250831:O:10,0,0,0,0,0,1,0,20250831,20251223
GNE:GOAO683:683:683SA250831:O:11,0,0,0,0,0,1,0,20250831,20251223
GNE:GOAO683:683:683SA250831:I:1,0,0,0,0,0,1,0,20250831,20251223
GNE:GOAO683:683:683SA250831:I:2,0,0,0,0,0,1,0,20250831,20251223
GNE:GOAO683:683:683SA250831:I:3,0,0,0,0,0,1,0,20250831,20251223
GNE:GOAO683:683:683SA250831:I:4,0,0,0,0,0,1,0,20250831,20251223
GNE:GOAO683:683:683SA250831:I:5,0,0,0,0,0,1,0,20250831,20251223
GNE:GOAO683:683:683SA250831:I:6,0,0,0,0,0,1,0,20250831,20251223
GNE:GOAO683:683:683SA250831:I:7,0,0,0,0,0,1,0,20250831,20251223
GNE:GOAO683:683:683SA250831:I:8,0,0,0,0,0,1,0,20250831,20251223
GNE:GOAO683:683:683SA250831:I:9,0,0,0,0,0,1,0,20250831,20251223
GNE:GOAO683:683:683SA250831:I:10,0,0,0,0,0,1,0,20250831,20251223
GNE:GOAO683:683:683SA250831:I:11,0,0,0,0,0,1,0,20250831,20251223
GNE:GOAO684:684:684MF250831:O:1,1,1,1,1,1,0,0,20250831,20251223
GNE:GOAO684:684:684MF250831:O:2,1,1,1,1,1,0,0,20250831,20251223
GNE:GOAO684:684:684MF250831:O:3,1,1,1,1,1,0,0,20250831,20251223
GNE:GOAO684:684:684MF250831:O:4,1,1,1,1,1,0,0,20250831,20251223
GNE:GOAO684:684:684MF250831:O:5,1,1,1,1,1,0,0,20250831,20251223
GNE:GOAO684:684:684MF250831:O:6,1,1,1,1,1,0,0,20250831,20251223
GNE:GOAO684:684:684MF250831:O:7,1,1,1,1,1,0,0,20250831,20251223
GNE:GOAO684:684:684MF250831:O:8,1,1,1,1,1,0,0,20250831,20251223
GNE:GOAO684:684:684MF250831:O:9,1,1,1,1,1,0,0,20250831,20251223
GNE:GOAO684:684:684MF250831:O:10,1,1,1,1,1,0,0,20250831,20251223
GNE:GOAO684:684:684MF250831:O:11,1,1,1,1,1,0,0,20250831,20251223
GNE:GOAO684:684:684MF250831:O:12,0,0,0,0,0,0,0,20250831,20251223
GNE:GOAO684:684:684MF250831:O:13,1,1,1,1,1,0,0,20250831,20251223
GNE:GOAO684:684:684MF250831:O:14,1,1,1,1,1,0,0,20250831,20251223
GNE:GOAO684:684:684MF250831:O:15,1,1,1,1,1,0,0,20250831,20251223
GNE:GOAO684:684:684MF250831:I:1,1,1,1,1,1,0,0,20250831,20251223
GNE:GOAO684:684:684MF250831:I:2,0,0,0,0,0,0,0,20250831,20251223
GNE:GOAO684:684:684MF250831:I:3,1,1,1,1,1,0,0,20250831,20251223
GNE:GOAO684:684:684MF250831:I:4,1,1,1,1,1,0,0,20250831,20251223
GNE:GOAO684:684:684MF250831:I:5,1,1,1,1,1,0,0,20250831,20251223
GNE:GOAO684:684:684MF250831:I:6,1,1,1,1,1,0,0,20250831,20251223
GNE:GOAO684:684:684MF250831:I:7,1,1,1,1,1,0,0,20250831,20251223
GNE:GOAO684:684:684MF250831:I:8,1,1,1,1,1,0,0,20250831,20251223
GNE:GOAO684:684:684MF250831:I:9,1,1,1,1,1,0,0,20250831,20251223
GNE:GOAO684:684:684MF250831:I:10,1,1,1,1,1,0,0,20250831,20251223
GNE:GOAO684:684:684MF250831:I:11,1,1,1,1,1,0,0,20250831,20251223
GNE:GOAO684:684:684MF250831:I:12,1,1,1,1,1,0,0,20250831,20251223
GNE:GOAO684:684:684MF250831:I:13,1,1,1,1,1,0,0,20250831,20251223
GNE:GOAO684:684:684MF250831:I:14,1,1,1,1,1,0,0,20250831,20251223
GNE:GOAO684:684:684MF250831:I:15,1,1,1,1,1,0,0,20250831,20251223
GNE:GOAO684:684:684SA250831:O:1,0,0,0,0,0,1,0,20250831,20251223
GNE:GOAO684:684:684SA250831:O:2,0,0,0,0,0,1,0,20250831,20251223
GNE:GOAO684:684:684SA250831:O:3,0,0,0,0,0,1,0,20250831,20251223
GNE:GOAO684:684:684SA250831:O:4,0,0,0,0,0,1,0,20250831,20251223
GNE:GOAO684:684:684SA250831:O:5,0,0,0,0,0,1,0,20250831,20251223
GNE:GOAO684:684:684SA250831:O:6,0,0,0,0,0,1,0,20250831,20251223
GNE:GOAO684:684:684SA250831:O:7,0,0,0,0,0,1,0,20250831,20251223
GNE:GOAO684:684:684SA250831:O:8,0,0,0,0,0,1,0,20250831,20251223
GNE:GOAO684:684:684SA250831:O:9,0,0,0,0,0,1,0,20250831,20251223
GNE:GOAO684:684:684SA250831:O:10,0,0,0,0,0,1,0,20250831,20251223
GNE:GOAO684:684:684SA250831:O:11,0,0,0,0,0,1,0,20250831,20251223
GNE:GOAO684:684:684SA250831:O:12,0,0,0,0,0,1,0,20250831,20251223
GNE:GOAO684:684:684SA250831:O:13,0,0,0,0,0,1,0,20250831,20251223
GNE:GOAO684:684:684SA250831:I:1,0,0,0,0,0,1,0,20250831,20251223
GNE:GOAO684:684:684SA250831:I:2,0,0,0,0,0,1,0,20250831,20251223
GNE:GOAO684:684:684SA250831:I:3,0,0,0,0,0,1,0,20250831,20251223
GNE:GOAO684:684:684SA250831:I:4,0,0,0,0,0,1,0,20250831,20251223
GNE:GOAO684:684:684SA250831:I:5,0,0,0,0,0,1,0,20250831,20251223
GNE:GOAO684:684:684SA250831:I:6,0,0,0,0,0,1,0,20250831,20251223
GNE:GOAO684:684:684SA250831:I:7,0,0,0,0,0,1,0,20250831,20251223
GNE:GOAO684:684:684SA250831:I:8,0,0,0,0,0,1,0,20250831,20251223
GNE:GOAO684:684:684SA250831:I:9,0,0,0,0,0,1,0,20250831,20251223
GNE:GOAO684:684:684SA250831:I:10,0,0,0,0,0,1,0,20250831,20251223
GNE:GOAO684:684:684SA250831:I:11,0,0,0,0,0,1,0,20250831,20251223
GNE:GOAO684:684:684SA250831:I:12,0,0,0,0,0,1,0,20250831,20251223
GNE:GOAO684:684:684SA250831:I:13,0,0,0,0,0,1,0,20250831,20251223
GNE:GOAO684:684:684SU250831:O:1,0,0,0,0,0,0,1,20250831,20251223
GNE:GOAO684:684:684SU250831:O:2,0,0,0,0,0,0,1,20250831,20251223
GNE:GOAO684:684:684SU250831:O:3,0,0,0,0,0,0,1,20250831,20251223
GNE:GOAO684:684:684SU250831:O:4,0,0,0,0,0,0,1,20250831,20251223
GNE:GOAO684:684:684SU250831:O:5,0,0,0,0,0,0,1,20250831,20251223
GNE:GOAO684:684:684SU250831:O:6,0,0,0,0,0,0,1,20250831,20251223
GNE:GOAO684:684:684SU250831:I:1,0,0,0,0,0,0,1,20250831,20251223
GNE:GOAO684:684:684SU250831:I:2,0,0,0,0,0,0,1,20250831,20251223
GNE:GOAO684:684:684SU250831:I:3,0,0,0,0,0,0,1,20250831,20251223
GNE:GOAO684:684:684SU250831:I:4,0,0,0,0,0,0,1,20250831,20251223
GNE:GOAO684:684:684SU250831:I:5,0,0,0,0,0,0,1,20250831,20251223
GNE:GOAO684:684:684SU250831:I:6,0,0,0,0,0,0,1,20250831,20251223
GNE:GOAO686:686:686MF250831:O:1,1,1,1,1,1,0,0,20250831,20251223
GNE:GOAO686:686:686MF250831:O:2,1,1,1,1,1,0,0,20250831,20251223
GNE:GOAO686:686:686MF250831:O:3,1,1,1,1,1,0,0,20250831,20251223
GNE:GOAO686:686:686MF250831:O:4,1,1,1,1,1,0,0,20250831,20251223
GNE:GOAO686:686:686MF250831:O:5,1,1,1,1,1,0,0,20250831,20251223
GNE:GOAO686:686:686MF250831:O:6,1,1,1,1,1,0,0,20250831,20251223
GNE:GOAO686:686:686MF250831:I:1,1,1,1,1,1,0,0,20250831,20251223
GNE:GOAO686:686:686MF250831:I:2,1,1,1,1,1,0,0,20250831,20251223
GNE:GOAO686:686:686MF250831:I:3,1,1,1,1,1,0,0,20250831,20251223
GNE:GOAO686:686:686MF250831:I:4,1,1,1,1,1,0,0,20250831,20251223
GNE:GOAO686:686:686MF250831:I:5,1,1,1,1,1,0,0,20250831,20251223
GNE:GOAO686:686:686MF250831:I:6,1,1,1,1,1,0,0,20250831,20251223
GNE:GOAO686:686:686SA250831:O:1,0,0,0,0,0,1,0,20250831,20251223
GNE:GOAO686:686:686SA250831:O:2,0,0,0,0,0,1,0,20250831,20251223
GNE:GOAO686:686:686SA250831:O:3,0,0,0,0,0,1,0,20250831,20251223
GNE:GOAO686:686:686SA250831:O:4,0,0,0,0,0,1,0,20250831,20251223
GNE:GOAO686:686:686SA250831:O:5,0,0,0,0,0,1,0,20250831,20251223
GNE:GOAO686:686:686SA250831:O:6,0,0,0,0,0,1,0,20250831,20251223
GNE:GOAO686:686:686SA250831:I:1,0,0,0,0,0,1,0,20250831,20251223
GNE:GOAO686:686:686SA250831:I:2,0,0,0,0,0,1,0,20250831,20251223
GNE:GOAO686:686:686SA250831:I:3,0,0,0,0,0,1,0,20250831,20251223
GNE:GOAO686:686:686SA250831:I:4,0,0,0,0,0,1,0,20250831,20251223
GNE:GOAO686:686:686SA250831:I:5,0,0,0,0,0,1,0,20250831,20251223
GNE:GOAO686:686:686SA250831:I:6,0,0,0,0,0,1,0,20250831,20251223
GNE:GOAO687:687:687MF250831:O:1,1,1,1,1,1,0,0,20250831,20251223
GNE:GOAO687:687:687MF250831:O:2,1,1,1,1,1,0,0,20250831,20251223
GNE:GOAO687:687:687MF250831:O:3,1,1,1,1,1,0,0,20250831,20251223
GNE:GOAO687:687:687MF250831:O:4,1,1,1,1,1,0,0,20250831,20251223
GNE:GOAO687:687:687MF250831:O:5,1,1,1,1,1,0,0,20250831,20251223
GNE:GOAO687:687:687MF250831:O:6,1,1,1,1,1,0,0,20250831,20251223
GNE:GOAO687:687:687MF250831:O:7,1,1,1,1,1,0,0,20250831,20251223
GNE:GOAO687:687:687MF250831:O:8,1,1,1,1,1,0,0,20250831,20251223
GNE:GOAO687:687:687MF250831:O:9,1,1,1,1,1,0,0,20250831,20251223
GNE:GOAO687:687:687MF250831:I:1,1,1,1,1,1,0,0,20250831,20251223
GNE:GOAO687:687:687MF250831:I:2,1,1,1,1,1,0,0,20250831,20251223
GNE:GOAO687:687:687MF250831:I:3,1,1,1,1,1,0,0,20250831,20251223
GNE:GOAO687:687:687MF250831:I:4,1,1,1,1,1,0,0,20250831,20251223
GNE:GOAO687:687:687MF250831:I:5,1,1,1,1,1,0,0,20250831,20251223
GNE:GOAO687:687:687MF250831:I:6,1,1,1,1,1,0,0,20250831,20251223
GNE:GOAO687:687:687MF250831:I:7,1,1,1,1,1,0,0,20250831,20251223
GNE:GOAO687:687:687MF250831:I:8,1,1,1,1,1,0,0,20250831,20251223
GNE:GOAO687:687:687MF250831:I:9,1,1,1,1,1,0,0,20250831,20251223
GNE:GOAO687:687:687SA250831:O:1,0,0,0,0,0,1,0,20250831,20251223
GNE:GOAO687:687:687SA250831:O:2,0,0,0,0,0,1,0,20250831,20251223
GNE:GOAO687:687:687SA250831:O:3,0,0,0,0,0,1,0,20250831,20251223
GNE:GOAO687:687:687SA250831:O:4,0,0,0,0,0,1,0,20250831,20251223
GNE:GOAO687:687:687SA250831:O:5,0,0,0,0,0,1,0,20250831,20251223
GNE:GOAO687:687:687SA250831:O:6,0,0,0,0,0,1,0,20250831,20251223
GNE:GOAO687:687:687SA250831:O:7,0,0,0,0,0,1,0,20250831,20251223
GNE:GOAO687:687:687SA250831:I:1,0,0,0,0,0,1,0,20250831,20251223
GNE:GOAO687:687:687SA250831:I:2,0,0,0,0,0,1,0,20250831,20251223
GNE:GOAO687:687:687SA250831:I:3,0,0,0,0,0,1,0,20250831,20251223
GNE:GOAO687:687:687SA250831:I:4,0,0,0,0,0,1,0,20250831,20251223
GNE:GOAO687:687:687SA250831:I:5,0,0,0,0,0,1,0,20250831,20251223
GNE:GOAO687:687:687SA250831:I:6,0,0,0,0,0,1,0,20250831,20251223
GNE:GOAO687:687:687SA250831:I:7,0,0,0,0,0,1,0,20250831,20251223
GNE:GOAO687:687:687SU250831:O:1,0,0,0,0,0,0,1,20250831,20251223
GNE:GOAO687:687:687SU250831:O:2,0,0,0,0,0,0,1,20250831,20251223
GNE:GOAO687:687:687SU250831:O:3,0,0,0,0,0,0,1,20250831,20251223
GNE:GOAO687:687:687SU250831:O:4,0,0,0,0,0,0,1,20250831,20251223
GNE:GOAO687:687:687SU250831:O:5,0,0,0,0,0,0,1,20250831,20251223
GNE:GOAO687:687:687SU250831:I:1,0,0,0,0,0,0,1,20250831,20251223
GNE:GOAO687:687:687SU250831:I:2,0,0,0,0,0,0,1,20250831,20251223
GNE:GOAO687:687:687SU250831:I:3,0,0,0,0,0,0,1,20250831,20251223
GNE:GOAO687:687:687SU250831:I:4,0,0,0,0,0,0,1,20250831,20251223
GNE:GOAO687:687:687SU250831:I:5,0,0,0,0,0,0,1,20250831,20251223
GNE:GOAO688:688:688MF250831:O:1,1,1,1,1,1,0,0,20250831,20251223
GNE:GOAO688:688:688MF250831:O:2,1,1,1,1,1,0,0,20250831,20251223
GNE:GOAO688:688:688MF250831:O:3,1,1,1,1,1,0,0,20250831,20251223
GNE:GOAO688:688:688MF250831:O:4,1,1,1,1,1,0,0,20250831,20251223
GNE:GOAO688:688:688MF250831:O:5,1,1,1,1,1,0,0,20250831,20251223
GNE:GOAO688:688:688MF250831:O:6,1,1,1,1,1,0,0,20250831,20251223
GNE:GOAO688:688:688MF250831:O:7,1,1,1,1,1,0,0,20250831,20251223
GNE:GOAO688:688:688MF250831:O:8,1,1,1,1,1,0,0,20250831,20251223
GNE:GOAO688:688:688MF250831:I:1,1,1,1,1,1,0,0,20250831,20251223
GNE:GOAO688:688:688MF250831:I:2,1,1,1,1,1,0,0,20250831,20251223
GNE:GOAO688:688:688MF250831:I:3,1,1,1,1,1,0,0,20250831,20251223
GNE:GOAO688:688:688MF250831:I:4,1,1,1,1,1,0,0,20250831,20251223
GNE:GOAO688:688:688MF250831:I:5,1,1,1,1,1,0,0,20250831,20251223
GNE:GOAO688:688:688MF250831:I:6,1,1,1,1,1,0,0,20250831,20251223
GNE:GOAO688:688:688MF250831:I:7,1,1,1,1,1,0,0,20250831,20251223
GNE:GOAO688:688:688MF250831:I:8,1,1,1,1,1,0,0,20250831,20251223
GNE:GOAO688:688:688SA250831:O:1,0,0,0,0,0,1,0,20250831,20251223
GNE:GOAO688:688:688SA250831:O:2,0,0,0,0,0,1,0,20250831,20251223
GNE:GOAO688:688:688SA250831:O:3,0,0,0,0,0,1,0,20250831,20251223
GNE:GOAO688:688:688SA250831:O:4,0,0,0,0,0,1,0,20250831,20251223
GNE:GOAO688:688:688SA250831:O:5,0,0,0,0,0,1,0,20250831,20251223
GNE:GOAO688:688:688SA250831:O:6,0,0,0,0,0,1,0,20250831,20251223
GNE:GOAO688:688:688SA250831:O:7,0,0,0,0,0,1,0,20250831,20251223
GNE:GOAO688:688:688SA250831:I:1,0,0,0,0,0,1,0,20250831,20251223
GNE:GOAO688:688:688SA250831:I:2,0,0,0,0,0,1,0,20250831,20251223
GNE:GOAO688:688:688SA250831:I:3,0,0,0,0,0,1,0,20250831,20251223
GNE:GOAO688:688:688SA250831:I:4,0,0,0,0,0,1,0,20250831,20251223
GNE:GOAO688:688:688SA250831:I:5,0,0,0,0,0,1,0,20250831,20251223
GNE:GOAO688:688:688SA250831:I:6,0,0,0,0,0,1,0,20250831,20251223
GNE:GOAO688:688:688SA250831:I:7,0,0,0,0,0,1,0,20250831,20251223
GNE:GOAO689:689:689MF250831:O:1,1,1,1,1,1,0,0,20250831,20251223
GNE:GOAO689:689:689MF250831:O:2,1,1,1,1,1,0,0,20250831,20251223
GNE:GOAO689:689:689MF250831:I:1,1,1,1,1,1,0,0,20250831,20251223
GNE:GOAO689:689:689MF250831:I:2,1,1,1,1,1,0,0,20250831,20251223
GNE:GOAO689:689:689SA250831:O:1,0,0,0,0,0,1,0,20250831,20251223
GNE:GOAO689:689:689SA250831:O:2,0,0,0,0,0,1,0,20250831,20251223
GNE:GOAO689:689:689SA250831:O:3,0,0,0,0,0,1,0,20250831,20251223
GNE:GOAO689:689:689SA250831:I:1,0,0,0,0,0,1,0,20250831,20251223
GNE:GOAO689:689:689SA250831:I:2,0,0,0,0,0,1,0,20250831,20251223
GNE:GOAO689:689:689SA250831:I:3,0,0,0,0,0,1,0,20250831,20251223
GNE:GONO695:695:695MF250831:O:1,0,0,0,0,0,0,0,20250831,20251223
GNE:GODO700:700:710MFWA250913:O:1,1,1,1,1,1,0,0,20250908,20251223
GNE:GODO700:700:710MFWA250913:O:2,1,1,1,1,1,0,0,20250908,20251223
GNE:GODO700:700:710MFWA250913:O:3,1,1,1,1,1,0,0,20250908,20251223
GNE:GODO700:700:710MFWA250913:O:4,1,1,1,1,1,0,0,20250908,20251223
GNE:GODO700:700:710MFWA250913:O:5,1,1,1,1,1,0,0,20250908,20251223
GNE:GODO700:700:710SAWA250913:O:1,0,0,0,0,0,1,0,20250908,20251223
GNE:GODO700:700:710SAWA250913:O:2,0,0,0,0,0,1,0,20250908,20251223
GNE:GODO700:700:710SAWA250913:O:3,0,0,0,0,0,1,0,20250908,20251223
GNE:GODO700:700:710SAWA250913:O:4,0,0,0,0,0,1,0,20250908,20251223
GNE:GODO700:700:710SAWA250913:O:5,0,0,0,0,0,1,0,20250908,20251223
GNE:GODO701:701:711MFWA250913:O:1,1,1,1,1,1,0,0,20250908,20251223
GNE:GODO701:701:711MFWA250913:O:2,1,1,1,1,1,0,0,20250908,20251223
GNE:GODO701:701:711MFWA250913:O:3,1,1,1,1,1,0,0,20250908,20251223
GNE:GODO701:701:711MFWA250913:O:4,1,1,1,1,1,0,0,20250908,20251223
GNE:GODO701:701:711MFWA250913:O:5,1,1,1,1,1,0,0,20250908,20251223
GNE:GODO701:701:711MFWA250913:O:6,1,1,1,1,1,0,0,20250908,20251223
GNE:GODO701:701:711MFWA250913:O:7,1,1,1,1,1,0,0,20250908,20251223
GNE:GODO701:701:711MFWA250913:O:8,1,1,1,1,1,0,0,20250908,20251223
GNE:GODO701:701:711SAWA250913:O:1,0,0,0,0,0,1,0,20250908,20251223
GNE:GODO701:701:711SAWA250913:O:2,0,0,0,0,0,1,0,20250908,20251223
GNE:GODO701:701:711SAWA250913:O:3,0,0,0,0,0,1,0,20250908,20251223
GNE:GODO701:701:711SAWA250913:O:4,0,0,0,0,0,1,0,20250908,20251223
GNE:GODO701:701:711SAWA250913:O:5,0,0,0,0,0,1,0,20250908,20251223
GNE:GODO701:701:711SAWA250913:O:6,0,0,0,0,0,1,0,20250908,20251223
GNE:GODO701:701:711SAWA250913:O:7,0,0,0,0,0,1,0,20250908,20251223
GNE:GODO701:701:711SAWA250913:O:8,0,0,0,0,0,1,0,20250908,20251223
GNE:GODO702:702:712MF250831:O:1,1,1,1,1,1,0,0,20250831,20251223
GNE:GODO702:702:712MF250831:O:2,1,1,1,1,1,0,0,20250831,20251223
GNE:GODO702:702:712MF250831:O:3,1,1,1,1,1,0,0,20250831,20251223
GNE:GODO702:702:712SA250831:O:1,0,0,0,0,0,1,0,20250831,20251223
GNE:GODO702:702:712SA250831:O:2,0,0,0,0,0,1,0,20250831,20251223
GNE:GODO702:702:712SA250831:O:3,0,0,0,0,0,1,0,20250831,20251223
GNE:GODO703:703:713MF250831:O:1,1,1,1,1,1,0,0,20250831,20251223
GNE:GODO703:703:713MF250831:O:2,1,1,1,1,1,0,0,20250831,20251223
GNE:GODO703:703:713MF250831:O:3,1,1,1,1,1,0,0,20250831,20251223
GNE:GODO703:703:713MF250831:O:4,1,1,1,1,1,0,0,20250831,20251223
GNE:GODO703:703:713MF250831:O:5,1,1,1,1,1,0,0,20250831,20251223
GNE:GODO703:703:713MF250831:O:6,1,1,1,1,1,0,0,20250831,20251223
GNE:GODO703:703:713MF250831:O:7,1,1,1,1,1,0,0,20250831,20251223
GNE:GODO703:703:713MF250831:O:8,1,1,1,1,1,0,0,20250831,20251223
GNE:GODO703:703:713SA250831:O:1,0,0,0,0,0,1,0,20250831,20251223
GNE:GODO703:703:713SA250831:O:2,0,0,0,0,0,1,0,20250831,20251223
GNE:GODO703:703:713SA250831:O:3,0,0,0,0,0,1,0,20250831,20251223
GNE:GODO703:703:713SA250831:O:4,0,0,0,0,0,1,0,20250831,20251223
GNE:GODO703:703:713SA250831:O:5,0,0,0,0,0,1,0,20250831,20251223
GNE:GODO703:703:713SA250831:O:6,0,0,0,0,0,1,0,20250831,20251223
GNE:GODO703:703:713SA250831:O:7,0,0,0,0,0,1,0,20250831,20251223
GNE:GODO703:703:713SA250831:O:8,0,0,0,0,0,1,0,20250831,20251223
GNE:GODO807:807:807MF250831:O:1,0,0,0,0,0,0,0,20250831,20251223
GNE:GODO807:807:807MF250831:I:1,0,0,0,0,0,0,0,20250831,20251223
GNE:GODO808:808:808MF250831:O:1,0,0,0,0,0,0,0,20250831,20251223
GNE:GODO808:808:808MF250831:I:1,0,0,0,0,0,0,0,20250831,20251223
GNE:GONO819:819:S19MF250831:O:1,0,0,0,0,0,0,0,20250831,20251223
GNE:GONO821:821:S21MF250831:I:1,0,0,0,0,0,0,0,20250831,20251223
GNE:GONO824:824:S24MF250831:I:1,0,0,0,0,0,0,0,20250831,20251223
GNE:GONO830:830:S30MF250831:O:1,0,0,0,0,0,0,0,20250831,20251223
GNE:GONO832:832:S32MF250831:O:1,0,0,0,0,0,0,0,20250831,20251223
GNE:GONO832:832:S32MF250831:I:1,0,0,0,0,0,0,0,20250831,20251223
GNE:GONO833:833:S33MF250831:I:1,0,0,0,0,0,0,0,20250831,20251223
GNE:GONO838:838:S38MF250831:O:1,0,0,0,0,0,0,0,20250831,20251223
GNE:GONO838:838:S38MF250831:I:1,0,0,0,0,0,0,0,20250831,20251223
GNE:GONO838:838:S38MF250831:I:2,0,0,0,0,0,0,0,20250831,20251223
GNE:GONO840:840:S40MF250831:I:1,0,0,0,0,0,0,0,20250831,20251223
GNE:GONO840:840:S40MF250831:I:2,0,0,0,0,0,0,0,20250831,20251223
GNE:GONO841:841:S41MF250831:O:1,0,0,0,0,0,0,0,20250831,20251223
GNE:GONO841:841:S41MF250831:I:1,0,0,0,0,0,0,0,20250831,20251223
GNE:GONO841:841:S41MF250831:I:2,0,0,0,0,0,0,0,20250831,20251223
GNE:GONO842:842:S42MF250831:O:1,0,0,0,0,0,0,0,20250831,20251223
GNE:GONO843:843:S43MF250831:I:1,0,0,0,0,0,0,0,20250831,20251223
GNE:GONO843:843:S43MF250831:I:2,0,0,0,0,0,0,0,20250831,20251223
GNE:GONO844:844:S44MF250831:I:1,0,0,0,0,0,0,0,20250831,20251223
GNE:GONO845:845:S45MF250831:I:1,0,0,0,0,0,0,0,20250831,20251223
GNE:GONO846:846:S46MF250831:O:1,0,0,0,0,0,0,0,20250831,20251223
GNE:GONO846:846:S46MF250831:I:1,0,0,0,0,0,0,0,20250831,20251223
GNE:GONO846:846:S46MF250831:I:2,0,0,0,0,0,0,0,20250831,20251223
GNE:GONO846:846:S46MF250831:I:3,0,0,0,0,0,0,0,20250831,20251223
GNE:GONO850:850:S50MF250831:O:1,0,0,0,0,0,0,0,20250831,20251223
GNE:GONO854:854:S54MF250831:I:1,0,0,0,0,0,0,0,20250831,20251223
GNE:GONO856:856:S56MF250831:O:1,0,0,0,0,0,0,0,20250831,20251223
GNE:GONO856:856:S56MF250831:I:1,0,0,0,0,0,0,0,20250831,20251223
GNE:GONO859:859:S59MF250831:I:1,0,0,0,0,0,0,0,20250831,20251223
GNE:GOAO861:861:861MF250831:O:1,0,0,0,0,0,0,0,20250831,20251223
GNE:GOAO861:861:861MF250831:I:1,0,0,0,0,0,0,0,20250831,20251223
GNE:GONO861:861N:S61MF250831:I:1,0,0,0,0,0,0,0,20250831,20251223
GNE:GONO863:863:S63MF250831:O:1,0,0,0,0,0,0,0,20250831,20251223
GNE:GONO863:863:S63MF250831:I:1,0,0,0,0,0,0,0,20250831,20251223
GNE:GONO864:864:S64MF250831:I:1,0,0,0,0,0,0,0,20250831,20251223
GNE:GONO865:865:S65MF250831:I:1,0,0,0,0,0,0,0,20250831,20251223
GNE:GONO866:866:S66MF250831:I:1,0,0,0,0,0,0,0,20250831,20251223
GNE:GOAO871:871:871MF250831:O:1,0,0,0,0,0,0,0,20250831,20251223
GNE:GONO873:873:S73MF250831:O:1,0,0,0,0,0,0,0,20250831,20251223
GNE:GONO874:874:S74MF250831:I:1,0,0,0,0,0,0,0,20250831,20251223
GNE:GONO874:874:S74MF250831:I:2,0,0,0,0,0,0,0,20250831,20251223
GNE:GODO875:875:875MF250831:O:1,0,0,0,0,0,0,0,20250831,20251223
GNE:GODO876:876:876MF250831:O:1,0,0,0,0,0,0,0,20250831,20251223
GNE:GODO876:876:876MF250831:O:2,0,0,0,0,0,0,0,20250831,20251223
GNE:GODO876:876:876MF250831:I:1,0,0,0,0,0,0,0,20250831,20251223
GNE:GONO876:876N:S76MF250831:I:1,0,0,0,0,0,0,0,20250831,20251223
GNE:GODO877:877:877MF250831:O:1,0,0,0,0,0,0,0,20250831,20251223
GNE:GODO877:877:877MF250831:I:1,0,0,0,0,0,0,0,20250831,20251223
GNE:GONO878:878:S78MF250831:O:1,0,0,0,0,0,0,0,20250831,20251223
GNE:GONO878:878:S78MF250831:I:1,0,0,0,0,0,0,0,20250831,20251223
GNE:GONO878:878:S78MF250831:I:2,0,0,0,0,0,0,0,20250831,20251223
GNE:GONO880:880:S80MF250831:I:1,0,0,0,0,0,0,0,20250831,20251223
GNE:GONO880:880:S80MF250831:I:2,0,0,0,0,0,0,0,20250831,20251223
GNE:GONO881:881:S81MF250831:O:1,0,0,0,0,0,0,0,20250831,20251223
GNE:GONO882:882:S82MF250831:I:1,0,0,0,0,0,0,0,20250831,20251223
GNE:GONO882:882:S82MF250831:I:2,0,0,0,0,0,0,0,20250831,20251223
GNE:GONO884:884:S84MF250831:O:1,0,0,0,0,0,0,0,20250831,20251223
GNE:GOAO885:885:885MF250831:O:1,0,0,0,0,0,0,0,20250831,20251223
GNE:GOAO885:885:885MF250831:I:1,0,0,0,0,0,0,0,20250831,20251223
GNE:GOAO886:886:886MF250831:O:1,0,0,0,0,0,0,0,20250831,20251223
GNE:GOAO886:886:886MF250831:I:1,0,0,0,0,0,0,0,20250831,20251223
GNE:GOAO887:887:887MF250831:O:1,0,0,0,0,0,0,0,20250831,20251223
GNE:GOAO887:887:887MF250831:I:1,0,0,0,0,0,0,0,20250831,20251223
GNE:GOAO888:888:888MF250831:O:1,0,0,0,0,0,0,0,20250831,20251223
GNE:GOAO888:888:888MF250831:I:1,0,0,0,0,0,0,0,20250831,20251223
GNE:GONO889:889:S89MF250831:O:1,0,0,0,0,0,0,0,20250831,20251223
GNE:GONO891:891:S91MF250831:I:1,0,0,0,0,0,0,0,20250831,20251223
GNE:GONO896:896:S96MF250831:O:1,0,0,0,0,0,0,0,20250831,20251223
GNE:GONO898:898:S98MF250831:O:1,0,0,0,0,0,0,0,20250831,20251223
GNE:GONO898:898:S98MF250831:I:1,0,0,0,0,0,0,0,20250831,20251223
GNE:GONO898:898:S98MF250831:I:2,0,0,0,0,0,0,0,20250831,20251223
GNE:GONO898:898:S98MF250831:I:3,0,0,0,0,0,0,0,20250831,20251223
GNE:GONO899:899:S99MF250831:I:1,0,0,0,0,0,0,0,20250831,20251223
GNE:GONO899:899:S99MF250831:I:2,0,0,0,0,0,0,0,20250831,20251223
GNE:GONO899:899:S99MF250831:I:3,0,0,0,0,0,0,0,20250831,20251223
GNE:GOAO935:935:935MF250831:O:1,1,1,1,1,1,0,0,20250831,20251223
GNE:GOAO935:935:935MF250831:O:2,1,1,1,1,1,0,0,20250831,20251223
GNE:GOAO935:935:935SA250831:O:1,0,0,0,0,0,1,0,20250831,20251223
GNE:GOAO935:935:935SA250831:O:2,0,0,0,0,0,1,0,20250831,20251223
GNE:GOAO935:935:935SA250831:O:3,0,0,0,0,0,1,0,20250831,20251223
GNE:GOAO937:937:937MF250831:O:1,1,1,1,1,1,0,0,20250831,20251223
GNE:GOAO937:937:937MF250831:O:2,1,1,1,1,1,0,0,20250831,20251223
GNE:GOAAD122:AD12:AD1MF250831:O:1,1,1,1,1,1,0,0,20250831,20251223
GNE:GOAAD122:AD12:AD1MF250831:O:2,1,1,1,1,1,0,0,20250831,20251223
GNE:GOAAD122:AD12:AD1MF250831:O:3,1,1,1,1,1,0,0,20250831,20251223
GNE:GOAAD122:AD12:AD1MF250831:O:4,1,1,1,1,1,0,0,20250831,20251223
GNE:GOAAD122:AD12:AD1MF250831:O:5,1,1,1,1,1,0,0,20250831,20251223
GNE:GOAAD122:AD12:AD1MF250831:I:1,1,1,1,1,1,0,0,20250831,20251223
GNE:GOAAD122:AD12:AD1MF250831:I:2,1,1,1,1,1,0,0,20250831,20251223
GNE:GOAAD122:AD12:AD1MF250831:I:3,1,1,1,1,1,0,0,20250831,20251223
GNE:GOAAD122:AD12:AD1MF250831:I:4,1,1,1,1,1,0,0,20250831,20251223
GNE:GOAAD122:AD12:AD1MF250831:I:5,1,1,1,1,1,0,0,20250831,20251223
GNE:GOAAD122:AD12:AD1SA250831:O:1,0,0,0,0,0,1,0,20250831,20251223
GNE:GOAAD122:AD12:AD1SA250831:O:2,0,0,0,0,0,1,0,20250831,20251223
GNE:GOAAD122:AD12:AD1SA250831:O:3,0,0,0,0,0,1,0,20250831,20251223
GNE:GOAAD122:AD12:AD1SA250831:O:4,0,0,0,0,0,1,0,20250831,20251223
GNE:GOAAD122:AD12:AD1SA250831:O:5,0,0,0,0,0,1,0,20250831,20251223
GNE:GOAAD122:AD12:AD1SA250831:I:1,0,0,0,0,0,1,0,20250831,20251223
GNE:GOAAD122:AD12:AD1SA250831:I:2,0,0,0,0,0,1,0,20250831,20251223
GNE:GOAAD122:AD12:AD1SA250831:I:3,0,0,0,0,0,1,0,20250831,20251223
GNE:GOAAD122:AD12:AD1SA250831:I:4,0,0,0,0,0,1,0,20250831,20251223
GNE:GOAAD122:AD12:AD1SA250831:I:5,0,0,0,0,0,1,0,20250831,20251223
GNE:GOAAD122:AD12:AD1SU250831:O:1,0,0,0,0,0,0,1,20250831,20251223
GNE:GOAAD122:AD12:AD1SU250831:O:2,0,0,0,0,0,0,1,20250831,20251223
GNE:GOAAD122:AD12:AD1SU250831:O:3,0,0,0,0,0,0,1,20250831,20251223
GNE:GOAAD122:AD12:AD1SU250831:O:4,0,0,0,0,0,0,1,20250831,20251223
GNE:GOAAD122:AD12:AD1SU250831:O:5,0,0,0,0,0,0,1,20250831,20251223
GNE:GOAAD122:AD12:AD1SU250831:I:1,0,0,0,0,0,0,1,20250831,20251223
GNE:GOAAD122:AD12:AD1SU250831:I:2,0,0,0,0,0,0,1,20250831,20251223
GNE:GOAAD122:AD12:AD1SU250831:I:3,0,0,0,0,0,0,1,20250831,20251223
GNE:GOAAD122:AD12:AD1SU250831:I:4,0,0,0,0,0,0,1,20250831,20251223
GNE:GOAAD122:AD12:AD1SU250831:I:5,0,0,0,0,0,0,1,20250831,20251223
GNE:GOAH000:H:H00MF250831:O:1,1,1,1,1,1,0,0,20250831,20251223
GNE:GOAH000:H:H00MF250831:O:2,1,1,1,1,1,0,0,20250831,20251223
GNE:GOAH000:H:H00MF250831:O:3,1,1,1,1,1,0,0,20250831,20251223
GNE:GOAH000:H:H00MF250831:O:4,1,1,1,1,1,0,0,20250831,20251223
GNE:GOAH000:H:H00MF250831:O:5,1,1,1,1,1,0,0,20250831,20251223
GNE:GOAH000:H:H00MF250831:O:6,1,1,1,1,1,0,0,20250831,20251223
GNE:GOAH000:H:H00MF250831:O:7,1,1,1,1,1,0,0,20250831,20251223
GNE:GOAH000:H:H00MF250831:O:8,1,1,1,1,1,0,0,20250831,20251223
GNE:GOAH000:H:H00MF250831:O:9,1,1,1,1,1,0,0,20250831,20251223
GNE:GOAH000:H:H00MF250831:O:10,1,1,1,1,1,0,0,20250831,20251223
GNE:GOAH000:H:H00MF250831:O:11,1,1,1,1,1,0,0,20250831,20251223
GNE:GOAH000:H:H00MF250831:O:12,1,1,1,1,1,0,0,20250831,20251223
GNE:GOAH000:H:H00MF250831:O:13,1,1,1,1,1,0,0,20250831,20251223
GNE:GOAH000:H:H00MF250831:O:14,1,1,1,1,1,0,0,20250831,20251223
GNE:GOAH000:H:H00MF250831:O:15,1,1,1,1,1,0,0,20250831,20251223
GNE:GOAH000:H:H00MF250831:O:16,1,1,1,1,1,0,0,20250831,20251223
GNE:GOAH000:H:H00MF250831:O:17,1,1,1,1,1,0,0,20250831,20251223
GNE:GOAH000:H:H00MF250831:O:18,1,1,1,1,1,0,0,20250831,20251223
GNE:GOAH000:H:H00MF250831:O:19,1,1,1,1,1,0,0,20250831,20251223
GNE:GOAH000:H:H00MF250831:O:20,1,1,1,1,1,0,0,20250831,20251223
GNE:GOAH000:H:H00MF250831:O:21,1,1,1,1,1,0,0,20250831,20251223
GNE:GOAH000:H:H00MF250831:O:22,1,1,1,1,1,0,0,20250831,20251223
GNE:GOAH000:H:H00MF250831:O:23,1,1,1,1,1,0,0,20250831,20251223
GNE:GOAH000:H:H00MF250831:O:24,1,1,1,1,1,0,0,20250831,20251223
GNE:GOAH000:H:H00MF250831:O:25,1,1,1,1,1,0,0,20250831,20251223
GNE:GOAH000:H:H00MF250831:O:26,1,1,1,1,1,0,0,20250831,20251223
GNE:GOAH000:H:H00MF250831:O:27,1,1,1,1,1,0,0,20250831,20251223
GNE:GOAH000:H:H00MF250831:O:28,1,1,1,1,1,0,0,20250831,20251223
GNE:GOAH000:H:H00MF250831:O:29,1,1,1,1,1,0,0,20250831,20251223
GNE:GOAH000:H:H00MF250831:O:30,1,1,1,1,1,0,0,20250831,20251223
GNE:GOAH000:H:H00MF250831:O:31,1,1,1,1,1,0,0,20250831,20251223
GNE:GOAH000:H:H00MF250831:O:32,1,1,1,1,1,0,0,20250831,20251223
GNE:GOAH000:H:H00MF250831:O:33,1,1,1,1,1,0,0,20250831,20251223
GNE:GOAH000:H:H00MF250831:O:34,1,1,1,1,1,0,0,20250831,20251223
GNE:GOAH000:H:H00MF250831:O:35,1,1,1,1,1,0,0,20250831,20251223
GNE:GOAH000:H:H00MF250831:O:36,1,1,1,1,1,0,0,20250831,20251223
GNE:GOAH000:H:H00MF250831:O:37,1,1,1,1,1,0,0,20250831,20251223
GNE:GOAH000:H:H00MF250831:O:38,1,1,1,1,1,0,0,20250831,20251223
GNE:GOAH000:H:H00MF250831:O:39,1,1,1,1,1,0,0,20250831,20251223
GNE:GOAH000:H:H00MF250831:I:1,1,1,1,1,1,0,0,20250831,20251223
GNE:GOAH000:H:H00MF250831:I:2,1,1,1,1,1,0,0,20250831,20251223
GNE:GOAH000:H:H00MF250831:I:3,1,1,1,1,1,0,0,20250831,20251223
GNE:GOAH000:H:H00MF250831:I:4,1,1,1,1,1,0,0,20250831,20251223
GNE:GOAH000:H:H00MF250831:I:5,1,1,1,1,1,0,0,20250831,20251223
GNE:GOAH000:H:H00MF250831:I:6,1,1,1,1,1,0,0,20250831,20251223
GNE:GOAH000:H:H00MF250831:I:7,1,1,1,1,1,0,0,20250831,20251223
GNE:GOAH000:H:H00MF250831:I:8,1,1,1,1,1,0,0,20250831,20251223
GNE:GOAH000:H:H00MF250831:I:9,1,1,1,1,1,0,0,20250831,20251223
GNE:GOAH000:H:H00MF250831:I:10,1,1,1,1,1,0,0,20250831,20251223
GNE:GOAH000:H:H00MF250831:I:11,1,1,1,1,1,0,0,20250831,20251223
GNE:GOAH000:H:H00MF250831:I:12,1,1,1,1,1,0,0,20250831,20251223
GNE:GOAH000:H:H00MF250831:I:13,1,1,1,1,1,0,0,20250831,20251223
GNE:GOAH000:H:H00MF250831:I:14,1,1,1,1,1,0,0,20250831,20251223
GNE:GOAH000:H:H00MF250831:I:15,1,1,1,1,1,0,0,20250831,20251223
GNE:GOAH000:H:H00MF250831:I:16,1,1,1,1,1,0,0,20250831,20251223
GNE:GOAH000:H:H00MF250831:I:17,1,1,1,1,1,0,0,20250831,20251223
GNE:GOAH000:H:H00MF250831:I:18,1,1,1,1,1,0,0,20250831,20251223
GNE:GOAH000:H:H00MF250831:I:19,1,1,1,1,1,0,0,20250831,20251223
GNE:GOAH000:H:H00MF250831:I:20,1,1,1,1,1,0,0,20250831,20251223
GNE:GOAH000:H:H00MF250831:I:21,1,1,1,1,1,0,0,20250831,20251223
GNE:GOAH000:H:H00MF250831:I:22,1,1,1,1,1,0,0,20250831,20251223
GNE:GOAH000:H:H00MF250831:I:23,1,1,1,1,1,0,0,20250831,20251223
GNE:GOAH000:H:H00MF250831:I:24,1,1,1,1,1,0,0,20250831,20251223
GNE:GOAH000:H:H00MF250831:I:25,1,1,1,1,1,0,0,20250831,20251223
GNE:GOAH000:H:H00MF250831:I:26,1,1,1,1,1,0,0,20250831,20251223
GNE:GOAH000:H:H00MF250831:I:27,1,1,1,1,1,0,0,20250831,20251223
GNE:GOAH000:H:H00MF250831:I:28,1,1,1,1,1,0,0,20250831,20251223
GNE:GOAH000:H:H00MF250831:I:29,1,1,1,1,1,0,0,20250831,20251223
GNE:GOAH000:H:H00MF250831:I:30,1,1,1,1,1,0,0,20250831,20251223
GNE:GOAH000:H:H00MF250831:I:31,1,1,1,1,1,0,0,20250831,20251223
GNE:GOAH000:H:H00MF250831:I:32,1,1,1,1,1,0,0,20250831,20251223
GNE:GOAH000:H:H00MF250831:I:33,1,1,1,1,1,0,0,20250831,20251223
GNE:GOAH000:H:H00MF250831:I:34,1,1,1,1,1,0,0,20250831,20251223
GNE:GOAH000:H:H00MF250831:I:35,1,1,1,1,1,0,0,20250831,20251223
GNE:GOAH000:H:H00MF250831:I:36,1,1,1,1,1,0,0,20250831,20251223
GNE:GOAH000:H:H00MF250831:I:37,1,1,1,1,1,0,0,20250831,20251223
GNE:GOAH000:H:H00MF250831:I:38,1,1,1,1,1,0,0,20250831,20251223
GNE:GOAH000:H:H00MF250831:I:39,1,1,1,1,1,0,0,20250831,20251223
GNE:GOAN021:N21:N21MF250831:O:1,0,0,0,0,1,0,0,20250831,20251223
GNE:GOAN021:N21:N21MF250831:O:2,0,0,0,0,1,0,0,20250831,20251223
GNE:GOAN021:N21:N21MF250831:O:3,0,0,0,0,1,0,0,20250831,20251223
GNE:GOAN021:N21:N21MF250831:O:4,0,0,0,0,1,0,0,20250831,20251223
GNE:GOAN021:N21:N21MF250831:O:5,0,0,0,0,1,0,0,20250831,20251223
GNE:GOAN021:N21:N21MF250831:I:1,0,0,0,0,1,0,0,20250831,20251223
GNE:GOAN021:N21:N21MF250831:I:2,0,0,0,0,1,0,0,20250831,20251223
GNE:GOAN021:N21:N21MF250831:I:3,0,0,0,0,1,0,0,20250831,20251223
GNE:GOAN021:N21:N21MF250831:I:4,0,0,0,0,1,0,0,20250831,20251223
GNE:GOAN021:N21:N21MF250831:I:5,0,0,0,0,1,0,0,20250831,20251223
GNE:GOAN021:N21:N21SA250831:O:1,0,0,0,0,0,1,0,20250831,20251223
GNE:GOAN021:N21:N21SA250831:O:2,0,0,0,0,0,1,0,20250831,20251223
GNE:GOAN021:N21:N21SA250831:O:3,0,0,0,0,0,1,0,20250831,20251223
GNE:GOAN021:N21:N21SA250831:O:4,0,0,0,0,0,1,0,20250831,20251223
GNE:GOAN021:N21:N21SA250831:O:5,0,0,0,0,0,1,0,20250831,20251223
GNE:GOAN021:N21:N21SA250831:I:1,0,0,0,0,0,1,0,20250831,20251223
GNE:GOAN021:N21:N21SA250831:I:2,0,0,0,0,0,1,0,20250831,20251223
GNE:GOAN021:N21:N21SA250831:I:3,0,0,0,0,0,1,0,20250831,20251223
GNE:GOAN021:N21:N21SA250831:I:4,0,0,0,0,0,1,0,20250831,20251223
GNE:GOAN021:N21:N21SA250831:I:5,0,0,0,0,0,1,0,20250831,20251223
GNE:GOAQ003:Q3:Q03MF250831:O:1,1,1,1,1,1,0,0,20250831,20251223
GNE:GOAQ003:Q3:Q03MF250831:O:3,1,1,1,1,1,0,0,20250831,20251223
GNE:GOAQ003:Q3:Q03MF250831:O:5,1,1,1,1,1,0,0,20250831,20251223
GNE:GOAQ003:Q3:Q03MF250831:O:7,1,1,1,1,1,0,0,20250831,20251223
GNE:GOAQ003:Q3:Q03MF250831:O:9,1,1,1,1,1,0,0,20250831,20251223
GNE:GOAQ003:Q3:Q03MF250831:O:11,1,1,1,1,1,0,0,20250831,20251223
GNE:GOAQ003:Q3:Q03MF250831:O:12,1,1,1,1,1,0,0,20250831,20251223
GNE:GOAQ003:Q3:Q03MF250831:O:13,1,1,1,1,1,0,0,20250831,20251223
GNE:GOAQ003:Q3:Q03MF250831:O:14,1,1,1,1,1,0,0,20250831,20251223
GNE:GOAQ003:Q3:Q03MF250831:O:15,1,1,1,1,1,0,0,20250831,20251223
GNE:GOAQ003:Q3:Q03MF250831:O:16,1,1,1,1,1,0,0,20250831,20251223
GNE:GOAQ003:Q3:Q03MF250831:O:17,1,1,1,1,1,0,0,20250831,20251223
GNE:GOAQ003:Q3:Q03MF250831:O:18,1,1,1,1,1,0,0,20250831,20251223
GNE:GOAQ003:Q3:Q03MF250831:O:19,1,1,1,1,1,0,0,20250831,20251223
GNE:GOAQ003:Q3:Q03MF250831:O:20,1,1,1,1,1,0,0,20250831,20251223
GNE:GOAQ003:Q3:Q03MF250831:O:21,1,1,1,1,1,0,0,20250831,20251223
GNE:GOAQ003:Q3:Q03MF250831:O:22,1,1,1,1,1,0,0,20250831,20251223
GNE:GOAQ003:Q3:Q03MF250831:O:23,1,1,1,1,1,0,0,20250831,20251223
GNE:GOAQ003:Q3:Q03MF250831:O:24,1,1,1,1,1,0,0,20250831,20251223
GNE:GOAQ003:Q3:Q03MF250831:O:25,1,1,1,1,1,0,0,20250831,20251223
GNE:GOAQ003:Q3:Q03MF250831:O:26,1,1,1,1,1,0,0,20250831,20251223
GNE:GOAQ003:Q3:Q03MF250831:O:27,1,1,1,1,1,0,0,20250831,20251223
GNE:GOAQ003:Q3:Q03MF250831:O:28,1,1,1,1,1,0,0,20250831,20251223
GNE:GOAQ003:Q3:Q03MF250831:O:29,1,1,1,1,1,0,0,20250831,20251223
GNE:GOAQ003:Q3:Q03MF250831:O:30,1,1,1,1,1,0,0,20250831,20251223
GNE:GOAQ003:Q3:Q03MF250831:O:31,1,1,1,1,1,0,0,20250831,20251223
GNE:GOAQ003:Q3:Q03MF250831:O:33,1,1,1,1,1,0,0,20250831,20251223
GNE:GOAQ003:Q3:Q03MF250831:O:35,1,1,1,1,1,0,0,20250831,20251223
GNE:GOAQ003:Q3:Q03MF250831:O:37,1,1,1,1,1,0,0,20250831,20251223
GNE:GOAQ003:Q3:Q03MF250831:O:38,1,1,1,1,1,0,0,20250831,20251223
GNE:GOAQ003:Q3:Q03MF250831:O:39,1,1,1,1,1,0,0,20250831,20251223
GNE:GOAQ003:Q3:Q03MF250831:O:40,1,1,1,1,1,0,0,20250831,20251223
GNE:GOAQ003:Q3:Q03MF250831:O:41,1,1,1,1,1,0,0,20250831,20251223
GNE:GOAQ003:Q3:Q03MF250831:O:42,1,1,1,1,1,0,0,20250831,20251223
GNE:GOAQ003:Q3:Q03MF250831:O:43,1,1,1,1,1,0,0,20250831,20251223
GNE:GOAQ003:Q3:Q03MF250831:O:44,1,1,1,1,1,0,0,20250831,20251223
GNE:GOAQ003:Q3:Q03MF250831:O:45,1,1,1,1,1,0,0,20250831,20251223
GNE:GOAQ003:Q3:Q03MF250831:O:46,1,1,1,1,1,0,0,20250831,20251223
GNE:GOAQ003:Q3:Q03MF250831:O:47,1,1,1,1,1,0,0,20250831,20251223
GNE:GOAQ003:Q3:Q03MF250831:O:48,1,1,1,1,1,0,0,20250831,20251223
GNE:GOAQ003:Q3:Q03MF250831:O:49,1,1,1,1,1,0,0,20250831,20251223
GNE:GOAQ003:Q3:Q03MF250831:O:50,1,1,1,1,1,0,0,20250831,20251223
GNE:GOAQ003:Q3:Q03MF250831:I:1,1,1,1,1,1,0,0,20250831,20251223
GNE:GOAQ003:Q3:Q03MF250831:I:2,1,1,1,1,1,0,0,20250831,20251223
GNE:GOAQ003:Q3:Q03MF250831:I:4,1,1,1,1,1,0,0,20250831,20251223
GNE:GOAQ003:Q3:Q03MF250831:I:5,1,1,1,1,1,0,0,20250831,20251223
GNE:GOAQ003:Q3:Q03MF250831:I:7,1,1,1,1,1,0,0,20250831,20251223
GNE:GOAQ003:Q3:Q03MF250831:I:8,1,1,1,1,1,0,0,20250831,20251223
GNE:GOAQ003:Q3:Q03MF250831:I:10,1,1,1,1,1,0,0,20250831,20251223
GNE:GOAQ003:Q3:Q03MF250831:I:11,1,1,1,1,1,0,0,20250831,20251223
GNE:GOAQ003:Q3:Q03MF250831:I:12,1,1,1,1,1,0,0,20250831,20251223
GNE:GOAQ003:Q3:Q03MF250831:I:13,1,1,1,1,1,0,0,20250831,20251223
GNE:GOAQ003:Q3:Q03MF250831:I:14,1,1,1,1,1,0,0,20250831,20251223
GNE:GOAQ003:Q3:Q03MF250831:I:15,1,1,1,1,1,0,0,20250831,20251223
GNE:GOAQ003:Q3:Q03MF250831:I:16,1,1,1,1,1,0,0,20250831,20251223
GNE:GOAQ003:Q3:Q03MF250831:I:17,1,1,1,1,1,0,0,20250831,20251223
GNE:GOAQ003:Q3:Q03MF250831:I:18,1,1,1,1,1,0,0,20250831,20251223
GNE:GOAQ003:Q3:Q03MF250831:I:19,1,1,1,1,1,0,0,20250831,20251223
GNE:GOAQ003:Q3:Q03MF250831:I:20,1,1,1,1,1,0,0,20250831,20251223
GNE:GOAQ003:Q3:Q03MF250831:I:21,1,1,1,1,1,0,0,20250831,20251223
GNE:GOAQ003:Q3:Q03MF250831:I:22,1,1,1,1,1,0,0,20250831,20251223
GNE:GOAQ003:Q3:Q03MF250831:I:23,1,1,1,1,1,0,0,20250831,20251223
GNE:GOAQ003:Q3:Q03MF250831:I:24,1,1,1,1,1,0,0,20250831,20251223
GNE:GOAQ003:Q3:Q03MF250831:I:25,1,1,1,1,1,0,0,20250831,20251223
GNE:GOAQ003:Q3:Q03MF250831:I:26,1,1,1,1,1,0,0,20250831,20251223
GNE:GOAQ003:Q3:Q03MF250831:I:27,1,1,1,1,1,0,0,20250831,20251223
GNE:GOAQ003:Q3:Q03MF250831:I:28,1,1,1,1,1,0,0,20250831,20251223
GNE:GOAQ003:Q3:Q03MF250831:I:29,1,1,1,1,1,0,0,20250831,20251223
GNE:GOAQ003:Q3:Q03MF250831:I:30,1,1,1,1,1,0,0,20250831,20251223
GNE:GOAQ003:Q3:Q03MF250831:I:32,1,1,1,1,1,0,0,20250831,20251223
GNE:GOAQ003:Q3:Q03MF250831:I:34,1,1,1,1,1,0,0,20250831,20251223
GNE:GOAQ003:Q3:Q03MF250831:I:36,1,1,1,1,1,0,0,20250831,20251223
GNE:GOAQ003:Q3:Q03MF250831:I:38,1,1,1,1,1,0,0,20250831,20251223
GNE:GOAQ003:Q3:Q03MF250831:I:39,1,1,1,1,1,0,0,20250831,20251223
GNE:GOAQ003:Q3:Q03MF250831:I:40,1,1,1,1,1,0,0,20250831,20251223
GNE:GOAQ003:Q3:Q03MF250831:I:41,1,1,1,1,1,0,0,20250831,20251223
GNE:GOAQ003:Q3:Q03MF250831:I:42,1,1,1,1,1,0,0,20250831,20251223
GNE:GOAQ003:Q3:Q03MF250831:I:43,1,1,1,1,1,0,0,20250831,20251223
GNE:GOAQ003:Q3:Q03MF250831:I:44,1,1,1,1,1,0,0,20250831,20251223
GNE:GOAQ003:Q3:Q03MF250831:I:45,1,1,1,1,1,0,0,20250831,20251223
GNE:GOAQ003:Q3:Q03MF250831:I:46,1,1,1,1,1,0,0,20250831,20251223
GNE:GOAQ003:Q3:Q03MF250831:I:47,1,1,1,1,1,0,0,20250831,20251223
GNE:GOAQ003:Q3:Q03SA250831:O:1,0,0,0,0,0,1,0,20250831,20251223
GNE:GOAQ003:Q3:Q03SA250831:O:2,0,0,0,0,0,1,0,20250831,20251223
GNE:GOAQ003:Q3:Q03SA250831:O:3,0,0,0,0,0,1,0,20250831,20251223
GNE:GOAQ003:Q3:Q03SA250831:O:4,0,0,0,0,0,1,0,20250831,20251223
GNE:GOAQ003:Q3:Q03SA250831:O:5,0,0,0,0,0,1,0,20250831,20251223
GNE:GOAQ003:Q3:Q03SA250831:O:6,0,0,0,0,0,1,0,20250831,20251223
GNE:GOAQ003:Q3:Q03SA250831:O:7,0,0,0,0,0,1,0,20250831,20251223
GNE:GOAQ003:Q3:Q03SA250831:O:8,0,0,0,0,0,1,0,20250831,20251223
GNE:GOAQ003:Q3:Q03SA250831:O:9,0,0,0,0,0,1,0,20250831,20251223
GNE:GOAQ003:Q3:Q03SA250831:O:10,0,0,0,0,0,1,0,20250831,20251223
GNE:GOAQ003:Q3:Q03SA250831:O:11,0,0,0,0,0,1,0,20250831,20251223
GNE:GOAQ003:Q3:Q03SA250831:O:12,0,0,0,0,0,1,0,20250831,20251223
GNE:GOAQ003:Q3:Q03SA250831:O:13,0,0,0,0,0,1,0,20250831,20251223
GNE:GOAQ003:Q3:Q03SA250831:O:14,0,0,0,0,0,1,0,20250831,20251223
GNE:GOAQ003:Q3:Q03SA250831:O:15,0,0,0,0,0,1,0,20250831,20251223
GNE:GOAQ003:Q3:Q03SA250831:O:16,0,0,0,0,0,1,0,20250831,20251223
GNE:GOAQ003:Q3:Q03SA250831:O:17,0,0,0,0,0,1,0,20250831,20251223
GNE:GOAQ003:Q3:Q03SA250831:O:18,0,0,0,0,0,1,0,20250831,20251223
GNE:GOAQ003:Q3:Q03SA250831:O:19,0,0,0,0,0,1,0,20250831,20251223
GNE:GOAQ003:Q3:Q03SA250831:O:20,0,0,0,0,0,1,0,20250831,20251223
GNE:GOAQ003:Q3:Q03SA250831:O:21,0,0,0,0,0,1,0,20250831,20251223
GNE:GOAQ003:Q3:Q03SA250831:O:22,0,0,0,0,0,1,0,20250831,20251223
GNE:GOAQ003:Q3:Q03SA250831:O:23,0,0,0,0,0,1,0,20250831,20251223
GNE:GOAQ003:Q3:Q03SA250831:O:24,0,0,0,0,0,1,0,20250831,20251223
GNE:GOAQ003:Q3:Q03SA250831:O:25,0,0,0,0,0,1,0,20250831,20251223
GNE:GOAQ003:Q3:Q03SA250831:O:26,0,0,0,0,0,1,0,20250831,20251223
GNE:GOAQ003:Q3:Q03SA250831:O:27,0,0,0,0,0,1,0,20250831,20251223
GNE:GOAQ003:Q3:Q03SA250831:O:28,0,0,0,0,0,1,0,20250831,20251223
GNE:GOAQ003:Q3:Q03SA250831:O:29,0,0,0,0,0,1,0,20250831,20251223
GNE:GOAQ003:Q3:Q03SA250831:O:30,0,0,0,0,0,1,0,20250831,20251223
GNE:GOAQ003:Q3:Q03SA250831:O:31,0,0,0,0,0,1,0,20250831,20251223
GNE:GOAQ003:Q3:Q03SA250831:O:32,0,0,0,0,0,1,0,20250831,20251223
GNE:GOAQ003:Q3:Q03SA250831:O:33,0,0,0,0,0,1,0,20250831,20251223
GNE:GOAQ003:Q3:Q03SA250831:O:34,0,0,0,0,0,1,0,20250831,20251223
GNE:GOAQ003:Q3:Q03SA250831:O:35,0,0,0,0,0,1,0,20250831,20251223
GNE:GOAQ003:Q3:Q03SA250831:O:36,0,0,0,0,0,1,0,20250831,20251223
GNE:GOAQ003:Q3:Q03SA250831:O:37,0,0,0,0,0,1,0,20250831,20251223
GNE:GOAQ003:Q3:Q03SA250831:O:38,0,0,0,0,0,1,0,20250831,20251223
GNE:GOAQ003:Q3:Q03SA250831:O:39,0,0,0,0,0,1,0,20250831,20251223
GNE:GOAQ003:Q3:Q03SA250831:O:40,0,0,0,0,0,1,0,20250831,20251223
GNE:GOAQ003:Q3:Q03SA250831:O:41,0,0,0,0,0,1,0,20250831,20251223
GNE:GOAQ003:Q3:Q03SA250831:O:42,0,0,0,0,0,1,0,20250831,20251223
GNE:GOAQ003:Q3:Q03SA250831:O:43,0,0,0,0,0,1,0,20250831,20251223
GNE:GOAQ003:Q3:Q03SA250831:O:44,0,0,0,0,0,1,0,20250831,20251223
GNE:GOAQ003:Q3:Q03SA250831:O:45,0,0,0,0,0,1,0,20250831,20251223
GNE:GOAQ003:Q3:Q03SA250831:O:46,0,0,0,0,0,1,0,20250831,20251223
GNE:GOAQ003:Q3:Q03SA250831:O:47,0,0,0,0,0,1,0,20250831,20251223
GNE:GOAQ003:Q3:Q03SA250831:O:48,0,0,0,0,0,1,0,20250831,20251223
GNE:GOAQ003:Q3:Q03SA250831:O:49,0,0,0,0,0,1,0,20250831,20251223
GNE:GOAQ003:Q3:Q03SA250831:I:1,0,0,0,0,0,1,0,20250831,20251223
GNE:GOAQ003:Q3:Q03SA250831:I:2,0,0,0,0,0,1,0,20250831,20251223
GNE:GOAQ003:Q3:Q03SA250831:I:3,0,0,0,0,0,1,0,20250831,20251223
GNE:GOAQ003:Q3:Q03SA250831:I:4,0,0,0,0,0,1,0,20250831,20251223
GNE:GOAQ003:Q3:Q03SA250831:I:5,0,0,0,0,0,1,0,20250831,20251223
GNE:GOAQ003:Q3:Q03SA250831:I:6,0,0,0,0,0,1,0,20250831,20251223
GNE:GOAQ003:Q3:Q03SA250831:I:7,0,0,0,0,0,1,0,20250831,20251223
GNE:GOAQ003:Q3:Q03SA250831:I:8,0,0,0,0,0,1,0,20250831,20251223
GNE:GOAQ003:Q3:Q03SA250831:I:9,0,0,0,0,0,1,0,20250831,20251223
GNE:GOAQ003:Q3:Q03SA250831:I:10,0,0,0,0,0,1,0,20250831,20251223
GNE:GOAQ003:Q3:Q03SA250831:I:11,0,0,0,0,0,1,0,20250831,20251223
GNE:GOAQ003:Q3:Q03SA250831:I:12,0,0,0,0,0,1,0,20250831,20251223
GNE:GOAQ003:Q3:Q03SA250831:I:13,0,0,0,0,0,1,0,20250831,20251223
GNE:GOAQ003:Q3:Q03SA250831:I:14,0,0,0,0,0,1,0,20250831,20251223
GNE:GOAQ003:Q3:Q03SA250831:I:15,0,0,0,0,0,1,0,20250831,20251223
GNE:GOAQ003:Q3:Q03SA250831:I:16,0,0,0,0,0,1,0,20250831,20251223
GNE:GOAQ003:Q3:Q03SA250831:I:17,0,0,0,0,0,1,0,20250831,20251223
GNE:GOAQ003:Q3:Q03SA250831:I:18,0,0,0,0,0,1,0,20250831,20251223
GNE:GOAQ003:Q3:Q03SA250831:I:19,0,0,0,0,0,1,0,20250831,20251223
GNE:GOAQ003:Q3:Q03SA250831:I:20,0,0,0,0,0,1,0,20250831,20251223
GNE:GOAQ003:Q3:Q03SA250831:I:21,0,0,0,0,0,1,0,20250831,20251223
GNE:GOAQ003:Q3:Q03SA250831:I:22,0,0,0,0,0,1,0,20250831,20251223
GNE:GOAQ003:Q3:Q03SA250831:I:23,0,0,0,0,0,1,0,20250831,20251223
GNE:GOAQ003:Q3:Q03SA250831:I:24,0,0,0,0,0,1,0,20250831,20251223
GNE:GOAQ003:Q3:Q03SA250831:I:25,0,0,0,0,0,1,0,20250831,20251223
GNE:GOAQ003:Q3:Q03SA250831:I:26,0,0,0,0,0,1,0,20250831,20251223
GNE:GOAQ003:Q3:Q03SA250831:I:27,0,0,0,0,0,1,0,20250831,20251223
GNE:GOAQ003:Q3:Q03SA250831:I:28,0,0,0,0,0,1,0,20250831,20251223
GNE:GOAQ003:Q3:Q03SA250831:I:29,0,0,0,0,0,1,0,20250831,20251223
GNE:GOAQ003:Q3:Q03SA250831:I:30,0,0,0,0,0,1,0,20250831,20251223
GNE:GOAQ003:Q3:Q03SA250831:I:31,0,0,0,0,0,1,0,20250831,20251223
GNE:GOAQ003:Q3:Q03SA250831:I:32,0,0,0,0,0,1,0,20250831,20251223
GNE:GOAQ003:Q3:Q03SA250831:I:33,0,0,0,0,0,1,0,20250831,20251223
GNE:GOAQ003:Q3:Q03SA250831:I:34,0,0,0,0,0,1,0,20250831,20251223
GNE:GOAQ003:Q3:Q03SA250831:I:35,0,0,0,0,0,1,0,20250831,20251223
GNE:GOAQ003:Q3:Q03SA250831:I:36,0,0,0,0,0,1,0,20250831,20251223
GNE:GOAQ003:Q3:Q03SA250831:I:37,0,0,0,0,0,1,0,20250831,20251223
GNE:GOAQ003:Q3:Q03SA250831:I:38,0,0,0,0,0,1,0,20250831,20251223
GNE:GOAQ003:Q3:Q03SA250831:I:39,0,0,0,0,0,1,0,20250831,20251223
GNE:GOAQ003:Q3:Q03SA250831:I:40,0,0,0,0,0,1,0,20250831,20251223
GNE:GOAQ003:Q3:Q03SA250831:I:41,0,0,0,0,0,1,0,20250831,20251223
GNE:GOAQ003:Q3:Q03SA250831:I:42,0,0,0,0,0,1,0,20250831,20251223
GNE:GOAQ003:Q3:Q03SA250831:I:43,0,0,0,0,0,1,0,20250831,20251223
GNE:GOAQ003:Q3:Q03SA250831:I:44,0,0,0,0,0,1,0,20250831,20251223
GNE:GOAQ003:Q3:Q03SU250831:O:1,0,0,0,0,0,0,1,20250831,20251223
GNE:GOAQ003:Q3:Q03SU250831:O:2,0,0,0,0,0,0,1,20250831,20251223
GNE:GOAQ003:Q3:Q03SU250831:O:3,0,0,0,0,0,0,1,20250831,20251223
GNE:GOAQ003:Q3:Q03SU250831:O:4,0,0,0,0,0,0,1,20250831,20251223
GNE:GOAQ003:Q3:Q03SU250831:O:5,0,0,0,0,0,0,1,20250831,20251223
GNE:GOAQ003:Q3:Q03SU250831:O:6,0,0,0,0,0,0,1,20250831,20251223
GNE:GOAQ003:Q3:Q03SU250831:O:7,0,0,0,0,0,0,1,20250831,20251223
GNE:GOAQ003:Q3:Q03SU250831:O:8,0,0,0,0,0,0,1,20250831,20251223
GNE:GOAQ003:Q3:Q03SU250831:O:9,0,0,0,0,0,0,1,20250831,20251223
GNE:GOAQ003:Q3:Q03SU250831:O:10,0,0,0,0,0,0,1,20250831,20251223
GNE:GOAQ003:Q3:Q03SU250831:O:11,0,0,0,0,0,0,1,20250831,20251223
GNE:GOAQ003:Q3:Q03SU250831:O:12,0,0,0,0,0,0,1,20250831,20251223
GNE:GOAQ003:Q3:Q03SU250831:O:13,0,0,0,0,0,0,1,20250831,20251223
GNE:GOAQ003:Q3:Q03SU250831:O:14,0,0,0,0,0,0,1,20250831,20251223
GNE:GOAQ003:Q3:Q03SU250831:O:15,0,0,0,0,0,0,1,20250831,20251223
GNE:GOAQ003:Q3:Q03SU250831:O:16,0,0,0,0,0,0,1,20250831,20251223
GNE:GOAQ003:Q3:Q03SU250831:O:17,0,0,0,0,0,0,1,20250831,20251223
GNE:GOAQ003:Q3:Q03SU250831:O:18,0,0,0,0,0,0,1,20250831,20251223
GNE:GOAQ003:Q3:Q03SU250831:O:19,0,0,0,0,0,0,1,20250831,20251223
GNE:GOAQ003:Q3:Q03SU250831:O:20,0,0,0,0,0,0,1,20250831,20251223
GNE:GOAQ003:Q3:Q03SU250831:O:21,0,0,0,0,0,0,1,20250831,20251223
GNE:GOAQ003:Q3:Q03SU250831:O:22,0,0,0,0,0,0,1,20250831,20251223
GNE:GOAQ003:Q3:Q03SU250831:O:23,0,0,0,0,0,0,1,20250831,20251223
GNE:GOAQ003:Q3:Q03SU250831:O:24,0,0,0,0,0,0,1,20250831,20251223
GNE:GOAQ003:Q3:Q03SU250831:O:25,0,0,0,0,0,0,1,20250831,20251223
GNE:GOAQ003:Q3:Q03SU250831:O:26,0,0,0,0,0,0,1,20250831,20251223
GNE:GOAQ003:Q3:Q03SU250831:O:27,0,0,0,0,0,0,1,20250831,20251223
GNE:GOAQ003:Q3:Q03SU250831:O:28,0,0,0,0,0,0,1,20250831,20251223
GNE:GOAQ003:Q3:Q03SU250831:O:29,0,0,0,0,0,0,1,20250831,20251223
GNE:GOAQ003:Q3:Q03SU250831:O:30,0,0,0,0,0,0,1,20250831,20251223
GNE:GOAQ003:Q3:Q03SU250831:O:31,0,0,0,0,0,0,1,20250831,20251223
GNE:GOAQ003:Q3:Q03SU250831:O:32,0,0,0,0,0,0,1,20250831,20251223
GNE:GOAQ003:Q3:Q03SU250831:O:33,0,0,0,0,0,0,1,20250831,20251223
GNE:GOAQ003:Q3:Q03SU250831:I:1,0,0,0,0,0,0,1,20250831,20251223
GNE:GOAQ003:Q3:Q03SU250831:I:2,0,0,0,0,0,0,1,20250831,20251223
GNE:GOAQ003:Q3:Q03SU250831:I:3,0,0,0,0,0,0,1,20250831,20251223
GNE:GOAQ003:Q3:Q03SU250831:I:4,0,0,0,0,0,0,1,20250831,20251223
GNE:GOAQ003:Q3:Q03SU250831:I:5,0,0,0,0,0,0,1,20250831,20251223
GNE:GOAQ003:Q3:Q03SU250831:I:6,0,0,0,0,0,0,1,20250831,20251223
GNE:GOAQ003:Q3:Q03SU250831:I:7,0,0,0,0,0,0,1,20250831,20251223
GNE:GOAQ003:Q3:Q03SU250831:I:8,0,0,0,0,0,0,1,20250831,20251223
GNE:GOAQ003:Q3:Q03SU250831:I:9,0,0,0,0,0,0,1,20250831,20251223
GNE:GOAQ003:Q3:Q03SU250831:I:10,0,0,0,0,0,0,1,20250831,20251223
GNE:GOAQ003:Q3:Q03SU250831:I:11,0,0,0,0,0,0,1,20250831,20251223
GNE:GOAQ003:Q3:Q03SU250831:I:12,0,0,0,0,0,0,1,20250831,20251223
GNE:GOAQ003:Q3:Q03SU250831:I:13,0,0,0,0,0,0,1,20250831,20251223
GNE:GOAQ003:Q3:Q03SU250831:I:14,0,0,0,0,0,0,1,20250831,20251223
GNE:GOAQ003:Q3:Q03SU250831:I:15,0,0,0,0,0,0,1,20250831,20251223
GNE:GOAQ003:Q3:Q03SU250831:I:16,0,0,0,0,0,0,1,20250831,20251223
GNE:GOAQ003:Q3:Q03SU250831:I:17,0,0,0,0,0,0,1,20250831,20251223
GNE:GOAQ003:Q3:Q03SU250831:I:18,0,0,0,0,0,0,1,20250831,20251223
GNE:GOAQ003:Q3:Q03SU250831:I:19,0,0,0,0,0,0,1,20250831,20251223
GNE:GOAQ003:Q3:Q03SU250831:I:20,0,0,0,0,0,0,1,20250831,20251223
GNE:GOAQ003:Q3:Q03SU250831:I:21,0,0,0,0,0,0,1,20250831,20251223
GNE:GOAQ003:Q3:Q03SU250831:I:22,0,0,0,0,0,0,1,20250831,20251223
GNE:GOAQ003:Q3:Q03SU250831:I:23,0,0,0,0,0,0,1,20250831,20251223
GNE:GOAQ003:Q3:Q03SU250831:I:24,0,0,0,0,0,0,1,20250831,20251223
GNE:GOAQ003:Q3:Q03SU250831:I:25,0,0,0,0,0,0,1,20250831,20251223
GNE:GOAQ003:Q3:Q03SU250831:I:26,0,0,0,0,0,0,1,20250831,20251223
GNE:GOAQ003:Q3:Q03SU250831:I:27,0,0,0,0,0,0,1,20250831,20251223
GNE:GOAQ003:Q3:Q03SU250831:I:28,0,0,0,0,0,0,1,20250831,20251223
GNE:GOAQ003:Q3:Q03SU250831:I:29,0,0,0,0,0,0,1,20250831,20251223
GNE:GOAQ003:Q3:Q03SU250831:I:30,0,0,0,0,0,0,1,20250831,20251223
GNE:GOAQ003:Q3:Q03SU250831:I:31,0,0,0,0,0,0,1,20250831,20251223
GNE:GOAQ003X:Q3X:Q03MF250831:O:2,1,1,1,1,1,0,0,20250831,20251223
GNE:GOAQ003X:Q3X:Q03MF250831:O:4,1,1,1,1,1,0,0,20250831,20251223
GNE:GOAQ003X:Q3X:Q03MF250831:O:6,1,1,1,1,1,0,0,20250831,20251223
GNE:GOAQ003X:Q3X:Q03MF250831:O:8,1,1,1,1,1,0,0,20250831,20251223
GNE:GOAQ003X:Q3X:Q03MF250831:O:10,1,1,1,1,1,0,0,20250831,20251223
GNE:GOAQ003X:Q3X:Q03MF250831:O:32,1,1,1,1,1,0,0,20250831,20251223
GNE:GOAQ003X:Q3X:Q03MF250831:O:34,1,1,1,1,1,0,0,20250831,20251223
GNE:GOAQ003X:Q3X:Q03MF250831:O:36,1,1,1,1,1,0,0,20250831,20251223
GNE:GOAQ003X:Q3X:Q03MF250831:I:3,1,1,1,1,1,0,0,20250831,20251223
GNE:GOAQ003X:Q3X:Q03MF250831:I:6,1,1,1,1,1,0,0,20250831,20251223
GNE:GOAQ003X:Q3X:Q03MF250831:I:9,1,1,1,1,1,0,0,20250831,20251223
GNE:GOAQ003X:Q3X:Q03MF250831:I:31,1,1,1,1,1,0,0,20250831,20251223
GNE:GOAQ003X:Q3X:Q03MF250831:I:33,1,1,1,1,1,0,0,20250831,20251223
GNE:GOAQ003X:Q3X:Q03MF250831:I:35,1,1,1,1,1,0,0,20250831,20251223
GNE:GOAQ003X:Q3X:Q03MF250831:I:37,1,1,1,1,1,0,0,20250831,20251223
GNE:GOAR002:R2:R02MF250831:O:1,1,1,1,1,1,0,0,20250831,20251223
GNE:GOAR002:R2:R02MF250831:O:2,1,1,1,1,1,0,0,20250831,20251223
GNE:GOAR002:R2:R02MF250831:O:3,1,1,1,1,1,0,0,20250831,20251223
GNE:GOAR002:R2:R02MF250831:O:4,1,1,1,1,1,0,0,20250831,20251223
GNE:GOAR002:R2:R02MF250831:O:5,1,1,1,1,1,0,0,20250831,20251223
GNE:GOAR002:R2:R02MF250831:O:6,1,1,1,1,1,0,0,20250831,20251223
GNE:GOAR002:R2:R02MF250831:O:7,1,1,1,1,1,0,0,20250831,20251223
GNE:GOAR002:R2:R02MF250831:O:8,1,1,1,1,1,0,0,20250831,20251223
GNE:GOAR002:R2:R02MF250831:O:9,1,1,1,1,1,0,0,20250831,20251223
GNE:GOAR002:R2:R02MF250831:O:10,1,1,1,1,1,0,0,20250831,20251223
GNE:GOAR002:R2:R02MF250831:O:11,1,1,1,1,1,0,0,20250831,20251223
GNE:GOAR002:R2:R02MF250831:O:12,1,1,1,1,1,0,0,20250831,20251223
GNE:GOAR002:R2:R02MF250831:O:13,1,1,1,1,1,0,0,20250831,20251223
GNE:GOAR002:R2:R02MF250831:O:14,1,1,1,1,1,0,0,20250831,20251223
GNE:GOAR002:R2:R02MF250831:O:15,1,1,1,1,1,0,0,20250831,20251223
GNE:GOAR002:R2:R02MF250831:O:16,1,1,1,1,1,0,0,20250831,20251223
GNE:GOAR002:R2:R02MF250831:O:17,1,1,1,1,1,0,0,20250831,20251223
GNE:GOAR002:R2:R02MF250831:O:18,1,1,1,1,1,0,0,20250831,20251223
GNE:GOAR002:R2:R02MF250831:O:19,1,1,1,1,1,0,0,20250831,20251223
GNE:GOAR002:R2:R02MF250831:O:20,1,1,1,1,1,0,0,20250831,20251223
GNE:GOAR002:R2:R02MF250831:O:21,1,1,1,1,1,0,0,20250831,20251223
GNE:GOAR002:R2:R02MF250831:O:22,1,1,1,1,1,0,0,20250831,20251223
GNE:GOAR002:R2:R02MF250831:O:23,1,1,1,1,1,0,0,20250831,20251223
GNE:GOAR002:R2:R02MF250831:O:24,1,1,1,1,1,0,0,20250831,20251223
GNE:GOAR002:R2:R02MF250831:O:25,1,1,1,1,1,0,0,20250831,20251223
GNE:GOAR002:R2:R02MF250831:O:26,1,1,1,1,1,0,0,20250831,20251223
GNE:GOAR002:R2:R02MF250831:O:27,1,1,1,1,1,0,0,20250831,20251223
GNE:GOAR002:R2:R02MF250831:O:28,1,1,1,1,1,0,0,20250831,20251223
GNE:GOAR002:R2:R02MF250831:I:1,1,1,1,1,1,0,0,20250831,20251223
GNE:GOAR002:R2:R02MF250831:I:2,1,1,1,1,1,0,0,20250831,20251223
GNE:GOAR002:R2:R02MF250831:I:3,1,1,1,1,1,0,0,20250831,20251223
GNE:GOAR002:R2:R02MF250831:I:4,1,1,1,1,1,0,0,20250831,20251223
GNE:GOAR002:R2:R02MF250831:I:5,1,1,1,1,1,0,0,20250831,20251223
GNE:GOAR002:R2:R02MF250831:I:6,1,1,1,1,1,0,0,20250831,20251223
GNE:GOAR002:R2:R02MF250831:I:7,1,1,1,1,1,0,0,20250831,20251223
GNE:GOAR002:R2:R02MF250831:I:8,1,1,1,1,1,0,0,20250831,20251223
GNE:GOAR002:R2:R02MF250831:I:9,1,1,1,1,1,0,0,20250831,20251223
GNE:GOAR002:R2:R02MF250831:I:10,1,1,1,1,1,0,0,20250831,20251223
GNE:GOAR002:R2:R02MF250831:I:11,1,1,1,1,1,0,0,20250831,20251223
GNE:GOAR002:R2:R02MF250831:I:12,1,1,1,1,1,0,0,20250831,20251223
GNE:GOAR002:R2:R02MF250831:I:13,1,1,1,1,1,0,0,20250831,20251223
GNE:GOAR002:R2:R02MF250831:I:14,1,1,1,1,1,0,0,20250831,20251223
GNE:GOAR002:R2:R02MF250831:I:15,1,1,1,1,1,0,0,20250831,20251223
GNE:GOAR002:R2:R02MF250831:I:16,1,1,1,1,1,0,0,20250831,20251223
GNE:GOAR002:R2:R02MF250831:I:17,1,1,1,1,1,0,0,20250831,20251223
GNE:GOAR002:R2:R02MF250831:I:18,1,1,1,1,1,0,0,20250831,20251223
GNE:GOAR002:R2:R02MF250831:I:19,1,1,1,1,1,0,0,20250831,20251223
GNE:GOAR002:R2:R02MF250831:I:20,1,1,1,1,1,0,0,20250831,20251223
GNE:GOAR002:R2:R02MF250831:I:21,1,1,1,1,1,0,0,20250831,20251223
GNE:GOAR002:R2:R02MF250831:I:22,1,1,1,1,1,0,0,20250831,20251223
GNE:GOAR002:R2:R02MF250831:I:23,1,1,1,1,1,0,0,20250831,20251223
GNE:GOAR002:R2:R02MF250831:I:24,1,1,1,1,1,0,0,20250831,20251223
GNE:GOAR002:R2:R02MF250831:I:25,1,1,1,1,1,0,0,20250831,20251223
GNE:GOAR002:R2:R02MF250831:I:26,1,1,1,1,1,0,0,20250831,20251223
GNE:GOAR002:R2:R02MF250831:I:27,1,1,1,1,1,0,0,20250831,20251223
GNE:GOAR002:R2:R02MF250831:I:28,1,1,1,1,1,0,0,20250831,20251223
GNE:GOAR002:R2:R02SA250831:O:1,0,0,0,0,0,1,0,20250831,20251223
GNE:GOAR002:R2:R02SA250831:O:2,0,0,0,0,0,1,0,20250831,20251223
GNE:GOAR002:R2:R02SA250831:O:3,0,0,0,0,0,1,0,20250831,20251223
GNE:GOAR002:R2:R02SA250831:O:4,0,0,0,0,0,1,0,20250831,20251223
GNE:GOAR002:R2:R02SA250831:O:5,0,0,0,0,0,1,0,20250831,20251223
GNE:GOAR002:R2:R02SA250831:O:6,0,0,0,0,0,1,0,20250831,20251223
GNE:GOAR002:R2:R02SA250831:O:7,0,0,0,0,0,1,0,20250831,20251223
GNE:GOAR002:R2:R02SA250831:O:8,0,0,0,0,0,1,0,20250831,20251223
GNE:GOAR002:R2:R02SA250831:O:9,0,0,0,0,0,1,0,20250831,20251223
GNE:GOAR002:R2:R02SA250831:O:10,0,0,0,0,0,1,0,20250831,20251223
GNE:GOAR002:R2:R02SA250831:O:11,0,0,0,0,0,1,0,20250831,20251223
GNE:GOAR002:R2:R02SA250831:O:12,0,0,0,0,0,1,0,20250831,20251223
GNE:GOAR002:R2:R02SA250831:O:13,0,0,0,0,0,1,0,20250831,20251223
GNE:GOAR002:R2:R02SA250831:O:14,0,0,0,0,0,1,0,20250831,20251223
GNE:GOAR002:R2:R02SA250831:O:15,0,0,0,0,0,1,0,20250831,20251223
GNE:GOAR002:R2:R02SA250831:O:16,0,0,0,0,0,1,0,20250831,20251223
GNE:GOAR002:R2:R02SA250831:O:17,0,0,0,0,0,1,0,20250831,20251223
GNE:GOAR002:R2:R02SA250831:O:18,0,0,0,0,0,1,0,20250831,20251223
GNE:GOAR002:R2:R02SA250831:O:19,0,0,0,0,0,1,0,20250831,20251223
GNE:GOAR002:R2:R02SA250831:O:20,0,0,0,0,0,1,0,20250831,20251223
GNE:GOAR002:R2:R02SA250831:O:21,0,0,0,0,0,1,0,20250831,20251223
GNE:GOAR002:R2:R02SA250831:O:22,0,0,0,0,0,1,0,20250831,20251223
GNE:GOAR002:R2:R02SA250831:O:23,0,0,0,0,0,1,0,20250831,20251223
GNE:GOAR002:R2:R02SA250831:O:24,0,0,0,0,0,1,0,20250831,20251223
GNE:GOAR002:R2:R02SA250831:O:25,0,0,0,0,0,1,0,20250831,20251223
GNE:GOAR002:R2:R02SA250831:O:26,0,0,0,0,0,1,0,20250831,20251223
GNE:GOAR002:R2:R02SA250831:O:27,0,0,0,0,0,1,0,20250831,20251223
GNE:GOAR002:R2:R02SA250831:O:28,0,0,0,0,0,1,0,20250831,20251223
GNE:GOAR002:R2:R02SA250831:I:1,0,0,0,0,0,1,0,20250831,20251223
GNE:GOAR002:R2:R02SA250831:I:2,0,0,0,0,0,1,0,20250831,20251223
GNE:GOAR002:R2:R02SA250831:I:3,0,0,0,0,0,1,0,20250831,20251223
GNE:GOAR002:R2:R02SA250831:I:4,0,0,0,0,0,1,0,20250831,20251223
GNE:GOAR002:R2:R02SA250831:I:5,0,0,0,0,0,1,0,20250831,20251223
GNE:GOAR002:R2:R02SA250831:I:6,0,0,0,0,0,1,0,20250831,20251223
GNE:GOAR002:R2:R02SA250831:I:7,0,0,0,0,0,1,0,20250831,20251223
GNE:GOAR002:R2:R02SA250831:I:8,0,0,0,0,0,1,0,20250831,20251223
GNE:GOAR002:R2:R02SA250831:I:9,0,0,0,0,0,1,0,20250831,20251223
GNE:GOAR002:R2:R02SA250831:I:10,0,0,0,0,0,1,0,20250831,20251223
GNE:GOAR002:R2:R02SA250831:I:11,0,0,0,0,0,1,0,20250831,20251223
GNE:GOAR002:R2:R02SA250831:I:12,0,0,0,0,0,1,0,20250831,20251223
GNE:GOAR002:R2:R02SA250831:I:13,0,0,0,0,0,1,0,20250831,20251223
GNE:GOAR002:R2:R02SA250831:I:14,0,0,0,0,0,1,0,20250831,20251223
GNE:GOAR002:R2:R02SA250831:I:15,0,0,0,0,0,1,0,20250831,20251223
GNE:GOAR002:R2:R02SA250831:I:16,0,0,0,0,0,1,0,20250831,20251223
GNE:GOAR002:R2:R02SA250831:I:17,0,0,0,0,0,1,0,20250831,20251223
GNE:GOAR002:R2:R02SA250831:I:18,0,0,0,0,0,1,0,20250831,20251223
GNE:GOAR002:R2:R02SA250831:I:19,0,0,0,0,0,1,0,20250831,20251223
GNE:GOAR002:R2:R02SA250831:I:20,0,0,0,0,0,1,0,20250831,20251223
GNE:GOAR002:R2:R02SA250831:I:21,0,0,0,0,0,1,0,20250831,20251223
GNE:GOAR002:R2:R02SA250831:I:22,0,0,0,0,0,1,0,20250831,20251223
GNE:GOAR002:R2:R02SA250831:I:23,0,0,0,0,0,1,0,20250831,20251223
GNE:GOAR002:R2:R02SA250831:I:24,0,0,0,0,0,1,0,20250831,20251223
GNE:GOAR002:R2:R02SA250831:I:25,0,0,0,0,0,1,0,20250831,20251223
GNE:GOAR002:R2:R02SA250831:I:26,0,0,0,0,0,1,0,20250831,20251223
GNE:GOAR002:R2:R02SA250831:I:27,0,0,0,0,0,1,0,20250831,20251223
GNE:GOAR002:R2:R02SA250831:I:28,0,0,0,0,0,1,0,20250831,20251223
GNE:GOAS002:S2:SAIMF250831:O:1,1,1,1,1,1,0,0,20250831,20251223
GNE:GOAS002:S2:SAIMF250831:O:2,1,1,1,1,1,0,0,20250831,20251223
GNE:GOAS002:S2:SAIMF250831:O:3,1,1,1,1,1,0,0,20250831,20251223
GNE:GOAS002:S2:SAIMF250831:O:4,1,1,1,1,1,0,0,20250831,20251223
GNE:GOAS002:S2:SAIMF250831:O:5,1,1,1,1,1,0,0,20250831,20251223
GNE:GOASB01:SB1:B01MF250831:O:1,0,0,0,0,0,0,0,20250831,20251223
GNE:GOASB01:SB1:B01MF250831:I:1,0,0,0,0,0,0,0,20250831,20251223
GNE:GOASB02:SB2:B02MF250831:O:1,0,0,0,0,0,0,0,20250831,20251223
GNE:GOASB02:SB2:B02MF250831:I:1,0,0,0,0,0,0,0,20250831,20251223
GNE:GOASB03:SB3:B03MF250831:O:1,0,0,0,0,0,0,0,20250831,20251223
GNE:GOASB03:SB3:B03MF250831:I:1,0,0,0,0,0,0,0,20250831,20251223
GNE:GOASB04:SB4:B04MF250831:O:1,0,0,0,0,0,0,0,20250831,20251223
GNE:GOASB04:SB4:B04MF250831:I:1,0,0,0,0,0,0,0,20250831,20251223
GNE:GOASB05:SB5:B05MF250831:O:1,0,0,0,0,0,0,0,20250831,20251223
GNE:GOASB05:SB5:B05MF250831:I:1,0,0,0,0,0,0,0,20250831,20251223
GNE:GOASB06:SB6:B06MF250831:O:1,0,0,0,0,0,0,0,20250831,20251223
GNE:GOASB06:SB6:B06MF250831:I:1,0,0,0,0,0,0,0,20250831,20251223
GNE:GOASB07:SB7:B07MF250831:O:1,0,0,0,0,0,0,0,20250831,20251223
GNE:GOASB07:SB7:B07MF250831:I:1,0,0,0,0,0,0,0,20250831,20251223
GNE:GOASB08:SB8:B08MF250831:O:1,0,0,0,0,0,0,0,20250831,20251223
GNE:GOASB08:SB8:B08MF250831:I:1,0,0,0,0,0,0,0,20250831,20251223
GNE:GOASB09:SB9:B09MF250831:O:1,0,0,0,0,0,0,0,20250831,20251223
GNE:GOASB09:SB9:B09MF250831:I:1,0,0,0,0,0,0,0,20250831,20251223
GNE:GOASB10:SB10:B10MF250831:O:1,0,0,0,0,0,0,0,20250831,20251223
GNE:GOASB10:SB10:B10MF250831:I:1,0,0,0,0,0,0,0,20250831,20251223
GNE:GOATOON:TOON:TTLBH250831:O:1,0,0,0,0,0,0,0,20250831,20251223
GNE:GOATOON:TOON:TTLBH250831:O:2,0,0,0,0,0,0,0,20250831,20251223
GNE:GOATOON:TOON:TTLBH250831:O:3,0,0,0,0,0,0,0,20250831,20251223
GNE:GOATOON:TOON:TTLBH250831:O:4,0,0,0,0,0,0,0,20250831,20251223
GNE:GOATOON:TOON:TTLBH250831:O:5,0,0,0,0,0,0,0,20250831,20251223
GNE:GOATOON:TOON:TTLBH250831:O:6,0,0,0,0,0,0,0,20250831,20251223
GNE:GOATOON:TOON:TTLBH250831:O:7,0,0,0,0,0,0,0,20250831,20251223
GNE:GOATOON:TOON:TTLMF250831:O:1,0,0,0,0,0,0,0,20250831,20251223
GNE:GOATOON:TOON:TTLMF250831:O:2,0,0,0,0,0,0,0,20250831,20251223
GNE:GOATOON:TOON:TTLMF250831:O:3,0,0,0,0,0,0,0,20250831,20251223
GNE:GOATOON:TOON:TTLMF250831:O:4,0,0,0,0,0,0,0,20250831,20251223
GNE:GOATOON:TOON:TTLMF250831:O:5,0,0,0,0,0,0,0,20250831,20251223
GNE:GOATOON:TOON:TTLMF250831:O:6,0,0,0,0,0,0,0,20250831,20251223
GNE:GOATOON:TOON:TTLMF250831:O:7,0,0,0,0,0,0,0,20250831,20251223
GNE:GOATOON:TOON:TTLSA250831:O:1,0,0,0,0,0,0,0,20250831,20251223
GNE:GOATOON:TOON:TTLSA250831:O:2,0,0,0,0,0,0,0,20250831,20251223
GNE:GOATOON:TOON:TTLSA250831:O:3,0,0,0,0,0,0,0,20250831,20251223
GNE:GOATOON:TOON:TTLSA250831:O:4,0,0,0,0,0,0,0,20250831,20251223
GNE:GOATOON:TOON:TTLSA250831:O:5,0,0,0,0,0,0,0,20250831,20251223
GNE:GOATOON:TOON:TTLSA250831:O:6,0,0,0,0,0,0,0,20250831,20251223
GNE:GOATOON:TOON:TTLSA250831:O:7,0,0,0,0,0,0,0,20250831,20251223
GNE:GOATOON:TOON:TTLSU250831:O:1,0,0,0,0,0,0,0,20250831,20251223
GNE:GOATOON:TOON:TTLSU250831:O:2,0,0,0,0,0,0,0,20250831,20251223
GNE:GOATOON:TOON:TTLSU250831:O:3,0,0,0,0,0,0,0,20250831,20251223
GNE:GOATOON:TOON:TTLSU250831:O:4,0,0,0,0,0,0,0,20250831,20251223
GNE:GOATOON:TOON:TTLSU250831:O:5,0,0,0,0,0,0,0,20250831,20251223
GNE:GOATOON:TOON:TTLSU250831:O:6,0,0,0,0,0,0,0,20250831,20251223
GNE:GOATOON:TOON:TTLSU250831:O:7,0,0,0,0,0,0,0,20250831,20251223
GNE:GOAV001:V1:V01MF250831:O:1,1,1,1,1,1,0,0,20250831,20251223
GNE:GOAV001:V1:V01MF250831:O:2,1,1,1,1,1,0,0,20250831,20251223
GNE:GOAV001:V1:V01MF250831:O:3,1,1,1,1,1,0,0,20250831,20251223
GNE:GOAV001:V1:V01MF250831:O:4,1,1,1,1,1,0,0,20250831,20251223
GNE:GOAV001:V1:V01MF250831:O:5,1,1,1,1,1,0,0,20250831,20251223
GNE:GOAV001:V1:V01MF250831:O:6,1,1,1,1,1,0,0,20250831,20251223
GNE:GOAV001:V1:V01MF250831:O:7,1,1,1,1,1,0,0,20250831,20251223
GNE:GOAV001:V1:V01MF250831:O:8,1,1,1,1,1,0,0,20250831,20251223
GNE:GOAV001:V1:V01MF250831:O:9,1,1,1,1,1,0,0,20250831,20251223
GNE:GOAV001:V1:V01MF250831:O:10,1,1,1,1,1,0,0,20250831,20251223
GNE:GOAV001:V1:V01MF250831:O:11,1,1,1,1,1,0,0,20250831,20251223
GNE:GOAV001:V1:V01MF250831:O:12,1,1,1,1,1,0,0,20250831,20251223
GNE:GOAV001:V1:V01MF250831:O:13,1,1,1,1,1,0,0,20250831,20251223
GNE:GOAV001:V1:V01MF250831:O:14,1,1,1,1,1,0,0,20250831,20251223
GNE:GOAV001:V1:V01MF250831:O:15,1,1,1,1,1,0,0,20250831,20251223
GNE:GOAV001:V1:V01MF250831:O:16,1,1,1,1,1,0,0,20250831,20251223
GNE:GOAV001:V1:V01MF250831:O:17,1,1,1,1,1,0,0,20250831,20251223
GNE:GOAV001:V1:V01MF250831:O:18,1,1,1,1,1,0,0,20250831,20251223
GNE:GOAV001:V1:V01MF250831:O:19,1,1,1,1,1,0,0,20250831,20251223
GNE:GOAV001:V1:V01MF250831:O:20,1,1,1,1,1,0,0,20250831,20251223
GNE:GOAV001:V1:V01MF250831:O:21,1,1,1,1,1,0,0,20250831,20251223
GNE:GOAV001:V1:V01MF250831:O:22,1,1,1,1,1,0,0,20250831,20251223
GNE:GOAV001:V1:V01MF250831:O:23,1,1,1,1,1,0,0,20250831,20251223
GNE:GOAV001:V1:V01MF250831:O:24,1,1,1,1,1,0,0,20250831,20251223
GNE:GOAV001:V1:V01MF250831:O:25,1,1,1,1,1,0,0,20250831,20251223
GNE:GOAV001:V1:V01MF250831:O:26,1,1,1,1,1,0,0,20250831,20251223
GNE:GOAV001:V1:V01MF250831:O:27,1,1,1,1,1,0,0,20250831,20251223
GNE:GOAV001:V1:V01MF250831:O:28,1,1,1,1,1,0,0,20250831,20251223
GNE:GOAV001:V1:V01SA250831:O:1,0,0,0,0,0,1,0,20250831,20251223
GNE:GOAV001:V1:V01SA250831:O:2,0,0,0,0,0,1,0,20250831,20251223
GNE:GOAV001:V1:V01SA250831:O:3,0,0,0,0,0,1,0,20250831,20251223
GNE:GOAV001:V1:V01SA250831:O:4,0,0,0,0,0,1,0,20250831,20251223
GNE:GOAV001:V1:V01SA250831:O:5,0,0,0,0,0,1,0,20250831,20251223
GNE:GOAV001:V1:V01SA250831:O:6,0,0,0,0,0,1,0,20250831,20251223
GNE:GOAV001:V1:V01SA250831:O:7,0,0,0,0,0,1,0,20250831,20251223
GNE:GOAV001:V1:V01SA250831:O:8,0,0,0,0,0,1,0,20250831,20251223
GNE:GOAV001:V1:V01SA250831:O:9,0,0,0,0,0,1,0,20250831,20251223
GNE:GOAV001:V1:V01SA250831:O:10,0,0,0,0,0,1,0,20250831,20251223
GNE:GOAV001:V1:V01SA250831:O:11,0,0,0,0,0,1,0,20250831,20251223
GNE:GOAV001:V1:V01SA250831:O:12,0,0,0,0,0,1,0,20250831,20251223
GNE:GOAV001:V1:V01SA250831:O:13,0,0,0,0,0,1,0,20250831,20251223
GNE:GOAV001:V1:V01SA250831:O:14,0,0,0,0,0,1,0,20250831,20251223
GNE:GOAV001:V1:V01SA250831:O:15,0,0,0,0,0,1,0,20250831,20251223
GNE:GOAV001:V1:V01SA250831:O:16,0,0,0,0,0,1,0,20250831,20251223
GNE:GOAV001:V1:V01SA250831:O:17,0,0,0,0,0,1,0,20250831,20251223
GNE:GOAV001:V1:V01SA250831:O:18,0,0,0,0,0,1,0,20250831,20251223
GNE:GOAV001:V1:V01SA250831:O:19,0,0,0,0,0,1,0,20250831,20251223
GNE:GOAV001:V1:V01SA250831:O:20,0,0,0,0,0,1,0,20250831,20251223
GNE:GOAV001:V1:V01SA250831:O:21,0,0,0,0,0,1,0,20250831,20251223
GNE:GOAV001:V1:V01SA250831:O:22,0,0,0,0,0,1,0,20250831,20251223
GNE:GOAV001:V1:V01SA250831:O:23,0,0,0,0,0,1,0,20250831,20251223
GNE:GOAV001:V1:V01SA250831:O:24,0,0,0,0,0,1,0,20250831,20251223
GNE:GOAV001:V1:V01SA250831:O:25,0,0,0,0,0,1,0,20250831,20251223
GNE:GOAV001:V1:V01SA250831:O:26,0,0,0,0,0,1,0,20250831,20251223
GNE:GOAV001:V1:V01SA250831:O:27,0,0,0,0,0,1,0,20250831,20251223
GNE:GOAV001:V1:V01SU250831:O:1,0,0,0,0,0,0,1,20250831,20251223
GNE:GOAV001:V1:V01SU250831:O:2,0,0,0,0,0,0,1,20250831,20251223
GNE:GOAV001:V1:V01SU250831:O:3,0,0,0,0,0,0,1,20250831,20251223
GNE:GOAV001:V1:V01SU250831:O:4,0,0,0,0,0,0,1,20250831,20251223
GNE:GOAV001:V1:V01SU250831:O:5,0,0,0,0,0,0,1,20250831,20251223
GNE:GOAV001:V1:V01SU250831:O:6,0,0,0,0,0,0,1,20250831,20251223
GNE:GOAV001:V1:V01SU250831:O:7,0,0,0,0,0,0,1,20250831,20251223
GNE:GOAV001:V1:V01SU250831:O:8,0,0,0,0,0,0,1,20250831,20251223
GNE:GOAV001:V1:V01SU250831:O:9,0,0,0,0,0,0,1,20250831,20251223
GNE:GOAV001:V1:V01SU250831:O:10,0,0,0,0,0,0,1,20250831,20251223
GNE:GOAV001:V1:V01SU250831:O:11,0,0,0,0,0,0,1,20250831,20251223
GNE:GOAV002:V2:V02MF250831:O:1,1,1,1,1,1,0,0,20250831,20251223
GNE:GOAV002:V2:V02MF250831:O:2,1,1,1,1,1,0,0,20250831,20251223
GNE:GOAV002:V2:V02MF250831:O:3,1,1,1,1,1,0,0,20250831,20251223
GNE:GOAV002:V2:V02MF250831:O:4,1,1,1,1,1,0,0,20250831,20251223
GNE:GOAV002:V2:V02MF250831:O:5,1,1,1,1,1,0,0,20250831,20251223
GNE:GOAV002:V2:V02MF250831:O:6,1,1,1,1,1,0,0,20250831,20251223
GNE:GOAV002:V2:V02MF250831:O:7,1,1,1,1,1,0,0,20250831,20251223
GNE:GOAV002:V2:V02MF250831:O:8,1,1,1,1,1,0,0,20250831,20251223
GNE:GOAV002:V2:V02MF250831:O:9,1,1,1,1,1,0,0,20250831,20251223
GNE:GOAV002:V2:V02MF250831:O:10,1,1,1,1,1,0,0,20250831,20251223
GNE:GOAV002:V2:V02MF250831:O:11,1,1,1,1,1,0,0,20250831,20251223
GNE:GOAV002:V2:V02MF250831:O:12,1,1,1,1,1,0,0,20250831,20251223
GNE:GOAV002:V2:V02SA250831:O:1,0,0,0,0,0,1,0,20250831,20251223
GNE:GOAV002:V2:V02SA250831:O:2,0,0,0,0,0,1,0,20250831,20251223
GNE:GOAV002:V2:V02SA250831:O:3,0,0,0,0,0,1,0,20250831,20251223
GNE:GOAV002:V2:V02SA250831:O:4,0,0,0,0,0,1,0,20250831,20251223
GNE:GOAV002:V2:V02SA250831:O:5,0,0,0,0,0,1,0,20250831,20251223
GNE:GOAV002:V2:V02SA250831:O:6,0,0,0,0,0,1,0,20250831,20251223
GNE:GOAV002:V2:V02SA250831:O:7,0,0,0,0,0,1,0,20250831,20251223
GNE:GOAV002:V2:V02SA250831:O:8,0,0,0,0,0,1,0,20250831,20251223
GNE:GOAV002:V2:V02SA250831:O:9,0,0,0,0,0,1,0,20250831,20251223
GNE:GOAV002:V2:V02SA250831:O:10,0,0,0,0,0,1,0,20250831,20251223
GNE:GOAV005:V5:V05MF250831:O:1,1,1,1,1,1,0,0,20250831,20251223
GNE:GOAV005:V5:V05MF250831:O:2,1,1,1,1,1,0,0,20250831,20251223
GNE:GOAV005:V5:V05MF250831:O:3,1,1,1,1,1,0,0,20250831,20251223
GNE:GOAV005:V5:V05MF250831:O:4,1,1,1,1,1,0,0,20250831,20251223
GNE:GOAV005:V5:V05MF250831:O:5,1,1,1,1,1,0,0,20250831,20251223
GNE:GOAV005:V5:V05MF250831:O:6,1,1,1,1,1,0,0,20250831,20251223
GNE:GOAV005:V5:V05MF250831:O:7,1,1,1,1,1,0,0,20250831,20251223
GNE:GOAV005:V5:V05MF250831:O:8,1,1,1,1,1,0,0,20250831,20251223
GNE:GOAV005:V5:V05MF250831:O:9,1,1,1,1,1,0,0,20250831,20251223
GNE:GOAV005:V5:V05MF250831:O:10,1,1,1,1,1,0,0,20250831,20251223
GNE:GOAV005:V5:V05MF250831:O:11,1,1,1,1,1,0,0,20250831,20251223
GNE:GOAV005:V5:V05MF250831:O:12,1,1,1,1,1,0,0,20250831,20251223
GNE:GOAV005:V5:V05MF250831:O:13,1,1,1,1,1,0,0,20250831,20251223
GNE:GOAV005:V5:V05MF250831:O:14,1,1,1,1,1,0,0,20250831,20251223
GNE:GOAV005:V5:V05MF250831:I:1,1,1,1,1,1,0,0,20250831,20251223
GNE:GOAV005:V5:V05MF250831:I:2,1,1,1,1,1,0,0,20250831,20251223
GNE:GOAV005:V5:V05MF250831:I:3,1,1,1,1,1,0,0,20250831,20251223
GNE:GOAV005:V5:V05MF250831:I:4,1,1,1,1,1,0,0,20250831,20251223
GNE:GOAV005:V5:V05MF250831:I:5,1,1,1,1,1,0,0,20250831,20251223
GNE:GOAV005:V5:V05MF250831:I:6,1,1,1,1,1,0,0,20250831,20251223
GNE:GOAV005:V5:V05MF250831:I:7,1,1,1,1,1,0,0,20250831,20251223
GNE:GOAV005:V5:V05MF250831:I:8,1,1,1,1,1,0,0,20250831,20251223
GNE:GOAV005:V5:V05MF250831:I:9,1,1,1,1,1,0,0,20250831,20251223
GNE:GOAV005:V5:V05MF250831:I:10,1,1,1,1,1,0,0,20250831,20251223
GNE:GOAV005:V5:V05MF250831:I:11,1,1,1,1,1,0,0,20250831,20251223
GNE:GOAV005:V5:V05MF250831:I:12,1,1,1,1,1,0,0,20250831,20251223
GNE:GOAV005:V5:V05MF250831:I:13,1,1,1,1,1,0,0,20250831,20251223
GNE:GOAV005:V5:V05MF250831:I:14,1,1,1,1,1,0,0,20250831,20251223
GNE:GOAV005:V5:V05MF250831:I:15,1,1,1,1,1,0,0,20250831,20251223
GNE:GOAV005:V5:V05SA250831:O:1,0,0,0,0,0,1,0,20250831,20251223
GNE:GOAV005:V5:V05SA250831:O:2,0,0,0,0,0,1,0,20250831,20251223
GNE:GOAV005:V5:V05SA250831:O:3,0,0,0,0,0,1,0,20250831,20251223
GNE:GOAV005:V5:V05SA250831:O:4,0,0,0,0,0,1,0,20250831,20251223
GNE:GOAV005:V5:V05SA250831:O:5,0,0,0,0,0,1,0,20250831,20251223
GNE:GOAV005:V5:V05SA250831:O:6,0,0,0,0,0,1,0,20250831,20251223
GNE:GOAV005:V5:V05SA250831:O:7,0,0,0,0,0,1,0,20250831,20251223
GNE:GOAV005:V5:V05SA250831:O:8,0,0,0,0,0,1,0,20250831,20251223
GNE:GOAV005:V5:V05SA250831:O:9,0,0,0,0,0,1,0,20250831,20251223
GNE:GOAV005:V5:V05SA250831:O:10,0,0,0,0,0,1,0,20250831,20251223
GNE:GOAV005:V5:V05SA250831:O:11,0,0,0,0,0,1,0,20250831,20251223
GNE:GOAV005:V5:V05SA250831:O:12,0,0,0,0,0,1,0,20250831,20251223
GNE:GOAV005:V5:V05SA250831:O:13,0,0,0,0,0,1,0,20250831,20251223
GNE:GOAV005:V5:V05SA250831:O:14,0,0,0,0,0,1,0,20250831,20251223
GNE:GOAV005:V5:V05SA250831:I:1,0,0,0,0,0,1,0,20250831,20251223
GNE:GOAV005:V5:V05SA250831:I:2,0,0,0,0,0,1,0,20250831,20251223
GNE:GOAV005:V5:V05SA250831:I:3,0,0,0,0,0,1,0,20250831,20251223
GNE:GOAV005:V5:V05SA250831:I:4,0,0,0,0,0,1,0,20250831,20251223
GNE:GOAV005:V5:V05SA250831:I:5,0,0,0,0,0,1,0,20250831,20251223
GNE:GOAV005:V5:V05SA250831:I:6,0,0,0,0,0,1,0,20250831,20251223
GNE:GOAV005:V5:V05SA250831:I:7,0,0,0,0,0,1,0,20250831,20251223
GNE:GOAV005:V5:V05SA250831:I:8,0,0,0,0,0,1,0,20250831,20251223
GNE:GOAV005:V5:V05SA250831:I:9,0,0,0,0,0,1,0,20250831,20251223
GNE:GOAV005:V5:V05SA250831:I:10,0,0,0,0,0,1,0,20250831,20251223
GNE:GOAV005:V5:V05SA250831:I:11,0,0,0,0,0,1,0,20250831,20251223
GNE:GOAV005:V5:V05SA250831:I:12,0,0,0,0,0,1,0,20250831,20251223
GNE:GOAV005:V5:V05SA250831:I:13,0,0,0,0,0,1,0,20250831,20251223
GNE:GOAV005:V5:V05SA250831:I:14,0,0,0,0,0,1,0,20250831,20251223
GNE:GOAV005:V5:V05SU250831:O:1,0,0,0,0,0,0,1,20250831,20251223
GNE:GOAV005:V5:V05SU250831:O:2,0,0,0,0,0,0,1,20250831,20251223
GNE:GOAV005:V5:V05SU250831:O:3,0,0,0,0,0,0,1,20250831,20251223
GNE:GOAV005:V5:V05SU250831:O:4,0,0,0,0,0,0,1,20250831,20251223
GNE:GOAV005:V5:V05SU250831:O:5,0,0,0,0,0,0,1,20250831,20251223
GNE:GOAV005:V5:V05SU250831:O:6,0,0,0,0,0,0,1,20250831,20251223
GNE:GOAV005:V5:V05SU250831:O:7,0,0,0,0,0,0,1,20250831,20251223
GNE:GOAV005:V5:V05SU250831:O:8,0,0,0,0,0,0,1,20250831,20251223
GNE:GOAV005:V5:V05SU250831:O:9,0,0,0,0,0,0,1,20250831,20251223
GNE:GOAV005:V5:V05SU250831:O:10,0,0,0,0,0,0,1,20250831,20251223
GNE:GOAV005:V5:V05SU250831:I:1,0,0,0,0,0,0,1,20250831,20251223
GNE:GOAV005:V5:V05SU250831:I:2,0,0,0,0,0,0,1,20250831,20251223
GNE:GOAV005:V5:V05SU250831:I:3,0,0,0,0,0,0,1,20250831,20251223
GNE:GOAV005:V5:V05SU250831:I:4,0,0,0,0,0,0,1,20250831,20251223
GNE:GOAV005:V5:V05SU250831:I:5,0,0,0,0,0,0,1,20250831,20251223
GNE:GOAV005:V5:V05SU250831:I:6,0,0,0,0,0,0,1,20250831,20251223
GNE:GOAV005:V5:V05SU250831:I:7,0,0,0,0,0,0,1,20250831,20251223
GNE:GOAV005:V5:V05SU250831:I:8,0,0,0,0,0,0,1,20250831,20251223
GNE:GOAV005:V5:V05SU250831:I:9,0,0,0,0,0,0,1,20250831,20251223
GNE:GOAV005:V5:V05SU250831:I:10,0,0,0,0,0,0,1,20250831,20251223
GNE:GOAX001:X1:X01MF250831:O:1,1,1,1,1,1,0,0,20250831,20251223
GNE:GOAX001:X1:X01MF250831:O:2,1,1,1,1,1,0,0,20250831,20251223
GNE:GOAX001:X1:X01MF250831:O:3,1,1,1,1,1,0,0,20250831,20251223
GNE:GOAX001:X1:X01MF250831:O:5,1,1,1,1,1,0,0,20250831,20251223
GNE:GOAX001:X1:X01MF250831:O:7,1,1,1,1,1,0,0,20250831,20251223
GNE:GOAX001:X1:X01MF250831:O:8,1,1,1,1,1,0,0,20250831,20251223
GNE:GOAX001:X1:X01MF250831:O:9,1,1,1,1,1,0,0,20250831,20251223
GNE:GOAX001:X1:X01MF250831:O:10,1,1,1,1,1,0,0,20250831,20251223
GNE:GOAX001:X1:X01MF250831:O:11,1,1,1,1,1,0,0,20250831,20251223
GNE:GOAX001:X1:X01MF250831:O:12,1,1,1,1,1,0,0,20250831,20251223
GNE:GOAX001:X1:X01MF250831:O:13,1,1,1,1,1,0,0,20250831,20251223
GNE:GOAX001:X1:X01MF250831:O:14,1,1,1,1,1,0,0,20250831,20251223
GNE:GOAX001:X1:X01MF250831:O:15,1,1,1,1,1,0,0,20250831,20251223
GNE:GOAX001:X1:X01MF250831:O:16,1,1,1,1,1,0,0,20250831,20251223
GNE:GOAX001:X1:X01MF250831:O:17,1,1,1,1,1,0,0,20250831,20251223
GNE:GOAX001:X1:X01MF250831:O:18,1,1,1,1,1,0,0,20250831,20251223
GNE:GOAX001:X1:X01MF250831:O:19,1,1,1,1,1,0,0,20250831,20251223
GNE:GOAX001:X1:X01MF250831:O:20,1,1,1,1,1,0,0,20250831,20251223
GNE:GOAX001:X1:X01MF250831:O:21,1,1,1,1,1,0,0,20250831,20251223
GNE:GOAX001:X1:X01MF250831:O:22,1,1,1,1,1,0,0,20250831,20251223
GNE:GOAX001:X1:X01MF250831:O:23,1,1,1,1,1,0,0,20250831,20251223
GNE:GOAX001:X1:X01MF250831:O:24,1,1,1,1,1,0,0,20250831,20251223
GNE:GOAX001:X1:X01MF250831:O:25,1,1,1,1,1,0,0,20250831,20251223
GNE:GOAX001:X1:X01MF250831:O:26,1,1,1,1,1,0,0,20250831,20251223
GNE:GOAX001:X1:X01MF250831:O:27,1,1,1,1,1,0,0,20250831,20251223
GNE:GOAX001:X1:X01MF250831:O:28,1,1,1,1,1,0,0,20250831,20251223
GNE:GOAX001:X1:X01MF250831:O:29,1,1,1,1,1,0,0,20250831,20251223
GNE:GOAX001:X1:X01MF250831:O:30,1,1,1,1,1,0,0,20250831,20251223
GNE:GOAX001:X1:X01MF250831:O:31,1,1,1,1,1,0,0,20250831,20251223
GNE:GOAX001:X1:X01MF250831:O:32,1,1,1,1,1,0,0,20250831,20251223
GNE:GOAX001:X1:X01MF250831:O:33,1,1,1,1,1,0,0,20250831,20251223
GNE:GOAX001:X1:X01MF250831:O:34,1,1,1,1,1,0,0,20250831,20251223
GNE:GOAX001:X1:X01MF250831:O:35,1,1,1,1,1,0,0,20250831,20251223
GNE:GOAX001:X1:X01MF250831:O:36,1,1,1,1,1,0,0,20250831,20251223
GNE:GOAX001:X1:X01MF250831:O:37,1,1,1,1,1,0,0,20250831,20251223
GNE:GOAX001:X1:X01MF250831:O:38,1,1,1,1,1,0,0,20250831,20251223
GNE:GOAX001:X1:X01MF250831:O:39,1,1,1,1,1,0,0,20250831,20251223
GNE:GOAX001:X1:X01MF250831:O:40,1,1,1,1,1,0,0,20250831,20251223
GNE:GOAX001:X1:X01MF250831:O:41,1,1,1,1,1,0,0,20250831,20251223
GNE:GOAX001:X1:X01MF250831:O:42,1,1,1,1,1,0,0,20250831,20251223
GNE:GOAX001:X1:X01MF250831:O:43,1,1,1,1,1,0,0,20250831,20251223
GNE:GOAX001:X1:X01MF250831:O:44,1,1,1,1,1,0,0,20250831,20251223
GNE:GOAX001:X1:X01MF250831:O:45,1,1,1,1,1,0,0,20250831,20251223
GNE:GOAX001:X1:X01MF250831:O:46,1,1,1,1,1,0,0,20250831,20251223
GNE:GOAX001:X1:X01MF250831:O:47,1,1,1,1,1,0,0,20250831,20251223
GNE:GOAX001:X1:X01MF250831:O:48,1,1,1,1,1,0,0,20250831,20251223
GNE:GOAX001:X1:X01MF250831:O:49,1,1,1,1,1,0,0,20250831,20251223
GNE:GOAX001:X1:X01MF250831:O:50,1,1,1,1,1,0,0,20250831,20251223
GNE:GOAX001:X1:X01MF250831:O:51,1,1,1,1,1,0,0,20250831,20251223
GNE:GOAX001:X1:X01MF250831:O:52,1,1,1,1,1,0,0,20250831,20251223
GNE:GOAX001:X1:X01MF250831:O:53,1,1,1,1,1,0,0,20250831,20251223
GNE:GOAX001:X1:X01MF250831:O:54,1,1,1,1,1,0,0,20250831,20251223
GNE:GOAX001:X1:X01MF250831:O:55,1,1,1,1,1,0,0,20250831,20251223
GNE:GOAX001:X1:X01MF250831:O:56,1,1,1,1,1,0,0,20250831,20251223
GNE:GOAX001:X1:X01MF250831:O:57,1,1,1,1,1,0,0,20250831,20251223
GNE:GOAX001:X1:X01MF250831:O:58,1,1,1,1,1,0,0,20250831,20251223
GNE:GOAX001:X1:X01MF250831:O:59,1,1,1,1,1,0,0,20250831,20251223
GNE:GOAX001:X1:X01MF250831:O:60,1,1,1,1,1,0,0,20250831,20251223
GNE:GOAX001:X1:X01MF250831:O:61,1,1,1,1,1,0,0,20250831,20251223
GNE:GOAX001:X1:X01MF250831:O:62,1,1,1,1,1,0,0,20250831,20251223
GNE:GOAX001:X1:X01MF250831:I:1,1,1,1,1,1,0,0,20250831,20251223
GNE:GOAX001:X1:X01MF250831:I:2,1,1,1,1,1,0,0,20250831,20251223
GNE:GOAX001:X1:X01MF250831:I:3,1,1,1,1,1,0,0,20250831,20251223
GNE:GOAX001:X1:X01MF250831:I:4,1,1,1,1,1,0,0,20250831,20251223
GNE:GOAX001:X1:X01MF250831:I:5,1,1,1,1,1,0,0,20250831,20251223
GNE:GOAX001:X1:X01MF250831:I:6,1,1,1,1,1,0,0,20250831,20251223
GNE:GOAX001:X1:X01MF250831:I:7,1,1,1,1,1,0,0,20250831,20251223
GNE:GOAX001:X1:X01MF250831:I:8,1,1,1,1,1,0,0,20250831,20251223
GNE:GOAX001:X1:X01MF250831:I:9,0,0,0,0,0,0,0,20250831,20251223
GNE:GOAX001:X1:X01MF250831:I:10,1,1,1,1,1,0,0,20250831,20251223
GNE:GOAX001:X1:X01MF250831:I:11,1,1,1,1,1,0,0,20250831,20251223
GNE:GOAX001:X1:X01MF250831:I:12,1,1,1,1,1,0,0,20250831,20251223
GNE:GOAX001:X1:X01MF250831:I:13,1,1,1,1,1,0,0,20250831,20251223
GNE:GOAX001:X1:X01MF250831:I:14,1,1,1,1,1,0,0,20250831,20251223
GNE:GOAX001:X1:X01MF250831:I:15,1,1,1,1,1,0,0,20250831,20251223
GNE:GOAX001:X1:X01MF250831:I:16,1,1,1,1,1,0,0,20250831,20251223
GNE:GOAX001:X1:X01MF250831:I:17,1,1,1,1,1,0,0,20250831,20251223
GNE:GOAX001:X1:X01MF250831:I:18,1,1,1,1,1,0,0,20250831,20251223
GNE:GOAX001:X1:X01MF250831:I:19,1,1,1,1,1,0,0,20250831,20251223
GNE:GOAX001:X1:X01MF250831:I:20,1,1,1,1,1,0,0,20250831,20251223
GNE:GOAX001:X1:X01MF250831:I:21,1,1,1,1,1,0,0,20250831,20251223
GNE:GOAX001:X1:X01MF250831:I:22,1,1,1,1,1,0,0,20250831,20251223
GNE:GOAX001:X1:X01MF250831:I:23,1,1,1,1,1,0,0,20250831,20251223
GNE:GOAX001:X1:X01MF250831:I:24,1,1,1,1,1,0,0,20250831,20251223
GNE:GOAX001:X1:X01MF250831:I:25,1,1,1,1,1,0,0,20250831,20251223
GNE:GOAX001:X1:X01MF250831:I:26,1,1,1,1,1,0,0,20250831,20251223
GNE:GOAX001:X1:X01MF250831:I:27,1,1,1,1,1,0,0,20250831,20251223
GNE:GOAX001:X1:X01MF250831:I:28,1,1,1,1,1,0,0,20250831,20251223
GNE:GOAX001:X1:X01MF250831:I:29,1,1,1,1,1,0,0,20250831,20251223
GNE:GOAX001:X1:X01MF250831:I:30,1,1,1,1,1,0,0,20250831,20251223
GNE:GOAX001:X1:X01MF250831:I:31,1,1,1,1,1,0,0,20250831,20251223
GNE:GOAX001:X1:X01MF250831:I:32,1,1,1,1,1,0,0,20250831,20251223
GNE:GOAX001:X1:X01MF250831:I:33,1,1,1,1,1,0,0,20250831,20251223
GNE:GOAX001:X1:X01MF250831:I:34,1,1,1,1,1,0,0,20250831,20251223
GNE:GOAX001:X1:X01MF250831:I:35,1,1,1,1,1,0,0,20250831,20251223
GNE:GOAX001:X1:X01MF250831:I:36,1,1,1,1,1,0,0,20250831,20251223
GNE:GOAX001:X1:X01MF250831:I:37,1,1,1,1,1,0,0,20250831,20251223
GNE:GOAX001:X1:X01MF250831:I:38,1,1,1,1,1,0,0,20250831,20251223
GNE:GOAX001:X1:X01MF250831:I:39,1,1,1,1,1,0,0,20250831,20251223
GNE:GOAX001:X1:X01MF250831:I:40,1,1,1,1,1,0,0,20250831,20251223
GNE:GOAX001:X1:X01MF250831:I:41,1,1,1,1,1,0,0,20250831,20251223
GNE:GOAX001:X1:X01MF250831:I:42,1,1,1,1,1,0,0,20250831,20251223
GNE:GOAX001:X1:X01MF250831:I:43,1,1,1,1,1,0,0,20250831,20251223
GNE:GOAX001:X1:X01MF250831:I:44,1,1,1,1,1,0,0,20250831,20251223
GNE:GOAX001:X1:X01MF250831:I:45,1,1,1,1,1,0,0,20250831,20251223
GNE:GOAX001:X1:X01MF250831:I:46,1,1,1,1,1,0,0,20250831,20251223
GNE:GOAX001:X1:X01MF250831:I:47,1,1,1,1,1,0,0,20250831,20251223
GNE:GOAX001:X1:X01MF250831:I:48,1,1,1,1,1,0,0,20250831,20251223
GNE:GOAX001:X1:X01MF250831:I:50,1,1,1,1,1,0,0,20250831,20251223
GNE:GOAX001:X1:X01MF250831:I:51,1,1,1,1,1,0,0,20250831,20251223
GNE:GOAX001:X1:X01MF250831:I:52,1,1,1,1,1,0,0,20250831,20251223
GNE:GOAX001:X1:X01MF250831:I:54,1,1,1,1,1,0,0,20250831,20251223
GNE:GOAX001:X1:X01MF250831:I:55,1,1,1,1,1,0,0,20250831,20251223
GNE:GOAX001:X1:X01MF250831:I:56,1,1,1,1,1,0,0,20250831,20251223
GNE:GOAX001:X1:X01MF250831:I:57,1,1,1,1,1,0,0,20250831,20251223
GNE:GOAX001:X1:X01MF250831:I:58,1,1,1,1,1,0,0,20250831,20251223
GNE:GOAX001:X1:X01MF250831:I:59,1,1,1,1,1,0,0,20250831,20251223
GNE:GOAX001:X1:X01MF250831:I:60,1,1,1,1,1,0,0,20250831,20251223
GNE:GOAX001:X1:X01MF250831:I:61,1,1,1,1,1,0,0,20250831,20251223
GNE:GOAX001:X1:X01MF250831:I:62,1,1,1,1,1,0,0,20250831,20251223
GNE:GOAX001:X1:X01MF250831:I:63,1,1,1,1,1,0,0,20250831,20251223
GNE:GOAX001:X1:X01MF250831:I:64,1,1,1,1,1,0,0,20250831,20251223
GNE:GOAX001:X1:X01MF250831:I:65,1,1,1,1,1,0,0,20250831,20251223
GNE:GOAX001:X1:X01MF250831:I:66,1,1,1,1,1,0,0,20250831,20251223
GNE:GOAX001:X1:X01MF250831:I:67,1,1,1,1,1,0,0,20250831,20251223
GNE:GOAX001:X1:X01MF250831:I:68,1,1,1,1,1,0,0,20250831,20251223
GNE:GOAX001:X1:X01SA250831:O:1,0,0,0,0,0,1,0,20250831,20251223
GNE:GOAX001:X1:X01SA250831:O:2,0,0,0,0,0,1,0,20250831,20251223
GNE:GOAX001:X1:X01SA250831:O:3,0,0,0,0,0,1,0,20250831,20251223
GNE:GOAX001:X1:X01SA250831:O:4,0,0,0,0,0,1,0,20250831,20251223
GNE:GOAX001:X1:X01SA250831:O:5,0,0,0,0,0,1,0,20250831,20251223
GNE:GOAX001:X1:X01SA250831:O:6,0,0,0,0,0,1,0,20250831,20251223
GNE:GOAX001:X1:X01SA250831:O:7,0,0,0,0,0,1,0,20250831,20251223
GNE:GOAX001:X1:X01SA250831:O:8,0,0,0,0,0,1,0,20250831,20251223
GNE:GOAX001:X1:X01SA250831:O:9,0,0,0,0,0,1,0,20250831,20251223
GNE:GOAX001:X1:X01SA250831:O:10,0,0,0,0,0,1,0,20250831,20251223
GNE:GOAX001:X1:X01SA250831:O:11,0,0,0,0,0,1,0,20250831,20251223
GNE:GOAX001:X1:X01SA250831:O:12,0,0,0,0,0,1,0,20250831,20251223
GNE:GOAX001:X1:X01SA250831:O:13,0,0,0,0,0,1,0,20250831,20251223
GNE:GOAX001:X1:X01SA250831:O:14,0,0,0,0,0,1,0,20250831,20251223
GNE:GOAX001:X1:X01SA250831:O:15,0,0,0,0,0,1,0,20250831,20251223
GNE:GOAX001:X1:X01SA250831:O:16,0,0,0,0,0,1,0,20250831,20251223
GNE:GOAX001:X1:X01SA250831:O:17,0,0,0,0,0,1,0,20250831,20251223
GNE:GOAX001:X1:X01SA250831:O:18,0,0,0,0,0,1,0,20250831,20251223
GNE:GOAX001:X1:X01SA250831:O:19,0,0,0,0,0,1,0,20250831,20251223
GNE:GOAX001:X1:X01SA250831:O:20,0,0,0,0,0,1,0,20250831,20251223
GNE:GOAX001:X1:X01SA250831:O:21,0,0,0,0,0,1,0,20250831,20251223
GNE:GOAX001:X1:X01SA250831:O:22,0,0,0,0,0,1,0,20250831,20251223
GNE:GOAX001:X1:X01SA250831:O:23,0,0,0,0,0,1,0,20250831,20251223
GNE:GOAX001:X1:X01SA250831:O:24,0,0,0,0,0,1,0,20250831,20251223
GNE:GOAX001:X1:X01SA250831:O:25,0,0,0,0,0,1,0,20250831,20251223
GNE:GOAX001:X1:X01SA250831:O:26,0,0,0,0,0,1,0,20250831,20251223
GNE:GOAX001:X1:X01SA250831:O:27,0,0,0,0,0,1,0,20250831,20251223
GNE:GOAX001:X1:X01SA250831:O:28,0,0,0,0,0,1,0,20250831,20251223
GNE:GOAX001:X1:X01SA250831:O:29,0,0,0,0,0,1,0,20250831,20251223
GNE:GOAX001:X1:X01SA250831:O:30,0,0,0,0,0,1,0,20250831,20251223
GNE:GOAX001:X1:X01SA250831:O:31,0,0,0,0,0,1,0,20250831,20251223
GNE:GOAX001:X1:X01SA250831:O:32,0,0,0,0,0,1,0,20250831,20251223
GNE:GOAX001:X1:X01SA250831:O:33,0,0,0,0,0,1,0,20250831,20251223
GNE:GOAX001:X1:X01SA250831:O:34,0,0,0,0,0,1,0,20250831,20251223
GNE:GOAX001:X1:X01SA250831:O:35,0,0,0,0,0,1,0,20250831,20251223
GNE:GOAX001:X1:X01SA250831:O:36,0,0,0,0,0,1,0,20250831,20251223
GNE:GOAX001:X1:X01SA250831:O:37,0,0,0,0,0,1,0,20250831,20251223
GNE:GOAX001:X1:X01SA250831:O:38,0,0,0,0,0,1,0,20250831,20251223
GNE:GOAX001:X1:X01SA250831:O:39,0,0,0,0,0,1,0,20250831,20251223
GNE:GOAX001:X1:X01SA250831:O:40,0,0,0,0,0,1,0,20250831,20251223
GNE:GOAX001:X1:X01SA250831:O:41,0,0,0,0,0,1,0,20250831,20251223
GNE:GOAX001:X1:X01SA250831:O:42,0,0,0,0,0,1,0,20250831,20251223
GNE:GOAX001:X1:X01SA250831:O:43,0,0,0,0,0,1,0,20250831,20251223
GNE:GOAX001:X1:X01SA250831:O:44,0,0,0,0,0,1,0,20250831,20251223
GNE:GOAX001:X1:X01SA250831:O:45,0,0,0,0,0,1,0,20250831,20251223
GNE:GOAX001:X1:X01SA250831:O:46,0,0,0,0,0,1,0,20250831,20251223
GNE:GOAX001:X1:X01SA250831:O:47,0,0,0,0,0,1,0,20250831,20251223
GNE:GOAX001:X1:X01SA250831:O:48,0,0,0,0,0,1,0,20250831,20251223
GNE:GOAX001:X1:X01SA250831:O:49,0,0,0,0,0,1,0,20250831,20251223
GNE:GOAX001:X1:X01SA250831:O:50,0,0,0,0,0,1,0,20250831,20251223
GNE:GOAX001:X1:X01SA250831:O:51,0,0,0,0,0,1,0,20250831,20251223
GNE:GOAX001:X1:X01SA250831:O:52,0,0,0,0,0,1,0,20250831,20251223
GNE:GOAX001:X1:X01SA250831:O:53,0,0,0,0,0,1,0,20250831,20251223
GNE:GOAX001:X1:X01SA250831:O:54,0,0,0,0,0,1,0,20250831,20251223
GNE:GOAX001:X1:X01SA250831:O:55,0,0,0,0,0,1,0,20250831,20251223
GNE:GOAX001:X1:X01SA250831:O:56,0,0,0,0,0,1,0,20250831,20251223
GNE:GOAX001:X1:X01SA250831:I:1,0,0,0,0,0,1,0,20250831,20251223
GNE:GOAX001:X1:X01SA250831:I:2,0,0,0,0,0,1,0,20250831,20251223
GNE:GOAX001:X1:X01SA250831:I:3,0,0,0,0,0,1,0,20250831,20251223
GNE:GOAX001:X1:X01SA250831:I:4,0,0,0,0,0,1,0,20250831,20251223
GNE:GOAX001:X1:X01SA250831:I:5,0,0,0,0,0,1,0,20250831,20251223
GNE:GOAX001:X1:X01SA250831:I:6,0,0,0,0,0,1,0,20250831,20251223
GNE:GOAX001:X1:X01SA250831:I:7,0,0,0,0,0,1,0,20250831,20251223
GNE:GOAX001:X1:X01SA250831:I:8,0,0,0,0,0,1,0,20250831,20251223
GNE:GOAX001:X1:X01SA250831:I:9,0,0,0,0,0,1,0,20250831,20251223
GNE:GOAX001:X1:X01SA250831:I:10,0,0,0,0,0,1,0,20250831,20251223
GNE:GOAX001:X1:X01SA250831:I:11,0,0,0,0,0,1,0,20250831,20251223
GNE:GOAX001:X1:X01SA250831:I:12,0,0,0,0,0,1,0,20250831,20251223
GNE:GOAX001:X1:X01SA250831:I:13,0,0,0,0,0,1,0,20250831,20251223
GNE:GOAX001:X1:X01SA250831:I:14,0,0,0,0,0,1,0,20250831,20251223
GNE:GOAX001:X1:X01SA250831:I:15,0,0,0,0,0,1,0,20250831,20251223
GNE:GOAX001:X1:X01SA250831:I:16,0,0,0,0,0,1,0,20250831,20251223
GNE:GOAX001:X1:X01SA250831:I:17,0,0,0,0,0,1,0,20250831,20251223
GNE:GOAX001:X1:X01SA250831:I:18,0,0,0,0,0,1,0,20250831,20251223
GNE:GOAX001:X1:X01SA250831:I:19,0,0,0,0,0,1,0,20250831,20251223
GNE:GOAX001:X1:X01SA250831:I:20,0,0,0,0,0,1,0,20250831,20251223
GNE:GOAX001:X1:X01SA250831:I:21,0,0,0,0,0,1,0,20250831,20251223
GNE:GOAX001:X1:X01SA250831:I:22,0,0,0,0,0,1,0,20250831,20251223
GNE:GOAX001:X1:X01SA250831:I:23,0,0,0,0,0,1,0,20250831,20251223
GNE:GOAX001:X1:X01SA250831:I:24,0,0,0,0,0,1,0,20250831,20251223
GNE:GOAX001:X1:X01SA250831:I:25,0,0,0,0,0,1,0,20250831,20251223
GNE:GOAX001:X1:X01SA250831:I:26,0,0,0,0,0,1,0,20250831,20251223
GNE:GOAX001:X1:X01SA250831:I:27,0,0,0,0,0,1,0,20250831,20251223
GNE:GOAX001:X1:X01SA250831:I:28,0,0,0,0,0,1,0,20250831,20251223
GNE:GOAX001:X1:X01SA250831:I:29,0,0,0,0,0,1,0,20250831,20251223
GNE:GOAX001:X1:X01SA250831:I:30,0,0,0,0,0,1,0,20250831,20251223
GNE:GOAX001:X1:X01SA250831:I:31,0,0,0,0,0,1,0,20250831,20251223
GNE:GOAX001:X1:X01SA250831:I:32,0,0,0,0,0,1,0,20250831,20251223
GNE:GOAX001:X1:X01SA250831:I:33,0,0,0,0,0,1,0,20250831,20251223
GNE:GOAX001:X1:X01SA250831:I:34,0,0,0,0,0,1,0,20250831,20251223
GNE:GOAX001:X1:X01SA250831:I:35,0,0,0,0,0,1,0,20250831,20251223
GNE:GOAX001:X1:X01SA250831:I:36,0,0,0,0,0,1,0,20250831,20251223
GNE:GOAX001:X1:X01SA250831:I:37,0,0,0,0,0,1,0,20250831,20251223
GNE:GOAX001:X1:X01SA250831:I:38,0,0,0,0,0,1,0,20250831,20251223
GNE:GOAX001:X1:X01SA250831:I:39,0,0,0,0,0,1,0,20250831,20251223
GNE:GOAX001:X1:X01SA250831:I:40,0,0,0,0,0,1,0,20250831,20251223
GNE:GOAX001:X1:X01SA250831:I:41,0,0,0,0,0,1,0,20250831,20251223
GNE:GOAX001:X1:X01SA250831:I:42,0,0,0,0,0,1,0,20250831,20251223
GNE:GOAX001:X1:X01SA250831:I:43,0,0,0,0,0,1,0,20250831,20251223
GNE:GOAX001:X1:X01SA250831:I:44,0,0,0,0,0,1,0,20250831,20251223
GNE:GOAX001:X1:X01SA250831:I:45,0,0,0,0,0,1,0,20250831,20251223
GNE:GOAX001:X1:X01SA250831:I:46,0,0,0,0,0,1,0,20250831,20251223
GNE:GOAX001:X1:X01SA250831:I:47,0,0,0,0,0,1,0,20250831,20251223
GNE:GOAX001:X1:X01SA250831:I:48,0,0,0,0,0,1,0,20250831,20251223
GNE:GOAX001:X1:X01SA250831:I:49,0,0,0,0,0,1,0,20250831,20251223
GNE:GOAX001:X1:X01SA250831:I:50,0,0,0,0,0,1,0,20250831,20251223
GNE:GOAX001:X1:X01SA250831:I:51,0,0,0,0,0,1,0,20250831,20251223
GNE:GOAX001:X1:X01SA250831:I:52,0,0,0,0,0,1,0,20250831,20251223
GNE:GOAX001:X1:X01SA250831:I:53,0,0,0,0,0,1,0,20250831,20251223
GNE:GOAX001:X1:X01SA250831:I:54,0,0,0,0,0,1,0,20250831,20251223
GNE:GOAX001:X1:X01SA250831:I:55,0,0,0,0,0,1,0,20250831,20251223
GNE:GOAX001:X1:X01SA250831:I:56,0,0,0,0,0,1,0,20250831,20251223
GNE:GOAX001:X1:X01SU250831:O:1,0,0,0,0,0,0,1,20250831,20251223
GNE:GOAX001:X1:X01SU250831:O:2,0,0,0,0,0,0,1,20250831,20251223
GNE:GOAX001:X1:X01SU250831:O:3,0,0,0,0,0,0,1,20250831,20251223
GNE:GOAX001:X1:X01SU250831:O:4,0,0,0,0,0,0,1,20250831,20251223
GNE:GOAX001:X1:X01SU250831:O:5,0,0,0,0,0,0,1,20250831,20251223
GNE:GOAX001:X1:X01SU250831:O:6,0,0,0,0,0,0,1,20250831,20251223
GNE:GOAX001:X1:X01SU250831:O:7,0,0,0,0,0,0,1,20250831,20251223
GNE:GOAX001:X1:X01SU250831:O:8,0,0,0,0,0,0,1,20250831,20251223
GNE:GOAX001:X1:X01SU250831:O:9,0,0,0,0,0,0,1,20250831,20251223
GNE:GOAX001:X1:X01SU250831:O:10,0,0,0,0,0,0,1,20250831,20251223
GNE:GOAX001:X1:X01SU250831:O:11,0,0,0,0,0,0,1,20250831,20251223
GNE:GOAX001:X1:X01SU250831:O:12,0,0,0,0,0,0,1,20250831,20251223
GNE:GOAX001:X1:X01SU250831:O:13,0,0,0,0,0,0,1,20250831,20251223
GNE:GOAX001:X1:X01SU250831:O:14,0,0,0,0,0,0,1,20250831,20251223
GNE:GOAX001:X1:X01SU250831:O:15,0,0,0,0,0,0,1,20250831,20251223
GNE:GOAX001:X1:X01SU250831:O:16,0,0,0,0,0,0,1,20250831,20251223
GNE:GOAX001:X1:X01SU250831:O:17,0,0,0,0,0,0,1,20250831,20251223
GNE:GOAX001:X1:X01SU250831:O:18,0,0,0,0,0,0,1,20250831,20251223
GNE:GOAX001:X1:X01SU250831:O:19,0,0,0,0,0,0,1,20250831,20251223
GNE:GOAX001:X1:X01SU250831:O:20,0,0,0,0,0,0,1,20250831,20251223
GNE:GOAX001:X1:X01SU250831:O:21,0,0,0,0,0,0,1,20250831,20251223
GNE:GOAX001:X1:X01SU250831:O:22,0,0,0,0,0,0,1,20250831,20251223
GNE:GOAX001:X1:X01SU250831:O:23,0,0,0,0,0,0,1,20250831,20251223
GNE:GOAX001:X1:X01SU250831:O:24,0,0,0,0,0,0,1,20250831,20251223
GNE:GOAX001:X1:X01SU250831:O:25,0,0,0,0,0,0,1,20250831,20251223
GNE:GOAX001:X1:X01SU250831:O:26,0,0,0,0,0,0,1,20250831,20251223
GNE:GOAX001:X1:X01SU250831:O:27,0,0,0,0,0,0,1,20250831,20251223
GNE:GOAX001:X1:X01SU250831:O:28,0,0,0,0,0,0,1,20250831,20251223
GNE:GOAX001:X1:X01SU250831:O:29,0,0,0,0,0,0,1,20250831,20251223
GNE:GOAX001:X1:X01SU250831:O:30,0,0,0,0,0,0,1,20250831,20251223
GNE:GOAX001:X1:X01SU250831:O:31,0,0,0,0,0,0,1,20250831,20251223
GNE:GOAX001:X1:X01SU250831:O:32,0,0,0,0,0,0,1,20250831,20251223
GNE:GOAX001:X1:X01SU250831:O:33,0,0,0,0,0,0,1,20250831,20251223
GNE:GOAX001:X1:X01SU250831:O:34,0,0,0,0,0,0,1,20250831,20251223
GNE:GOAX001:X1:X01SU250831:O:35,0,0,0,0,0,0,1,20250831,20251223
GNE:GOAX001:X1:X01SU250831:O:36,0,0,0,0,0,0,1,20250831,20251223
GNE:GOAX001:X1:X01SU250831:O:37,0,0,0,0,0,0,1,20250831,20251223
GNE:GOAX001:X1:X01SU250831:O:38,0,0,0,0,0,0,1,20250831,20251223
GNE:GOAX001:X1:X01SU250831:O:39,0,0,0,0,0,0,1,20250831,20251223
GNE:GOAX001:X1:X01SU250831:O:40,0,0,0,0,0,0,1,20250831,20251223
GNE:GOAX001:X1:X01SU250831:O:41,0,0,0,0,0,0,1,20250831,20251223
GNE:GOAX001:X1:X01SU250831:O:42,0,0,0,0,0,0,1,20250831,20251223
GNE:GOAX001:X1:X01SU250831:I:1,0,0,0,0,0,0,1,20250831,20251223
GNE:GOAX001:X1:X01SU250831:I:2,0,0,0,0,0,0,1,20250831,20251223
GNE:GOAX001:X1:X01SU250831:I:3,0,0,0,0,0,0,1,20250831,20251223
GNE:GOAX001:X1:X01SU250831:I:4,0,0,0,0,0,0,1,20250831,20251223
GNE:GOAX001:X1:X01SU250831:I:5,0,0,0,0,0,0,1,20250831,20251223
GNE:GOAX001:X1:X01SU250831:I:6,0,0,0,0,0,0,1,20250831,20251223
GNE:GOAX001:X1:X01SU250831:I:7,0,0,0,0,0,0,1,20250831,20251223
GNE:GOAX001:X1:X01SU250831:I:8,0,0,0,0,0,0,1,20250831,20251223
GNE:GOAX001:X1:X01SU250831:I:9,0,0,0,0,0,0,1,20250831,20251223
GNE:GOAX001:X1:X01SU250831:I:10,0,0,0,0,0,0,1,20250831,20251223
GNE:GOAX001:X1:X01SU250831:I:11,0,0,0,0,0,0,1,20250831,20251223
GNE:GOAX001:X1:X01SU250831:I:12,0,0,0,0,0,0,1,20250831,20251223
GNE:GOAX001:X1:X01SU250831:I:13,0,0,0,0,0,0,1,20250831,20251223
GNE:GOAX001:X1:X01SU250831:I:14,0,0,0,0,0,0,1,20250831,20251223
GNE:GOAX001:X1:X01SU250831:I:15,0,0,0,0,0,0,1,20250831,20251223
GNE:GOAX001:X1:X01SU250831:I:16,0,0,0,0,0,0,1,20250831,20251223
GNE:GOAX001:X1:X01SU250831:I:17,0,0,0,0,0,0,1,20250831,20251223
GNE:GOAX001:X1:X01SU250831:I:18,0,0,0,0,0,0,1,20250831,20251223
GNE:GOAX001:X1:X01SU250831:I:19,0,0,0,0,0,0,1,20250831,20251223
GNE:GOAX001:X1:X01SU250831:I:20,0,0,0,0,0,0,1,20250831,20251223
GNE:GOAX001:X1:X01SU250831:I:21,0,0,0,0,0,0,1,20250831,20251223
GNE:GOAX001:X1:X01SU250831:I:22,0,0,0,0,0,0,1,20250831,20251223
GNE:GOAX001:X1:X01SU250831:I:23,0,0,0,0,0,0,1,20250831,20251223
GNE:GOAX001:X1:X01SU250831:I:24,0,0,0,0,0,0,1,20250831,20251223
GNE:GOAX001:X1:X01SU250831:I:25,0,0,0,0,0,0,1,20250831,20251223
GNE:GOAX001:X1:X01SU250831:I:26,0,0,0,0,0,0,1,20250831,20251223
GNE:GOAX001:X1:X01SU250831:I:27,0,0,0,0,0,0,1,20250831,20251223
GNE:GOAX001:X1:X01SU250831:I:28,0,0,0,0,0,0,1,20250831,20251223
GNE:GOAX001:X1:X01SU250831:I:29,0,0,0,0,0,0,1,20250831,20251223
GNE:GOAX001:X1:X01SU250831:I:30,0,0,0,0,0,0,1,20250831,20251223
GNE:GOAX001:X1:X01SU250831:I:31,0,0,0,0,0,0,1,20250831,20251223
GNE:GOAX001:X1:X01SU250831:I:32,0,0,0,0,0,0,1,20250831,20251223
GNE:GOAX001:X1:X01SU250831:I:33,0,0,0,0,0,0,1,20250831,20251223
GNE:GOAX001:X1:X01SU250831:I:34,0,0,0,0,0,0,1,20250831,20251223
GNE:GOAX001:X1:X01SU250831:I:35,0,0,0,0,0,0,1,20250831,20251223
GNE:GOAX001:X1:X01SU250831:I:36,0,0,0,0,0,0,1,20250831,20251223
GNE:GOAX001:X1:X01SU250831:I:37,0,0,0,0,0,0,1,20250831,20251223
GNE:GOAX001:X1:X01SU250831:I:38,0,0,0,0,0,0,1,20250831,20251223
GNE:GOAX001A:X1A:X01MF250831:O:4,1,1,1,1,1,0,0,20250831,20251223
GNE:GOAX001A:X1A:X01MF250831:O:6,1,1,1,1,1,0,0,20250831,20251223
GNE:GOAX001A:X1A:X01MF250831:I:49,1,1,1,1,1,0,0,20250831,20251223
GNE:GOAX001A:X1A:X01MF250831:I:53,1,1,1,1,1,0,0,20250831,20251223
GNE:GOAX005:X5:X05MF250831:O:3,1,1,1,1,1,0,0,20250831,20251223
GNE:GOAX005:X5:X05MF250831:O:6,1,1,1,1,1,0,0,20250831,20251223
GNE:GOAX005:X5:X05MF250831:O:8,1,1,1,1,1,0,0,20250831,20251223
GNE:GOAX005:X5:X05MF250831:O:10,1,1,1,1,1,0,0,20250831,20251223
GNE:GOAX005:X5:X05MF250831:O:12,1,1,1,1,1,0,0,20250831,20251223
GNE:GOAX005:X5:X05MF250831:O:14,1,1,1,1,1,0,0,20250831,20251223
GNE:GOAX005:X5:X05MF250831:O:16,1,1,1,1,1,0,0,20250831,20251223
GNE:GOAX005:X5:X05MF250831:O:18,1,1,1,1,1,0,0,20250831,20251223
GNE:GOAX005:X5:X05MF250831:O:20,1,1,1,1,1,0,0,20250831,20251223
GNE:GOAX005:X5:X05MF250831:O:22,1,1,1,1,1,0,0,20250831,20251223
GNE:GOAX005:X5:X05MF250831:O:24,1,1,1,1,1,0,0,20250831,20251223
GNE:GOAX005:X5:X05MF250831:I:6,1,1,1,1,1,0,0,20250831,20251223
GNE:GOAX005:X5:X05MF250831:I:8,1,1,1,1,1,0,0,20250831,20251223
GNE:GOAX005:X5:X05MF250831:I:10,1,1,1,1,1,0,0,20250831,20251223
GNE:GOAX005:X5:X05MF250831:I:12,1,1,1,1,1,0,0,20250831,20251223
GNE:GOAX005:X5:X05MF250831:I:14,1,1,1,1,1,0,0,20250831,20251223
GNE:GOAX005:X5:X05MF250831:I:16,1,1,1,1,1,0,0,20250831,20251223
GNE:GOAX005:X5:X05MF250831:I:18,1,1,1,1,1,0,0,20250831,20251223
GNE:GOAX005:X5:X05MF250831:I:20,1,1,1,1,1,0,0,20250831,20251223
GNE:GOAX005:X5:X05MF250831:I:22,1,1,1,1,1,0,0,20250831,20251223
GNE:GOAX005:X5:X05MF250831:I:24,1,1,1,1,1,0,0,20250831,20251223
GNE:GOAX005:X5:X05SA250831:O:4,0,0,0,0,0,1,0,20250831,20251223
GNE:GOAX005:X5:X05SA250831:O:6,0,0,0,0,0,1,0,20250831,20251223
GNE:GOAX005:X5:X05SA250831:O:8,0,0,0,0,0,1,0,20250831,20251223
GNE:GOAX005:X5:X05SA250831:O:10,0,0,0,0,0,1,0,20250831,20251223
GNE:GOAX005:X5:X05SA250831:O:12,0,0,0,0,0,1,0,20250831,20251223
GNE:GOAX005:X5:X05SA250831:O:14,0,0,0,0,0,1,0,20250831,20251223
GNE:GOAX005:X5:X05SA250831:O:16,0,0,0,0,0,1,0,20250831,20251223
GNE:GOAX005:X5:X05SA250831:O:18,0,0,0,0,0,1,0,20250831,20251223
GNE:GOAX005:X5:X05SA250831:O:20,0,0,0,0,0,1,0,20250831,20251223
GNE:GOAX005:X5:X05SA250831:O:22,0,0,0,0,0,1,0,20250831,20251223
GNE:GOAX005:X5:X05SA250831:I:5,0,0,0,0,0,1,0,20250831,20251223
GNE:GOAX005:X5:X05SA250831:I:7,0,0,0,0,0,1,0,20250831,20251223
GNE:GOAX005:X5:X05SA250831:I:9,0,0,0,0,0,1,0,20250831,20251223
GNE:GOAX005:X5:X05SA250831:I:11,0,0,0,0,0,1,0,20250831,20251223
GNE:GOAX005:X5:X05SA250831:I:13,0,0,0,0,0,1,0,20250831,20251223
GNE:GOAX005:X5:X05SA250831:I:15,0,0,0,0,0,1,0,20250831,20251223
GNE:GOAX005:X5:X05SA250831:I:17,0,0,0,0,0,1,0,20250831,20251223
GNE:GOAX005:X5:X05SA250831:I:19,0,0,0,0,0,1,0,20250831,20251223
GNE:GOAX006:X6:X06MF250831:O:1,1,1,1,1,1,0,0,20250831,20251223
GNE:GOAX006:X6:X06MF250831:O:2,1,1,1,1,1,0,0,20250831,20251223
GNE:GOAX006:X6:X06MF250831:O:3,1,1,1,1,1,0,0,20250831,20251223
GNE:GOAX006:X6:X06MF250831:O:4,1,1,1,1,1,0,0,20250831,20251223
GNE:GOAX006:X6:X06MF250831:O:5,0,0,0,0,0,0,0,20250831,20251223
GNE:GOAX006:X6:X06MF250831:O:6,1,1,1,1,1,0,0,20250831,20251223
GNE:GOAX006:X6:X06MF250831:O:7,1,1,1,1,1,0,0,20250831,20251223
GNE:GOAX006:X6:X06MF250831:O:8,1,1,1,1,1,0,0,20250831,20251223
GNE:GOAX006:X6:X06MF250831:O:9,1,1,1,1,1,0,0,20250831,20251223
GNE:GOAX006:X6:X06MF250831:O:10,1,1,1,1,1,0,0,20250831,20251223
GNE:GOAX006:X6:X06MF250831:O:11,1,1,1,1,1,0,0,20250831,20251223
GNE:GOAX006:X6:X06MF250831:O:12,1,1,1,1,1,0,0,20250831,20251223
GNE:GOAX006:X6:X06MF250831:O:13,1,1,1,1,1,0,0,20250831,20251223
GNE:GOAX006:X6:X06MF250831:O:14,1,1,1,1,1,0,0,20250831,20251223
GNE:GOAX006:X6:X06MF250831:O:15,1,1,1,1,1,0,0,20250831,20251223
GNE:GOAX006:X6:X06MF250831:O:16,1,1,1,1,1,0,0,20250831,20251223
GNE:GOAX006:X6:X06MF250831:O:17,1,1,1,1,1,0,0,20250831,20251223
GNE:GOAX006:X6:X06MF250831:O:18,1,1,1,1,1,0,0,20250831,20251223
GNE:GOAX006:X6:X06MF250831:O:19,1,1,1,1,1,0,0,20250831,20251223
GNE:GOAX006:X6:X06MF250831:O:20,1,1,1,1,1,0,0,20250831,20251223
GNE:GOAX006:X6:X06MF250831:O:21,1,1,1,1,1,0,0,20250831,20251223
GNE:GOAX006:X6:X06MF250831:O:22,1,1,1,1,1,0,0,20250831,20251223
GNE:GOAX006:X6:X06MF250831:O:23,1,1,1,1,1,0,0,20250831,20251223
GNE:GOAX006:X6:X06MF250831:O:24,1,1,1,1,1,0,0,20250831,20251223
GNE:GOAX006:X6:X06MF250831:O:25,1,1,1,1,1,0,0,20250831,20251223
GNE:GOAX006:X6:X06MF250831:I:1,1,1,1,1,1,0,0,20250831,20251223
GNE:GOAX006:X6:X06MF250831:I:2,1,1,1,1,1,0,0,20250831,20251223
GNE:GOAX006:X6:X06MF250831:I:3,1,1,1,1,1,0,0,20250831,20251223
GNE:GOAX006:X6:X06MF250831:I:4,1,1,1,1,1,0,0,20250831,20251223
GNE:GOAX006:X6:X06MF250831:I:5,1,1,1,1,1,0,0,20250831,20251223
GNE:GOAX006:X6:X06MF250831:I:6,1,1,1,1,1,0,0,20250831,20251223
GNE:GOAX006:X6:X06MF250831:I:7,1,1,1,1,1,0,0,20250831,20251223
GNE:GOAX006:X6:X06MF250831:I:8,1,1,1,1,1,0,0,20250831,20251223
GNE:GOAX006:X6:X06MF250831:I:9,1,1,1,1,1,0,0,20250831,20251223
GNE:GOAX006:X6:X06MF250831:I:10,1,1,1,1,1,0,0,20250831,20251223
GNE:GOAX006:X6:X06MF250831:I:11,1,1,1,1,1,0,0,20250831,20251223
GNE:GOAX006:X6:X06MF250831:I:12,1,1,1,1,1,0,0,20250831,20251223
GNE:GOAX006:X6:X06MF250831:I:13,1,1,1,1,1,0,0,20250831,20251223
GNE:GOAX006:X6:X06MF250831:I:14,1,1,1,1,1,0,0,20250831,20251223
GNE:GOAX006:X6:X06MF250831:I:15,1,1,1,1,1,0,0,20250831,20251223
GNE:GOAX006:X6:X06MF250831:I:16,1,1,1,1,1,0,0,20250831,20251223
GNE:GOAX006:X6:X06MF250831:I:17,1,1,1,1,1,0,0,20250831,20251223
GNE:GOAX006:X6:X06MF250831:I:18,1,1,1,1,1,0,0,20250831,20251223
GNE:GOAX006:X6:X06MF250831:I:19,1,1,1,1,1,0,0,20250831,20251223
GNE:GOAX006:X6:X06MF250831:I:20,1,1,1,1,1,0,0,20250831,20251223
GNE:GOAX006:X6:X06MF250831:I:21,1,1,1,1,1,0,0,20250831,20251223
GNE:GOAX006:X6:X06MF250831:I:22,1,1,1,1,1,0,0,20250831,20251223
GNE:GOAX006:X6:X06MF250831:I:23,1,1,1,1,1,0,0,20250831,20251223
GNE:GOAX006:X6:X06MF250831:I:24,1,1,1,1,1,0,0,20250831,20251223
GNE:GOAX006:X6:X06MF250831:I:25,1,1,1,1,1,0,0,20250831,20251223
GNE:GOAX006:X6:X06MF250831:I:26,1,1,1,1,1,0,0,20250831,20251223
GNE:GOAX006:X6:X06SA250831:O:1,0,0,0,0,0,1,0,20250831,20251223
GNE:GOAX006:X6:X06SA250831:O:2,0,0,0,0,0,1,0,20250831,20251223
GNE:GOAX006:X6:X06SA250831:O:3,0,0,0,0,0,1,0,20250831,20251223
GNE:GOAX006:X6:X06SA250831:O:4,0,0,0,0,0,1,0,20250831,20251223
GNE:GOAX006:X6:X06SA250831:O:5,0,0,0,0,0,1,0,20250831,20251223
GNE:GOAX006:X6:X06SA250831:O:6,0,0,0,0,0,1,0,20250831,20251223
GNE:GOAX006:X6:X06SA250831:O:7,0,0,0,0,0,1,0,20250831,20251223
GNE:GOAX006:X6:X06SA250831:O:8,0,0,0,0,0,1,0,20250831,20251223
GNE:GOAX006:X6:X06SA250831:O:9,0,0,0,0,0,1,0,20250831,20251223
GNE:GOAX006:X6:X06SA250831:O:10,0,0,0,0,0,1,0,20250831,20251223
GNE:GOAX006:X6:X06SA250831:O:11,0,0,0,0,0,1,0,20250831,20251223
GNE:GOAX006:X6:X06SA250831:O:12,0,0,0,0,0,1,0,20250831,20251223
GNE:GOAX006:X6:X06SA250831:O:13,0,0,0,0,0,1,0,20250831,20251223
GNE:GOAX006:X6:X06SA250831:O:14,0,0,0,0,0,1,0,20250831,20251223
GNE:GOAX006:X6:X06SA250831:O:15,0,0,0,0,0,1,0,20250831,20251223
GNE:GOAX006:X6:X06SA250831:O:16,0,0,0,0,0,1,0,20250831,20251223
GNE:GOAX006:X6:X06SA250831:O:17,0,0,0,0,0,1,0,20250831,20251223
GNE:GOAX006:X6:X06SA250831:O:18,0,0,0,0,0,1,0,20250831,20251223
GNE:GOAX006:X6:X06SA250831:O:19,0,0,0,0,0,1,0,20250831,20251223
GNE:GOAX006:X6:X06SA250831:O:20,0,0,0,0,0,1,0,20250831,20251223
GNE:GOAX006:X6:X06SA250831:O:21,0,0,0,0,0,1,0,20250831,20251223
GNE:GOAX006:X6:X06SA250831:O:22,0,0,0,0,0,1,0,20250831,20251223
GNE:GOAX006:X6:X06SA250831:O:23,0,0,0,0,0,1,0,20250831,20251223
GNE:GOAX006:X6:X06SA250831:I:1,0,0,0,0,0,1,0,20250831,20251223
GNE:GOAX006:X6:X06SA250831:I:2,0,0,0,0,0,1,0,20250831,20251223
GNE:GOAX006:X6:X06SA250831:I:3,0,0,0,0,0,1,0,20250831,20251223
GNE:GOAX006:X6:X06SA250831:I:4,0,0,0,0,0,1,0,20250831,20251223
GNE:GOAX006:X6:X06SA250831:I:5,0,0,0,0,0,1,0,20250831,20251223
GNE:GOAX006:X6:X06SA250831:I:6,0,0,0,0,0,1,0,20250831,20251223
GNE:GOAX006:X6:X06SA250831:I:7,0,0,0,0,0,1,0,20250831,20251223
GNE:GOAX006:X6:X06SA250831:I:8,0,0,0,0,0,1,0,20250831,20251223
GNE:GOAX006:X6:X06SA250831:I:9,0,0,0,0,0,1,0,20250831,20251223
GNE:GOAX006:X6:X06SA250831:I:10,0,0,0,0,0,1,0,20250831,20251223
GNE:GOAX006:X6:X06SA250831:I:11,0,0,0,0,0,1,0,20250831,20251223
GNE:GOAX006:X6:X06SA250831:I:12,0,0,0,0,0,1,0,20250831,20251223
GNE:GOAX006:X6:X06SA250831:I:13,0,0,0,0,0,1,0,20250831,20251223
GNE:GOAX006:X6:X06SA250831:I:14,0,0,0,0,0,1,0,20250831,20251223
GNE:GOAX006:X6:X06SA250831:I:15,0,0,0,0,0,1,0,20250831,20251223
GNE:GOAX006:X6:X06SA250831:I:16,0,0,0,0,0,1,0,20250831,20251223
GNE:GOAX006:X6:X06SA250831:I:17,0,0,0,0,0,1,0,20250831,20251223
GNE:GOAX006:X6:X06SA250831:I:18,0,0,0,0,0,1,0,20250831,20251223
GNE:GOAX006:X6:X06SA250831:I:19,0,0,0,0,0,1,0,20250831,20251223
GNE:GOAX006:X6:X06SA250831:I:20,0,0,0,0,0,1,0,20250831,20251223
GNE:GOAX006:X6:X06SA250831:I:21,0,0,0,0,0,1,0,20250831,20251223
GNE:GOAX006:X6:X06SA250831:I:22,0,0,0,0,0,1,0,20250831,20251223
GNE:GOAX006:X6:X06SA250831:I:23,0,0,0,0,0,1,0,20250831,20251223
GNE:GOAX006:X6:X06SA250831:I:24,0,0,0,0,0,1,0,20250831,20251223
GNE:GOAX010:X10:S10MF250908:O:1,0,0,0,0,0,0,0,20250915,20251223
GNE:GOAX010:X10:X10MF250908:O:1,1,1,1,1,1,0,0,20250915,20251223
GNE:GOAX010:X10:X10MF250908:O:2,1,1,1,1,1,0,0,20250915,20251223
GNE:GOAX010:X10:X10MF250908:O:3,1,1,1,1,1,0,0,20250915,20251223
GNE:GOAX010:X10:X10MF250908:O:4,1,1,1,1,1,0,0,20250915,20251223
GNE:GOAX010:X10:X10MF250908:O:5,1,1,1,1,1,0,0,20250915,20251223
GNE:GOAX010:X10:X10MF250908:O:6,1,1,1,1,1,0,0,20250915,20251223
GNE:GOAX010:X10:X10MF250908:O:7,1,1,1,1,1,0,0,20250915,20251223
GNE:GOAX010:X10:X10MF250908:O:8,1,1,1,1,1,0,0,20250915,20251223
GNE:GOAX010:X10:X10MF250908:O:9,1,1,1,1,1,0,0,20250915,20251223
GNE:GOAX010:X10:X10MF250908:O:10,1,1,1,1,1,0,0,20250915,20251223
GNE:GOAX010:X10:X10MF250908:O:11,1,1,1,1,1,0,0,20250915,20251223
GNE:GOAX010:X10:X10MF250908:O:12,1,1,1,1,1,0,0,20250915,20251223
GNE:GOAX010:X10:X10MF250908:O:13,1,1,1,1,1,0,0,20250915,20251223
GNE:GOAX010:X10:X10MF250908:O:14,1,1,1,1,1,0,0,20250915,20251223
GNE:GOAX010:X10:X10MF250908:O:15,1,1,1,1,1,0,0,20250915,20251223
GNE:GOAX010:X10:X10MF250908:O:16,1,1,1,1,1,0,0,20250915,20251223
GNE:GOAX010:X10:X10MF250908:O:17,1,1,1,1,1,0,0,20250915,20251223
GNE:GOAX010:X10:X10MF250908:I:1,1,1,1,1,1,0,0,20250915,20251223
GNE:GOAX010:X10:X10MF250908:I:2,1,1,1,1,1,0,0,20250915,20251223
GNE:GOAX010:X10:X10MF250908:I:3,1,1,1,1,1,0,0,20250915,20251223
GNE:GOAX010:X10:X10MF250908:I:4,1,1,1,1,1,0,0,20250915,20251223
GNE:GOAX010:X10:X10MF250908:I:5,1,1,1,1,1,0,0,20250915,20251223
GNE:GOAX010:X10:X10MF250908:I:6,1,1,1,1,1,0,0,20250915,20251223
GNE:GOAX010:X10:X10MF250908:I:7,1,1,1,1,1,0,0,20250915,20251223
GNE:GOAX010:X10:X10MF250908:I:8,1,1,1,1,1,0,0,20250915,20251223
GNE:GOAX010:X10:X10MF250908:I:9,1,1,1,1,1,0,0,20250915,20251223
GNE:GOAX010:X10:X10MF250908:I:10,1,1,1,1,1,0,0,20250915,20251223
GNE:GOAX010:X10:X10MF250908:I:11,1,1,1,1,1,0,0,20250915,20251223
GNE:GOAX010:X10:X10MF250908:I:12,1,1,1,1,1,0,0,20250915,20251223
GNE:GOAX010:X10:X10MF250908:I:13,1,1,1,1,1,0,0,20250915,20251223
GNE:GOAX010:X10:X10MF250908:I:14,1,1,1,1,1,0,0,20250915,20251223
GNE:GOAX010:X10:X10MF250908:I:15,1,1,1,1,1,0,0,20250915,20251223
GNE:GOAX010:X10:X10MF250908:I:16,1,1,1,1,1,0,0,20250915,20251223
GNE:GOAX010:X10:X10MF250908:I:17,1,1,1,1,1,0,0,20250915,20251223
GNE:GOAX010:X10:X10SA250908:O:1,0,0,0,0,0,1,0,20250915,20251223
GNE:GOAX010:X10:X10SA250908:O:2,0,0,0,0,0,1,0,20250915,20251223
GNE:GOAX010:X10:X10SA250908:O:3,0,0,0,0,0,1,0,20250915,20251223
GNE:GOAX010:X10:X10SA250908:O:4,0,0,0,0,0,1,0,20250915,20251223
GNE:GOAX010:X10:X10SA250908:O:5,0,0,0,0,0,1,0,20250915,20251223
GNE:GOAX010:X10:X10SA250908:O:6,0,0,0,0,0,1,0,20250915,20251223
GNE:GOAX010:X10:X10SA250908:O:7,0,0,0,0,0,1,0,20250915,20251223
GNE:GOAX010:X10:X10SA250908:O:8,0,0,0,0,0,1,0,20250915,20251223
GNE:GOAX010:X10:X10SA250908:O:9,0,0,0,0,0,1,0,20250915,20251223
GNE:GOAX010:X10:X10SA250908:O:10,0,0,0,0,0,1,0,20250915,20251223
GNE:GOAX010:X10:X10SA250908:O:11,0,0,0,0,0,1,0,20250915,20251223
GNE:GOAX010:X10:X10SA250908:O:12,0,0,0,0,0,1,0,20250915,20251223
GNE:GOAX010:X10:X10SA250908:O:13,0,0,0,0,0,1,0,20250915,20251223
GNE:GOAX010:X10:X10SA250908:O:14,0,0,0,0,0,1,0,20250915,20251223
GNE:GOAX010:X10:X10SA250908:O:15,0,0,0,0,0,1,0,20250915,20251223
GNE:GOAX010:X10:X10SA250908:O:16,0,0,0,0,0,1,0,20250915,20251223
GNE:GOAX010:X10:X10SA250908:I:1,0,0,0,0,0,1,0,20250915,20251223
GNE:GOAX010:X10:X10SA250908:I:2,0,0,0,0,0,1,0,20250915,20251223
GNE:GOAX010:X10:X10SA250908:I:3,0,0,0,0,0,1,0,20250915,20251223
GNE:GOAX010:X10:X10SA250908:I:4,0,0,0,0,0,1,0,20250915,20251223
GNE:GOAX010:X10:X10SA250908:I:5,0,0,0,0,0,1,0,20250915,20251223
GNE:GOAX010:X10:X10SA250908:I:6,0,0,0,0,0,1,0,20250915,20251223
GNE:GOAX010:X10:X10SA250908:I:7,0,0,0,0,0,1,0,20250915,20251223
GNE:GOAX010:X10:X10SA250908:I:8,0,0,0,0,0,1,0,20250915,20251223
GNE:GOAX010:X10:X10SA250908:I:9,0,0,0,0,0,1,0,20250915,20251223
GNE:GOAX010:X10:X10SA250908:I:10,0,0,0,0,0,1,0,20250915,20251223
GNE:GOAX010:X10:X10SA250908:I:11,0,0,0,0,0,1,0,20250915,20251223
GNE:GOAX010:X10:X10SA250908:I:12,0,0,0,0,0,1,0,20250915,20251223
GNE:GOAX010:X10:X10SA250908:I:13,0,0,0,0,0,1,0,20250915,20251223
GNE:GOAX010:X10:X10SA250908:I:14,0,0,0,0,0,1,0,20250915,20251223
GNE:GOAX010:X10:X10SA250908:I:15,0,0,0,0,0,1,0,20250915,20251223
GNE:GOAX010:X10:X10SA250908:I:16,0,0,0,0,0,1,0,20250915,20251223
GNE:GOAX010:X10:X10SU250908:O:1,0,0,0,0,0,0,1,20250915,20251223
GNE:GOAX010:X10:X10SU250908:O:2,0,0,0,0,0,0,1,20250915,20251223
GNE:GOAX010:X10:X10SU250908:O:3,0,0,0,0,0,0,1,20250915,20251223
GNE:GOAX010:X10:X10SU250908:O:4,0,0,0,0,0,0,1,20250915,20251223
GNE:GOAX010:X10:X10SU250908:O:5,0,0,0,0,0,0,1,20250915,20251223
GNE:GOAX010:X10:X10SU250908:O:6,0,0,0,0,0,0,1,20250915,20251223
GNE:GOAX010:X10:X10SU250908:O:7,0,0,0,0,0,0,1,20250915,20251223
GNE:GOAX010:X10:X10SU250908:O:8,0,0,0,0,0,0,1,20250915,20251223
GNE:GOAX010:X10:X10SU250908:O:9,0,0,0,0,0,0,1,20250915,20251223
GNE:GOAX010:X10:X10SU250908:O:10,0,0,0,0,0,0,1,20250915,20251223
GNE:GOAX010:X10:X10SU250908:O:11,0,0,0,0,0,0,1,20250915,20251223
GNE:GOAX010:X10:X10SU250908:O:12,0,0,0,0,0,0,1,20250915,20251223
GNE:GOAX010:X10:X10SU250908:I:1,0,0,0,0,0,0,1,20250915,20251223
GNE:GOAX010:X10:X10SU250908:I:2,0,0,0,0,0,0,1,20250915,20251223
GNE:GOAX010:X10:X10SU250908:I:3,0,0,0,0,0,0,1,20250915,20251223
GNE:GOAX010:X10:X10SU250908:I:4,0,0,0,0,0,0,1,20250915,20251223
GNE:GOAX010:X10:X10SU250908:I:5,0,0,0,0,0,0,1,20250915,20251223
GNE:GOAX010:X10:X10SU250908:I:6,0,0,0,0,0,0,1,20250915,20251223
GNE:GOAX010:X10:X10SU250908:I:7,0,0,0,0,0,0,1,20250915,20251223
GNE:GOAX010:X10:X10SU250908:I:8,0,0,0,0,0,0,1,20250915,20251223
GNE:GOAX010:X10:X10SU250908:I:9,0,0,0,0,0,0,1,20250915,20251223
GNE:GOAX010:X10:X10SU250908:I:10,0,0,0,0,0,0,1,20250915,20251223
GNE:GOAX010:X10:X10SU250908:I:11,0,0,0,0,0,0,1,20250915,20251223
GNE:GOAX010:X10:X10SU250908:I:12,0,0,0,0,0,0,1,20250915,20251223
GNE:GOAX015:X15:X05MF250831:O:1,1,1,1,1,1,0,0,20250831,20251223
GNE:GOAX015:X15:X05MF250831:O:2,1,1,1,1,1,0,0,20250831,20251223
GNE:GOAX015:X15:X05MF250831:O:4,0,0,0,0,0,0,0,20250831,20251223
GNE:GOAX015:X15:X05MF250831:O:5,1,1,1,1,1,0,0,20250831,20251223
GNE:GOAX015:X15:X05MF250831:O:7,1,1,1,1,1,0,0,20250831,20251223
GNE:GOAX015:X15:X05MF250831:O:9,1,1,1,1,1,0,0,20250831,20251223
GNE:GOAX015:X15:X05MF250831:O:11,1,1,1,1,1,0,0,20250831,20251223
GNE:GOAX015:X15:X05MF250831:O:13,1,1,1,1,1,0,0,20250831,20251223
GNE:GOAX015:X15:X05MF250831:O:15,1,1,1,1,1,0,0,20250831,20251223
GNE:GOAX015:X15:X05MF250831:O:17,1,1,1,1,1,0,0,20250831,20251223
GNE:GOAX015:X15:X05MF250831:O:19,1,1,1,1,1,0,0,20250831,20251223
GNE:GOAX015:X15:X05MF250831:O:21,1,1,1,1,1,0,0,20250831,20251223
GNE:GOAX015:X15:X05MF250831:O:23,1,1,1,1,1,0,0,20250831,20251223
GNE:GOAX015:X15:X05MF250831:O:25,1,1,1,1,1,0,0,20250831,20251223
GNE:GOAX015:X15:X05MF250831:O:26,1,1,1,1,1,0,0,20250831,20251223
GNE:GOAX015:X15:X05MF250831:O:27,1,1,1,1,1,0,0,20250831,20251223
GNE:GOAX015:X15:X05MF250831:O:28,1,1,1,1,1,0,0,20250831,20251223
GNE:GOAX015:X15:X05MF250831:O:29,1,1,1,1,1,0,0,20250831,20251223
GNE:GOAX015:X15:X05MF250831:O:30,1,1,1,1,1,0,0,20250831,20251223
GNE:GOAX015:X15:X05MF250831:I:1,1,1,1,1,1,0,0,20250831,20251223
GNE:GOAX015:X15:X05MF250831:I:2,1,1,1,1,1,0,0,20250831,20251223
GNE:GOAX015:X15:X05MF250831:I:3,1,1,1,1,1,0,0,20250831,20251223
GNE:GOAX015:X15:X05MF250831:I:4,1,1,1,1,1,0,0,20250831,20251223
GNE:GOAX015:X15:X05MF250831:I:5,1,1,1,1,1,0,0,20250831,20251223
GNE:GOAX015:X15:X05MF250831:I:7,1,1,1,1,1,0,0,20250831,20251223
GNE:GOAX015:X15:X05MF250831:I:9,1,1,1,1,1,0,0,20250831,20251223
GNE:GOAX015:X15:X05MF250831:I:11,1,1,1,1,1,0,0,20250831,20251223
GNE:GOAX015:X15:X05MF250831:I:13,1,1,1,1,1,0,0,20250831,20251223
GNE:GOAX015:X15:X05MF250831:I:15,1,1,1,1,1,0,0,20250831,20251223
GNE:GOAX015:X15:X05MF250831:I:17,1,1,1,1,1,0,0,20250831,20251223
GNE:GOAX015:X15:X05MF250831:I:19,1,1,1,1,1,0,0,20250831,20251223
GNE:GOAX015:X15:X05MF250831:I:21,1,1,1,1,1,0,0,20250831,20251223
GNE:GOAX015:X15:X05MF250831:I:23,1,1,1,1,1,0,0,20250831,20251223
GNE:GOAX015:X15:X05MF250831:I:25,1,1,1,1,1,0,0,20250831,20251223
GNE:GOAX015:X15:X05MF250831:I:26,1,1,1,1,1,0,0,20250831,20251223
GNE:GOAX015:X15:X05MF250831:I:27,1,1,1,1,1,0,0,20250831,20251223
GNE:GOAX015:X15:X05MF250831:I:28,1,1,1,1,1,0,0,20250831,20251223
GNE:GOAX015:X15:X05MF250831:I:29,1,1,1,1,1,0,0,20250831,20251223
GNE:GOAX015:X15:X05MF250831:I:30,1,1,1,1,1,0,0,20250831,20251223
GNE:GOAX015:X15:X05SA250831:O:1,0,0,0,0,0,1,0,20250831,20251223
GNE:GOAX015:X15:X05SA250831:O:2,0,0,0,0,0,1,0,20250831,20251223
GNE:GOAX015:X15:X05SA250831:O:3,0,0,0,0,0,1,0,20250831,20251223
GNE:GOAX015:X15:X05SA250831:O:5,0,0,0,0,0,1,0,20250831,20251223
GNE:GOAX015:X15:X05SA250831:O:7,0,0,0,0,0,1,0,20250831,20251223
GNE:GOAX015:X15:X05SA250831:O:9,0,0,0,0,0,1,0,20250831,20251223
GNE:GOAX015:X15:X05SA250831:O:11,0,0,0,0,0,1,0,20250831,20251223
GNE:GOAX015:X15:X05SA250831:O:13,0,0,0,0,0,1,0,20250831,20251223
GNE:GOAX015:X15:X05SA250831:O:15,0,0,0,0,0,1,0,20250831,20251223
GNE:GOAX015:X15:X05SA250831:O:17,0,0,0,0,0,1,0,20250831,20251223
GNE:GOAX015:X15:X05SA250831:O:19,0,0,0,0,0,1,0,20250831,20251223
GNE:GOAX015:X15:X05SA250831:O:21,0,0,0,0,0,1,0,20250831,20251223
GNE:GOAX015:X15:X05SA250831:O:23,0,0,0,0,0,1,0,20250831,20251223
GNE:GOAX015:X15:X05SA250831:O:24,0,0,0,0,0,1,0,20250831,20251223
GNE:GOAX015:X15:X05SA250831:O:25,0,0,0,0,0,1,0,20250831,20251223
GNE:GOAX015:X15:X05SA250831:O:26,0,0,0,0,0,1,0,20250831,20251223
GNE:GOAX015:X15:X05SA250831:O:27,0,0,0,0,0,1,0,20250831,20251223
GNE:GOAX015:X15:X05SA250831:O:28,0,0,0,0,0,1,0,20250831,20251223
GNE:GOAX015:X15:X05SA250831:I:1,0,0,0,0,0,1,0,20250831,20251223
GNE:GOAX015:X15:X05SA250831:I:2,0,0,0,0,0,1,0,20250831,20251223
GNE:GOAX015:X15:X05SA250831:I:3,0,0,0,0,0,1,0,20250831,20251223
GNE:GOAX015:X15:X05SA250831:I:4,0,0,0,0,0,1,0,20250831,20251223
GNE:GOAX015:X15:X05SA250831:I:6,0,0,0,0,0,1,0,20250831,20251223
GNE:GOAX015:X15:X05SA250831:I:8,0,0,0,0,0,1,0,20250831,20251223
GNE:GOAX015:X15:X05SA250831:I:10,0,0,0,0,0,1,0,20250831,20251223
GNE:GOAX015:X15:X05SA250831:I:12,0,0,0,0,0,1,0,20250831,20251223
GNE:GOAX015:X15:X05SA250831:I:14,0,0,0,0,0,1,0,20250831,20251223
GNE:GOAX015:X15:X05SA250831:I:16,0,0,0,0,0,1,0,20250831,20251223
GNE:GOAX015:X15:X05SA250831:I:18,0,0,0,0,0,1,0,20250831,20251223
GNE:GOAX015:X15:X05SA250831:I:20,0,0,0,0,0,1,0,20250831,20251223
GNE:GOAX015:X15:X05SA250831:I:21,0,0,0,0,0,1,0,20250831,20251223
GNE:GOAX015:X15:X05SA250831:I:22,0,0,0,0,0,1,0,20250831,20251223
GNE:GOAX015:X15:X05SA250831:I:23,0,0,0,0,0,1,0,20250831,20251223
GNE:GOAX015:X15:X05SA250831:I:24,0,0,0,0,0,1,0,20250831,20251223
GNE:GOAX015:X15:X05SA250831:I:25,0,0,0,0,0,1,0,20250831,20251223
GNE:GOAX015:X15:X05SA250831:I:26,0,0,0,0,0,1,0,20250831,20251223
GNE:GOAX015:X15:X05SU250831:O:1,0,0,0,0,0,0,1,20250831,20251223
GNE:GOAX015:X15:X05SU250831:O:2,0,0,0,0,0,0,1,20250831,20251223
GNE:GOAX015:X15:X05SU250831:O:3,0,0,0,0,0,0,1,20250831,20251223
GNE:GOAX015:X15:X05SU250831:O:4,0,0,0,0,0,0,1,20250831,20251223
GNE:GOAX015:X15:X05SU250831:O:5,0,0,0,0,0,0,1,20250831,20251223
GNE:GOAX015:X15:X05SU250831:O:6,0,0,0,0,0,0,1,20250831,20251223
GNE:GOAX015:X15:X05SU250831:O:7,0,0,0,0,0,0,1,20250831,20251223
GNE:GOAX015:X15:X05SU250831:O:8,0,0,0,0,0,0,1,20250831,20251223
GNE:GOAX015:X15:X05SU250831:O:9,0,0,0,0,0,0,1,20250831,20251223
GNE:GOAX015:X15:X05SU250831:O:10,0,0,0,0,0,0,1,20250831,20251223
GNE:GOAX015:X15:X05SU250831:O:11,0,0,0,0,0,0,1,20250831,20251223
GNE:GOAX015:X15:X05SU250831:O:12,0,0,0,0,0,0,1,20250831,20251223
GNE:GOAX015:X15:X05SU250831:O:13,0,0,0,0,0,0,1,20250831,20251223
GNE:GOAX015:X15:X05SU250831:O:14,0,0,0,0,0,0,1,20250831,20251223
GNE:GOAX015:X15:X05SU250831:I:1,0,0,0,0,0,0,1,20250831,20251223
GNE:GOAX015:X15:X05SU250831:I:2,0,0,0,0,0,0,1,20250831,20251223
GNE:GOAX015:X15:X05SU250831:I:3,0,0,0,0,0,0,1,20250831,20251223
GNE:GOAX015:X15:X05SU250831:I:4,0,0,0,0,0,0,1,20250831,20251223
GNE:GOAX015:X15:X05SU250831:I:5,0,0,0,0,0,0,1,20250831,20251223
GNE:GOAX015:X15:X05SU250831:I:6,0,0,0,0,0,0,1,20250831,20251223
GNE:GOAX015:X15:X05SU250831:I:7,0,0,0,0,0,0,1,20250831,20251223
GNE:GOAX015:X15:X05SU250831:I:8,0,0,0,0,0,0,1,20250831,20251223
GNE:GOAX015:X15:X05SU250831:I:9,0,0,0,0,0,0,1,20250831,20251223
GNE:GOAX015:X15:X05SU250831:I:10,0,0,0,0,0,0,1,20250831,20251223
GNE:GOAX015:X15:X05SU250831:I:11,0,0,0,0,0,0,1,20250831,20251223
GNE:GOAX015:X15:X05SU250831:I:12,0,0,0,0,0,0,1,20250831,20251223
GNE:GOAX015:X15:X05SU250831:I:13,0,0,0,0,0,0,1,20250831,20251223
GNE:GOAX020:X20:X20MF250831:O:1,1,1,1,1,1,0,0,20250831,20251223
GNE:GOAX020:X20:X20MF250831:O:2,1,1,1,1,1,0,0,20250831,20251223
GNE:GOAX020:X20:X20MF250831:O:3,1,1,1,1,1,0,0,20250831,20251223
GNE:GOAX020:X20:X20MF250831:O:4,1,1,1,1,1,0,0,20250831,20251223
GNE:GOAX020:X20:X20MF250831:O:5,1,1,1,1,1,0,0,20250831,20251223
GNE:GOAX020:X20:X20MF250831:O:6,1,1,1,1,1,0,0,20250831,20251223
GNE:GOAX020:X20:X20MF250831:O:7,1,1,1,1,1,0,0,20250831,20251223
GNE:GOAX020:X20:X20MF250831:O:8,1,1,1,1,1,0,0,20250831,20251223
GNE:GOAX020:X20:X20MF250831:O:9,1,1,1,1,1,0,0,20250831,20251223
GNE:GOAX020:X20:X20MF250831:O:10,1,1,1,1,1,0,0,20250831,20251223
GNE:GOAX020:X20:X20MF250831:O:11,1,1,1,1,1,0,0,20250831,20251223
GNE:GOAX020:X20:X20MF250831:O:12,1,1,1,1,1,0,0,20250831,20251223
GNE:GOAX020:X20:X20MF250831:O:13,1,1,1,1,1,0,0,20250831,20251223
GNE:GOAX020:X20:X20MF250831:O:14,1,1,1,1,1,0,0,20250831,20251223
GNE:GOAX020:X20:X20MF250831:O:15,1,1,1,1,1,0,0,20250831,20251223
GNE:GOAX020:X20:X20MF250831:O:16,1,1,1,1,1,0,0,20250831,20251223
GNE:GOAX020:X20:X20MF250831:O:17,1,1,1,1,1,0,0,20250831,20251223
GNE:GOAX020:X20:X20MF250831:O:18,1,1,1,1,1,0,0,20250831,20251223
GNE:GOAX020:X20:X20MF250831:O:19,1,1,1,1,1,0,0,20250831,20251223
GNE:GOAX020:X20:X20MF250831:O:20,1,1,1,1,1,0,0,20250831,20251223
GNE:GOAX020:X20:X20MF250831:O:21,1,1,1,1,1,0,0,20250831,20251223
GNE:GOAX020:X20:X20MF250831:O:22,1,1,1,1,1,0,0,20250831,20251223
GNE:GOAX020:X20:X20MF250831:O:23,1,1,1,1,1,0,0,20250831,20251223
GNE:GOAX020:X20:X20MF250831:O:24,1,1,1,1,1,0,0,20250831,20251223
GNE:GOAX020:X20:X20MF250831:O:25,1,1,1,1,1,0,0,20250831,20251223
GNE:GOAX020:X20:X20MF250831:O:26,1,1,1,1,1,0,0,20250831,20251223
GNE:GOAX020:X20:X20MF250831:O:27,1,1,1,1,1,0,0,20250831,20251223
GNE:GOAX020:X20:X20MF250831:I:1,1,1,1,1,1,0,0,20250831,20251223
GNE:GOAX020:X20:X20MF250831:I:2,1,1,1,1,1,0,0,20250831,20251223
GNE:GOAX020:X20:X20MF250831:I:3,1,1,1,1,1,0,0,20250831,20251223
GNE:GOAX020:X20:X20MF250831:I:4,1,1,1,1,1,0,0,20250831,20251223
GNE:GOAX020:X20:X20MF250831:I:5,1,1,1,1,1,0,0,20250831,20251223
GNE:GOAX020:X20:X20MF250831:I:6,1,1,1,1,1,0,0,20250831,20251223
GNE:GOAX020:X20:X20MF250831:I:7,1,1,1,1,1,0,0,20250831,20251223
GNE:GOAX020:X20:X20MF250831:I:8,1,1,1,1,1,0,0,20250831,20251223
GNE:GOAX020:X20:X20MF250831:I:9,1,1,1,1,1,0,0,20250831,20251223
GNE:GOAX020:X20:X20MF250831:I:10,1,1,1,1,1,0,0,20250831,20251223
GNE:GOAX020:X20:X20MF250831:I:11,1,1,1,1,1,0,0,20250831,20251223
GNE:GOAX020:X20:X20MF250831:I:12,1,1,1,1,1,0,0,20250831,20251223
GNE:GOAX020:X20:X20MF250831:I:13,1,1,1,1,1,0,0,20250831,20251223
GNE:GOAX020:X20:X20MF250831:I:14,1,1,1,1,1,0,0,20250831,20251223
GNE:GOAX020:X20:X20MF250831:I:15,1,1,1,1,1,0,0,20250831,20251223
GNE:GOAX020:X20:X20MF250831:I:16,1,1,1,1,1,0,0,20250831,20251223
GNE:GOAX020:X20:X20MF250831:I:17,1,1,1,1,1,0,0,20250831,20251223
GNE:GOAX020:X20:X20MF250831:I:18,1,1,1,1,1,0,0,20250831,20251223
GNE:GOAX020:X20:X20MF250831:I:19,1,1,1,1,1,0,0,20250831,20251223
GNE:GOAX020:X20:X20MF250831:I:20,1,1,1,1,1,0,0,20250831,20251223
GNE:GOAX020:X20:X20MF250831:I:21,1,1,1,1,1,0,0,20250831,20251223
GNE:GOAX020:X20:X20MF250831:I:22,1,1,1,1,1,0,0,20250831,20251223
GNE:GOAX020:X20:X20MF250831:I:23,1,1,1,1,1,0,0,20250831,20251223
GNE:GOAX020:X20:X20MF250831:I:24,1,1,1,1,1,0,0,20250831,20251223
GNE:GOAX020:X20:X20MF250831:I:25,1,1,1,1,1,0,0,20250831,20251223
GNE:GOAX020:X20:X20MF250831:I:26,1,1,1,1,1,0,0,20250831,20251223
GNE:GOAX020:X20:X20MF250831:I:27,1,1,1,1,1,0,0,20250831,20251223
GNE:GOAX020:X20:X20MF250831:I:28,1,1,1,1,1,0,0,20250831,20251223
GNE:GOAX020:X20:X20SA250831:O:1,0,0,0,0,0,1,0,20250831,20251223
GNE:GOAX020:X20:X20SA250831:O:2,0,0,0,0,0,1,0,20250831,20251223
GNE:GOAX020:X20:X20SA250831:O:3,0,0,0,0,0,1,0,20250831,20251223
GNE:GOAX020:X20:X20SA250831:O:4,0,0,0,0,0,1,0,20250831,20251223
GNE:GOAX020:X20:X20SA250831:O:5,0,0,0,0,0,1,0,20250831,20251223
GNE:GOAX020:X20:X20SA250831:O:6,0,0,0,0,0,1,0,20250831,20251223
GNE:GOAX020:X20:X20SA250831:O:7,0,0,0,0,0,1,0,20250831,20251223
GNE:GOAX020:X20:X20SA250831:O:8,0,0,0,0,0,1,0,20250831,20251223
GNE:GOAX020:X20:X20SA250831:O:9,0,0,0,0,0,1,0,20250831,20251223
GNE:GOAX020:X20:X20SA250831:O:10,0,0,0,0,0,1,0,20250831,20251223
GNE:GOAX020:X20:X20SA250831:O:11,0,0,0,0,0,1,0,20250831,20251223
GNE:GOAX020:X20:X20SA250831:O:12,0,0,0,0,0,1,0,20250831,20251223
GNE:GOAX020:X20:X20SA250831:O:13,0,0,0,0,0,1,0,20250831,20251223
GNE:GOAX020:X20:X20SA250831:O:14,0,0,0,0,0,1,0,20250831,20251223
GNE:GOAX020:X20:X20SA250831:O:15,0,0,0,0,0,1,0,20250831,20251223
GNE:GOAX020:X20:X20SA250831:O:16,0,0,0,0,0,1,0,20250831,20251223
GNE:GOAX020:X20:X20SA250831:O:17,0,0,0,0,0,1,0,20250831,20251223
GNE:GOAX020:X20:X20SA250831:O:18,0,0,0,0,0,1,0,20250831,20251223
GNE:GOAX020:X20:X20SA250831:O:19,0,0,0,0,0,1,0,20250831,20251223
GNE:GOAX020:X20:X20SA250831:O:20,0,0,0,0,0,1,0,20250831,20251223
GNE:GOAX020:X20:X20SA250831:O:21,0,0,0,0,0,1,0,20250831,20251223
GNE:GOAX020:X20:X20SA250831:O:22,0,0,0,0,0,1,0,20250831,20251223
GNE:GOAX020:X20:X20SA250831:O:23,0,0,0,0,0,1,0,20250831,20251223
GNE:GOAX020:X20:X20SA250831:O:24,0,0,0,0,0,1,0,20250831,20251223
GNE:GOAX020:X20:X20SA250831:O:25,0,0,0,0,0,1,0,20250831,20251223
GNE:GOAX020:X20:X20SA250831:O:26,0,0,0,0,0,1,0,20250831,20251223
GNE:GOAX020:X20:X20SA250831:O:27,0,0,0,0,0,1,0,20250831,20251223
GNE:GOAX020:X20:X20SA250831:I:1,0,0,0,0,0,1,0,20250831,20251223
GNE:GOAX020:X20:X20SA250831:I:2,0,0,0,0,0,1,0,20250831,20251223
GNE:GOAX020:X20:X20SA250831:I:3,0,0,0,0,0,1,0,20250831,20251223
GNE:GOAX020:X20:X20SA250831:I:4,0,0,0,0,0,1,0,20250831,20251223
GNE:GOAX020:X20:X20SA250831:I:5,0,0,0,0,0,1,0,20250831,20251223
GNE:GOAX020:X20:X20SA250831:I:6,0,0,0,0,0,1,0,20250831,20251223
GNE:GOAX020:X20:X20SA250831:I:7,0,0,0,0,0,1,0,20250831,20251223
GNE:GOAX020:X20:X20SA250831:I:8,0,0,0,0,0,1,0,20250831,20251223
GNE:GOAX020:X20:X20SA250831:I:9,0,0,0,0,0,1,0,20250831,20251223
GNE:GOAX020:X20:X20SA250831:I:10,0,0,0,0,0,1,0,20250831,20251223
GNE:GOAX020:X20:X20SA250831:I:11,0,0,0,0,0,1,0,20250831,20251223
GNE:GOAX020:X20:X20SA250831:I:12,0,0,0,0,0,1,0,20250831,20251223
GNE:GOAX020:X20:X20SA250831:I:13,0,0,0,0,0,1,0,20250831,20251223
GNE:GOAX020:X20:X20SA250831:I:14,0,0,0,0,0,1,0,20250831,20251223
GNE:GOAX020:X20:X20SA250831:I:15,0,0,0,0,0,1,0,20250831,20251223
GNE:GOAX020:X20:X20SA250831:I:16,0,0,0,0,0,1,0,20250831,20251223
GNE:GOAX020:X20:X20SA250831:I:17,0,0,0,0,0,1,0,20250831,20251223
GNE:GOAX020:X20:X20SA250831:I:18,0,0,0,0,0,1,0,20250831,20251223
GNE:GOAX020:X20:X20SA250831:I:19,0,0,0,0,0,1,0,20250831,20251223
GNE:GOAX020:X20:X20SA250831:I:20,0,0,0,0,0,1,0,20250831,20251223
GNE:GOAX020:X20:X20SA250831:I:21,0,0,0,0,0,1,0,20250831,20251223
GNE:GOAX020:X20:X20SA250831:I:22,0,0,0,0,0,1,0,20250831,20251223
GNE:GOAX020:X20:X20SA250831:I:23,0,0,0,0,0,1,0,20250831,20251223
GNE:GOAX020:X20:X20SA250831:I:24,0,0,0,0,0,1,0,20250831,20251223
GNE:GOAX020:X20:X20SA250831:I:25,0,0,0,0,0,1,0,20250831,20251223
GNE:GOAX020:X20:X20SA250831:I:26,0,0,0,0,0,1,0,20250831,20251223
GNE:GOAX020:X20:X20SA250831:I:27,0,0,0,0,0,1,0,20250831,20251223
GNE:GOAX020:X20:X20SU250831:O:1,0,0,0,0,0,0,1,20250831,20251223
GNE:GOAX020:X20:X20SU250831:O:2,0,0,0,0,0,0,1,20250831,20251223
GNE:GOAX020:X20:X20SU250831:O:3,0,0,0,0,0,0,1,20250831,20251223
GNE:GOAX020:X20:X20SU250831:O:4,0,0,0,0,0,0,1,20250831,20251223
GNE:GOAX020:X20:X20SU250831:O:5,0,0,0,0,0,0,1,20250831,20251223
GNE:GOAX020:X20:X20SU250831:O:6,0,0,0,0,0,0,1,20250831,20251223
GNE:GOAX020:X20:X20SU250831:O:7,0,0,0,0,0,0,1,20250831,20251223
GNE:GOAX020:X20:X20SU250831:O:8,0,0,0,0,0,0,1,20250831,20251223
GNE:GOAX020:X20:X20SU250831:O:9,0,0,0,0,0,0,1,20250831,20251223
GNE:GOAX020:X20:X20SU250831:O:10,0,0,0,0,0,0,1,20250831,20251223
GNE:GOAX020:X20:X20SU250831:O:11,0,0,0,0,0,0,1,20250831,20251223
GNE:GOAX020:X20:X20SU250831:I:1,0,0,0,0,0,0,1,20250831,20251223
GNE:GOAX020:X20:X20SU250831:I:2,0,0,0,0,0,0,1,20250831,20251223
GNE:GOAX020:X20:X20SU250831:I:3,0,0,0,0,0,0,1,20250831,20251223
GNE:GOAX020:X20:X20SU250831:I:4,0,0,0,0,0,0,1,20250831,20251223
GNE:GOAX020:X20:X20SU250831:I:5,0,0,0,0,0,0,1,20250831,20251223
GNE:GOAX020:X20:X20SU250831:I:6,0,0,0,0,0,0,1,20250831,20251223
GNE:GOAX020:X20:X20SU250831:I:7,0,0,0,0,0,0,1,20250831,20251223
GNE:GOAX020:X20:X20SU250831:I:8,0,0,0,0,0,0,1,20250831,20251223
GNE:GOAX020:X20:X20SU250831:I:9,0,0,0,0,0,0,1,20250831,20251223
GNE:GOAX020:X20:X20SU250831:I:10,0,0,0,0,0,0,1,20250831,20251223
GNE:GOAX020:X20:X20SU250831:I:11,0,0,0,0,0,0,1,20250831,20251223
GNE:GOAX021:X21:X21MF250831:O:1,1,1,1,1,1,0,0,20250831,20251223
GNE:GOAX021:X21:X21MF250831:O:2,1,1,1,1,1,0,0,20250831,20251223
GNE:GOAX021:X21:X21MF250831:O:3,1,1,1,1,1,0,0,20250831,20251223
GNE:GOAX021:X21:X21MF250831:O:4,1,1,1,1,1,0,0,20250831,20251223
GNE:GOAX021:X21:X21MF250831:O:5,1,1,1,1,1,0,0,20250831,20251223
GNE:GOAX021:X21:X21MF250831:O:6,1,1,1,1,1,0,0,20250831,20251223
GNE:GOAX021:X21:X21MF250831:O:7,0,0,0,0,0,0,0,20250831,20251223
GNE:GOAX021:X21:X21MF250831:O:8,1,1,1,1,1,0,0,20250831,20251223
GNE:GOAX021:X21:X21MF250831:O:9,1,1,1,1,1,0,0,20250831,20251223
GNE:GOAX021:X21:X21MF250831:O:10,1,1,1,1,1,0,0,20250831,20251223
GNE:GOAX021:X21:X21MF250831:O:11,1,1,1,1,1,0,0,20250831,20251223
GNE:GOAX021:X21:X21MF250831:O:12,1,1,1,1,1,0,0,20250831,20251223
GNE:GOAX021:X21:X21MF250831:O:13,1,1,1,1,1,0,0,20250831,20251223
GNE:GOAX021:X21:X21MF250831:O:14,1,1,1,1,1,0,0,20250831,20251223
GNE:GOAX021:X21:X21MF250831:O:15,1,1,1,1,1,0,0,20250831,20251223
GNE:GOAX021:X21:X21MF250831:O:16,1,1,1,1,1,0,0,20250831,20251223
GNE:GOAX021:X21:X21MF250831:O:17,1,1,1,1,1,0,0,20250831,20251223
GNE:GOAX021:X21:X21MF250831:O:18,1,1,1,1,1,0,0,20250831,20251223
GNE:GOAX021:X21:X21MF250831:O:19,1,1,1,1,0,0,0,20250831,20251223
GNE:GOAX021:X21:X21MF250831:O:20,0,0,0,0,1,0,0,20250831,20251223
GNE:GOAX021:X21:X21MF250831:O:21,1,1,1,1,1,0,0,20250831,20251223
GNE:GOAX021:X21:X21MF250831:O:22,1,1,1,1,1,0,0,20250831,20251223
GNE:GOAX021:X21:X21MF250831:O:23,1,1,1,1,1,0,0,20250831,20251223
GNE:GOAX021:X21:X21MF250831:O:24,1,1,1,1,1,0,0,20250831,20251223
GNE:GOAX021:X21:X21MF250831:O:25,1,1,1,1,1,0,0,20250831,20251223
GNE:GOAX021:X21:X21MF250831:O:26,1,1,1,1,1,0,0,20250831,20251223
GNE:GOAX021:X21:X21MF250831:O:27,1,1,1,1,1,0,0,20250831,20251223
GNE:GOAX021:X21:X21MF250831:O:28,1,1,1,1,1,0,0,20250831,20251223
GNE:GOAX021:X21:X21MF250831:O:29,1,1,1,1,1,0,0,20250831,20251223
GNE:GOAX021:X21:X21MF250831:O:30,1,1,1,1,1,0,0,20250831,20251223
GNE:GOAX021:X21:X21MF250831:O:31,1,1,1,1,1,0,0,20250831,20251223
GNE:GOAX021:X21:X21MF250831:O:32,1,1,1,1,0,0,0,20250831,20251223
GNE:GOAX021:X21:X21MF250831:O:33,0,0,0,0,1,0,0,20250831,20251223
GNE:GOAX021:X21:X21MF250831:I:1,1,1,1,1,1,0,0,20250831,20251223
GNE:GOAX021:X21:X21MF250831:I:2,1,1,1,1,1,0,0,20250831,20251223
GNE:GOAX021:X21:X21MF250831:I:3,1,1,1,1,1,0,0,20250831,20251223
GNE:GOAX021:X21:X21MF250831:I:4,1,1,1,1,1,0,0,20250831,20251223
GNE:GOAX021:X21:X21MF250831:I:5,1,1,1,1,1,0,0,20250831,20251223
GNE:GOAX021:X21:X21MF250831:I:6,1,1,1,1,1,0,0,20250831,20251223
GNE:GOAX021:X21:X21MF250831:I:7,1,1,1,1,1,0,0,20250831,20251223
GNE:GOAX021:X21:X21MF250831:I:8,1,1,1,1,1,0,0,20250831,20251223
GNE:GOAX021:X21:X21MF250831:I:9,1,1,1,1,1,0,0,20250831,20251223
GNE:GOAX021:X21:X21MF250831:I:10,1,1,1,1,1,0,0,20250831,20251223
GNE:GOAX021:X21:X21MF250831:I:11,1,1,1,1,1,0,0,20250831,20251223
GNE:GOAX021:X21:X21MF250831:I:12,1,1,1,1,1,0,0,20250831,20251223
GNE:GOAX021:X21:X21MF250831:I:13,1,1,1,1,1,0,0,20250831,20251223
GNE:GOAX021:X21:X21MF250831:I:14,1,1,1,1,1,0,0,20250831,20251223
GNE:GOAX021:X21:X21MF250831:I:15,1,1,1,1,1,0,0,20250831,20251223
GNE:GOAX021:X21:X21MF250831:I:16,1,1,1,1,1,0,0,20250831,20251223
GNE:GOAX021:X21:X21MF250831:I:17,1,1,1,1,1,0,0,20250831,20251223
GNE:GOAX021:X21:X21MF250831:I:18,1,1,1,1,1,0,0,20250831,20251223
GNE:GOAX021:X21:X21MF250831:I:19,1,1,1,1,0,0,0,20250831,20251223
GNE:GOAX021:X21:X21MF250831:I:20,0,0,0,0,1,0,0,20250831,20251223
GNE:GOAX021:X21:X21MF250831:I:21,1,1,1,1,0,0,0,20250831,20251223
GNE:GOAX021:X21:X21MF250831:I:22,0,0,0,0,1,0,0,20250831,20251223
GNE:GOAX021:X21:X21MF250831:I:23,1,1,1,1,1,0,0,20250831,20251223
GNE:GOAX021:X21:X21MF250831:I:24,1,1,1,1,1,0,0,20250831,20251223
GNE:GOAX021:X21:X21MF250831:I:25,1,1,1,1,1,0,0,20250831,20251223
GNE:GOAX021:X21:X21MF250831:I:26,1,1,1,1,1,0,0,20250831,20251223
GNE:GOAX021:X21:X21MF250831:I:27,1,1,1,1,1,0,0,20250831,20251223
GNE:GOAX021:X21:X21MF250831:I:28,1,1,1,1,1,0,0,20250831,20251223
GNE:GOAX021:X21:X21MF250831:I:29,1,1,1,1,1,0,0,20250831,20251223
GNE:GOAX021:X21:X21MF250831:I:30,1,1,1,1,1,0,0,20250831,20251223
GNE:GOAX021:X21:X21MF250831:I:31,1,1,1,1,0,0,0,20250831,20251223
GNE:GOAX021:X21:X21MF250831:I:32,0,0,0,0,1,0,0,20250831,20251223
GNE:GOAX021:X21:X21SA250831:O:1,0,0,0,0,0,1,0,20250831,20251223
GNE:GOAX021:X21:X21SA250831:O:2,0,0,0,0,0,1,0,20250831,20251223
GNE:GOAX021:X21:X21SA250831:O:3,0,0,0,0,0,1,0,20250831,20251223
GNE:GOAX021:X21:X21SA250831:O:4,0,0,0,0,0,1,0,20250831,20251223
GNE:GOAX021:X21:X21SA250831:O:5,0,0,0,0,0,1,0,20250831,20251223
GNE:GOAX021:X21:X21SA250831:O:6,0,0,0,0,0,1,0,20250831,20251223
GNE:GOAX021:X21:X21SA250831:O:7,0,0,0,0,0,1,0,20250831,20251223
GNE:GOAX021:X21:X21SA250831:O:8,0,0,0,0,0,1,0,20250831,20251223
GNE:GOAX021:X21:X21SA250831:O:9,0,0,0,0,0,1,0,20250831,20251223
GNE:GOAX021:X21:X21SA250831:O:10,0,0,0,0,0,1,0,20250831,20251223
GNE:GOAX021:X21:X21SA250831:O:11,0,0,0,0,0,1,0,20250831,20251223
GNE:GOAX021:X21:X21SA250831:O:12,0,0,0,0,0,1,0,20250831,20251223
GNE:GOAX021:X21:X21SA250831:O:13,0,0,0,0,0,1,0,20250831,20251223
GNE:GOAX021:X21:X21SA250831:O:14,0,0,0,0,0,1,0,20250831,20251223
GNE:GOAX021:X21:X21SA250831:O:15,0,0,0,0,0,1,0,20250831,20251223
GNE:GOAX021:X21:X21SA250831:O:16,0,0,0,0,0,1,0,20250831,20251223
GNE:GOAX021:X21:X21SA250831:O:17,0,0,0,0,0,1,0,20250831,20251223
GNE:GOAX021:X21:X21SA250831:O:18,0,0,0,0,0,1,0,20250831,20251223
GNE:GOAX021:X21:X21SA250831:O:19,0,0,0,0,0,1,0,20250831,20251223
GNE:GOAX021:X21:X21SA250831:O:20,0,0,0,0,0,1,0,20250831,20251223
GNE:GOAX021:X21:X21SA250831:O:21,0,0,0,0,0,1,0,20250831,20251223
GNE:GOAX021:X21:X21SA250831:O:22,0,0,0,0,0,1,0,20250831,20251223
GNE:GOAX021:X21:X21SA250831:O:23,0,0,0,0,0,1,0,20250831,20251223
GNE:GOAX021:X21:X21SA250831:O:24,0,0,0,0,0,1,0,20250831,20251223
GNE:GOAX021:X21:X21SA250831:O:25,0,0,0,0,0,1,0,20250831,20251223
GNE:GOAX021:X21:X21SA250831:O:26,0,0,0,0,0,1,0,20250831,20251223
GNE:GOAX021:X21:X21SA250831:O:27,0,0,0,0,0,1,0,20250831,20251223
GNE:GOAX021:X21:X21SA250831:O:28,0,0,0,0,0,1,0,20250831,20251223
GNE:GOAX021:X21:X21SA250831:I:1,0,0,0,0,0,1,0,20250831,20251223
GNE:GOAX021:X21:X21SA250831:I:2,0,0,0,0,0,1,0,20250831,20251223
GNE:GOAX021:X21:X21SA250831:I:3,0,0,0,0,0,1,0,20250831,20251223
GNE:GOAX021:X21:X21SA250831:I:4,0,0,0,0,0,1,0,20250831,20251223
GNE:GOAX021:X21:X21SA250831:I:5,0,0,0,0,0,1,0,20250831,20251223
GNE:GOAX021:X21:X21SA250831:I:6,0,0,0,0,0,1,0,20250831,20251223
GNE:GOAX021:X21:X21SA250831:I:7,0,0,0,0,0,1,0,20250831,20251223
GNE:GOAX021:X21:X21SA250831:I:8,0,0,0,0,0,1,0,20250831,20251223
GNE:GOAX021:X21:X21SA250831:I:9,0,0,0,0,0,1,0,20250831,20251223
GNE:GOAX021:X21:X21SA250831:I:10,0,0,0,0,0,1,0,20250831,20251223
GNE:GOAX021:X21:X21SA250831:I:11,0,0,0,0,0,1,0,20250831,20251223
GNE:GOAX021:X21:X21SA250831:I:12,0,0,0,0,0,1,0,20250831,20251223
GNE:GOAX021:X21:X21SA250831:I:13,0,0,0,0,0,1,0,20250831,20251223
GNE:GOAX021:X21:X21SA250831:I:14,0,0,0,0,0,1,0,20250831,20251223
GNE:GOAX021:X21:X21SA250831:I:15,0,0,0,0,0,1,0,20250831,20251223
GNE:GOAX021:X21:X21SA250831:I:16,0,0,0,0,0,1,0,20250831,20251223
GNE:GOAX021:X21:X21SA250831:I:17,0,0,0,0,0,1,0,20250831,20251223
GNE:GOAX021:X21:X21SA250831:I:18,0,0,0,0,0,1,0,20250831,20251223
GNE:GOAX021:X21:X21SA250831:I:19,0,0,0,0,0,1,0,20250831,20251223
GNE:GOAX021:X21:X21SA250831:I:20,0,0,0,0,0,1,0,20250831,20251223
GNE:GOAX021:X21:X21SA250831:I:21,0,0,0,0,0,1,0,20250831,20251223
GNE:GOAX021:X21:X21SA250831:I:22,0,0,0,0,0,1,0,20250831,20251223
GNE:GOAX021:X21:X21SA250831:I:23,0,0,0,0,0,1,0,20250831,20251223
GNE:GOAX021:X21:X21SA250831:I:24,0,0,0,0,0,1,0,20250831,20251223
GNE:GOAX021:X21:X21SA250831:I:25,0,0,0,0,0,1,0,20250831,20251223
GNE:GOAX021:X21:X21SA250831:I:26,0,0,0,0,0,1,0,20250831,20251223
GNE:GOAX021:X21:X21SU250831:O:1,0,0,0,0,0,0,1,20250831,20251223
GNE:GOAX021:X21:X21SU250831:O:2,0,0,0,0,0,0,1,20250831,20251223
GNE:GOAX021:X21:X21SU250831:O:3,0,0,0,0,0,0,1,20250831,20251223
GNE:GOAX021:X21:X21SU250831:O:4,0,0,0,0,0,0,1,20250831,20251223
GNE:GOAX021:X21:X21SU250831:O:5,0,0,0,0,0,0,1,20250831,20251223
GNE:GOAX021:X21:X21SU250831:O:6,0,0,0,0,0,0,1,20250831,20251223
GNE:GOAX021:X21:X21SU250831:O:7,0,0,0,0,0,0,1,20250831,20251223
GNE:GOAX021:X21:X21SU250831:O:8,0,0,0,0,0,0,1,20250831,20251223
GNE:GOAX021:X21:X21SU250831:O:9,0,0,0,0,0,0,1,20250831,20251223
GNE:GOAX021:X21:X21SU250831:O:10,0,0,0,0,0,0,1,20250831,20251223
GNE:GOAX021:X21:X21SU250831:O:11,0,0,0,0,0,0,1,20250831,20251223
GNE:GOAX021:X21:X21SU250831:O:12,0,0,0,0,0,0,1,20250831,20251223
GNE:GOAX021:X21:X21SU250831:O:13,0,0,0,0,0,0,1,20250831,20251223
GNE:GOAX021:X21:X21SU250831:O:14,0,0,0,0,0,0,1,20250831,20251223
GNE:GOAX021:X21:X21SU250831:I:1,0,0,0,0,0,0,1,20250831,20251223
GNE:GOAX021:X21:X21SU250831:I:2,0,0,0,0,0,0,1,20250831,20251223
GNE:GOAX021:X21:X21SU250831:I:3,0,0,0,0,0,0,1,20250831,20251223
GNE:GOAX021:X21:X21SU250831:I:4,0,0,0,0,0,0,1,20250831,20251223
GNE:GOAX021:X21:X21SU250831:I:5,0,0,0,0,0,0,1,20250831,20251223
GNE:GOAX021:X21:X21SU250831:I:6,0,0,0,0,0,0,1,20250831,20251223
GNE:GOAX021:X21:X21SU250831:I:7,0,0,0,0,0,0,1,20250831,20251223
GNE:GOAX021:X21:X21SU250831:I:8,0,0,0,0,0,0,1,20250831,20251223
GNE:GOAX021:X21:X21SU250831:I:9,0,0,0,0,0,0,1,20250831,20251223
GNE:GOAX021:X21:X21SU250831:I:10,0,0,0,0,0,0,1,20250831,20251223
GNE:GOAX021:X21:X21SU250831:I:11,0,0,0,0,0,0,1,20250831,20251223
GNE:GOAX021:X21:X21SU250831:I:12,0,0,0,0,0,0,1,20250831,20251223
GNE:GOAX021:X21:X21SU250831:I:13,0,0,0,0,0,0,1,20250831,20251223
GNE:GOAX030:X30:X30MF250831:O:1,1,1,1,1,1,0,0,20250831,20251223
GNE:GOAX030:X30:X30MF250831:O:3,1,1,1,1,1,0,0,20250831,20251223
GNE:GOAX030:X30:X30MF250831:O:6,1,1,1,1,1,0,0,20250831,20251223
GNE:GOAX030:X30:X30MF250831:O:9,1,1,1,1,1,0,0,20250831,20251223
GNE:GOAX030:X30:X30MF250831:O:12,1,1,1,1,1,0,0,20250831,20251223
GNE:GOAX030:X30:X30MF250831:O:15,1,1,1,1,1,0,0,20250831,20251223
GNE:GOAX030:X30:X30MF250831:O:18,1,1,1,1,1,0,0,20250831,20251223
GNE:GOAX030:X30:X30MF250831:O:21,1,1,1,1,1,0,0,20250831,20251223
GNE:GOAX030:X30:X30MF250831:O:24,1,1,1,1,1,0,0,20250831,20251223
GNE:GOAX030:X30:X30MF250831:O:27,1,1,1,1,1,0,0,20250831,20251223
GNE:GOAX030:X30:X30MF250831:O:30,1,1,1,1,1,0,0,20250831,20251223
GNE:GOAX030:X30:X30MF250831:O:33,1,1,1,1,1,0,0,20250831,20251223
GNE:GOAX030:X30:X30MF250831:O:35,1,1,1,1,1,0,0,20250831,20251223
GNE:GOAX030:X30:X30MF250831:O:37,1,1,1,1,1,0,0,20250831,20251223
GNE:GOAX030:X30:X30MF250831:O:38,1,1,1,1,1,0,0,20250831,20251223
GNE:GOAX030:X30:X30MF250831:O:39,1,1,1,1,1,0,0,20250831,20251223
GNE:GOAX030:X30:X30MF250831:O:40,1,1,1,1,1,0,0,20250831,20251223
GNE:GOAX030:X30:X30MF250831:O:41,1,1,1,1,1,0,0,20250831,20251223
GNE:GOAX030:X30:X30MF250831:I:1,1,1,1,1,1,0,0,20250831,20251223
GNE:GOAX030:X30:X30MF250831:I:3,1,1,1,1,1,0,0,20250831,20251223
GNE:GOAX030:X30:X30MF250831:I:6,1,1,1,1,1,0,0,20250831,20251223
GNE:GOAX030:X30:X30MF250831:I:8,1,1,1,1,1,0,0,20250831,20251223
GNE:GOAX030:X30:X30MF250831:I:11,1,1,1,1,1,0,0,20250831,20251223
GNE:GOAX030:X30:X30MF250831:I:14,1,1,1,1,1,0,0,20250831,20251223
GNE:GOAX030:X30:X30MF250831:I:17,1,1,1,1,1,0,0,20250831,20251223
GNE:GOAX030:X30:X30MF250831:I:20,1,1,1,1,1,0,0,20250831,20251223
GNE:GOAX030:X30:X30MF250831:I:23,1,1,1,1,1,0,0,20250831,20251223
GNE:GOAX030:X30:X30MF250831:I:26,1,1,1,1,1,0,0,20250831,20251223
GNE:GOAX030:X30:X30MF250831:I:29,1,1,1,1,1,0,0,20250831,20251223
GNE:GOAX030:X30:X30MF250831:I:32,1,1,1,1,1,0,0,20250831,20251223
GNE:GOAX030:X30:X30MF250831:I:35,1,1,1,1,1,0,0,20250831,20251223
GNE:GOAX030:X30:X30MF250831:I:37,1,1,1,1,1,0,0,20250831,20251223
GNE:GOAX030:X30:X30MF250831:I:38,1,1,1,1,1,0,0,20250831,20251223
GNE:GOAX030:X30:X30MF250831:I:39,1,1,1,1,1,0,0,20250831,20251223
GNE:GOAX030:X30:X30MF250831:I:40,1,1,1,1,1,0,0,20250831,20251223
GNE:GOAX030:X30:X30MF250831:I:41,1,1,1,1,1,0,0,20250831,20251223
GNE:GOAX030:X30:X30SA250831:O:3,0,0,0,0,0,1,0,20250831,20251223
GNE:GOAX030:X30:X30SA250831:O:6,0,0,0,0,0,1,0,20250831,20251223
GNE:GOAX030:X30:X30SA250831:O:9,0,0,0,0,0,1,0,20250831,20251223
GNE:GOAX030:X30:X30SA250831:O:12,0,0,0,0,0,1,0,20250831,20251223
GNE:GOAX030:X30:X30SA250831:O:15,0,0,0,0,0,1,0,20250831,20251223
GNE:GOAX030:X30:X30SA250831:O:18,0,0,0,0,0,1,0,20250831,20251223
GNE:GOAX030:X30:X30SA250831:O:21,0,0,0,0,0,1,0,20250831,20251223
GNE:GOAX030:X30:X30SA250831:O:24,0,0,0,0,0,1,0,20250831,20251223
GNE:GOAX030:X30:X30SA250831:O:27,0,0,0,0,0,1,0,20250831,20251223
GNE:GOAX030:X30:X30SA250831:O:30,0,0,0,0,0,1,0,20250831,20251223
GNE:GOAX030:X30:X30SA250831:O:33,0,0,0,0,0,1,0,20250831,20251223
GNE:GOAX030:X30:X30SA250831:O:35,0,0,0,0,0,1,0,20250831,20251223
GNE:GOAX030:X30:X30SA250831:O:36,0,0,0,0,0,1,0,20250831,20251223
GNE:GOAX030:X30:X30SA250831:O:37,0,0,0,0,0,1,0,20250831,20251223
GNE:GOAX030:X30:X30SA250831:O:38,0,0,0,0,0,1,0,20250831,20251223
GNE:GOAX030:X30:X30SA250831:I:3,0,0,0,0,0,1,0,20250831,20251223
GNE:GOAX030:X30:X30SA250831:I:6,0,0,0,0,0,1,0,20250831,20251223
GNE:GOAX030:X30:X30SA250831:I:8,0,0,0,0,0,1,0,20250831,20251223
GNE:GOAX030:X30:X30SA250831:I:11,0,0,0,0,0,1,0,20250831,20251223
GNE:GOAX030:X30:X30SA250831:I:14,0,0,0,0,0,1,0,20250831,20251223
GNE:GOAX030:X30:X30SA250831:I:17,0,0,0,0,0,1,0,20250831,20251223
GNE:GOAX030:X30:X30SA250831:I:20,0,0,0,0,0,1,0,20250831,20251223
GNE:GOAX030:X30:X30SA250831:I:23,0,0,0,0,0,1,0,20250831,20251223
GNE:GOAX030:X30:X30SA250831:I:26,0,0,0,0,0,1,0,20250831,20251223
GNE:GOAX030:X30:X30SA250831:I:29,0,0,0,0,0,1,0,20250831,20251223
GNE:GOAX030:X30:X30SA250831:I:32,0,0,0,0,0,1,0,20250831,20251223
GNE:GOAX030:X30:X30SA250831:I:34,0,0,0,0,0,1,0,20250831,20251223
GNE:GOAX030:X30:X30SA250831:I:35,0,0,0,0,0,1,0,20250831,20251223
GNE:GOAX030:X30:X30SA250831:I:36,0,0,0,0,0,1,0,20250831,20251223
GNE:GOAX030:X30:X30SA250831:I:37,0,0,0,0,0,1,0,20250831,20251223
GNE:GOAX030:X30:X30SA250831:I:38,0,0,0,0,0,1,0,20250831,20251223
GNE:GOAX030:X30:X30SU250831:O:1,0,0,0,0,0,0,1,20250831,20251223
GNE:GOAX030:X30:X30SU250831:O:2,0,0,0,0,0,0,1,20250831,20251223
GNE:GOAX030:X30:X30SU250831:O:3,0,0,0,0,0,0,1,20250831,20251223
GNE:GOAX030:X30:X30SU250831:O:4,0,0,0,0,0,0,1,20250831,20251223
GNE:GOAX030:X30:X30SU250831:O:5,0,0,0,0,0,0,1,20250831,20251223
GNE:GOAX030:X30:X30SU250831:O:6,0,0,0,0,0,0,1,20250831,20251223
GNE:GOAX030:X30:X30SU250831:O:7,0,0,0,0,0,0,1,20250831,20251223
GNE:GOAX030:X30:X30SU250831:O:8,0,0,0,0,0,0,1,20250831,20251223
GNE:GOAX030:X30:X30SU250831:O:9,0,0,0,0,0,0,1,20250831,20251223
GNE:GOAX030:X30:X30SU250831:O:10,0,0,0,0,0,0,1,20250831,20251223
GNE:GOAX030:X30:X30SU250831:O:11,0,0,0,0,0,0,1,20250831,20251223
GNE:GOAX030:X30:X30SU250831:O:12,0,0,0,0,0,0,1,20250831,20251223
GNE:GOAX030:X30:X30SU250831:I:1,0,0,0,0,0,0,1,20250831,20251223
GNE:GOAX030:X30:X30SU250831:I:2,0,0,0,0,0,0,1,20250831,20251223
GNE:GOAX030:X30:X30SU250831:I:3,0,0,0,0,0,0,1,20250831,20251223
GNE:GOAX030:X30:X30SU250831:I:4,0,0,0,0,0,0,1,20250831,20251223
GNE:GOAX030:X30:X30SU250831:I:5,0,0,0,0,0,0,1,20250831,20251223
GNE:GOAX030:X30:X30SU250831:I:6,0,0,0,0,0,0,1,20250831,20251223
GNE:GOAX030:X30:X30SU250831:I:7,0,0,0,0,0,0,1,20250831,20251223
GNE:GOAX030:X30:X30SU250831:I:8,0,0,0,0,0,0,1,20250831,20251223
GNE:GOAX030:X30:X30SU250831:I:9,0,0,0,0,0,0,1,20250831,20251223
GNE:GOAX030:X30:X30SU250831:I:10,0,0,0,0,0,0,1,20250831,20251223
GNE:GOAX030:X30:X30SU250831:I:11,0,0,0,0,0,0,1,20250831,20251223
GNE:GOAX030:X30:X30SU250831:I:12,0,0,0,0,0,0,1,20250831,20251223
GNE:GOAX031:X31:X30MF250831:O:5,1,1,1,1,1,0,0,20250831,20251223
GNE:GOAX031:X31:X30MF250831:O:7,1,1,1,1,1,0,0,20250831,20251223
GNE:GOAX031:X31:X30MF250831:O:11,1,1,1,1,1,0,0,20250831,20251223
GNE:GOAX031:X31:X30MF250831:O:14,1,1,1,1,1,0,0,20250831,20251223
GNE:GOAX031:X31:X30MF250831:O:17,1,1,1,1,1,0,0,20250831,20251223
GNE:GOAX031:X31:X30MF250831:O:20,1,1,1,1,1,0,0,20250831,20251223
GNE:GOAX031:X31:X30MF250831:O:23,1,1,1,1,1,0,0,20250831,20251223
GNE:GOAX031:X31:X30MF250831:O:26,1,1,1,1,1,0,0,20250831,20251223
GNE:GOAX031:X31:X30MF250831:O:29,1,1,1,1,1,0,0,20250831,20251223
GNE:GOAX031:X31:X30MF250831:O:32,1,1,1,1,1,0,0,20250831,20251223
GNE:GOAX031:X31:X30MF250831:I:2,1,1,1,1,1,0,0,20250831,20251223
GNE:GOAX031:X31:X30MF250831:I:5,1,1,1,1,1,0,0,20250831,20251223
GNE:GOAX031:X31:X30MF250831:I:9,1,1,1,1,1,0,0,20250831,20251223
GNE:GOAX031:X31:X30MF250831:I:12,1,1,1,1,1,0,0,20250831,20251223
GNE:GOAX031:X31:X30MF250831:I:15,1,1,1,1,1,0,0,20250831,20251223
GNE:GOAX031:X31:X30MF250831:I:18,1,1,1,1,1,0,0,20250831,20251223
GNE:GOAX031:X31:X30MF250831:I:21,1,1,1,1,1,0,0,20250831,20251223
GNE:GOAX031:X31:X30MF250831:I:24,1,1,1,1,1,0,0,20250831,20251223
GNE:GOAX031:X31:X30MF250831:I:27,1,1,1,1,1,0,0,20250831,20251223
GNE:GOAX031:X31:X30MF250831:I:30,1,1,1,1,1,0,0,20250831,20251223
GNE:GOAX031:X31:X30MF250831:I:33,1,1,1,1,1,0,0,20250831,20251223
GNE:GOAX031:X31:X30MF250831:I:36,1,1,1,1,1,0,0,20250831,20251223
GNE:GOAX031:X31:X30SA250831:O:1,0,0,0,0,0,1,0,20250831,20251223
GNE:GOAX031:X31:X30SA250831:O:4,0,0,0,0,0,1,0,20250831,20251223
GNE:GOAX031:X31:X30SA250831:O:8,0,0,0,0,0,1,0,20250831,20251223
GNE:GOAX031:X31:X30SA250831:O:11,0,0,0,0,0,1,0,20250831,20251223
GNE:GOAX031:X31:X30SA250831:O:14,0,0,0,0,0,1,0,20250831,20251223
GNE:GOAX031:X31:X30SA250831:O:17,0,0,0,0,0,1,0,20250831,20251223
GNE:GOAX031:X31:X30SA250831:O:20,0,0,0,0,0,1,0,20250831,20251223
GNE:GOAX031:X31:X30SA250831:O:23,0,0,0,0,0,1,0,20250831,20251223
GNE:GOAX031:X31:X30SA250831:O:26,0,0,0,0,0,1,0,20250831,20251223
GNE:GOAX031:X31:X30SA250831:O:29,0,0,0,0,0,1,0,20250831,20251223
GNE:GOAX031:X31:X30SA250831:O:32,0,0,0,0,0,1,0,20250831,20251223
GNE:GOAX031:X31:X30SA250831:I:1,0,0,0,0,0,1,0,20250831,20251223
GNE:GOAX031:X31:X30SA250831:I:4,0,0,0,0,0,1,0,20250831,20251223
GNE:GOAX031:X31:X30SA250831:I:9,0,0,0,0,0,1,0,20250831,20251223
GNE:GOAX031:X31:X30SA250831:I:12,0,0,0,0,0,1,0,20250831,20251223
GNE:GOAX031:X31:X30SA250831:I:15,0,0,0,0,0,1,0,20250831,20251223
GNE:GOAX031:X31:X30SA250831:I:18,0,0,0,0,0,1,0,20250831,20251223
GNE:GOAX031:X31:X30SA250831:I:21,0,0,0,0,0,1,0,20250831,20251223
GNE:GOAX031:X31:X30SA250831:I:24,0,0,0,0,0,1,0,20250831,20251223
GNE:GOAX031:X31:X30SA250831:I:27,0,0,0,0,0,1,0,20250831,20251223
GNE:GOAX031:X31:X30SA250831:I:30,0,0,0,0,0,1,0,20250831,20251223
GNE:GOAX031:X31:X30SA250831:I:33,0,0,0,0,0,1,0,20250831,20251223
GNE:GOAX032:X32:X30MF250831:O:2,1,1,1,1,1,0,0,20250831,20251223
GNE:GOAX032:X32:X30MF250831:O:4,1,1,1,1,1,0,0,20250831,20251223
GNE:GOAX032:X32:X30MF250831:O:8,1,1,1,1,1,0,0,20250831,20251223
GNE:GOAX032:X32:X30MF250831:O:10,1,1,1,1,1,0,0,20250831,20251223
GNE:GOAX032:X32:X30MF250831:O:13,1,1,1,1,1,0,0,20250831,20251223
GNE:GOAX032:X32:X30MF250831:O:16,1,1,1,1,1,0,0,20250831,20251223
GNE:GOAX032:X32:X30MF250831:O:19,1,1,1,1,1,0,0,20250831,20251223
GNE:GOAX032:X32:X30MF250831:O:22,1,1,1,1,1,0,0,20250831,20251223
GNE:GOAX032:X32:X30MF250831:O:25,1,1,1,1,1,0,0,20250831,20251223
GNE:GOAX032:X32:X30MF250831:O:28,1,1,1,1,1,0,0,20250831,20251223
GNE:GOAX032:X32:X30MF250831:O:31,1,1,1,1,1,0,0,20250831,20251223
GNE:GOAX032:X32:X30MF250831:O:34,1,1,1,1,1,0,0,20250831,20251223
GNE:GOAX032:X32:X30MF250831:O:36,1,1,1,1,1,0,0,20250831,20251223
GNE:GOAX032:X32:X30MF250831:I:4,1,1,1,1,1,0,0,20250831,20251223
GNE:GOAX032:X32:X30MF250831:I:7,1,1,1,1,1,0,0,20250831,20251223
GNE:GOAX032:X32:X30MF250831:I:10,1,1,1,1,1,0,0,20250831,20251223
GNE:GOAX032:X32:X30MF250831:I:13,1,1,1,1,1,0,0,20250831,20251223
GNE:GOAX032:X32:X30MF250831:I:16,1,1,1,1,1,0,0,20250831,20251223
GNE:GOAX032:X32:X30MF250831:I:19,1,1,1,1,1,0,0,20250831,20251223
GNE:GOAX032:X32:X30MF250831:I:22,1,1,1,1,1,0,0,20250831,20251223
GNE:GOAX032:X32:X30MF250831:I:25,1,1,1,1,1,0,0,20250831,20251223
GNE:GOAX032:X32:X30MF250831:I:28,1,1,1,1,1,0,0,20250831,20251223
GNE:GOAX032:X32:X30MF250831:I:31,1,1,1,1,1,0,0,20250831,20251223
GNE:GOAX032:X32:X30MF250831:I:34,1,1,1,1,1,0,0,20250831,20251223
GNE:GOAX032:X32:X30SA250831:O:2,0,0,0,0,0,1,0,20250831,20251223
GNE:GOAX032:X32:X30SA250831:O:5,0,0,0,0,0,1,0,20250831,20251223
GNE:GOAX032:X32:X30SA250831:O:7,0,0,0,0,0,1,0,20250831,20251223
GNE:GOAX032:X32:X30SA250831:O:10,0,0,0,0,0,1,0,20250831,20251223
GNE:GOAX032:X32:X30SA250831:O:13,0,0,0,0,0,1,0,20250831,20251223
GNE:GOAX032:X32:X30SA250831:O:16,0,0,0,0,0,1,0,20250831,20251223
GNE:GOAX032:X32:X30SA250831:O:19,0,0,0,0,0,1,0,20250831,20251223
GNE:GOAX032:X32:X30SA250831:O:22,0,0,0,0,0,1,0,20250831,20251223
GNE:GOAX032:X32:X30SA250831:O:25,0,0,0,0,0,1,0,20250831,20251223
GNE:GOAX032:X32:X30SA250831:O:28,0,0,0,0,0,1,0,20250831,20251223
GNE:GOAX032:X32:X30SA250831:O:31,0,0,0,0,0,1,0,20250831,20251223
GNE:GOAX032:X32:X30SA250831:O:34,0,0,0,0,0,1,0,20250831,20251223
GNE:GOAX032:X32:X30SA250831:I:2,0,0,0,0,0,1,0,20250831,20251223
GNE:GOAX032:X32:X30SA250831:I:5,0,0,0,0,0,1,0,20250831,20251223
GNE:GOAX032:X32:X30SA250831:I:7,0,0,0,0,0,1,0,20250831,20251223
GNE:GOAX032:X32:X30SA250831:I:10,0,0,0,0,0,1,0,20250831,20251223
GNE:GOAX032:X32:X30SA250831:I:13,0,0,0,0,0,1,0,20250831,20251223
GNE:GOAX032:X32:X30SA250831:I:16,0,0,0,0,0,1,0,20250831,20251223
GNE:GOAX032:X32:X30SA250831:I:19,0,0,0,0,0,1,0,20250831,20251223
GNE:GOAX032:X32:X30SA250831:I:22,0,0,0,0,0,1,0,20250831,20251223
GNE:GOAX032:X32:X30SA250831:I:25,0,0,0,0,0,1,0,20250831,20251223
GNE:GOAX032:X32:X30SA250831:I:28,0,0,0,0,0,1,0,20250831,20251223
GNE:GOAX032:X32:X30SA250831:I:31,0,0,0,0,0,1,0,20250831,20251223
GNE:GOAX039:X39:X39MF250831:O:1,1,1,1,1,1,0,0,20250831,20251223
GNE:GOAX039:X39:X39MF250831:O:2,1,1,1,1,1,0,0,20250831,20251223
GNE:GOAX039:X39:X39MF250831:O:3,1,1,1,1,1,0,0,20250831,20251223
GNE:GOAX039:X39:X39MF250831:O:4,1,1,1,1,1,0,0,20250831,20251223
GNE:GOAX039:X39:X39MF250831:I:1,1,1,1,1,1,0,0,20250831,20251223
GNE:GOAX039:X39:X39MF250831:I:2,1,1,1,1,1,0,0,20250831,20251223
GNE:GOAX039:X39:X39MF250831:I:3,1,1,1,1,1,0,0,20250831,20251223
GNE:GOAX045:X45:X45MF250831:O:1,1,1,1,1,1,0,0,20250831,20251223
GNE:GOAX045:X45:X45MF250831:O:2,1,1,1,1,1,0,0,20250831,20251223
GNE:GOAX045:X45:X45MF250831:O:3,1,1,1,1,1,0,0,20250831,20251223
GNE:GOAX045:X45:X45MF250831:O:4,1,1,1,1,1,0,0,20250831,20251223
GNE:GOAX045:X45:X45MF250831:O:5,1,1,1,1,1,0,0,20250831,20251223
GNE:GOAX045:X45:X45MF250831:O:6,1,1,1,1,1,0,0,20250831,20251223
GNE:GOAX045:X45:X45MF250831:O:7,1,1,1,1,1,0,0,20250831,20251223
GNE:GOAX045:X45:X45MF250831:O:8,1,1,1,1,1,0,0,20250831,20251223
GNE:GOAX045:X45:X45MF250831:O:9,1,1,1,1,1,0,0,20250831,20251223
GNE:GOAX045:X45:X45MF250831:O:10,1,1,1,1,1,0,0,20250831,20251223
GNE:GOAX045:X45:X45MF250831:O:11,1,1,1,1,1,0,0,20250831,20251223
GNE:GOAX045:X45:X45MF250831:O:12,1,1,1,1,1,0,0,20250831,20251223
GNE:GOAX045:X45:X45MF250831:O:13,1,1,1,1,1,0,0,20250831,20251223
GNE:GOAX045:X45:X45MF250831:O:14,1,1,1,1,1,0,0,20250831,20251223
GNE:GOAX045:X45:X45MF250831:O:15,1,1,1,1,1,0,0,20250831,20251223
GNE:GOAX045:X45:X45MF250831:O:16,1,1,1,1,1,0,0,20250831,20251223
GNE:GOAX045:X45:X45MF250831:O:17,1,1,1,1,1,0,0,20250831,20251223
GNE:GOAX045:X45:X45MF250831:O:18,1,1,1,1,1,0,0,20250831,20251223
GNE:GOAX045:X45:X45MF250831:O:19,1,1,1,1,1,0,0,20250831,20251223
GNE:GOAX045:X45:X45MF250831:O:20,1,1,1,1,1,0,0,20250831,20251223
GNE:GOAX045:X45:X45MF250831:O:21,1,1,1,1,1,0,0,20250831,20251223
GNE:GOAX045:X45:X45MF250831:O:22,1,1,1,1,1,0,0,20250831,20251223
GNE:GOAX045:X45:X45MF250831:O:23,1,1,1,1,1,0,0,20250831,20251223
GNE:GOAX045:X45:X45MF250831:O:24,1,1,1,1,1,0,0,20250831,20251223
GNE:GOAX045:X45:X45MF250831:O:25,1,1,1,1,1,0,0,20250831,20251223
GNE:GOAX045:X45:X45MF250831:O:26,1,1,1,1,1,0,0,20250831,20251223
GNE:GOAX045:X45:X45MF250831:O:27,1,1,1,1,1,0,0,20250831,20251223
GNE:GOAX045:X45:X45MF250831:O:28,1,1,1,1,1,0,0,20250831,20251223
GNE:GOAX045:X45:X45MF250831:O:29,1,1,1,1,1,0,0,20250831,20251223
GNE:GOAX045:X45:X45MF250831:I:1,1,1,1,1,1,0,0,20250831,20251223
GNE:GOAX045:X45:X45MF250831:I:2,1,1,1,1,1,0,0,20250831,20251223
GNE:GOAX045:X45:X45MF250831:I:3,1,1,1,1,1,0,0,20250831,20251223
GNE:GOAX045:X45:X45MF250831:I:4,1,1,1,1,1,0,0,20250831,20251223
GNE:GOAX045:X45:X45MF250831:I:5,1,1,1,1,1,0,0,20250831,20251223
GNE:GOAX045:X45:X45MF250831:I:6,1,1,1,1,1,0,0,20250831,20251223
GNE:GOAX045:X45:X45MF250831:I:7,1,1,1,1,1,0,0,20250831,20251223
GNE:GOAX045:X45:X45MF250831:I:8,1,1,1,1,1,0,0,20250831,20251223
GNE:GOAX045:X45:X45MF250831:I:9,1,1,1,1,1,0,0,20250831,20251223
GNE:GOAX045:X45:X45MF250831:I:10,1,1,1,1,1,0,0,20250831,20251223
GNE:GOAX045:X45:X45MF250831:I:11,1,1,1,1,1,0,0,20250831,20251223
GNE:GOAX045:X45:X45MF250831:I:12,1,1,1,1,1,0,0,20250831,20251223
GNE:GOAX045:X45:X45MF250831:I:13,1,1,1,1,1,0,0,20250831,20251223
GNE:GOAX045:X45:X45MF250831:I:14,1,1,1,1,1,0,0,20250831,20251223
GNE:GOAX045:X45:X45MF250831:I:15,1,1,1,1,1,0,0,20250831,20251223
GNE:GOAX045:X45:X45MF250831:I:16,1,1,1,1,1,0,0,20250831,20251223
GNE:GOAX045:X45:X45MF250831:I:17,1,1,1,1,1,0,0,20250831,20251223
GNE:GOAX045:X45:X45MF250831:I:18,1,1,1,1,1,0,0,20250831,20251223
GNE:GOAX045:X45:X45MF250831:I:19,1,1,1,1,1,0,0,20250831,20251223
GNE:GOAX045:X45:X45MF250831:I:20,1,1,1,1,1,0,0,20250831,20251223
GNE:GOAX045:X45:X45MF250831:I:21,1,1,1,1,1,0,0,20250831,20251223
GNE:GOAX045:X45:X45MF250831:I:22,1,1,1,1,1,0,0,20250831,20251223
GNE:GOAX045:X45:X45MF250831:I:23,1,1,1,1,1,0,0,20250831,20251223
GNE:GOAX045:X45:X45MF250831:I:24,1,1,1,1,1,0,0,20250831,20251223
GNE:GOAX045:X45:X45MF250831:I:25,1,1,1,1,1,0,0,20250831,20251223
GNE:GOAX045:X45:X45MF250831:I:26,1,1,1,1,1,0,0,20250831,20251223
GNE:GOAX045:X45:X45MF250831:I:27,1,1,1,1,1,0,0,20250831,20251223
GNE:GOAX045:X45:X45MF250831:I:28,1,1,1,1,1,0,0,20250831,20251223
GNE:GOAX045:X45:X45MF250831:I:29,1,1,1,1,1,0,0,20250831,20251223
GNE:GOAX045:X45:X45MF250831:I:30,1,1,1,1,1,0,0,20250831,20251223
GNE:GOAX045:X45:X45MF250831:I:31,1,1,1,1,1,0,0,20250831,20251223
GNE:GOAX045:X45:X45SA250831:O:1,0,0,0,0,0,1,0,20250831,20251223
GNE:GOAX045:X45:X45SA250831:O:2,0,0,0,0,0,1,0,20250831,20251223
GNE:GOAX045:X45:X45SA250831:O:3,0,0,0,0,0,1,0,20250831,20251223
GNE:GOAX045:X45:X45SA250831:O:4,0,0,0,0,0,1,0,20250831,20251223
GNE:GOAX045:X45:X45SA250831:O:5,0,0,0,0,0,1,0,20250831,20251223
GNE:GOAX045:X45:X45SA250831:O:6,0,0,0,0,0,1,0,20250831,20251223
GNE:GOAX045:X45:X45SA250831:O:7,0,0,0,0,0,1,0,20250831,20251223
GNE:GOAX045:X45:X45SA250831:O:8,0,0,0,0,0,1,0,20250831,20251223
GNE:GOAX045:X45:X45SA250831:O:9,0,0,0,0,0,1,0,20250831,20251223
GNE:GOAX045:X45:X45SA250831:O:10,0,0,0,0,0,1,0,20250831,20251223
GNE:GOAX045:X45:X45SA250831:O:11,0,0,0,0,0,1,0,20250831,20251223
GNE:GOAX045:X45:X45SA250831:O:12,0,0,0,0,0,1,0,20250831,20251223
GNE:GOAX045:X45:X45SA250831:O:13,0,0,0,0,0,1,0,20250831,20251223
GNE:GOAX045:X45:X45SA250831:O:14,0,0,0,0,0,1,0,20250831,20251223
GNE:GOAX045:X45:X45SA250831:O:15,0,0,0,0,0,1,0,20250831,20251223
GNE:GOAX045:X45:X45SA250831:O:16,0,0,0,0,0,1,0,20250831,20251223
GNE:GOAX045:X45:X45SA250831:O:17,0,0,0,0,0,1,0,20250831,20251223
GNE:GOAX045:X45:X45SA250831:O:18,0,0,0,0,0,1,0,20250831,20251223
GNE:GOAX045:X45:X45SA250831:O:19,0,0,0,0,0,1,0,20250831,20251223
GNE:GOAX045:X45:X45SA250831:O:20,0,0,0,0,0,1,0,20250831,20251223
GNE:GOAX045:X45:X45SA250831:O:21,0,0,0,0,0,1,0,20250831,20251223
GNE:GOAX045:X45:X45SA250831:O:22,0,0,0,0,0,1,0,20250831,20251223
GNE:GOAX045:X45:X45SA250831:O:23,0,0,0,0,0,1,0,20250831,20251223
GNE:GOAX045:X45:X45SA250831:O:24,0,0,0,0,0,1,0,20250831,20251223
GNE:GOAX045:X45:X45SA250831:O:25,0,0,0,0,0,1,0,20250831,20251223
GNE:GOAX045:X45:X45SA250831:O:26,0,0,0,0,0,1,0,20250831,20251223
GNE:GOAX045:X45:X45SA250831:O:27,0,0,0,0,0,1,0,20250831,20251223
GNE:GOAX045:X45:X45SA250831:O:28,0,0,0,0,0,1,0,20250831,20251223
GNE:GOAX045:X45:X45SA250831:O:29,0,0,0,0,0,1,0,20250831,20251223
GNE:GOAX045:X45:X45SA250831:I:1,0,0,0,0,0,1,0,20250831,20251223
GNE:GOAX045:X45:X45SA250831:I:2,0,0,0,0,0,1,0,20250831,20251223
GNE:GOAX045:X45:X45SA250831:I:3,0,0,0,0,0,1,0,20250831,20251223
GNE:GOAX045:X45:X45SA250831:I:4,0,0,0,0,0,1,0,20250831,20251223
GNE:GOAX045:X45:X45SA250831:I:5,0,0,0,0,0,1,0,20250831,20251223
GNE:GOAX045:X45:X45SA250831:I:6,0,0,0,0,0,1,0,20250831,20251223
GNE:GOAX045:X45:X45SA250831:I:7,0,0,0,0,0,1,0,20250831,20251223
GNE:GOAX045:X45:X45SA250831:I:8,0,0,0,0,0,1,0,20250831,20251223
GNE:GOAX045:X45:X45SA250831:I:9,0,0,0,0,0,1,0,20250831,20251223
GNE:GOAX045:X45:X45SA250831:I:10,0,0,0,0,0,1,0,20250831,20251223
GNE:GOAX045:X45:X45SA250831:I:11,0,0,0,0,0,1,0,20250831,20251223
GNE:GOAX045:X45:X45SA250831:I:12,0,0,0,0,0,1,0,20250831,20251223
GNE:GOAX045:X45:X45SA250831:I:13,0,0,0,0,0,1,0,20250831,20251223
GNE:GOAX045:X45:X45SA250831:I:14,0,0,0,0,0,1,0,20250831,20251223
GNE:GOAX045:X45:X45SA250831:I:15,0,0,0,0,0,1,0,20250831,20251223
GNE:GOAX045:X45:X45SA250831:I:16,0,0,0,0,0,1,0,20250831,20251223
GNE:GOAX045:X45:X45SA250831:I:17,0,0,0,0,0,1,0,20250831,20251223
GNE:GOAX045:X45:X45SA250831:I:18,0,0,0,0,0,1,0,20250831,20251223
GNE:GOAX045:X45:X45SA250831:I:19,0,0,0,0,0,1,0,20250831,20251223
GNE:GOAX045:X45:X45SA250831:I:20,0,0,0,0,0,1,0,20250831,20251223
GNE:GOAX045:X45:X45SA250831:I:21,0,0,0,0,0,1,0,20250831,20251223
GNE:GOAX045:X45:X45SA250831:I:22,0,0,0,0,0,1,0,20250831,20251223
GNE:GOAX045:X45:X45SA250831:I:23,0,0,0,0,0,1,0,20250831,20251223
GNE:GOAX045:X45:X45SA250831:I:24,0,0,0,0,0,1,0,20250831,20251223
GNE:GOAX045:X45:X45SA250831:I:25,0,0,0,0,0,1,0,20250831,20251223
GNE:GOAX045:X45:X45SA250831:I:26,0,0,0,0,0,1,0,20250831,20251223
GNE:GOAX045:X45:X45SA250831:I:27,0,0,0,0,0,1,0,20250831,20251223
GNE:GOAX045:X45:X45SA250831:I:28,0,0,0,0,0,1,0,20250831,20251223
GNE:GOAX045:X45:X45SA250831:I:29,0,0,0,0,0,1,0,20250831,20251223
GNE:GOAX045:X45:X45SU250831:O:1,0,0,0,0,0,0,1,20250831,20251223
GNE:GOAX045:X45:X45SU250831:O:2,0,0,0,0,0,0,1,20250831,20251223
GNE:GOAX045:X45:X45SU250831:O:3,0,0,0,0,0,0,1,20250831,20251223
GNE:GOAX045:X45:X45SU250831:O:4,0,0,0,0,0,0,1,20250831,20251223
GNE:GOAX045:X45:X45SU250831:O:5,0,0,0,0,0,0,1,20250831,20251223
GNE:GOAX045:X45:X45SU250831:O:6,0,0,0,0,0,0,1,20250831,20251223
GNE:GOAX045:X45:X45SU250831:O:7,0,0,0,0,0,0,1,20250831,20251223
GNE:GOAX045:X45:X45SU250831:O:8,0,0,0,0,0,0,1,20250831,20251223
GNE:GOAX045:X45:X45SU250831:O:9,0,0,0,0,0,0,1,20250831,20251223
GNE:GOAX045:X45:X45SU250831:O:10,0,0,0,0,0,0,1,20250831,20251223
GNE:GOAX045:X45:X45SU250831:O:11,0,0,0,0,0,0,1,20250831,20251223
GNE:GOAX045:X45:X45SU250831:O:12,0,0,0,0,0,0,1,20250831,20251223
GNE:GOAX045:X45:X45SU250831:O:13,0,0,0,0,0,0,1,20250831,20251223
GNE:GOAX045:X45:X45SU250831:O:14,0,0,0,0,0,0,1,20250831,20251223
GNE:GOAX045:X45:X45SU250831:O:15,0,0,0,0,0,0,1,20250831,20251223
GNE:GOAX045:X45:X45SU250831:O:16,0,0,0,0,0,0,1,20250831,20251223
GNE:GOAX045:X45:X45SU250831:O:17,0,0,0,0,0,0,1,20250831,20251223
GNE:GOAX045:X45:X45SU250831:O:18,0,0,0,0,0,0,1,20250831,20251223
GNE:GOAX045:X45:X45SU250831:O:19,0,0,0,0,0,0,1,20250831,20251223
GNE:GOAX045:X45:X45SU250831:O:20,0,0,0,0,0,0,1,20250831,20251223
GNE:GOAX045:X45:X45SU250831:O:21,0,0,0,0,0,0,1,20250831,20251223
GNE:GOAX045:X45:X45SU250831:O:22,0,0,0,0,0,0,1,20250831,20251223
GNE:GOAX045:X45:X45SU250831:I:1,0,0,0,0,0,0,1,20250831,20251223
GNE:GOAX045:X45:X45SU250831:I:2,0,0,0,0,0,0,1,20250831,20251223
GNE:GOAX045:X45:X45SU250831:I:3,0,0,0,0,0,0,1,20250831,20251223
GNE:GOAX045:X45:X45SU250831:I:4,0,0,0,0,0,0,1,20250831,20251223
GNE:GOAX045:X45:X45SU250831:I:5,0,0,0,0,0,0,1,20250831,20251223
GNE:GOAX045:X45:X45SU250831:I:6,0,0,0,0,0,0,1,20250831,20251223
GNE:GOAX045:X45:X45SU250831:I:7,0,0,0,0,0,0,1,20250831,20251223
GNE:GOAX045:X45:X45SU250831:I:8,0,0,0,0,0,0,1,20250831,20251223
GNE:GOAX045:X45:X45SU250831:I:9,0,0,0,0,0,0,1,20250831,20251223
GNE:GOAX045:X45:X45SU250831:I:10,0,0,0,0,0,0,1,20250831,20251223
GNE:GOAX045:X45:X45SU250831:I:11,0,0,0,0,0,0,1,20250831,20251223
GNE:GOAX045:X45:X45SU250831:I:12,0,0,0,0,0,0,1,20250831,20251223
GNE:GOAX045:X45:X45SU250831:I:13,0,0,0,0,0,0,1,20250831,20251223
GNE:GOAX045:X45:X45SU250831:I:14,0,0,0,0,0,0,1,20250831,20251223
GNE:GOAX045:X45:X45SU250831:I:15,0,0,0,0,0,0,1,20250831,20251223
GNE:GOAX045:X45:X45SU250831:I:16,0,0,0,0,0,0,1,20250831,20251223
GNE:GOAX045:X45:X45SU250831:I:17,0,0,0,0,0,0,1,20250831,20251223
GNE:GOAX045:X45:X45SU250831:I:18,0,0,0,0,0,0,1,20250831,20251223
GNE:GOAX045:X45:X45SU250831:I:19,0,0,0,0,0,0,1,20250831,20251223
GNE:GOAX045:X45:X45SU250831:I:20,0,0,0,0,0,0,1,20250831,20251223
GNE:GOAX045:X45:X45SU250831:I:21,0,0,0,0,0,0,1,20250831,20251223
GNE:GOAX045:X45:X45SU250831:I:22,0,0,0,0,0,0,1,20250831,20251223
GNE:GOAX045:X45:X45SU250831:I:23,0,0,0,0,0,0,1,20250831,20251223
GNE:GOAX050:X50:200SUSB230801:O:1,0,0,0,0,0,0,0,20250915,20251223
GNE:GOAX050:X50:200SUSB230801:O:2,0,0,0,0,0,0,0,20250915,20251223
GNE:GOAX050:X50:200SUSB230801:O:3,0,0,0,0,0,0,0,20250915,20251223
GNE:GOAX050:X50:200SUSB230801:O:4,0,0,0,0,0,0,0,20250915,20251223
GNE:GOAX050:X50:200SUSB230801:O:5,0,0,0,0,0,0,0,20250915,20251223
GNE:GOAX050:X50:200SUSB230801:O:6,0,0,0,0,0,0,0,20250915,20251223
GNE:GOAX050:X50:200SUSB230801:O:7,0,0,0,0,0,0,0,20250915,20251223
GNE:GOAX050:X50:200SUSB230801:O:8,0,0,0,0,0,0,0,20250915,20251223
GNE:GOAX050:X50:200SUSB230801:O:9,0,0,0,0,0,0,0,20250915,20251223
GNE:GOAX050:X50:200SUSB230801:O:10,0,0,0,0,0,0,0,20250915,20251223
GNE:GOAX050:X50:200SUSB230801:I:1,0,0,0,0,0,0,0,20250915,20251223
GNE:GOAX050:X50:200SUSB230801:I:2,0,0,0,0,0,0,0,20250915,20251223
GNE:GOAX050:X50:200SUSB230801:I:3,0,0,0,0,0,0,0,20250915,20251223
GNE:GOAX050:X50:200SUSB230801:I:4,0,0,0,0,0,0,0,20250915,20251223
GNE:GOAX050:X50:200SUSB230801:I:5,0,0,0,0,0,0,0,20250915,20251223
GNE:GOAX050:X50:200SUSB230801:I:6,0,0,0,0,0,0,0,20250915,20251223
GNE:GOAX050:X50:200SUSB230801:I:7,0,0,0,0,0,0,0,20250915,20251223
GNE:GOAX050:X50:300SASB230801:O:1,0,0,0,0,0,0,0,20250915,20251223
GNE:GOAX050:X50:300SASB230801:O:2,0,0,0,0,0,0,0,20250915,20251223
GNE:GOAX050:X50:300SASB230801:O:3,0,0,0,0,0,0,0,20250915,20251223
GNE:GOAX050:X50:300SASB230801:O:4,0,0,0,0,0,0,0,20250915,20251223
GNE:GOAX050:X50:300SASB230801:O:5,0,0,0,0,0,0,0,20250915,20251223
GNE:GOAX050:X50:300SASB230801:O:6,0,0,0,0,0,0,0,20250915,20251223
GNE:GOAX050:X50:300SASB230801:O:7,0,0,0,0,0,0,0,20250915,20251223
GNE:GOAX050:X50:300SASB230801:O:8,0,0,0,0,0,0,0,20250915,20251223
GNE:GOAX050:X50:300SASB230801:O:9,0,0,0,0,0,0,0,20250915,20251223
GNE:GOAX050:X50:300SASB230801:O:10,0,0,0,0,0,0,0,20250915,20251223
GNE:GOAX050:X50:300SASB230801:I:1,0,0,0,0,0,0,0,20250915,20251223
GNE:GOAX050:X50:300SASB230801:I:2,0,0,0,0,0,0,0,20250915,20251223
GNE:GOAX050:X50:300SASB230801:I:3,0,0,0,0,0,0,0,20250915,20251223
GNE:GOAX050:X50:300SASB230801:I:4,0,0,0,0,0,0,0,20250915,20251223
GNE:GOAX050:X50:300SASB230801:I:5,0,0,0,0,0,0,0,20250915,20251223
GNE:GOAX050:X50:300SASB230801:I:6,0,0,0,0,0,0,0,20250915,20251223
GNE:GOAX050:X50:300SASB230801:I:7,0,0,0,0,0,0,0,20250915,20251223
GNE:GOAX050:X50:430SUSB230801:O:1,0,0,0,0,0,0,0,20250915,20251223
GNE:GOAX050:X50:430SUSB230801:O:2,0,0,0,0,0,0,0,20250915,20251223
GNE:GOAX050:X50:430SUSB230801:O:3,0,0,0,0,0,0,0,20250915,20251223
GNE:GOAX050:X50:430SUSB230801:O:4,0,0,0,0,0,0,0,20250915,20251223
GNE:GOAX050:X50:430SUSB230801:O:5,0,0,0,0,0,0,0,20250915,20251223
GNE:GOAX050:X50:430SUSB230801:O:6,0,0,0,0,0,0,0,20250915,20251223
GNE:GOAX050:X50:430SUSB230801:O:7,0,0,0,0,0,0,0,20250915,20251223
GNE:GOAX050:X50:430SUSB230801:O:8,0,0,0,0,0,0,0,20250915,20251223
GNE:GOAX050:X50:430SUSB230801:O:9,0,0,0,0,0,0,0,20250915,20251223
GNE:GOAX050:X50:430SUSB230801:O:10,0,0,0,0,0,0,0,20250915,20251223
GNE:GOAX050:X50:430SUSB230801:I:1,0,0,0,0,0,0,0,20250915,20251223
GNE:GOAX050:X50:430SUSB230801:I:2,0,0,0,0,0,0,0,20250915,20251223
GNE:GOAX050:X50:430SUSB230801:I:3,0,0,0,0,0,0,0,20250915,20251223
GNE:GOAX050:X50:430SUSB230801:I:4,0,0,0,0,0,0,0,20250915,20251223
GNE:GOAX050:X50:430SUSB230801:I:5,0,0,0,0,0,0,0,20250915,20251223
GNE:GOAX050:X50:430SUSB230801:I:6,0,0,0,0,0,0,0,20250915,20251223
GNE:GOAX050:X50:430SUSB230801:I:7,0,0,0,0,0,0,0,20250915,20251223
GNE:GOAX050:X50:745MFSB230801:O:1,0,0,0,0,0,0,0,20250915,20251223
GNE:GOAX050:X50:745MFSB230801:O:2,0,0,0,0,0,0,0,20250915,20251223
GNE:GOAX050:X50:745MFSB230801:O:3,0,0,0,0,0,0,0,20250915,20251223
GNE:GOAX050:X50:745MFSB230801:O:4,0,0,0,0,0,0,0,20250915,20251223
GNE:GOAX050:X50:745MFSB230801:O:5,0,0,0,0,0,0,0,20250915,20251223
GNE:GOAX050:X50:745MFSB230801:O:6,0,0,0,0,0,0,0,20250915,20251223
GNE:GOAX050:X50:745MFSB230801:O:7,0,0,0,0,0,0,0,20250915,20251223
GNE:GOAX050:X50:745MFSB230801:O:8,0,0,0,0,0,0,0,20250915,20251223
GNE:GOAX050:X50:745MFSB230801:O:9,0,0,0,0,0,0,0,20250915,20251223
GNE:GOAX050:X50:745MFSB230801:O:10,0,0,0,0,0,0,0,20250915,20251223
GNE:GOAX050:X50:745MFSB230801:I:1,0,0,0,0,0,0,0,20250915,20251223
GNE:GOAX050:X50:745MFSB230801:I:2,0,0,0,0,0,0,0,20250915,20251223
GNE:GOAX050:X50:745MFSB230801:I:3,0,0,0,0,0,0,0,20250915,20251223
GNE:GOAX050:X50:745MFSB230801:I:4,0,0,0,0,0,0,0,20250915,20251223
GNE:GOAX050:X50:745MFSB230801:I:5,0,0,0,0,0,0,0,20250915,20251223
GNE:GOAX050:X50:745MFSB230801:I:6,0,0,0,0,0,0,0,20250915,20251223
GNE:GOAX050:X50:745MFSB230801:I:7,0,0,0,0,0,0,0,20250915,20251223
GNE:GOAX050:X50:800MFSB230801:O:1,0,0,0,0,0,0,0,20250915,20251223
GNE:GOAX050:X50:800MFSB230801:O:2,0,0,0,0,0,0,0,20250915,20251223
GNE:GOAX050:X50:800MFSB230801:O:3,0,0,0,0,0,0,0,20250915,20251223
GNE:GOAX050:X50:800MFSB230801:O:4,0,0,0,0,0,0,0,20250915,20251223
GNE:GOAX050:X50:800MFSB230801:O:5,0,0,0,0,0,0,0,20250915,20251223
GNE:GOAX050:X50:800MFSB230801:O:6,0,0,0,0,0,0,0,20250915,20251223
GNE:GOAX050:X50:800MFSB230801:O:7,0,0,0,0,0,0,0,20250915,20251223
GNE:GOAX050:X50:800MFSB230801:O:8,0,0,0,0,0,0,0,20250915,20251223
GNE:GOAX050:X50:800MFSB230801:O:9,0,0,0,0,0,0,0,20250915,20251223
GNE:GOAX050:X50:800MFSB230801:O:10,0,0,0,0,0,0,0,20250915,20251223
GNE:GOAX050:X50:800MFSB230801:I:1,0,0,0,0,0,0,0,20250915,20251223
GNE:GOAX050:X50:800MFSB230801:I:2,0,0,0,0,0,0,0,20250915,20251223
GNE:GOAX050:X50:800MFSB230801:I:3,0,0,0,0,0,0,0,20250915,20251223
GNE:GOAX050:X50:800MFSB230801:I:4,0,0,0,0,0,0,0,20250915,20251223
GNE:GOAX050:X50:800MFSB230801:I:5,0,0,0,0,0,0,0,20250915,20251223
GNE:GOAX050:X50:800MFSB230801:I:6,0,0,0,0,0,0,0,20250915,20251223
GNE:GOAX050:X50:800MFSB230801:I:7,0,0,0,0,0,0,0,20250915,20251223
GNE:GOAX058:X58:058MF250831:O:49,1,1,1,1,1,0,0,20250831,20251223
GNE:GOAX058:X58:058MF250831:I:4,1,1,1,1,1,0,0,20250831,20251223
GNE:GOAX058:X58:058MF250831:I:7,1,1,1,1,1,0,0,20250831,20251223
GNE:GOAX058:X58:058SA250831:O:47,0,0,0,0,0,1,0,20250831,20251223
GNE:GOAX058:X58:058SA250831:I:1,0,0,0,0,0,1,0,20250831,20251223
GNE:GOAX058:X58:058SA250831:I:2,0,0,0,0,0,1,0,20250831,20251223
GNE:GOAX058:X58:058SU250831:O:25,0,0,0,0,0,0,1,20250831,20251223
GNE:GOAX058:X58:058SU250831:I:1,0,0,0,0,0,0,1,20250831,20251223
GNE:GOAX058:X58:058SU250831:I:2,0,0,0,0,0,0,1,20250831,20251223
GNE:GOAX062:X62:X62MF250831:O:1,0,0,0,0,0,0,0,20250831,20251223
GNE:GOAX062:X62:X62MF250831:I:1,0,0,0,0,0,0,0,20250831,20251223
GNE:GOAX066:X66:X66MF250831:O:1,1,1,1,1,1,0,0,20250831,20251223
GNE:GOAX066:X66:X66MF250831:O:2,1,1,1,1,1,0,0,20250831,20251223
GNE:GOAX066:X66:X66MF250831:O:3,1,1,1,1,1,0,0,20250831,20251223
GNE:GOAX066:X66:X66MF250831:O:4,1,1,1,1,1,0,0,20250831,20251223
GNE:GOAX066:X66:X66MF250831:O:5,1,1,1,1,1,0,0,20250831,20251223
GNE:GOAX066:X66:X66MF250831:O:6,1,1,1,1,1,0,0,20250831,20251223
GNE:GOAX066:X66:X66MF250831:O:7,1,1,1,1,1,0,0,20250831,20251223
GNE:GOAX066:X66:X66MF250831:O:8,1,1,1,1,1,0,0,20250831,20251223
GNE:GOAX066:X66:X66MF250831:O:9,1,1,1,1,1,0,0,20250831,20251223
GNE:GOAX066:X66:X66MF250831:O:10,1,1,1,1,1,0,0,20250831,20251223
GNE:GOAX066:X66:X66MF250831:O:11,1,1,1,1,1,0,0,20250831,20251223
GNE:GOAX066:X66:X66MF250831:O:12,1,1,1,1,1,0,0,20250831,20251223
GNE:GOAX066:X66:X66MF250831:O:13,1,1,1,1,1,0,0,20250831,20251223
GNE:GOAX066:X66:X66MF250831:O:14,1,1,1,1,1,0,0,20250831,20251223
GNE:GOAX066:X66:X66MF250831:O:15,1,1,1,1,1,0,0,20250831,20251223
GNE:GOAX066:X66:X66MF250831:O:16,1,1,1,1,1,0,0,20250831,20251223
GNE:GOAX066:X66:X66MF250831:O:17,1,1,1,1,1,0,0,20250831,20251223
GNE:GOAX066:X66:X66MF250831:O:18,1,1,1,1,1,0,0,20250831,20251223
GNE:GOAX066:X66:X66MF250831:O:19,1,1,1,1,1,0,0,20250831,20251223
GNE:GOAX066:X66:X66MF250831:O:20,1,1,1,1,1,0,0,20250831,20251223
GNE:GOAX066:X66:X66MF250831:O:21,1,1,1,1,1,0,0,20250831,20251223
GNE:GOAX066:X66:X66MF250831:O:22,1,1,1,1,1,0,0,20250831,20251223
GNE:GOAX066:X66:X66MF250831:O:23,1,1,1,1,1,0,0,20250831,20251223
GNE:GOAX066:X66:X66MF250831:O:24,1,1,1,1,1,0,0,20250831,20251223
GNE:GOAX066:X66:X66MF250831:O:25,1,1,1,1,1,0,0,20250831,20251223
GNE:GOAX066:X66:X66MF250831:O:26,1,1,1,1,1,0,0,20250831,20251223
GNE:GOAX066:X66:X66MF250831:O:27,1,1,1,1,1,0,0,20250831,20251223
GNE:GOAX066:X66:X66MF250831:O:28,1,1,1,1,1,0,0,20250831,20251223
GNE:GOAX066:X66:X66MF250831:O:29,1,1,1,1,1,0,0,20250831,20251223
GNE:GOAX066:X66:X66MF250831:O:30,1,1,1,1,1,0,0,20250831,20251223
GNE:GOAX066:X66:X66MF250831:O:31,1,1,1,1,1,0,0,20250831,20251223
GNE:GOAX066:X66:X66MF250831:O:32,1,1,1,1,1,0,0,20250831,20251223
GNE:GOAX066:X66:X66MF250831:O:33,1,1,1,1,1,0,0,20250831,20251223
GNE:GOAX066:X66:X66MF250831:O:34,1,1,1,1,1,0,0,20250831,20251223
GNE:GOAX066:X66:X66MF250831:O:35,1,1,1,1,1,0,0,20250831,20251223
GNE:GOAX066:X66:X66MF250831:O:36,1,1,1,1,1,0,0,20250831,20251223
GNE:GOAX066:X66:X66MF250831:O:37,1,1,1,1,1,0,0,20250831,20251223
GNE:GOAX066:X66:X66MF250831:O:38,1,1,1,1,1,0,0,20250831,20251223
GNE:GOAX066:X66:X66MF250831:O:39,1,1,1,1,1,0,0,20250831,20251223
GNE:GOAX066:X66:X66MF250831:O:40,1,1,1,1,1,0,0,20250831,20251223
GNE:GOAX066:X66:X66MF250831:O:41,1,1,1,1,1,0,0,20250831,20251223
GNE:GOAX066:X66:X66MF250831:O:42,1,1,1,1,1,0,0,20250831,20251223
GNE:GOAX066:X66:X66MF250831:O:43,1,1,1,1,1,0,0,20250831,20251223
GNE:GOAX066:X66:X66MF250831:O:44,1,1,1,1,1,0,0,20250831,20251223
GNE:GOAX066:X66:X66MF250831:O:45,1,1,1,1,1,0,0,20250831,20251223
GNE:GOAX066:X66:X66MF250831:O:46,1,1,1,1,1,0,0,20250831,20251223
GNE:GOAX066:X66:X66MF250831:O:47,1,1,1,1,1,0,0,20250831,20251223
GNE:GOAX066:X66:X66MF250831:O:48,1,1,1,1,1,0,0,20250831,20251223
GNE:GOAX066:X66:X66MF250831:O:49,1,1,1,1,1,0,0,20250831,20251223
GNE:GOAX066:X66:X66MF250831:O:50,1,1,1,1,1,0,0,20250831,20251223
GNE:GOAX066:X66:X66MF250831:O:51,1,1,1,1,1,0,0,20250831,20251223
GNE:GOAX066:X66:X66MF250831:O:52,1,1,1,1,1,0,0,20250831,20251223
GNE:GOAX066:X66:X66MF250831:O:53,1,1,1,1,1,0,0,20250831,20251223
GNE:GOAX066:X66:X66MF250831:O:54,1,1,1,1,1,0,0,20250831,20251223
GNE:GOAX066:X66:X66MF250831:O:55,1,1,1,1,1,0,0,20250831,20251223
GNE:GOAX066:X66:X66MF250831:O:56,1,1,1,1,1,0,0,20250831,20251223
GNE:GOAX066:X66:X66MF250831:O:57,1,1,1,1,1,0,0,20250831,20251223
GNE:GOAX066:X66:X66MF250831:O:58,1,1,1,1,1,0,0,20250831,20251223
GNE:GOAX066:X66:X66MF250831:O:59,1,1,1,1,1,0,0,20250831,20251223
GNE:GOAX066:X66:X66MF250831:O:60,1,1,1,1,1,0,0,20250831,20251223
GNE:GOAX066:X66:X66MF250831:O:61,1,1,1,1,1,0,0,20250831,20251223
GNE:GOAX066:X66:X66MF250831:O:62,1,1,1,1,1,0,0,20250831,20251223
GNE:GOAX066:X66:X66MF250831:O:63,1,1,1,1,1,0,0,20250831,20251223
GNE:GOAX066:X66:X66MF250831:O:64,1,1,1,1,1,0,0,20250831,20251223
GNE:GOAX066:X66:X66MF250831:O:65,1,1,1,1,1,0,0,20250831,20251223
GNE:GOAX066:X66:X66MF250831:O:66,1,1,1,1,1,0,0,20250831,20251223
GNE:GOAX066:X66:X66MF250831:O:67,1,1,1,1,1,0,0,20250831,20251223
GNE:GOAX066:X66:X66MF250831:O:68,1,1,1,1,1,0,0,20250831,20251223
GNE:GOAX066:X66:X66MF250831:O:69,1,1,1,1,1,0,0,20250831,20251223
GNE:GOAX066:X66:X66MF250831:O:70,1,1,1,1,1,0,0,20250831,20251223
GNE:GOAX066:X66:X66MF250831:O:71,1,1,1,1,1,0,0,20250831,20251223
GNE:GOAX066:X66:X66MF250831:O:72,1,1,1,1,1,0,0,20250831,20251223
GNE:GOAX066:X66:X66MF250831:O:73,1,1,1,1,1,0,0,20250831,20251223
GNE:GOAX066:X66:X66MF250831:O:74,1,1,1,1,1,0,0,20250831,20251223
GNE:GOAX066:X66:X66MF250831:O:75,1,1,1,1,1,0,0,20250831,20251223
GNE:GOAX066:X66:X66MF250831:O:76,1,1,1,1,1,0,0,20250831,20251223
GNE:GOAX066:X66:X66MF250831:O:77,1,1,1,1,1,0,0,20250831,20251223
GNE:GOAX066:X66:X66MF250831:O:78,1,1,1,1,1,0,0,20250831,20251223
GNE:GOAX066:X66:X66MF250831:O:79,1,1,1,1,1,0,0,20250831,20251223
GNE:GOAX066:X66:X66MF250831:O:80,1,1,1,1,1,0,0,20250831,20251223
GNE:GOAX066:X66:X66MF250831:O:81,1,1,1,1,1,0,0,20250831,20251223
GNE:GOAX066:X66:X66MF250831:O:82,1,1,1,1,1,0,0,20250831,20251223
GNE:GOAX066:X66:X66MF250831:O:83,1,1,1,1,1,0,0,20250831,20251223
GNE:GOAX066:X66:X66MF250831:I:1,1,1,1,1,1,0,0,20250831,20251223
GNE:GOAX066:X66:X66MF250831:I:2,1,1,1,1,1,0,0,20250831,20251223
GNE:GOAX066:X66:X66MF250831:I:3,1,1,1,1,1,0,0,20250831,20251223
GNE:GOAX066:X66:X66MF250831:I:4,1,1,1,1,1,0,0,20250831,20251223
GNE:GOAX066:X66:X66MF250831:I:5,1,1,1,1,1,0,0,20250831,20251223
GNE:GOAX066:X66:X66MF250831:I:6,1,1,1,1,1,0,0,20250831,20251223
GNE:GOAX066:X66:X66MF250831:I:7,1,1,1,1,1,0,0,20250831,20251223
GNE:GOAX066:X66:X66MF250831:I:8,1,1,1,1,1,0,0,20250831,20251223
GNE:GOAX066:X66:X66MF250831:I:9,1,1,1,1,1,0,0,20250831,20251223
GNE:GOAX066:X66:X66MF250831:I:10,1,1,1,1,1,0,0,20250831,20251223
GNE:GOAX066:X66:X66MF250831:I:11,1,1,1,1,1,0,0,20250831,20251223
GNE:GOAX066:X66:X66MF250831:I:12,1,1,1,1,1,0,0,20250831,20251223
GNE:GOAX066:X66:X66MF250831:I:13,1,1,1,1,1,0,0,20250831,20251223
GNE:GOAX066:X66:X66MF250831:I:14,1,1,1,1,1,0,0,20250831,20251223
GNE:GOAX066:X66:X66MF250831:I:15,1,1,1,1,1,0,0,20250831,20251223
GNE:GOAX066:X66:X66MF250831:I:16,1,1,1,1,1,0,0,20250831,20251223
GNE:GOAX066:X66:X66MF250831:I:17,1,1,1,1,1,0,0,20250831,20251223
GNE:GOAX066:X66:X66MF250831:I:18,1,1,1,1,1,0,0,20250831,20251223
GNE:GOAX066:X66:X66MF250831:I:19,1,1,1,1,1,0,0,20250831,20251223
GNE:GOAX066:X66:X66MF250831:I:20,1,1,1,1,1,0,0,20250831,20251223
GNE:GOAX066:X66:X66MF250831:I:21,1,1,1,1,1,0,0,20250831,20251223
GNE:GOAX066:X66:X66MF250831:I:22,1,1,1,1,1,0,0,20250831,20251223
GNE:GOAX066:X66:X66MF250831:I:23,1,1,1,1,1,0,0,20250831,20251223
GNE:GOAX066:X66:X66MF250831:I:24,1,1,1,1,1,0,0,20250831,20251223
GNE:GOAX066:X66:X66MF250831:I:25,1,1,1,1,1,0,0,20250831,20251223
GNE:GOAX066:X66:X66MF250831:I:26,1,1,1,1,1,0,0,20250831,20251223
GNE:GOAX066:X66:X66MF250831:I:27,1,1,1,1,1,0,0,20250831,20251223
GNE:GOAX066:X66:X66MF250831:I:28,1,1,1,1,1,0,0,20250831,20251223
GNE:GOAX066:X66:X66MF250831:I:29,1,1,1,1,1,0,0,20250831,20251223
GNE:GOAX066:X66:X66MF250831:I:30,1,1,1,1,1,0,0,20250831,20251223
GNE:GOAX066:X66:X66MF250831:I:31,1,1,1,1,1,0,0,20250831,20251223
GNE:GOAX066:X66:X66MF250831:I:32,1,1,1,1,1,0,0,20250831,20251223
GNE:GOAX066:X66:X66MF250831:I:33,1,1,1,1,1,0,0,20250831,20251223
GNE:GOAX066:X66:X66MF250831:I:34,1,1,1,1,1,0,0,20250831,20251223
GNE:GOAX066:X66:X66MF250831:I:35,1,1,1,1,1,0,0,20250831,20251223
GNE:GOAX066:X66:X66MF250831:I:36,1,1,1,1,1,0,0,20250831,20251223
GNE:GOAX066:X66:X66MF250831:I:37,1,1,1,1,1,0,0,20250831,20251223
GNE:GOAX066:X66:X66MF250831:I:38,1,1,1,1,1,0,0,20250831,20251223
GNE:GOAX066:X66:X66MF250831:I:39,1,1,1,1,1,0,0,20250831,20251223
GNE:GOAX066:X66:X66MF250831:I:40,1,1,1,1,1,0,0,20250831,20251223
GNE:GOAX066:X66:X66MF250831:I:41,1,1,1,1,1,0,0,20250831,20251223
GNE:GOAX066:X66:X66MF250831:I:42,1,1,1,1,1,0,0,20250831,20251223
GNE:GOAX066:X66:X66MF250831:I:43,1,1,1,1,1,0,0,20250831,20251223
GNE:GOAX066:X66:X66MF250831:I:44,1,1,1,1,1,0,0,20250831,20251223
GNE:GOAX066:X66:X66MF250831:I:45,1,1,1,1,1,0,0,20250831,20251223
GNE:GOAX066:X66:X66MF250831:I:46,1,1,1,1,1,0,0,20250831,20251223
GNE:GOAX066:X66:X66MF250831:I:47,1,1,1,1,1,0,0,20250831,20251223
GNE:GOAX066:X66:X66MF250831:I:48,1,1,1,1,1,0,0,20250831,20251223
GNE:GOAX066:X66:X66MF250831:I:49,1,1,1,1,1,0,0,20250831,20251223
GNE:GOAX066:X66:X66MF250831:I:50,1,1,1,1,1,0,0,20250831,20251223
GNE:GOAX066:X66:X66MF250831:I:51,1,1,1,1,1,0,0,20250831,20251223
GNE:GOAX066:X66:X66MF250831:I:52,1,1,1,1,1,0,0,20250831,20251223
GNE:GOAX066:X66:X66MF250831:I:53,1,1,1,1,1,0,0,20250831,20251223
GNE:GOAX066:X66:X66MF250831:I:54,1,1,1,1,1,0,0,20250831,20251223
GNE:GOAX066:X66:X66MF250831:I:55,1,1,1,1,1,0,0,20250831,20251223
GNE:GOAX066:X66:X66MF250831:I:56,1,1,1,1,1,0,0,20250831,20251223
GNE:GOAX066:X66:X66MF250831:I:57,1,1,1,1,1,0,0,20250831,20251223
GNE:GOAX066:X66:X66MF250831:I:58,1,1,1,1,1,0,0,20250831,20251223
GNE:GOAX066:X66:X66MF250831:I:59,1,1,1,1,1,0,0,20250831,20251223
GNE:GOAX066:X66:X66MF250831:I:60,1,1,1,1,1,0,0,20250831,20251223
GNE:GOAX066:X66:X66MF250831:I:61,1,1,1,1,1,0,0,20250831,20251223
GNE:GOAX066:X66:X66MF250831:I:62,1,1,1,1,1,0,0,20250831,20251223
GNE:GOAX066:X66:X66MF250831:I:63,1,1,1,1,1,0,0,20250831,20251223
GNE:GOAX066:X66:X66MF250831:I:64,1,1,1,1,1,0,0,20250831,20251223
GNE:GOAX066:X66:X66MF250831:I:65,1,1,1,1,1,0,0,20250831,20251223
GNE:GOAX066:X66:X66MF250831:I:66,1,1,1,1,1,0,0,20250831,20251223
GNE:GOAX066:X66:X66MF250831:I:67,1,1,1,1,1,0,0,20250831,20251223
GNE:GOAX066:X66:X66MF250831:I:68,1,1,1,1,1,0,0,20250831,20251223
GNE:GOAX066:X66:X66MF250831:I:69,1,1,1,1,1,0,0,20250831,20251223
GNE:GOAX066:X66:X66MF250831:I:70,1,1,1,1,1,0,0,20250831,20251223
GNE:GOAX066:X66:X66MF250831:I:71,1,1,1,1,1,0,0,20250831,20251223
GNE:GOAX066:X66:X66MF250831:I:72,1,1,1,1,1,0,0,20250831,20251223
GNE:GOAX066:X66:X66MF250831:I:73,1,1,1,1,1,0,0,20250831,20251223
GNE:GOAX066:X66:X66MF250831:I:74,1,1,1,1,1,0,0,20250831,20251223
GNE:GOAX066:X66:X66MF250831:I:75,1,1,1,1,1,0,0,20250831,20251223
GNE:GOAX066:X66:X66MF250831:I:76,1,1,1,1,1,0,0,20250831,20251223
GNE:GOAX066:X66:X66MF250831:I:77,1,1,1,1,1,0,0,20250831,20251223
GNE:GOAX066:X66:X66MF250831:I:78,1,1,1,1,1,0,0,20250831,20251223
GNE:GOAX066:X66:X66MF250831:I:79,1,1,1,1,1,0,0,20250831,20251223
GNE:GOAX066:X66:X66MF250831:I:80,1,1,1,1,1,0,0,20250831,20251223
GNE:GOAX066:X66:X66MF250831:I:81,1,1,1,1,1,0,0,20250831,20251223
GNE:GOAX066:X66:X66MF250831:I:82,1,1,1,1,1,0,0,20250831,20251223
GNE:GOAX066:X66:X66MF250831:I:83,1,1,1,1,1,0,0,20250831,20251223
GNE:GOAX066:X66:X66SA250831:O:1,0,0,0,0,0,1,0,20250831,20251223
GNE:GOAX066:X66:X66SA250831:O:2,0,0,0,0,0,1,0,20250831,20251223
GNE:GOAX066:X66:X66SA250831:O:3,0,0,0,0,0,1,0,20250831,20251223
GNE:GOAX066:X66:X66SA250831:O:4,0,0,0,0,0,1,0,20250831,20251223
GNE:GOAX066:X66:X66SA250831:O:5,0,0,0,0,0,1,0,20250831,20251223
GNE:GOAX066:X66:X66SA250831:O:6,0,0,0,0,0,1,0,20250831,20251223
GNE:GOAX066:X66:X66SA250831:O:7,0,0,0,0,0,1,0,20250831,20251223
GNE:GOAX066:X66:X66SA250831:O:8,0,0,0,0,0,1,0,20250831,20251223
GNE:GOAX066:X66:X66SA250831:O:9,0,0,0,0,0,1,0,20250831,20251223
GNE:GOAX066:X66:X66SA250831:O:10,0,0,0,0,0,1,0,20250831,20251223
GNE:GOAX066:X66:X66SA250831:O:11,0,0,0,0,0,1,0,20250831,20251223
GNE:GOAX066:X66:X66SA250831:O:12,0,0,0,0,0,1,0,20250831,20251223
GNE:GOAX066:X66:X66SA250831:O:13,0,0,0,0,0,1,0,20250831,20251223
GNE:GOAX066:X66:X66SA250831:O:14,0,0,0,0,0,1,0,20250831,20251223
GNE:GOAX066:X66:X66SA250831:O:15,0,0,0,0,0,1,0,20250831,20251223
GNE:GOAX066:X66:X66SA250831:O:16,0,0,0,0,0,1,0,20250831,20251223
GNE:GOAX066:X66:X66SA250831:O:17,0,0,0,0,0,1,0,20250831,20251223
GNE:GOAX066:X66:X66SA250831:O:18,0,0,0,0,0,1,0,20250831,20251223
GNE:GOAX066:X66:X66SA250831:O:19,0,0,0,0,0,1,0,20250831,20251223
GNE:GOAX066:X66:X66SA250831:O:20,0,0,0,0,0,1,0,20250831,20251223
GNE:GOAX066:X66:X66SA250831:O:21,0,0,0,0,0,1,0,20250831,20251223
GNE:GOAX066:X66:X66SA250831:O:22,0,0,0,0,0,1,0,20250831,20251223
GNE:GOAX066:X66:X66SA250831:O:23,0,0,0,0,0,1,0,20250831,20251223
GNE:GOAX066:X66:X66SA250831:O:24,0,0,0,0,0,1,0,20250831,20251223
GNE:GOAX066:X66:X66SA250831:O:25,0,0,0,0,0,1,0,20250831,20251223
GNE:GOAX066:X66:X66SA250831:O:26,0,0,0,0,0,1,0,20250831,20251223
GNE:GOAX066:X66:X66SA250831:O:27,0,0,0,0,0,1,0,20250831,20251223
GNE:GOAX066:X66:X66SA250831:O:28,0,0,0,0,0,1,0,20250831,20251223
GNE:GOAX066:X66:X66SA250831:O:29,0,0,0,0,0,1,0,20250831,20251223
GNE:GOAX066:X66:X66SA250831:O:30,0,0,0,0,0,1,0,20250831,20251223
GNE:GOAX066:X66:X66SA250831:O:31,0,0,0,0,0,1,0,20250831,20251223
GNE:GOAX066:X66:X66SA250831:O:32,0,0,0,0,0,1,0,20250831,20251223
GNE:GOAX066:X66:X66SA250831:O:33,0,0,0,0,0,1,0,20250831,20251223
GNE:GOAX066:X66:X66SA250831:O:34,0,0,0,0,0,1,0,20250831,20251223
GNE:GOAX066:X66:X66SA250831:O:35,0,0,0,0,0,1,0,20250831,20251223
GNE:GOAX066:X66:X66SA250831:O:36,0,0,0,0,0,1,0,20250831,20251223
GNE:GOAX066:X66:X66SA250831:O:37,0,0,0,0,0,1,0,20250831,20251223
GNE:GOAX066:X66:X66SA250831:O:38,0,0,0,0,0,1,0,20250831,20251223
GNE:GOAX066:X66:X66SA250831:O:39,0,0,0,0,0,1,0,20250831,20251223
GNE:GOAX066:X66:X66SA250831:O:40,0,0,0,0,0,1,0,20250831,20251223
GNE:GOAX066:X66:X66SA250831:O:41,0,0,0,0,0,1,0,20250831,20251223
GNE:GOAX066:X66:X66SA250831:O:42,0,0,0,0,0,1,0,20250831,20251223
GNE:GOAX066:X66:X66SA250831:O:43,0,0,0,0,0,1,0,20250831,20251223
GNE:GOAX066:X66:X66SA250831:O:44,0,0,0,0,0,1,0,20250831,20251223
GNE:GOAX066:X66:X66SA250831:O:45,0,0,0,0,0,1,0,20250831,20251223
GNE:GOAX066:X66:X66SA250831:O:46,0,0,0,0,0,1,0,20250831,20251223
GNE:GOAX066:X66:X66SA250831:O:47,0,0,0,0,0,1,0,20250831,20251223
GNE:GOAX066:X66:X66SA250831:O:48,0,0,0,0,0,1,0,20250831,20251223
GNE:GOAX066:X66:X66SA250831:O:49,0,0,0,0,0,1,0,20250831,20251223
GNE:GOAX066:X66:X66SA250831:O:50,0,0,0,0,0,1,0,20250831,20251223
GNE:GOAX066:X66:X66SA250831:O:51,0,0,0,0,0,1,0,20250831,20251223
GNE:GOAX066:X66:X66SA250831:O:52,0,0,0,0,0,1,0,20250831,20251223
GNE:GOAX066:X66:X66SA250831:O:53,0,0,0,0,0,1,0,20250831,20251223
GNE:GOAX066:X66:X66SA250831:O:54,0,0,0,0,0,1,0,20250831,20251223
GNE:GOAX066:X66:X66SA250831:O:55,0,0,0,0,0,1,0,20250831,20251223
GNE:GOAX066:X66:X66SA250831:O:56,0,0,0,0,0,1,0,20250831,20251223
GNE:GOAX066:X66:X66SA250831:O:57,0,0,0,0,0,1,0,20250831,20251223
GNE:GOAX066:X66:X66SA250831:O:58,0,0,0,0,0,1,0,20250831,20251223
GNE:GOAX066:X66:X66SA250831:O:59,0,0,0,0,0,1,0,20250831,20251223
GNE:GOAX066:X66:X66SA250831:O:60,0,0,0,0,0,1,0,20250831,20251223
GNE:GOAX066:X66:X66SA250831:O:61,0,0,0,0,0,1,0,20250831,20251223
GNE:GOAX066:X66:X66SA250831:O:62,0,0,0,0,0,1,0,20250831,20251223
GNE:GOAX066:X66:X66SA250831:O:63,0,0,0,0,0,1,0,20250831,20251223
GNE:GOAX066:X66:X66SA250831:O:64,0,0,0,0,0,1,0,20250831,20251223
GNE:GOAX066:X66:X66SA250831:O:65,0,0,0,0,0,1,0,20250831,20251223
GNE:GOAX066:X66:X66SA250831:O:66,0,0,0,0,0,1,0,20250831,20251223
GNE:GOAX066:X66:X66SA250831:O:67,0,0,0,0,0,1,0,20250831,20251223
GNE:GOAX066:X66:X66SA250831:O:68,0,0,0,0,0,1,0,20250831,20251223
GNE:GOAX066:X66:X66SA250831:O:69,0,0,0,0,0,1,0,20250831,20251223
GNE:GOAX066:X66:X66SA250831:O:70,0,0,0,0,0,1,0,20250831,20251223
GNE:GOAX066:X66:X66SA250831:O:71,0,0,0,0,0,1,0,20250831,20251223
GNE:GOAX066:X66:X66SA250831:O:72,0,0,0,0,0,1,0,20250831,20251223
GNE:GOAX066:X66:X66SA250831:O:73,0,0,0,0,0,1,0,20250831,20251223
GNE:GOAX066:X66:X66SA250831:O:74,0,0,0,0,0,1,0,20250831,20251223
GNE:GOAX066:X66:X66SA250831:O:75,0,0,0,0,0,1,0,20250831,20251223
GNE:GOAX066:X66:X66SA250831:O:76,0,0,0,0,0,1,0,20250831,20251223
GNE:GOAX066:X66:X66SA250831:O:77,0,0,0,0,0,1,0,20250831,20251223
GNE:GOAX066:X66:X66SA250831:O:78,0,0,0,0,0,1,0,20250831,20251223
GNE:GOAX066:X66:X66SA250831:O:79,0,0,0,0,0,1,0,20250831,20251223
GNE:GOAX066:X66:X66SA250831:O:80,0,0,0,0,0,1,0,20250831,20251223
GNE:GOAX066:X66:X66SA250831:O:81,0,0,0,0,0,1,0,20250831,20251223
GNE:GOAX066:X66:X66SA250831:O:82,0,0,0,0,0,1,0,20250831,20251223
GNE:GOAX066:X66:X66SA250831:O:83,0,0,0,0,0,1,0,20250831,20251223
GNE:GOAX066:X66:X66SA250831:O:84,0,0,0,0,0,1,0,20250831,20251223
GNE:GOAX066:X66:X66SA250831:O:85,0,0,0,0,0,1,0,20250831,20251223
GNE:GOAX066:X66:X66SA250831:O:86,0,0,0,0,0,1,0,20250831,20251223
GNE:GOAX066:X66:X66SA250831:O:87,0,0,0,0,0,1,0,20250831,20251223
GNE:GOAX066:X66:X66SA250831:O:88,0,0,0,0,0,1,0,20250831,20251223
GNE:GOAX066:X66:X66SA250831:O:89,0,0,0,0,0,1,0,20250831,20251223
GNE:GOAX066:X66:X66SA250831:I:1,0,0,0,0,0,1,0,20250831,20251223
GNE:GOAX066:X66:X66SA250831:I:2,0,0,0,0,0,1,0,20250831,20251223
GNE:GOAX066:X66:X66SA250831:I:3,0,0,0,0,0,1,0,20250831,20251223
GNE:GOAX066:X66:X66SA250831:I:4,0,0,0,0,0,1,0,20250831,20251223
GNE:GOAX066:X66:X66SA250831:I:5,0,0,0,0,0,1,0,20250831,20251223
GNE:GOAX066:X66:X66SA250831:I:6,0,0,0,0,0,1,0,20250831,20251223
GNE:GOAX066:X66:X66SA250831:I:7,0,0,0,0,0,1,0,20250831,20251223
GNE:GOAX066:X66:X66SA250831:I:8,0,0,0,0,0,1,0,20250831,20251223
GNE:GOAX066:X66:X66SA250831:I:9,0,0,0,0,0,1,0,20250831,20251223
GNE:GOAX066:X66:X66SA250831:I:10,0,0,0,0,0,1,0,20250831,20251223
GNE:GOAX066:X66:X66SA250831:I:11,0,0,0,0,0,1,0,20250831,20251223
GNE:GOAX066:X66:X66SA250831:I:12,0,0,0,0,0,1,0,20250831,20251223
GNE:GOAX066:X66:X66SA250831:I:13,0,0,0,0,0,1,0,20250831,20251223
GNE:GOAX066:X66:X66SA250831:I:14,0,0,0,0,0,1,0,20250831,20251223
GNE:GOAX066:X66:X66SA250831:I:15,0,0,0,0,0,1,0,20250831,20251223
GNE:GOAX066:X66:X66SA250831:I:16,0,0,0,0,0,1,0,20250831,20251223
GNE:GOAX066:X66:X66SA250831:I:17,0,0,0,0,0,1,0,20250831,20251223
GNE:GOAX066:X66:X66SA250831:I:18,0,0,0,0,0,1,0,20250831,20251223
GNE:GOAX066:X66:X66SA250831:I:19,0,0,0,0,0,1,0,20250831,20251223
GNE:GOAX066:X66:X66SA250831:I:20,0,0,0,0,0,1,0,20250831,20251223
GNE:GOAX066:X66:X66SA250831:I:21,0,0,0,0,0,1,0,20250831,20251223
GNE:GOAX066:X66:X66SA250831:I:22,0,0,0,0,0,1,0,20250831,20251223
GNE:GOAX066:X66:X66SA250831:I:23,0,0,0,0,0,1,0,20250831,20251223
GNE:GOAX066:X66:X66SA250831:I:24,0,0,0,0,0,1,0,20250831,20251223
GNE:GOAX066:X66:X66SA250831:I:25,0,0,0,0,0,1,0,20250831,20251223
GNE:GOAX066:X66:X66SA250831:I:26,0,0,0,0,0,1,0,20250831,20251223
GNE:GOAX066:X66:X66SA250831:I:27,0,0,0,0,0,1,0,20250831,20251223
GNE:GOAX066:X66:X66SA250831:I:28,0,0,0,0,0,1,0,20250831,20251223
GNE:GOAX066:X66:X66SA250831:I:29,0,0,0,0,0,1,0,20250831,20251223
GNE:GOAX066:X66:X66SA250831:I:30,0,0,0,0,0,1,0,20250831,20251223
GNE:GOAX066:X66:X66SA250831:I:31,0,0,0,0,0,1,0,20250831,20251223
GNE:GOAX066:X66:X66SA250831:I:32,0,0,0,0,0,1,0,20250831,20251223
GNE:GOAX066:X66:X66SA250831:I:33,0,0,0,0,0,1,0,20250831,20251223
GNE:GOAX066:X66:X66SA250831:I:34,0,0,0,0,0,1,0,20250831,20251223
GNE:GOAX066:X66:X66SA250831:I:35,0,0,0,0,0,1,0,20250831,20251223
GNE:GOAX066:X66:X66SA250831:I:36,0,0,0,0,0,1,0,20250831,20251223
GNE:GOAX066:X66:X66SA250831:I:37,0,0,0,0,0,1,0,20250831,20251223
GNE:GOAX066:X66:X66SA250831:I:38,0,0,0,0,0,1,0,20250831,20251223
GNE:GOAX066:X66:X66SA250831:I:39,0,0,0,0,0,1,0,20250831,20251223
GNE:GOAX066:X66:X66SA250831:I:40,0,0,0,0,0,1,0,20250831,20251223
GNE:GOAX066:X66:X66SA250831:I:41,0,0,0,0,0,1,0,20250831,20251223
GNE:GOAX066:X66:X66SA250831:I:42,0,0,0,0,0,1,0,20250831,20251223
GNE:GOAX066:X66:X66SA250831:I:43,0,0,0,0,0,1,0,20250831,20251223
GNE:GOAX066:X66:X66SA250831:I:44,0,0,0,0,0,1,0,20250831,20251223
GNE:GOAX066:X66:X66SA250831:I:45,0,0,0,0,0,1,0,20250831,20251223
GNE:GOAX066:X66:X66SA250831:I:46,0,0,0,0,0,1,0,20250831,20251223
GNE:GOAX066:X66:X66SA250831:I:47,0,0,0,0,0,1,0,20250831,20251223
GNE:GOAX066:X66:X66SA250831:I:48,0,0,0,0,0,1,0,20250831,20251223
GNE:GOAX066:X66:X66SA250831:I:49,0,0,0,0,0,1,0,20250831,20251223
GNE:GOAX066:X66:X66SA250831:I:50,0,0,0,0,0,1,0,20250831,20251223
GNE:GOAX066:X66:X66SA250831:I:51,0,0,0,0,0,1,0,20250831,20251223
GNE:GOAX066:X66:X66SA250831:I:52,0,0,0,0,0,1,0,20250831,20251223
GNE:GOAX066:X66:X66SA250831:I:53,0,0,0,0,0,1,0,20250831,20251223
GNE:GOAX066:X66:X66SA250831:I:54,0,0,0,0,0,1,0,20250831,20251223
GNE:GOAX066:X66:X66SA250831:I:55,0,0,0,0,0,1,0,20250831,20251223
GNE:GOAX066:X66:X66SA250831:I:56,0,0,0,0,0,1,0,20250831,20251223
GNE:GOAX066:X66:X66SA250831:I:57,0,0,0,0,0,1,0,20250831,20251223
GNE:GOAX066:X66:X66SA250831:I:58,0,0,0,0,0,1,0,20250831,20251223
GNE:GOAX066:X66:X66SA250831:I:59,0,0,0,0,0,1,0,20250831,20251223
GNE:GOAX066:X66:X66SA250831:I:60,0,0,0,0,0,1,0,20250831,20251223
GNE:GOAX066:X66:X66SA250831:I:61,0,0,0,0,0,1,0,20250831,20251223
GNE:GOAX066:X66:X66SA250831:I:62,0,0,0,0,0,1,0,20250831,20251223
GNE:GOAX066:X66:X66SA250831:I:63,0,0,0,0,0,1,0,20250831,20251223
GNE:GOAX066:X66:X66SA250831:I:64,0,0,0,0,0,1,0,20250831,20251223
GNE:GOAX066:X66:X66SA250831:I:65,0,0,0,0,0,1,0,20250831,20251223
GNE:GOAX066:X66:X66SA250831:I:66,0,0,0,0,0,1,0,20250831,20251223
GNE:GOAX066:X66:X66SA250831:I:67,0,0,0,0,0,1,0,20250831,20251223
GNE:GOAX066:X66:X66SA250831:I:68,0,0,0,0,0,1,0,20250831,20251223
GNE:GOAX066:X66:X66SA250831:I:69,0,0,0,0,0,1,0,20250831,20251223
GNE:GOAX066:X66:X66SA250831:I:70,0,0,0,0,0,1,0,20250831,20251223
GNE:GOAX066:X66:X66SA250831:I:71,0,0,0,0,0,1,0,20250831,20251223
GNE:GOAX066:X66:X66SA250831:I:72,0,0,0,0,0,1,0,20250831,20251223
GNE:GOAX066:X66:X66SA250831:I:73,0,0,0,0,0,1,0,20250831,20251223
GNE:GOAX066:X66:X66SA250831:I:74,0,0,0,0,0,1,0,20250831,20251223
GNE:GOAX066:X66:X66SA250831:I:75,0,0,0,0,0,1,0,20250831,20251223
GNE:GOAX066:X66:X66SA250831:I:76,0,0,0,0,0,1,0,20250831,20251223
GNE:GOAX066:X66:X66SA250831:I:77,0,0,0,0,0,1,0,20250831,20251223
GNE:GOAX066:X66:X66SA250831:I:78,0,0,0,0,0,1,0,20250831,20251223
GNE:GOAX066:X66:X66SA250831:I:79,0,0,0,0,0,1,0,20250831,20251223
GNE:GOAX066:X66:X66SA250831:I:80,0,0,0,0,0,1,0,20250831,20251223
GNE:GOAX066:X66:X66SA250831:I:81,0,0,0,0,0,1,0,20250831,20251223
GNE:GOAX066:X66:X66SA250831:I:82,0,0,0,0,0,1,0,20250831,20251223
GNE:GOAX066:X66:X66SA250831:I:83,0,0,0,0,0,1,0,20250831,20251223
GNE:GOAX066:X66:X66SA250831:I:84,0,0,0,0,0,1,0,20250831,20251223
GNE:GOAX066:X66:X66SA250831:I:85,0,0,0,0,0,1,0,20250831,20251223
GNE:GOAX066:X66:X66SA250831:I:86,0,0,0,0,0,1,0,20250831,20251223
GNE:GOAX066:X66:X66SA250831:I:87,0,0,0,0,0,1,0,20250831,20251223
GNE:GOAX066:X66:X66SA250831:I:88,0,0,0,0,0,1,0,20250831,20251223
GNE:GOAX066:X66:X66SA250831:I:89,0,0,0,0,0,1,0,20250831,20251223
GNE:GOAX066:X66:X66SA250831:I:90,0,0,0,0,0,1,0,20250831,20251223
GNE:GOAX066:X66:X66SU250831:O:1,0,0,0,0,0,0,1,20250831,20251223
GNE:GOAX066:X66:X66SU250831:O:2,0,0,0,0,0,0,1,20250831,20251223
GNE:GOAX066:X66:X66SU250831:O:3,0,0,0,0,0,0,1,20250831,20251223
GNE:GOAX066:X66:X66SU250831:O:4,0,0,0,0,0,0,1,20250831,20251223
GNE:GOAX066:X66:X66SU250831:O:5,0,0,0,0,0,0,1,20250831,20251223
GNE:GOAX066:X66:X66SU250831:O:6,0,0,0,0,0,0,1,20250831,20251223
GNE:GOAX066:X66:X66SU250831:O:7,0,0,0,0,0,0,1,20250831,20251223
GNE:GOAX066:X66:X66SU250831:O:8,0,0,0,0,0,0,1,20250831,20251223
GNE:GOAX066:X66:X66SU250831:O:9,0,0,0,0,0,0,1,20250831,20251223
GNE:GOAX066:X66:X66SU250831:O:10,0,0,0,0,0,0,1,20250831,20251223
GNE:GOAX066:X66:X66SU250831:O:11,0,0,0,0,0,0,1,20250831,20251223
GNE:GOAX066:X66:X66SU250831:O:12,0,0,0,0,0,0,1,20250831,20251223
GNE:GOAX066:X66:X66SU250831:O:13,0,0,0,0,0,0,1,20250831,20251223
GNE:GOAX066:X66:X66SU250831:O:14,0,0,0,0,0,0,1,20250831,20251223
GNE:GOAX066:X66:X66SU250831:O:15,0,0,0,0,0,0,1,20250831,20251223
GNE:GOAX066:X66:X66SU250831:O:16,0,0,0,0,0,0,1,20250831,20251223
GNE:GOAX066:X66:X66SU250831:O:17,0,0,0,0,0,0,1,20250831,20251223
GNE:GOAX066:X66:X66SU250831:O:18,0,0,0,0,0,0,1,20250831,20251223
GNE:GOAX066:X66:X66SU250831:O:19,0,0,0,0,0,0,1,20250831,20251223
GNE:GOAX066:X66:X66SU250831:O:20,0,0,0,0,0,0,1,20250831,20251223
GNE:GOAX066:X66:X66SU250831:O:21,0,0,0,0,0,0,1,20250831,20251223
GNE:GOAX066:X66:X66SU250831:O:22,0,0,0,0,0,0,1,20250831,20251223
GNE:GOAX066:X66:X66SU250831:O:23,0,0,0,0,0,0,1,20250831,20251223
GNE:GOAX066:X66:X66SU250831:O:24,0,0,0,0,0,0,1,20250831,20251223
GNE:GOAX066:X66:X66SU250831:O:25,0,0,0,0,0,0,1,20250831,20251223
GNE:GOAX066:X66:X66SU250831:O:26,0,0,0,0,0,0,1,20250831,20251223
GNE:GOAX066:X66:X66SU250831:O:27,0,0,0,0,0,0,1,20250831,20251223
GNE:GOAX066:X66:X66SU250831:O:28,0,0,0,0,0,0,1,20250831,20251223
GNE:GOAX066:X66:X66SU250831:O:29,0,0,0,0,0,0,1,20250831,20251223
GNE:GOAX066:X66:X66SU250831:O:30,0,0,0,0,0,0,1,20250831,20251223
GNE:GOAX066:X66:X66SU250831:O:31,0,0,0,0,0,0,1,20250831,20251223
GNE:GOAX066:X66:X66SU250831:O:32,0,0,0,0,0,0,1,20250831,20251223
GNE:GOAX066:X66:X66SU250831:O:33,0,0,0,0,0,0,1,20250831,20251223
GNE:GOAX066:X66:X66SU250831:O:34,0,0,0,0,0,0,1,20250831,20251223
GNE:GOAX066:X66:X66SU250831:O:35,0,0,0,0,0,0,1,20250831,20251223
GNE:GOAX066:X66:X66SU250831:O:36,0,0,0,0,0,0,1,20250831,20251223
GNE:GOAX066:X66:X66SU250831:O:37,0,0,0,0,0,0,1,20250831,20251223
GNE:GOAX066:X66:X66SU250831:O:38,0,0,0,0,0,0,1,20250831,20251223
GNE:GOAX066:X66:X66SU250831:O:39,0,0,0,0,0,0,1,20250831,20251223
GNE:GOAX066:X66:X66SU250831:O:40,0,0,0,0,0,0,1,20250831,20251223
GNE:GOAX066:X66:X66SU250831:O:41,0,0,0,0,0,0,1,20250831,20251223
GNE:GOAX066:X66:X66SU250831:O:42,0,0,0,0,0,0,1,20250831,20251223
GNE:GOAX066:X66:X66SU250831:O:43,0,0,0,0,0,0,1,20250831,20251223
GNE:GOAX066:X66:X66SU250831:O:44,0,0,0,0,0,0,1,20250831,20251223
GNE:GOAX066:X66:X66SU250831:O:45,0,0,0,0,0,0,1,20250831,20251223
GNE:GOAX066:X66:X66SU250831:O:46,0,0,0,0,0,0,1,20250831,20251223
GNE:GOAX066:X66:X66SU250831:O:47,0,0,0,0,0,0,1,20250831,20251223
GNE:GOAX066:X66:X66SU250831:O:48,0,0,0,0,0,0,1,20250831,20251223
GNE:GOAX066:X66:X66SU250831:O:49,0,0,0,0,0,0,1,20250831,20251223
GNE:GOAX066:X66:X66SU250831:O:50,0,0,0,0,0,0,1,20250831,20251223
GNE:GOAX066:X66:X66SU250831:O:51,0,0,0,0,0,0,1,20250831,20251223
GNE:GOAX066:X66:X66SU250831:O:52,0,0,0,0,0,0,1,20250831,20251223
GNE:GOAX066:X66:X66SU250831:O:53,0,0,0,0,0,0,1,20250831,20251223
GNE:GOAX066:X66:X66SU250831:O:54,0,0,0,0,0,0,1,20250831,20251223
GNE:GOAX066:X66:X66SU250831:O:55,0,0,0,0,0,0,1,20250831,20251223
GNE:GOAX066:X66:X66SU250831:O:56,0,0,0,0,0,0,1,20250831,20251223
GNE:GOAX066:X66:X66SU250831:O:57,0,0,0,0,0,0,1,20250831,20251223
GNE:GOAX066:X66:X66SU250831:O:58,0,0,0,0,0,0,1,20250831,20251223
GNE:GOAX066:X66:X66SU250831:O:59,0,0,0,0,0,0,1,20250831,20251223
GNE:GOAX066:X66:X66SU250831:O:60,0,0,0,0,0,0,1,20250831,20251223
GNE:GOAX066:X66:X66SU250831:O:61,0,0,0,0,0,0,1,20250831,20251223
GNE:GOAX066:X66:X66SU250831:O:62,0,0,0,0,0,0,1,20250831,20251223
GNE:GOAX066:X66:X66SU250831:O:63,0,0,0,0,0,0,1,20250831,20251223
GNE:GOAX066:X66:X66SU250831:O:64,0,0,0,0,0,0,1,20250831,20251223
GNE:GOAX066:X66:X66SU250831:O:65,0,0,0,0,0,0,1,20250831,20251223
GNE:GOAX066:X66:X66SU250831:O:66,0,0,0,0,0,0,1,20250831,20251223
GNE:GOAX066:X66:X66SU250831:O:67,0,0,0,0,0,0,1,20250831,20251223
GNE:GOAX066:X66:X66SU250831:O:68,0,0,0,0,0,0,1,20250831,20251223
GNE:GOAX066:X66:X66SU250831:O:69,0,0,0,0,0,0,1,20250831,20251223
GNE:GOAX066:X66:X66SU250831:O:70,0,0,0,0,0,0,1,20250831,20251223
GNE:GOAX066:X66:X66SU250831:I:1,0,0,0,0,0,0,1,20250831,20251223
GNE:GOAX066:X66:X66SU250831:I:2,0,0,0,0,0,0,1,20250831,20251223
GNE:GOAX066:X66:X66SU250831:I:3,0,0,0,0,0,0,1,20250831,20251223
GNE:GOAX066:X66:X66SU250831:I:4,0,0,0,0,0,0,1,20250831,20251223
GNE:GOAX066:X66:X66SU250831:I:5,0,0,0,0,0,0,1,20250831,20251223
GNE:GOAX066:X66:X66SU250831:I:6,0,0,0,0,0,0,1,20250831,20251223
GNE:GOAX066:X66:X66SU250831:I:7,0,0,0,0,0,0,1,20250831,20251223
GNE:GOAX066:X66:X66SU250831:I:8,0,0,0,0,0,0,1,20250831,20251223
GNE:GOAX066:X66:X66SU250831:I:9,0,0,0,0,0,0,1,20250831,20251223
GNE:GOAX066:X66:X66SU250831:I:10,0,0,0,0,0,0,1,20250831,20251223
GNE:GOAX066:X66:X66SU250831:I:11,0,0,0,0,0,0,1,20250831,20251223
GNE:GOAX066:X66:X66SU250831:I:12,0,0,0,0,0,0,1,20250831,20251223
GNE:GOAX066:X66:X66SU250831:I:13,0,0,0,0,0,0,1,20250831,20251223
GNE:GOAX066:X66:X66SU250831:I:14,0,0,0,0,0,0,1,20250831,20251223
GNE:GOAX066:X66:X66SU250831:I:15,0,0,0,0,0,0,1,20250831,20251223
GNE:GOAX066:X66:X66SU250831:I:16,0,0,0,0,0,0,1,20250831,20251223
GNE:GOAX066:X66:X66SU250831:I:17,0,0,0,0,0,0,1,20250831,20251223
GNE:GOAX066:X66:X66SU250831:I:18,0,0,0,0,0,0,1,20250831,20251223
GNE:GOAX066:X66:X66SU250831:I:19,0,0,0,0,0,0,1,20250831,20251223
GNE:GOAX066:X66:X66SU250831:I:20,0,0,0,0,0,0,1,20250831,20251223
GNE:GOAX066:X66:X66SU250831:I:21,0,0,0,0,0,0,1,20250831,20251223
GNE:GOAX066:X66:X66SU250831:I:22,0,0,0,0,0,0,1,20250831,20251223
GNE:GOAX066:X66:X66SU250831:I:23,0,0,0,0,0,0,1,20250831,20251223
GNE:GOAX066:X66:X66SU250831:I:24,0,0,0,0,0,0,1,20250831,20251223
GNE:GOAX066:X66:X66SU250831:I:25,0,0,0,0,0,0,1,20250831,20251223
GNE:GOAX066:X66:X66SU250831:I:26,0,0,0,0,0,0,1,20250831,20251223
GNE:GOAX066:X66:X66SU250831:I:27,0,0,0,0,0,0,1,20250831,20251223
GNE:GOAX066:X66:X66SU250831:I:28,0,0,0,0,0,0,1,20250831,20251223
GNE:GOAX066:X66:X66SU250831:I:29,0,0,0,0,0,0,1,20250831,20251223
GNE:GOAX066:X66:X66SU250831:I:30,0,0,0,0,0,0,1,20250831,20251223
GNE:GOAX066:X66:X66SU250831:I:31,0,0,0,0,0,0,1,20250831,20251223
GNE:GOAX066:X66:X66SU250831:I:32,0,0,0,0,0,0,1,20250831,20251223
GNE:GOAX066:X66:X66SU250831:I:33,0,0,0,0,0,0,1,20250831,20251223
GNE:GOAX066:X66:X66SU250831:I:34,0,0,0,0,0,0,1,20250831,20251223
GNE:GOAX066:X66:X66SU250831:I:35,0,0,0,0,0,0,1,20250831,20251223
GNE:GOAX066:X66:X66SU250831:I:36,0,0,0,0,0,0,1,20250831,20251223
GNE:GOAX066:X66:X66SU250831:I:37,0,0,0,0,0,0,1,20250831,20251223
GNE:GOAX066:X66:X66SU250831:I:38,0,0,0,0,0,0,1,20250831,20251223
GNE:GOAX066:X66:X66SU250831:I:39,0,0,0,0,0,0,1,20250831,20251223
GNE:GOAX066:X66:X66SU250831:I:40,0,0,0,0,0,0,1,20250831,20251223
GNE:GOAX066:X66:X66SU250831:I:41,0,0,0,0,0,0,1,20250831,20251223
GNE:GOAX066:X66:X66SU250831:I:42,0,0,0,0,0,0,1,20250831,20251223
GNE:GOAX066:X66:X66SU250831:I:43,0,0,0,0,0,0,1,20250831,20251223
GNE:GOAX066:X66:X66SU250831:I:44,0,0,0,0,0,0,1,20250831,20251223
GNE:GOAX066:X66:X66SU250831:I:45,0,0,0,0,0,0,1,20250831,20251223
GNE:GOAX066:X66:X66SU250831:I:46,0,0,0,0,0,0,1,20250831,20251223
GNE:GOAX066:X66:X66SU250831:I:47,0,0,0,0,0,0,1,20250831,20251223
GNE:GOAX066:X66:X66SU250831:I:48,0,0,0,0,0,0,1,20250831,20251223
GNE:GOAX066:X66:X66SU250831:I:49,0,0,0,0,0,0,1,20250831,20251223
GNE:GOAX066:X66:X66SU250831:I:50,0,0,0,0,0,0,1,20250831,20251223
GNE:GOAX066:X66:X66SU250831:I:51,0,0,0,0,0,0,1,20250831,20251223
GNE:GOAX066:X66:X66SU250831:I:52,0,0,0,0,0,0,1,20250831,20251223
GNE:GOAX066:X66:X66SU250831:I:53,0,0,0,0,0,0,1,20250831,20251223
GNE:GOAX066:X66:X66SU250831:I:54,0,0,0,0,0,0,1,20250831,20251223
GNE:GOAX066:X66:X66SU250831:I:55,0,0,0,0,0,0,1,20250831,20251223
GNE:GOAX066:X66:X66SU250831:I:56,0,0,0,0,0,0,1,20250831,20251223
GNE:GOAX066:X66:X66SU250831:I:57,0,0,0,0,0,0,1,20250831,20251223
GNE:GOAX066:X66:X66SU250831:I:58,0,0,0,0,0,0,1,20250831,20251223
GNE:GOAX066:X66:X66SU250831:I:59,0,0,0,0,0,0,1,20250831,20251223
GNE:GOAX066:X66:X66SU250831:I:60,0,0,0,0,0,0,1,20250831,20251223
GNE:GOAX066:X66:X66SU250831:I:61,0,0,0,0,0,0,1,20250831,20251223
GNE:GOAX066:X66:X66SU250831:I:62,0,0,0,0,0,0,1,20250831,20251223
GNE:GOAX066:X66:X66SU250831:I:63,0,0,0,0,0,0,1,20250831,20251223
GNE:GOAX066:X66:X66SU250831:I:64,0,0,0,0,0,0,1,20250831,20251223
GNE:GOAX066:X66:X66SU250831:I:65,0,0,0,0,0,0,1,20250831,20251223
GNE:GOAX066:X66:X66SU250831:I:66,0,0,0,0,0,0,1,20250831,20251223
GNE:GOAX066:X66:X66SU250831:I:67,0,0,0,0,0,0,1,20250831,20251223
GNE:GOAX066:X66:X66SU250831:I:68,0,0,0,0,0,0,1,20250831,20251223
GNE:GOAX066:X66:X66SU250831:I:69,0,0,0,0,0,0,1,20250831,20251223
GNE:GOAX066:X66:X66SU250831:I:70,0,0,0,0,0,0,1,20250831,20251223
GNE:GOAX066:X66:X66SU250831:I:71,0,0,0,0,0,0,1,20250831,20251223
GNE:GOAX066:X66:X67MF250831:O:1,0,0,0,0,0,0,0,20250831,20251223
GNE:GOAX066:X66:X67MF250831:I:1,0,0,0,0,0,0,0,20250831,20251223
GNE:GOAX070:X70:X70MF250831:O:1,1,1,1,1,1,0,0,20250831,20251223
GNE:GOAX070:X70:X70MF250831:O:2,1,1,1,1,1,0,0,20250831,20251223
GNE:GOAX070:X70:X70MF250831:O:3,1,1,1,1,1,0,0,20250831,20251223
GNE:GOAX070:X70:X70MF250831:O:4,1,1,1,1,1,0,0,20250831,20251223
GNE:GOAX070:X70:X70MF250831:O:5,1,1,1,1,1,0,0,20250831,20251223
GNE:GOAX070:X70:X70MF250831:O:6,1,1,1,1,1,0,0,20250831,20251223
GNE:GOAX070:X70:X70MF250831:O:7,1,1,1,1,1,0,0,20250831,20251223
GNE:GOAX070:X70:X70MF250831:O:8,1,1,1,1,1,0,0,20250831,20251223
GNE:GOAX070:X70:X70MF250831:O:9,1,1,1,1,1,0,0,20250831,20251223
GNE:GOAX070:X70:X70MF250831:O:10,1,1,1,1,1,0,0,20250831,20251223
GNE:GOAX070:X70:X70MF250831:O:11,1,1,1,1,1,0,0,20250831,20251223
GNE:GOAX070:X70:X70MF250831:O:12,1,1,1,1,1,0,0,20250831,20251223
GNE:GOAX070:X70:X70MF250831:I:1,1,1,1,1,1,0,0,20250831,20251223
GNE:GOAX070:X70:X70MF250831:I:2,1,1,1,1,1,0,0,20250831,20251223
GNE:GOAX070:X70:X70MF250831:I:3,1,1,1,1,1,0,0,20250831,20251223
GNE:GOAX070:X70:X70MF250831:I:4,1,1,1,1,1,0,0,20250831,20251223
GNE:GOAX070:X70:X70MF250831:I:5,1,1,1,1,1,0,0,20250831,20251223
GNE:GOAX070:X70:X70MF250831:I:6,1,1,1,1,1,0,0,20250831,20251223
GNE:GOAX070:X70:X70MF250831:I:7,1,1,1,1,1,0,0,20250831,20251223
GNE:GOAX070:X70:X70MF250831:I:8,1,1,1,1,1,0,0,20250831,20251223
GNE:GOAX070:X70:X70MF250831:I:9,1,1,1,1,1,0,0,20250831,20251223
GNE:GOAX070:X70:X70MF250831:I:10,1,1,1,1,1,0,0,20250831,20251223
GNE:GOAX070:X70:X70MF250831:I:11,1,1,1,1,1,0,0,20250831,20251223
GNE:GOAX070:X70:X70SA250831:O:1,0,0,0,0,0,1,0,20250831,20251223
GNE:GOAX070:X70:X70SA250831:O:2,0,0,0,0,0,1,0,20250831,20251223
GNE:GOAX070:X70:X70SA250831:O:3,0,0,0,0,0,1,0,20250831,20251223
GNE:GOAX070:X70:X70SA250831:O:4,0,0,0,0,0,1,0,20250831,20251223
GNE:GOAX070:X70:X70SA250831:O:5,0,0,0,0,0,1,0,20250831,20251223
GNE:GOAX070:X70:X70SA250831:O:6,0,0,0,0,0,1,0,20250831,20251223
GNE:GOAX070:X70:X70SA250831:O:7,0,0,0,0,0,1,0,20250831,20251223
GNE:GOAX070:X70:X70SA250831:O:8,0,0,0,0,0,1,0,20250831,20251223
GNE:GOAX070:X70:X70SA250831:O:9,0,0,0,0,0,1,0,20250831,20251223
GNE:GOAX070:X70:X70SA250831:O:10,0,0,0,0,0,1,0,20250831,20251223
GNE:GOAX070:X70:X70SA250831:O:11,0,0,0,0,0,1,0,20250831,20251223
GNE:GOAX070:X70:X70SA250831:O:12,0,0,0,0,0,1,0,20250831,20251223
GNE:GOAX070:X70:X70SA250831:I:1,0,0,0,0,0,1,0,20250831,20251223
GNE:GOAX070:X70:X70SA250831:I:2,0,0,0,0,0,1,0,20250831,20251223
GNE:GOAX070:X70:X70SA250831:I:3,0,0,0,0,0,1,0,20250831,20251223
GNE:GOAX070:X70:X70SA250831:I:4,0,0,0,0,0,1,0,20250831,20251223
GNE:GOAX070:X70:X70SA250831:I:5,0,0,0,0,0,1,0,20250831,20251223
GNE:GOAX070:X70:X70SA250831:I:6,0,0,0,0,0,1,0,20250831,20251223
GNE:GOAX070:X70:X70SA250831:I:7,0,0,0,0,0,1,0,20250831,20251223
GNE:GOAX070:X70:X70SA250831:I:8,0,0,0,0,0,1,0,20250831,20251223
GNE:GOAX070:X70:X70SA250831:I:9,0,0,0,0,0,1,0,20250831,20251223
GNE:GOAX070:X70:X70SA250831:I:10,0,0,0,0,0,1,0,20250831,20251223
GNE:GOAX070:X70:X70SA250831:I:11,0,0,0,0,0,1,0,20250831,20251223
GNE:GOAX071:X71:X71MF250831:O:2,1,1,1,1,1,0,0,20250831,20251223
GNE:GOAX071:X71:X71MF250831:O:3,1,1,1,1,1,0,0,20250831,20251223
GNE:GOAX071:X71:X71MF250831:O:4,1,1,1,1,1,0,0,20250831,20251223
GNE:GOAX071:X71:X71MF250831:O:5,1,1,1,1,1,0,0,20250831,20251223
GNE:GOAX071:X71:X71MF250831:O:6,1,1,1,1,1,0,0,20250831,20251223
GNE:GOAX071:X71:X71MF250831:O:7,1,1,1,1,1,0,0,20250831,20251223
GNE:GOAX071:X71:X71MF250831:O:8,1,1,1,1,1,0,0,20250831,20251223
GNE:GOAX071:X71:X71MF250831:O:9,1,1,1,1,1,0,0,20250831,20251223
GNE:GOAX071:X71:X71MF250831:O:10,1,1,1,1,1,0,0,20250831,20251223
GNE:GOAX071:X71:X71MF250831:O:11,1,1,1,1,1,0,0,20250831,20251223
GNE:GOAX071:X71:X71MF250831:O:12,1,1,1,1,1,0,0,20250831,20251223
GNE:GOAX071:X71:X71MF250831:O:13,1,1,1,1,1,0,0,20250831,20251223
GNE:GOAX071:X71:X71MF250831:I:1,1,1,1,1,1,0,0,20250831,20251223
GNE:GOAX071:X71:X71MF250831:I:2,1,1,1,1,1,0,0,20250831,20251223
GNE:GOAX071:X71:X71MF250831:I:3,1,1,1,1,1,0,0,20250831,20251223
GNE:GOAX071:X71:X71MF250831:I:4,1,1,1,1,1,0,0,20250831,20251223
GNE:GOAX071:X71:X71MF250831:I:5,1,1,1,1,1,0,0,20250831,20251223
GNE:GOAX071:X71:X71MF250831:I:6,1,1,1,1,1,0,0,20250831,20251223
GNE:GOAX071:X71:X71MF250831:I:7,1,1,1,1,1,0,0,20250831,20251223
GNE:GOAX071:X71:X71MF250831:I:8,1,1,1,1,1,0,0,20250831,20251223
GNE:GOAX071:X71:X71MF250831:I:9,1,1,1,1,1,0,0,20250831,20251223
GNE:GOAX071:X71:X71MF250831:I:10,1,1,1,1,1,0,0,20250831,20251223
GNE:GOAX071:X71:X71MF250831:I:11,1,1,1,1,1,0,0,20250831,20251223
GNE:GOAX071:X71:X71MF250831:I:12,1,1,1,1,1,0,0,20250831,20251223
GNE:GOAX071:X71:X71MF250831:I:13,1,1,1,1,1,0,0,20250831,20251223
GNE:GOAX071:X71:X71SA250831:O:1,0,0,0,0,0,1,0,20250831,20251223
GNE:GOAX071:X71:X71SA250831:O:2,0,0,0,0,0,1,0,20250831,20251223
GNE:GOAX071:X71:X71SA250831:O:3,0,0,0,0,0,1,0,20250831,20251223
GNE:GOAX071:X71:X71SA250831:O:4,0,0,0,0,0,1,0,20250831,20251223
GNE:GOAX071:X71:X71SA250831:O:5,0,0,0,0,0,1,0,20250831,20251223
GNE:GOAX071:X71:X71SA250831:O:6,0,0,0,0,0,1,0,20250831,20251223
GNE:GOAX071:X71:X71SA250831:O:7,0,0,0,0,0,1,0,20250831,20251223
GNE:GOAX071:X71:X71SA250831:O:8,0,0,0,0,0,1,0,20250831,20251223
GNE:GOAX071:X71:X71SA250831:O:9,0,0,0,0,0,1,0,20250831,20251223
GNE:GOAX071:X71:X71SA250831:O:10,0,0,0,0,0,1,0,20250831,20251223
GNE:GOAX071:X71:X71SA250831:O:11,0,0,0,0,0,1,0,20250831,20251223
GNE:GOAX071:X71:X71SA250831:O:12,0,0,0,0,0,1,0,20250831,20251223
GNE:GOAX071:X71:X71SA250831:I:1,0,0,0,0,0,1,0,20250831,20251223
GNE:GOAX071:X71:X71SA250831:I:2,0,0,0,0,0,1,0,20250831,20251223
GNE:GOAX071:X71:X71SA250831:I:3,0,0,0,0,0,1,0,20250831,20251223
GNE:GOAX071:X71:X71SA250831:I:4,0,0,0,0,0,1,0,20250831,20251223
GNE:GOAX071:X71:X71SA250831:I:5,0,0,0,0,0,1,0,20250831,20251223
GNE:GOAX071:X71:X71SA250831:I:6,0,0,0,0,0,1,0,20250831,20251223
GNE:GOAX071:X71:X71SA250831:I:7,0,0,0,0,0,1,0,20250831,20251223
GNE:GOAX071:X71:X71SA250831:I:8,0,0,0,0,0,1,0,20250831,20251223
GNE:GOAX071:X71:X71SA250831:I:9,0,0,0,0,0,1,0,20250831,20251223
GNE:GOAX071:X71:X71SA250831:I:10,0,0,0,0,0,1,0,20250831,20251223
GNE:GOAX071:X71:X71SA250831:I:11,0,0,0,0,0,1,0,20250831,20251223
GNE:GOAX071:X71:X71SA250831:I:12,0,0,0,0,0,1,0,20250831,20251223
GNE:GOAX071A:X71A:X71MF250831:O:1,1,1,1,1,1,0,0,20250831,20251223
GNE:GOAX071A:X71A:X71MF250831:I:14,1,1,1,1,1,0,0,20250831,20251223
GNE:GOAX071A:X71A:X71SA250831:I:13,0,0,0,0,0,1,0,20250831,20251223
GNE:GOAX072:X72:X72MF250831:O:1,1,1,1,1,1,0,0,20250831,20251223
GNE:GOAX072:X72:X72MF250831:O:2,1,1,1,1,1,0,0,20250831,20251223
GNE:GOAX072:X72:X72MF250831:O:3,1,1,1,1,1,0,0,20250831,20251223
GNE:GOAX072:X72:X72MF250831:O:4,1,1,1,1,1,0,0,20250831,20251223
GNE:GOAX072:X72:X72MF250831:O:5,1,1,1,1,1,0,0,20250831,20251223
GNE:GOAX072:X72:X72MF250831:O:6,1,1,1,1,1,0,0,20250831,20251223
GNE:GOAX072:X72:X72MF250831:I:1,1,1,1,1,1,0,0,20250831,20251223
GNE:GOAX072:X72:X72MF250831:I:2,1,1,1,1,1,0,0,20250831,20251223
GNE:GOAX072:X72:X72MF250831:I:3,1,1,1,1,1,0,0,20250831,20251223
GNE:GOAX072:X72:X72MF250831:I:4,1,1,1,1,1,0,0,20250831,20251223
GNE:GOAX072:X72:X72MF250831:I:5,1,1,1,1,1,0,0,20250831,20251223
GNE:GOAX072:X72:X72SA250831:O:1,0,0,0,0,0,1,0,20250831,20251223
GNE:GOAX072:X72:X72SA250831:O:2,0,0,0,0,0,1,0,20250831,20251223
GNE:GOAX072:X72:X72SA250831:O:3,0,0,0,0,0,1,0,20250831,20251223
GNE:GOAX072:X72:X72SA250831:O:4,0,0,0,0,0,1,0,20250831,20251223
GNE:GOAX072:X72:X72SA250831:O:5,0,0,0,0,0,1,0,20250831,20251223
GNE:GOAX072:X72:X72SA250831:O:6,0,0,0,0,0,1,0,20250831,20251223
GNE:GOAX072:X72:X72SA250831:I:1,0,0,0,0,0,1,0,20250831,20251223
GNE:GOAX072:X72:X72SA250831:I:2,0,0,0,0,0,1,0,20250831,20251223
GNE:GOAX072:X72:X72SA250831:I:3,0,0,0,0,0,1,0,20250831,20251223
GNE:GOAX072:X72:X72SA250831:I:4,0,0,0,0,0,1,0,20250831,20251223
GNE:GOAX072:X72:X72SA250831:I:5,0,0,0,0,0,1,0,20250831,20251223
GNE:GOAX072:X72:X72SU250831:O:1,0,0,0,0,0,0,1,20250831,20251223
GNE:GOAX072:X72:X72SU250831:O:2,0,0,0,0,0,0,1,20250831,20251223
GNE:GOAX072:X72:X72SU250831:O:3,0,0,0,0,0,0,1,20250831,20251223
GNE:GOAX072:X72:X72SU250831:O:4,0,0,0,0,0,0,1,20250831,20251223
GNE:GOAX072:X72:X72SU250831:O:5,0,0,0,0,0,0,1,20250831,20251223
GNE:GOAX072:X72:X72SU250831:O:6,0,0,0,0,0,0,1,20250831,20251223
GNE:GOAX072:X72:X72SU250831:O:7,0,0,0,0,0,0,1,20250831,20251223
GNE:GOAX072:X72:X72SU250831:O:8,0,0,0,0,0,0,1,20250831,20251223
GNE:GOAX072:X72:X72SU250831:O:9,0,0,0,0,0,0,1,20250831,20251223
GNE:GOAX072:X72:X72SU250831:O:10,0,0,0,0,0,0,1,20250831,20251223
GNE:GOAX072:X72:X72SU250831:O:11,0,0,0,0,0,0,1,20250831,20251223
GNE:GOAX072:X72:X72SU250831:O:12,0,0,0,0,0,0,1,20250831,20251223
GNE:GOAX072:X72:X72SU250831:I:1,0,0,0,0,0,0,1,20250831,20251223
GNE:GOAX072:X72:X72SU250831:I:2,0,0,0,0,0,0,1,20250831,20251223
GNE:GOAX072:X72:X72SU250831:I:3,0,0,0,0,0,0,1,20250831,20251223
GNE:GOAX072:X72:X72SU250831:I:4,0,0,0,0,0,0,1,20250831,20251223
GNE:GOAX072:X72:X72SU250831:I:5,0,0,0,0,0,0,1,20250831,20251223
GNE:GOAX072:X72:X72SU250831:I:6,0,0,0,0,0,0,1,20250831,20251223
GNE:GOAX072:X72:X72SU250831:I:7,0,0,0,0,0,0,1,20250831,20251223
GNE:GOAX072:X72:X72SU250831:I:8,0,0,0,0,0,0,1,20250831,20251223
GNE:GOAX072:X72:X72SU250831:I:9,0,0,0,0,0,0,1,20250831,20251223
GNE:GOAX072:X72:X72SU250831:I:10,0,0,0,0,0,0,1,20250831,20251223
GNE:GOAX072:X72:X72SU250831:I:11,0,0,0,0,0,0,1,20250831,20251223
GNE:GOAX072:X72:X72SU250831:I:12,0,0,0,0,0,0,1,20250831,20251223
GNE:GOAX073:X73:X73MF250831:O:1,1,1,1,1,1,0,0,20250831,20251223
GNE:GOAX073:X73:X73MF250831:O:2,1,1,1,1,1,0,0,20250831,20251223
GNE:GOAX073:X73:X73MF250831:O:3,1,1,1,1,1,0,0,20250831,20251223
GNE:GOAX073:X73:X73MF250831:O:4,1,1,1,1,1,0,0,20250831,20251223
GNE:GOAX073:X73:X73MF250831:O:5,1,1,1,1,1,0,0,20250831,20251223
GNE:GOAX073:X73:X73MF250831:O:6,1,1,1,1,1,0,0,20250831,20251223
GNE:GOAX073:X73:X73MF250831:O:7,1,1,1,1,1,0,0,20250831,20251223
GNE:GOAX073:X73:X73MF250831:O:8,1,1,1,1,1,0,0,20250831,20251223
GNE:GOAX073:X73:X73MF250831:O:9,1,1,1,1,1,0,0,20250831,20251223
GNE:GOAX073:X73:X73MF250831:O:10,1,1,1,1,1,0,0,20250831,20251223
GNE:GOAX073:X73:X73MF250831:O:11,1,1,1,1,1,0,0,20250831,20251223
GNE:GOAX073:X73:X73MF250831:O:12,1,1,1,1,1,0,0,20250831,20251223
GNE:GOAX073:X73:X73MF250831:O:13,1,1,1,1,1,0,0,20250831,20251223
GNE:GOAX073:X73:X73MF250831:I:1,1,1,1,1,1,0,0,20250831,20251223
GNE:GOAX073:X73:X73MF250831:I:2,1,1,1,1,1,0,0,20250831,20251223
GNE:GOAX073:X73:X73MF250831:I:3,1,1,1,1,1,0,0,20250831,20251223
GNE:GOAX073:X73:X73MF250831:I:4,1,1,1,1,1,0,0,20250831,20251223
GNE:GOAX073:X73:X73MF250831:I:5,1,1,1,1,1,0,0,20250831,20251223
GNE:GOAX073:X73:X73MF250831:I:6,1,1,1,1,1,0,0,20250831,20251223
GNE:GOAX073:X73:X73MF250831:I:7,1,1,1,1,1,0,0,20250831,20251223
GNE:GOAX073:X73:X73MF250831:I:8,1,1,1,1,1,0,0,20250831,20251223
GNE:GOAX073:X73:X73MF250831:I:9,1,1,1,1,1,0,0,20250831,20251223
GNE:GOAX073:X73:X73MF250831:I:10,1,1,1,1,1,0,0,20250831,20251223
GNE:GOAX073:X73:X73MF250831:I:11,1,1,1,1,1,0,0,20250831,20251223
GNE:GOAX073:X73:X73MF250831:I:12,1,1,1,1,1,0,0,20250831,20251223
GNE:GOAX073:X73:X73MF250831:I:13,1,1,1,1,1,0,0,20250831,20251223
GNE:GOAX073:X73:X73SA250831:O:1,0,0,0,0,0,1,0,20250831,20251223
GNE:GOAX073:X73:X73SA250831:O:2,0,0,0,0,0,1,0,20250831,20251223
GNE:GOAX073:X73:X73SA250831:O:3,0,0,0,0,0,1,0,20250831,20251223
GNE:GOAX073:X73:X73SA250831:O:4,0,0,0,0,0,1,0,20250831,20251223
GNE:GOAX073:X73:X73SA250831:O:5,0,0,0,0,0,1,0,20250831,20251223
GNE:GOAX073:X73:X73SA250831:O:6,0,0,0,0,0,1,0,20250831,20251223
GNE:GOAX073:X73:X73SA250831:O:7,0,0,0,0,0,1,0,20250831,20251223
GNE:GOAX073:X73:X73SA250831:O:8,0,0,0,0,0,1,0,20250831,20251223
GNE:GOAX073:X73:X73SA250831:O:9,0,0,0,0,0,1,0,20250831,20251223
GNE:GOAX073:X73:X73SA250831:O:10,0,0,0,0,0,1,0,20250831,20251223
GNE:GOAX073:X73:X73SA250831:O:11,0,0,0,0,0,1,0,20250831,20251223
GNE:GOAX073:X73:X73SA250831:O:12,0,0,0,0,0,1,0,20250831,20251223
GNE:GOAX073:X73:X73SA250831:O:13,0,0,0,0,0,1,0,20250831,20251223
GNE:GOAX073:X73:X73SA250831:I:1,0,0,0,0,0,1,0,20250831,20251223
GNE:GOAX073:X73:X73SA250831:I:2,0,0,0,0,0,1,0,20250831,20251223
GNE:GOAX073:X73:X73SA250831:I:3,0,0,0,0,0,1,0,20250831,20251223
GNE:GOAX073:X73:X73SA250831:I:4,0,0,0,0,0,1,0,20250831,20251223
GNE:GOAX073:X73:X73SA250831:I:5,0,0,0,0,0,1,0,20250831,20251223
GNE:GOAX073:X73:X73SA250831:I:6,0,0,0,0,0,1,0,20250831,20251223
GNE:GOAX073:X73:X73SA250831:I:7,0,0,0,0,0,1,0,20250831,20251223
GNE:GOAX073:X73:X73SA250831:I:8,0,0,0,0,0,1,0,20250831,20251223
GNE:GOAX073:X73:X73SA250831:I:9,0,0,0,0,0,1,0,20250831,20251223
GNE:GOAX073:X73:X73SA250831:I:10,0,0,0,0,0,1,0,20250831,20251223
GNE:GOAX073:X73:X73SA250831:I:11,0,0,0,0,0,1,0,20250831,20251223
GNE:GOAX073:X73:X73SA250831:I:12,0,0,0,0,0,1,0,20250831,20251223
GNE:GOAX085:X85:X85MF250831:O:1,1,1,1,1,1,0,0,20250831,20251223
GNE:GOAX085:X85:X85MF250831:I:1,1,1,1,1,1,0,0,20250831,20251223
