service_id,monday,tuesday,wednesday,thursday,friday,saturday,sunday,start_date,end_date
GNE:GOAO002:2:002MF250720:O:1,1,1,1,1,1,0,0,20250720,20251223
GNE:GOAO002:2:002MF250720:O:2,1,1,1,1,1,0,0,20250720,20251223
GNE:GOAO002:2:002MF250720:O:3,1,1,1,1,1,0,0,20250720,20251223
GNE:GOAO002:2:002MF250720:O:4,1,1,1,1,1,0,0,20250720,20251223
GNE:GOAO002:2:002MF250720:O:5,1,1,1,1,1,0,0,20250720,20251223
GNE:GOAO002:2:002MF250720:O:6,1,1,1,1,1,0,0,20250720,20251223
GNE:GOAO002:2:002MF250720:O:7,1,1,1,1,1,0,0,20250720,20251223
GNE:GOAO002:2:002MF250720:O:8,1,1,1,1,1,0,0,20250720,20251223
GNE:GOAO002:2:002MF250720:O:9,1,1,1,1,1,0,0,20250720,20251223
GNE:GOAO002:2:002MF250720:O:10,1,1,1,1,1,0,0,20250720,20251223
GNE:GOAO002:2:002MF250720:O:11,1,1,1,1,1,0,0,20250720,20251223
GNE:GOAO002:2:002MF250720:O:12,1,1,1,1,1,0,0,20250720,20251223
GNE:GOAO002:2:002MF250720:O:13,1,1,1,1,1,0,0,20250720,20251223
GNE:GOAO002:2:002MF250720:O:14,1,1,1,1,1,0,0,20250720,20251223
GNE:GOAO002:2:002MF250720:O:15,1,1,1,1,1,0,0,20250720,20251223
GNE:GOAO002:2:002MF250720:O:16,1,1,1,1,1,0,0,20250720,20251223
GNE:GOAO002:2:002MF250720:O:17,1,1,1,1,1,0,0,20250720,20251223
GNE:GOAO002:2:002MF250720:O:18,1,1,1,1,1,0,0,20250720,20251223
GNE:GOAO002:2:002MF250720:O:19,1,1,1,1,1,0,0,20250720,20251223
GNE:GOAO002:2:002MF250720:O:20,1,1,1,1,1,0,0,20250720,20251223
GNE:GOAO002:2:002MF250720:O:21,1,1,1,1,1,0,0,20250720,20251223
GNE:GOAO002:2:002MF250720:O:22,1,1,1,1,1,0,0,20250720,20251223
GNE:GOAO002:2:002MF250720:O:23,1,1,1,1,1,0,0,20250720,20251223
GNE:GOAO002:2:002MF250720:O:24,1,1,1,1,1,0,0,20250720,20251223
GNE:GOAO002:2:002MF250720:O:25,1,1,1,1,1,0,0,20250720,20251223
GNE:GOAO002:2:002MF250720:O:26,1,1,1,1,1,0,0,20250720,20251223
GNE:GOAO002:2:002MF250720:O:27,1,1,1,1,1,0,0,20250720,20251223
GNE:GOAO002:2:002MF250720:O:28,1,1,1,1,1,0,0,20250720,20251223
GNE:GOAO002:2:002MF250720:O:29,1,1,1,1,1,0,0,20250720,20251223
GNE:GOAO002:2:002MF250720:O:30,1,1,1,1,1,0,0,20250720,20251223
GNE:GOAO002:2:002MF250720:O:31,1,1,1,1,1,0,0,20250720,20251223
GNE:GOAO002:2:002MF250720:O:32,1,1,1,1,1,0,0,20250720,20251223
GNE:GOAO002:2:002MF250720:O:33,1,1,1,1,1,0,0,20250720,20251223
GNE:GOAO002:2:002MF250720:O:34,1,1,1,1,1,0,0,20250720,20251223
GNE:GOAO002:2:002MF250720:O:35,1,1,1,1,1,0,0,20250720,20251223
GNE:GOAO002:2:002MF250720:O:36,1,1,1,1,1,0,0,20250720,20251223
GNE:GOAO002:2:002MF250720:O:37,1,1,1,1,1,0,0,20250720,20251223
GNE:GOAO002:2:002MF250720:O:38,1,1,1,1,1,0,0,20250720,20251223
GNE:GOAO002:2:002MF250720:O:39,1,1,1,1,1,0,0,20250720,20251223
GNE:GOAO002:2:002MF250720:O:40,1,1,1,1,1,0,0,20250720,20251223
GNE:GOAO002:2:002MF250720:O:41,1,1,1,1,1,0,0,20250720,20251223
GNE:GOAO002:2:002MF250720:O:42,1,1,1,1,1,0,0,20250720,20251223
GNE:GOAO002:2:002MF250720:O:43,1,1,1,1,1,0,0,20250720,20251223
GNE:GOAO002:2:002MF250720:O:44,1,1,1,1,1,0,0,20250720,20251223
GNE:GOAO002:2:002MF250720:O:45,1,1,1,1,1,0,0,20250720,20251223
GNE:GOAO002:2:002MF250720:O:46,1,1,1,1,1,0,0,20250720,20251223
GNE:GOAO002:2:002MF250720:O:47,1,1,1,1,1,0,0,20250720,20251223
GNE:GOAO002:2:002MF250720:I:1,1,1,1,1,1,0,0,20250720,20251223
GNE:GOAO002:2:002MF250720:I:2,1,1,1,1,1,0,0,20250720,20251223
GNE:GOAO002:2:002MF250720:I:3,1,1,1,1,1,0,0,20250720,20251223
GNE:GOAO002:2:002MF250720:I:4,1,1,1,1,1,0,0,20250720,20251223
GNE:GOAO002:2:002MF250720:I:5,1,1,1,1,1,0,0,20250720,20251223
GNE:GOAO002:2:002MF250720:I:6,1,1,1,1,1,0,0,20250720,20251223
GNE:GOAO002:2:002MF250720:I:7,1,1,1,1,1,0,0,20250720,20251223
GNE:GOAO002:2:002MF250720:I:8,1,1,1,1,1,0,0,20250720,20251223
GNE:GOAO002:2:002MF250720:I:9,1,1,1,1,1,0,0,20250720,20251223
GNE:GOAO002:2:002MF250720:I:10,1,1,1,1,1,0,0,20250720,20251223
GNE:GOAO002:2:002MF250720:I:11,1,1,1,1,1,0,0,20250720,20251223
GNE:GOAO002:2:002MF250720:I:12,1,1,1,1,1,0,0,20250720,20251223
GNE:GOAO002:2:002MF250720:I:13,1,1,1,1,1,0,0,20250720,20251223
GNE:GOAO002:2:002MF250720:I:14,1,1,1,1,1,0,0,20250720,20251223
GNE:GOAO002:2:002MF250720:I:15,1,1,1,1,1,0,0,20250720,20251223
GNE:GOAO002:2:002MF250720:I:16,1,1,1,1,1,0,0,20250720,20251223
GNE:GOAO002:2:002MF250720:I:17,1,1,1,1,1,0,0,20250720,20251223
GNE:GOAO002:2:002MF250720:I:18,1,1,1,1,1,0,0,20250720,20251223
GNE:GOAO002:2:002MF250720:I:19,1,1,1,1,1,0,0,20250720,20251223
GNE:GOAO002:2:002MF250720:I:20,1,1,1,1,1,0,0,20250720,20251223
GNE:GOAO002:2:002MF250720:I:21,1,1,1,1,1,0,0,20250720,20251223
GNE:GOAO002:2:002MF250720:I:22,1,1,1,1,1,0,0,20250720,20251223
GNE:GOAO002:2:002MF250720:I:23,1,1,1,1,1,0,0,20250720,20251223
GNE:GOAO002:2:002MF250720:I:24,1,1,1,1,1,0,0,20250720,20251223
GNE:GOAO002:2:002MF250720:I:25,1,1,1,1,1,0,0,20250720,20251223
GNE:GOAO002:2:002MF250720:I:26,1,1,1,1,1,0,0,20250720,20251223
GNE:GOAO002:2:002MF250720:I:27,1,1,1,1,1,0,0,20250720,20251223
GNE:GOAO002:2:002MF250720:I:28,1,1,1,1,1,0,0,20250720,20251223
GNE:GOAO002:2:002MF250720:I:29,1,1,1,1,1,0,0,20250720,20251223
GNE:GOAO002:2:002MF250720:I:30,1,1,1,1,1,0,0,20250720,20251223
GNE:GOAO002:2:002MF250720:I:31,1,1,1,1,1,0,0,20250720,20251223
GNE:GOAO002:2:002MF250720:I:32,1,1,1,1,1,0,0,20250720,20251223
GNE:GOAO002:2:002MF250720:I:33,1,1,1,1,1,0,0,20250720,20251223
GNE:GOAO002:2:002MF250720:I:34,1,1,1,1,1,0,0,20250720,20251223
GNE:GOAO002:2:002MF250720:I:35,1,1,1,1,1,0,0,20250720,20251223
GNE:GOAO002:2:002MF250720:I:36,1,1,1,1,1,0,0,20250720,20251223
GNE:GOAO002:2:002MF250720:I:37,1,1,1,1,1,0,0,20250720,20251223
GNE:GOAO002:2:002MF250720:I:38,1,1,1,1,1,0,0,20250720,20251223
GNE:GOAO002:2:002MF250720:I:39,1,1,1,1,1,0,0,20250720,20251223
GNE:GOAO002:2:002MF250720:I:40,1,1,1,1,1,0,0,20250720,20251223
GNE:GOAO002:2:002MF250720:I:41,1,1,1,1,1,0,0,20250720,20251223
GNE:GOAO002:2:002MF250720:I:42,1,1,1,1,1,0,0,20250720,20251223
GNE:GOAO002:2:002MF250720:I:43,1,1,1,1,1,0,0,20250720,20251223
GNE:GOAO002:2:002MF250720:I:44,1,1,1,1,1,0,0,20250720,20251223
GNE:GOAO002:2:002MF250720:I:45,1,1,1,1,1,0,0,20250720,20251223
GNE:GOAO002:2:002MF250720:I:46,1,1,1,1,1,0,0,20250720,20251223
GNE:GOAO002:2:002MF250720:I:47,1,1,1,1,1,0,0,20250720,20251223
GNE:GOAO002:2:002MF250720:I:48,1,1,1,1,1,0,0,20250720,20251223
GNE:GOAO002:2:002MF250720:I:49,1,1,1,1,1,0,0,20250720,20251223
GNE:GOAO002:2:002SA250720:O:1,0,0,0,0,0,1,0,20250720,20251223
GNE:GOAO002:2:002SA250720:O:2,0,0,0,0,0,1,0,20250720,20251223
GNE:GOAO002:2:002SA250720:O:3,0,0,0,0,0,1,0,20250720,20251223
GNE:GOAO002:2:002SA250720:O:4,0,0,0,0,0,1,0,20250720,20251223
GNE:GOAO002:2:002SA250720:O:5,0,0,0,0,0,1,0,20250720,20251223
GNE:GOAO002:2:002SA250720:O:6,0,0,0,0,0,1,0,20250720,20251223
GNE:GOAO002:2:002SA250720:O:7,0,0,0,0,0,1,0,20250720,20251223
GNE:GOAO002:2:002SA250720:O:8,0,0,0,0,0,1,0,20250720,20251223
GNE:GOAO002:2:002SA250720:O:9,0,0,0,0,0,1,0,20250720,20251223
GNE:GOAO002:2:002SA250720:O:10,0,0,0,0,0,1,0,20250720,20251223
GNE:GOAO002:2:002SA250720:O:11,0,0,0,0,0,1,0,20250720,20251223
GNE:GOAO002:2:002SA250720:O:12,0,0,0,0,0,1,0,20250720,20251223
GNE:GOAO002:2:002SA250720:O:13,0,0,0,0,0,1,0,20250720,20251223
GNE:GOAO002:2:002SA250720:O:14,0,0,0,0,0,1,0,20250720,20251223
GNE:GOAO002:2:002SA250720:O:15,0,0,0,0,0,1,0,20250720,20251223
GNE:GOAO002:2:002SA250720:O:16,0,0,0,0,0,1,0,20250720,20251223
GNE:GOAO002:2:002SA250720:O:17,0,0,0,0,0,1,0,20250720,20251223
GNE:GOAO002:2:002SA250720:O:18,0,0,0,0,0,1,0,20250720,20251223
GNE:GOAO002:2:002SA250720:O:19,0,0,0,0,0,1,0,20250720,20251223
GNE:GOAO002:2:002SA250720:O:20,0,0,0,0,0,1,0,20250720,20251223
GNE:GOAO002:2:002SA250720:O:21,0,0,0,0,0,1,0,20250720,20251223
GNE:GOAO002:2:002SA250720:O:22,0,0,0,0,0,1,0,20250720,20251223
GNE:GOAO002:2:002SA250720:O:23,0,0,0,0,0,1,0,20250720,20251223
GNE:GOAO002:2:002SA250720:O:24,0,0,0,0,0,1,0,20250720,20251223
GNE:GOAO002:2:002SA250720:O:25,0,0,0,0,0,1,0,20250720,20251223
GNE:GOAO002:2:002SA250720:O:26,0,0,0,0,0,1,0,20250720,20251223
GNE:GOAO002:2:002SA250720:O:27,0,0,0,0,0,1,0,20250720,20251223
GNE:GOAO002:2:002SA250720:O:28,0,0,0,0,0,1,0,20250720,20251223
GNE:GOAO002:2:002SA250720:O:29,0,0,0,0,0,1,0,20250720,20251223
GNE:GOAO002:2:002SA250720:O:30,0,0,0,0,0,1,0,20250720,20251223
GNE:GOAO002:2:002SA250720:O:31,0,0,0,0,0,1,0,20250720,20251223
GNE:GOAO002:2:002SA250720:O:32,0,0,0,0,0,1,0,20250720,20251223
GNE:GOAO002:2:002SA250720:O:33,0,0,0,0,0,1,0,20250720,20251223
GNE:GOAO002:2:002SA250720:O:34,0,0,0,0,0,1,0,20250720,20251223
GNE:GOAO002:2:002SA250720:O:35,0,0,0,0,0,1,0,20250720,20251223
GNE:GOAO002:2:002SA250720:O:36,0,0,0,0,0,1,0,20250720,20251223
GNE:GOAO002:2:002SA250720:O:37,0,0,0,0,0,1,0,20250720,20251223
GNE:GOAO002:2:002SA250720:O:38,0,0,0,0,0,1,0,20250720,20251223
GNE:GOAO002:2:002SA250720:O:39,0,0,0,0,0,1,0,20250720,20251223
GNE:GOAO002:2:002SA250720:O:40,0,0,0,0,0,1,0,20250720,20251223
GNE:GOAO002:2:002SA250720:O:41,0,0,0,0,0,1,0,20250720,20251223
GNE:GOAO002:2:002SA250720:O:42,0,0,0,0,0,1,0,20250720,20251223
GNE:GOAO002:2:002SA250720:O:43,0,0,0,0,0,1,0,20250720,20251223
GNE:GOAO002:2:002SA250720:I:1,0,0,0,0,0,1,0,20250720,20251223
GNE:GOAO002:2:002SA250720:I:2,0,0,0,0,0,1,0,20250720,20251223
GNE:GOAO002:2:002SA250720:I:3,0,0,0,0,0,1,0,20250720,20251223
GNE:GOAO002:2:002SA250720:I:4,0,0,0,0,0,1,0,20250720,20251223
GNE:GOAO002:2:002SA250720:I:5,0,0,0,0,0,1,0,20250720,20251223
GNE:GOAO002:2:002SA250720:I:6,0,0,0,0,0,1,0,20250720,20251223
GNE:GOAO002:2:002SA250720:I:7,0,0,0,0,0,1,0,20250720,20251223
GNE:GOAO002:2:002SA250720:I:8,0,0,0,0,0,1,0,20250720,20251223
GNE:GOAO002:2:002SA250720:I:9,0,0,0,0,0,1,0,20250720,20251223
GNE:GOAO002:2:002SA250720:I:10,0,0,0,0,0,1,0,20250720,20251223
GNE:GOAO002:2:002SA250720:I:11,0,0,0,0,0,1,0,20250720,20251223
GNE:GOAO002:2:002SA250720:I:12,0,0,0,0,0,1,0,20250720,20251223
GNE:GOAO002:2:002SA250720:I:13,0,0,0,0,0,1,0,20250720,20251223
GNE:GOAO002:2:002SA250720:I:14,0,0,0,0,0,1,0,20250720,20251223
GNE:GOAO002:2:002SA250720:I:15,0,0,0,0,0,1,0,20250720,20251223
GNE:GOAO002:2:002SA250720:I:16,0,0,0,0,0,1,0,20250720,20251223
GNE:GOAO002:2:002SA250720:I:17,0,0,0,0,0,1,0,20250720,20251223
GNE:GOAO002:2:002SA250720:I:18,0,0,0,0,0,1,0,20250720,20251223
GNE:GOAO002:2:002SA250720:I:19,0,0,0,0,0,1,0,20250720,20251223
GNE:GOAO002:2:002SA250720:I:20,0,0,0,0,0,1,0,20250720,20251223
GNE:GOAO002:2:002SA250720:I:21,0,0,0,0,0,1,0,20250720,20251223
GNE:GOAO002:2:002SA250720:I:22,0,0,0,0,0,1,0,20250720,20251223
GNE:GOAO002:2:002SA250720:I:23,0,0,0,0,0,1,0,20250720,20251223
GNE:GOAO002:2:002SA250720:I:24,0,0,0,0,0,1,0,20250720,20251223
GNE:GOAO002:2:002SA250720:I:25,0,0,0,0,0,1,0,20250720,20251223
GNE:GOAO002:2:002SA250720:I:26,0,0,0,0,0,1,0,20250720,20251223
GNE:GOAO002:2:002SA250720:I:27,0,0,0,0,0,1,0,20250720,20251223
GNE:GOAO002:2:002SA250720:I:28,0,0,0,0,0,1,0,20250720,20251223
GNE:GOAO002:2:002SA250720:I:29,0,0,0,0,0,1,0,20250720,20251223
GNE:GOAO002:2:002SA250720:I:30,0,0,0,0,0,1,0,20250720,20251223
GNE:GOAO002:2:002SA250720:I:31,0,0,0,0,0,1,0,20250720,20251223
GNE:GOAO002:2:002SA250720:I:32,0,0,0,0,0,1,0,20250720,20251223
GNE:GOAO002:2:002SA250720:I:33,0,0,0,0,0,1,0,20250720,20251223
GNE:GOAO002:2:002SA250720:I:34,0,0,0,0,0,1,0,20250720,20251223
GNE:GOAO002:2:002SA250720:I:35,0,0,0,0,0,1,0,20250720,20251223
GNE:GOAO002:2:002SA250720:I:36,0,0,0,0,0,1,0,20250720,20251223
GNE:GOAO002:2:002SA250720:I:37,0,0,0,0,0,1,0,20250720,20251223
GNE:GOAO002:2:002SA250720:I:38,0,0,0,0,0,1,0,20250720,20251223
GNE:GOAO002:2:002SA250720:I:39,0,0,0,0,0,1,0,20250720,20251223
GNE:GOAO002:2:002SA250720:I:40,0,0,0,0,0,1,0,20250720,20251223
GNE:GOAO002:2:002SA250720:I:41,0,0,0,0,0,1,0,20250720,20251223
GNE:GOAO002:2:002SA250720:I:42,0,0,0,0,0,1,0,20250720,20251223
GNE:GOAO002:2:002SA250720:I:43,0,0,0,0,0,1,0,20250720,20251223
GNE:GOAO002:2:002SA250720:I:44,0,0,0,0,0,1,0,20250720,20251223
GNE:GOAO002:2:002SA250720:I:45,0,0,0,0,0,1,0,20250720,20251223
GNE:GOAO002:2:002SU250720:O:1,0,0,0,0,0,0,1,20250720,20251223
GNE:GOAO002:2:002SU250720:O:2,0,0,0,0,0,0,1,20250720,20251223
GNE:GOAO002:2:002SU250720:O:3,0,0,0,0,0,0,1,20250720,20251223
GNE:GOAO002:2:002SU250720:O:4,0,0,0,0,0,0,1,20250720,20251223
GNE:GOAO002:2:002SU250720:O:5,0,0,0,0,0,0,1,20250720,20251223
GNE:GOAO002:2:002SU250720:O:6,0,0,0,0,0,0,1,20250720,20251223
GNE:GOAO002:2:002SU250720:O:7,0,0,0,0,0,0,1,20250720,20251223
GNE:GOAO002:2:002SU250720:O:8,0,0,0,0,0,0,1,20250720,20251223
GNE:GOAO002:2:002SU250720:O:9,0,0,0,0,0,0,1,20250720,20251223
GNE:GOAO002:2:002SU250720:O:10,0,0,0,0,0,0,1,20250720,20251223
GNE:GOAO002:2:002SU250720:O:11,0,0,0,0,0,0,1,20250720,20251223
GNE:GOAO002:2:002SU250720:O:12,0,0,0,0,0,0,1,20250720,20251223
GNE:GOAO002:2:002SU250720:O:13,0,0,0,0,0,0,1,20250720,20251223
GNE:GOAO002:2:002SU250720:O:14,0,0,0,0,0,0,1,20250720,20251223
GNE:GOAO002:2:002SU250720:O:15,0,0,0,0,0,0,1,20250720,20251223
GNE:GOAO002:2:002SU250720:O:16,0,0,0,0,0,0,1,20250720,20251223
GNE:GOAO002:2:002SU250720:O:17,0,0,0,0,0,0,1,20250720,20251223
GNE:GOAO002:2:002SU250720:O:18,0,0,0,0,0,0,1,20250720,20251223
GNE:GOAO002:2:002SU250720:O:19,0,0,0,0,0,0,1,20250720,20251223
GNE:GOAO002:2:002SU250720:O:20,0,0,0,0,0,0,1,20250720,20251223
GNE:GOAO002:2:002SU250720:O:21,0,0,0,0,0,0,1,20250720,20251223
GNE:GOAO002:2:002SU250720:O:22,0,0,0,0,0,0,1,20250720,20251223
GNE:GOAO002:2:002SU250720:O:23,0,0,0,0,0,0,1,20250720,20251223
GNE:GOAO002:2:002SU250720:O:24,0,0,0,0,0,0,1,20250720,20251223
GNE:GOAO002:2:002SU250720:O:25,0,0,0,0,0,0,1,20250720,20251223
GNE:GOAO002:2:002SU250720:O:26,0,0,0,0,0,0,1,20250720,20251223
GNE:GOAO002:2:002SU250720:O:27,0,0,0,0,0,0,1,20250720,20251223
GNE:GOAO002:2:002SU250720:O:28,0,0,0,0,0,0,1,20250720,20251223
GNE:GOAO002:2:002SU250720:O:29,0,0,0,0,0,0,1,20250720,20251223
GNE:GOAO002:2:002SU250720:O:30,0,0,0,0,0,0,1,20250720,20251223
GNE:GOAO002:2:002SU250720:O:31,0,0,0,0,0,0,1,20250720,20251223
GNE:GOAO002:2:002SU250720:O:32,0,0,0,0,0,0,1,20250720,20251223
GNE:GOAO002:2:002SU250720:I:1,0,0,0,0,0,0,1,20250720,20251223
GNE:GOAO002:2:002SU250720:I:2,0,0,0,0,0,0,1,20250720,20251223
GNE:GOAO002:2:002SU250720:I:3,0,0,0,0,0,0,1,20250720,20251223
GNE:GOAO002:2:002SU250720:I:4,0,0,0,0,0,0,1,20250720,20251223
GNE:GOAO002:2:002SU250720:I:5,0,0,0,0,0,0,1,20250720,20251223
GNE:GOAO002:2:002SU250720:I:6,0,0,0,0,0,0,1,20250720,20251223
GNE:GOAO002:2:002SU250720:I:7,0,0,0,0,0,0,1,20250720,20251223
GNE:GOAO002:2:002SU250720:I:8,0,0,0,0,0,0,1,20250720,20251223
GNE:GOAO002:2:002SU250720:I:9,0,0,0,0,0,0,1,20250720,20251223
GNE:GOAO002:2:002SU250720:I:10,0,0,0,0,0,0,1,20250720,20251223
GNE:GOAO002:2:002SU250720:I:11,0,0,0,0,0,0,1,20250720,20251223
GNE:GOAO002:2:002SU250720:I:12,0,0,0,0,0,0,1,20250720,20251223
GNE:GOAO002:2:002SU250720:I:13,0,0,0,0,0,0,1,20250720,20251223
GNE:GOAO002:2:002SU250720:I:14,0,0,0,0,0,0,1,20250720,20251223
GNE:GOAO002:2:002SU250720:I:15,0,0,0,0,0,0,1,20250720,20251223
GNE:GOAO002:2:002SU250720:I:16,0,0,0,0,0,0,1,20250720,20251223
GNE:GOAO002:2:002SU250720:I:17,0,0,0,0,0,0,1,20250720,20251223
GNE:GOAO002:2:002SU250720:I:18,0,0,0,0,0,0,1,20250720,20251223
GNE:GOAO002:2:002SU250720:I:19,0,0,0,0,0,0,1,20250720,20251223
GNE:GOAO002:2:002SU250720:I:20,0,0,0,0,0,0,1,20250720,20251223
GNE:GOAO002:2:002SU250720:I:21,0,0,0,0,0,0,1,20250720,20251223
GNE:GOAO002:2:002SU250720:I:22,0,0,0,0,0,0,1,20250720,20251223
GNE:GOAO002:2:002SU250720:I:23,0,0,0,0,0,0,1,20250720,20251223
GNE:GOAO002:2:002SU250720:I:24,0,0,0,0,0,0,1,20250720,20251223
GNE:GOAO002:2:002SU250720:I:25,0,0,0,0,0,0,1,20250720,20251223
GNE:GOAO002:2:002SU250720:I:26,0,0,0,0,0,0,1,20250720,20251223
GNE:GOAO002:2:002SU250720:I:27,0,0,0,0,0,0,1,20250720,20251223
GNE:GOAO002:2:002SU250720:I:28,0,0,0,0,0,0,1,20250720,20251223
GNE:GOAO002:2:002SU250720:I:29,0,0,0,0,0,0,1,20250720,20251223
GNE:GOAO002:2:002SU250720:I:30,0,0,0,0,0,0,1,20250720,20251223
GNE:GOAO004:4:004MF250720:O:1,1,1,1,1,1,0,0,20250720,20251223
GNE:GOAO004:4:004MF250720:O:2,1,1,1,1,1,0,0,20250720,20251223
GNE:GOAO004:4:004MF250720:O:3,1,1,1,1,1,0,0,20250720,20251223
GNE:GOAO004:4:004MF250720:O:4,1,1,1,1,1,0,0,20250720,20251223
GNE:GOAO004:4:004MF250720:O:5,1,1,1,1,1,0,0,20250720,20251223
GNE:GOAO004:4:004MF250720:O:6,1,1,1,1,1,0,0,20250720,20251223
GNE:GOAO004:4:004MF250720:O:7,1,1,1,1,1,0,0,20250720,20251223
GNE:GOAO004:4:004MF250720:O:8,1,1,1,1,1,0,0,20250720,20251223
GNE:GOAO004:4:004MF250720:O:9,1,1,1,1,1,0,0,20250720,20251223
GNE:GOAO004:4:004MF250720:O:10,1,1,1,1,1,0,0,20250720,20251223
GNE:GOAO004:4:004MF250720:O:11,1,1,1,1,1,0,0,20250720,20251223
GNE:GOAO004:4:004MF250720:O:12,1,1,1,1,1,0,0,20250720,20251223
GNE:GOAO004:4:004MF250720:O:13,1,1,1,1,1,0,0,20250720,20251223
GNE:GOAO004:4:004MF250720:O:14,0,0,0,0,0,0,0,20250720,20251223
GNE:GOAO004:4:004MF250720:O:15,1,1,1,1,1,0,0,20250720,20251223
GNE:GOAO004:4:004MF250720:O:16,1,1,1,1,1,0,0,20250720,20251223
GNE:GOAO004:4:004MF250720:O:17,1,1,1,1,1,0,0,20250720,20251223
GNE:GOAO004:4:004MF250720:O:18,1,1,1,1,1,0,0,20250720,20251223
GNE:GOAO004:4:004MF250720:O:19,1,1,1,1,1,0,0,20250720,20251223
GNE:GOAO004:4:004MF250720:O:20,1,1,1,1,1,0,0,20250720,20251223
GNE:GOAO004:4:004MF250720:O:21,1,1,1,1,1,0,0,20250720,20251223
GNE:GOAO004:4:004MF250720:O:22,1,1,1,1,1,0,0,20250720,20251223
GNE:GOAO004:4:004MF250720:O:23,1,1,1,1,1,0,0,20250720,20251223
GNE:GOAO004:4:004MF250720:O:24,1,1,1,1,1,0,0,20250720,20251223
GNE:GOAO004:4:004MF250720:O:25,1,1,1,1,1,0,0,20250720,20251223
GNE:GOAO004:4:004MF250720:O:26,1,1,1,1,1,0,0,20250720,20251223
GNE:GOAO004:4:004MF250720:O:27,1,1,1,1,1,0,0,20250720,20251223
GNE:GOAO004:4:004MF250720:O:28,1,1,1,1,1,0,0,20250720,20251223
GNE:GOAO004:4:004MF250720:O:29,1,1,1,1,1,0,0,20250720,20251223
GNE:GOAO004:4:004MF250720:O:30,1,1,1,1,1,0,0,20250720,20251223
GNE:GOAO004:4:004MF250720:O:31,1,1,1,1,1,0,0,20250720,20251223
GNE:GOAO004:4:004MF250720:O:32,1,1,1,1,1,0,0,20250720,20251223
GNE:GOAO004:4:004MF250720:O:33,1,1,1,1,1,0,0,20250720,20251223
GNE:GOAO004:4:004MF250720:O:34,1,1,1,1,1,0,0,20250720,20251223
GNE:GOAO004:4:004MF250720:O:35,1,1,1,1,1,0,0,20250720,20251223
GNE:GOAO004:4:004MF250720:O:36,1,1,1,1,1,0,0,20250720,20251223
GNE:GOAO004:4:004MF250720:O:37,1,1,1,1,1,0,0,20250720,20251223
GNE:GOAO004:4:004MF250720:O:38,1,1,1,1,1,0,0,20250720,20251223
GNE:GOAO004:4:004MF250720:O:39,1,1,1,1,1,0,0,20250720,20251223
GNE:GOAO004:4:004MF250720:O:40,1,1,1,1,1,0,0,20250720,20251223
GNE:GOAO004:4:004MF250720:O:41,1,1,1,1,1,0,0,20250720,20251223
GNE:GOAO004:4:004MF250720:O:42,0,0,0,0,0,0,0,20250720,20251223
GNE:GOAO004:4:004MF250720:O:43,1,1,1,1,1,0,0,20250720,20251223
GNE:GOAO004:4:004MF250720:O:44,1,1,1,1,1,0,0,20250720,20251223
GNE:GOAO004:4:004MF250720:O:45,1,1,1,1,1,0,0,20250720,20251223
GNE:GOAO004:4:004MF250720:O:46,1,1,1,1,1,0,0,20250720,20251223
GNE:GOAO004:4:004MF250720:O:47,1,1,1,1,1,0,0,20250720,20251223
GNE:GOAO004:4:004MF250720:O:48,1,1,1,1,1,0,0,20250720,20251223
GNE:GOAO004:4:004MF250720:O:49,1,1,1,1,1,0,0,20250720,20251223
GNE:GOAO004:4:004MF250720:O:50,1,1,1,1,1,0,0,20250720,20251223
GNE:GOAO004:4:004MF250720:O:51,1,1,1,1,1,0,0,20250720,20251223
GNE:GOAO004:4:004MF250720:O:52,1,1,1,1,1,0,0,20250720,20251223
GNE:GOAO004:4:004MF250720:O:53,1,1,1,1,1,0,0,20250720,20251223
GNE:GOAO004:4:004MF250720:O:54,1,1,1,1,1,0,0,20250720,20251223
GNE:GOAO004:4:004MF250720:O:55,1,1,1,1,1,0,0,20250720,20251223
GNE:GOAO004:4:004MF250720:O:56,1,1,1,1,1,0,0,20250720,20251223
GNE:GOAO004:4:004MF250720:O:57,1,1,1,1,1,0,0,20250720,20251223
GNE:GOAO004:4:004MF250720:O:58,1,1,1,1,1,0,0,20250720,20251223
GNE:GOAO004:4:004MF250720:O:59,1,1,1,1,1,0,0,20250720,20251223
GNE:GOAO004:4:004MF250720:O:60,1,1,1,1,1,0,0,20250720,20251223
GNE:GOAO004:4:004MF250720:O:61,1,1,1,1,1,0,0,20250720,20251223
GNE:GOAO004:4:004MF250720:O:62,1,1,1,1,1,0,0,20250720,20251223
GNE:GOAO004:4:004MF250720:O:63,1,1,1,1,1,0,0,20250720,20251223
GNE:GOAO004:4:004MF250720:O:64,1,1,1,1,1,0,0,20250720,20251223
GNE:GOAO004:4:004MF250720:I:1,1,1,1,1,1,0,0,20250720,20251223
GNE:GOAO004:4:004MF250720:I:2,1,1,1,1,1,0,0,20250720,20251223
GNE:GOAO004:4:004MF250720:I:3,1,1,1,1,1,0,0,20250720,20251223
GNE:GOAO004:4:004MF250720:I:4,1,1,1,1,1,0,0,20250720,20251223
GNE:GOAO004:4:004MF250720:I:5,1,1,1,1,1,0,0,20250720,20251223
GNE:GOAO004:4:004MF250720:I:6,1,1,1,1,1,0,0,20250720,20251223
GNE:GOAO004:4:004MF250720:I:7,1,1,1,1,1,0,0,20250720,20251223
GNE:GOAO004:4:004MF250720:I:8,1,1,1,1,1,0,0,20250720,20251223
GNE:GOAO004:4:004MF250720:I:9,1,1,1,1,1,0,0,20250720,20251223
GNE:GOAO004:4:004MF250720:I:10,1,1,1,1,1,0,0,20250720,20251223
GNE:GOAO004:4:004MF250720:I:11,1,1,1,1,1,0,0,20250720,20251223
GNE:GOAO004:4:004MF250720:I:12,1,1,1,1,1,0,0,20250720,20251223
GNE:GOAO004:4:004MF250720:I:13,1,1,1,1,1,0,0,20250720,20251223
GNE:GOAO004:4:004MF250720:I:14,1,1,1,1,1,0,0,20250720,20251223
GNE:GOAO004:4:004MF250720:I:15,1,1,1,1,1,0,0,20250720,20251223
GNE:GOAO004:4:004MF250720:I:16,1,1,1,1,1,0,0,20250720,20251223
GNE:GOAO004:4:004MF250720:I:17,1,1,1,1,1,0,0,20250720,20251223
GNE:GOAO004:4:004MF250720:I:18,1,1,1,1,1,0,0,20250720,20251223
GNE:GOAO004:4:004MF250720:I:19,1,1,1,1,1,0,0,20250720,20251223
GNE:GOAO004:4:004MF250720:I:20,1,1,1,1,1,0,0,20250720,20251223
GNE:GOAO004:4:004MF250720:I:21,1,1,1,1,1,0,0,20250720,20251223
GNE:GOAO004:4:004MF250720:I:22,1,1,1,1,1,0,0,20250720,20251223
GNE:GOAO004:4:004MF250720:I:23,1,1,1,1,1,0,0,20250720,20251223
GNE:GOAO004:4:004MF250720:I:24,1,1,1,1,1,0,0,20250720,20251223
GNE:GOAO004:4:004MF250720:I:25,1,1,1,1,1,0,0,20250720,20251223
GNE:GOAO004:4:004MF250720:I:26,1,1,1,1,1,0,0,20250720,20251223
GNE:GOAO004:4:004MF250720:I:27,1,1,1,1,1,0,0,20250720,20251223
GNE:GOAO004:4:004MF250720:I:28,1,1,1,1,1,0,0,20250720,20251223
GNE:GOAO004:4:004MF250720:I:29,1,1,1,1,1,0,0,20250720,20251223
GNE:GOAO004:4:004MF250720:I:30,1,1,1,1,1,0,0,20250720,20251223
GNE:GOAO004:4:004MF250720:I:31,1,1,1,1,1,0,0,20250720,20251223
GNE:GOAO004:4:004MF250720:I:32,1,1,1,1,1,0,0,20250720,20251223
GNE:GOAO004:4:004MF250720:I:33,1,1,1,1,1,0,0,20250720,20251223
GNE:GOAO004:4:004MF250720:I:34,1,1,1,1,1,0,0,20250720,20251223
GNE:GOAO004:4:004MF250720:I:35,1,1,1,1,1,0,0,20250720,20251223
GNE:GOAO004:4:004MF250720:I:36,1,1,1,1,1,0,0,20250720,20251223
GNE:GOAO004:4:004MF250720:I:37,1,1,1,1,1,0,0,20250720,20251223
GNE:GOAO004:4:004MF250720:I:38,1,1,1,1,1,0,0,20250720,20251223
GNE:GOAO004:4:004MF250720:I:39,1,1,1,1,1,0,0,20250720,20251223
GNE:GOAO004:4:004MF250720:I:40,1,1,1,1,1,0,0,20250720,20251223
GNE:GOAO004:4:004MF250720:I:41,1,1,1,1,1,0,0,20250720,20251223
GNE:GOAO004:4:004MF250720:I:42,1,1,1,1,1,0,0,20250720,20251223
GNE:GOAO004:4:004MF250720:I:43,1,1,1,1,1,0,0,20250720,20251223
GNE:GOAO004:4:004MF250720:I:44,1,1,1,1,1,0,0,20250720,20251223
GNE:GOAO004:4:004MF250720:I:45,1,1,1,1,1,0,0,20250720,20251223
GNE:GOAO004:4:004MF250720:I:46,1,1,1,1,1,0,0,20250720,20251223
GNE:GOAO004:4:004MF250720:I:47,1,1,1,1,1,0,0,20250720,20251223
GNE:GOAO004:4:004MF250720:I:48,1,1,1,1,1,0,0,20250720,20251223
GNE:GOAO004:4:004MF250720:I:49,1,1,1,1,1,0,0,20250720,20251223
GNE:GOAO004:4:004MF250720:I:50,1,1,1,1,1,0,0,20250720,20251223
GNE:GOAO004:4:004MF250720:I:51,1,1,1,1,1,0,0,20250720,20251223
GNE:GOAO004:4:004MF250720:I:52,1,1,1,1,1,0,0,20250720,20251223
GNE:GOAO004:4:004MF250720:I:53,1,1,1,1,1,0,0,20250720,20251223
GNE:GOAO004:4:004MF250720:I:54,1,1,1,1,1,0,0,20250720,20251223
GNE:GOAO004:4:004MF250720:I:55,1,1,1,1,1,0,0,20250720,20251223
GNE:GOAO004:4:004MF250720:I:56,1,1,1,1,1,0,0,20250720,20251223
GNE:GOAO004:4:004MF250720:I:57,1,1,1,1,1,0,0,20250720,20251223
GNE:GOAO004:4:004MF250720:I:58,1,1,1,1,1,0,0,20250720,20251223
GNE:GOAO004:4:004MF250720:I:59,1,1,1,1,1,0,0,20250720,20251223
GNE:GOAO004:4:004MF250720:I:60,1,1,1,1,1,0,0,20250720,20251223
GNE:GOAO004:4:004MF250720:I:61,1,1,1,1,1,0,0,20250720,20251223
GNE:GOAO004:4:004MF250720:I:62,1,1,1,1,1,0,0,20250720,20251223
GNE:GOAO004:4:004MF250720:I:63,1,1,1,1,1,0,0,20250720,20251223
GNE:GOAO004:4:004MF250720:I:64,1,1,1,1,1,0,0,20250720,20251223
GNE:GOAO004:4:004MF250720:I:65,1,1,1,1,1,0,0,20250720,20251223
GNE:GOAO004:4:004SA250720:O:1,0,0,0,0,0,1,0,20250720,20251223
GNE:GOAO004:4:004SA250720:O:2,0,0,0,0,0,1,0,20250720,20251223
GNE:GOAO004:4:004SA250720:O:3,0,0,0,0,0,1,0,20250720,20251223
GNE:GOAO004:4:004SA250720:O:4,0,0,0,0,0,1,0,20250720,20251223
GNE:GOAO004:4:004SA250720:O:5,0,0,0,0,0,1,0,20250720,20251223
GNE:GOAO004:4:004SA250720:O:6,0,0,0,0,0,1,0,20250720,20251223
GNE:GOAO004:4:004SA250720:O:7,0,0,0,0,0,1,0,20250720,20251223
GNE:GOAO004:4:004SA250720:O:8,0,0,0,0,0,1,0,20250720,20251223
GNE:GOAO004:4:004SA250720:O:9,0,0,0,0,0,1,0,20250720,20251223
GNE:GOAO004:4:004SA250720:O:10,0,0,0,0,0,1,0,20250720,20251223
GNE:GOAO004:4:004SA250720:O:11,0,0,0,0,0,1,0,20250720,20251223
GNE:GOAO004:4:004SA250720:O:12,0,0,0,0,0,1,0,20250720,20251223
GNE:GOAO004:4:004SA250720:O:13,0,0,0,0,0,1,0,20250720,20251223
GNE:GOAO004:4:004SA250720:O:14,0,0,0,0,0,1,0,20250720,20251223
GNE:GOAO004:4:004SA250720:O:15,0,0,0,0,0,1,0,20250720,20251223
GNE:GOAO004:4:004SA250720:O:16,0,0,0,0,0,1,0,20250720,20251223
GNE:GOAO004:4:004SA250720:O:17,0,0,0,0,0,1,0,20250720,20251223
GNE:GOAO004:4:004SA250720:O:18,0,0,0,0,0,1,0,20250720,20251223
GNE:GOAO004:4:004SA250720:O:19,0,0,0,0,0,1,0,20250720,20251223
GNE:GOAO004:4:004SA250720:O:20,0,0,0,0,0,1,0,20250720,20251223
GNE:GOAO004:4:004SA250720:O:21,0,0,0,0,0,1,0,20250720,20251223
GNE:GOAO004:4:004SA250720:O:22,0,0,0,0,0,1,0,20250720,20251223
GNE:GOAO004:4:004SA250720:O:23,0,0,0,0,0,1,0,20250720,20251223
GNE:GOAO004:4:004SA250720:O:24,0,0,0,0,0,1,0,20250720,20251223
GNE:GOAO004:4:004SA250720:O:25,0,0,0,0,0,1,0,20250720,20251223
GNE:GOAO004:4:004SA250720:O:26,0,0,0,0,0,1,0,20250720,20251223
GNE:GOAO004:4:004SA250720:O:27,0,0,0,0,0,1,0,20250720,20251223
GNE:GOAO004:4:004SA250720:O:28,0,0,0,0,0,1,0,20250720,20251223
GNE:GOAO004:4:004SA250720:O:29,0,0,0,0,0,1,0,20250720,20251223
GNE:GOAO004:4:004SA250720:O:30,0,0,0,0,0,1,0,20250720,20251223
GNE:GOAO004:4:004SA250720:O:31,0,0,0,0,0,1,0,20250720,20251223
GNE:GOAO004:4:004SA250720:O:32,0,0,0,0,0,1,0,20250720,20251223
GNE:GOAO004:4:004SA250720:O:33,0,0,0,0,0,1,0,20250720,20251223
GNE:GOAO004:4:004SA250720:O:34,0,0,0,0,0,1,0,20250720,20251223
GNE:GOAO004:4:004SA250720:O:35,0,0,0,0,0,1,0,20250720,20251223
GNE:GOAO004:4:004SA250720:O:36,0,0,0,0,0,1,0,20250720,20251223
GNE:GOAO004:4:004SA250720:O:37,0,0,0,0,0,1,0,20250720,20251223
GNE:GOAO004:4:004SA250720:O:38,0,0,0,0,0,1,0,20250720,20251223
GNE:GOAO004:4:004SA250720:O:39,0,0,0,0,0,1,0,20250720,20251223
GNE:GOAO004:4:004SA250720:O:40,0,0,0,0,0,1,0,20250720,20251223
GNE:GOAO004:4:004SA250720:O:41,0,0,0,0,0,1,0,20250720,20251223
GNE:GOAO004:4:004SA250720:O:42,0,0,0,0,0,1,0,20250720,20251223
GNE:GOAO004:4:004SA250720:O:43,0,0,0,0,0,1,0,20250720,20251223
GNE:GOAO004:4:004SA250720:O:44,0,0,0,0,0,1,0,20250720,20251223
GNE:GOAO004:4:004SA250720:O:45,0,0,0,0,0,1,0,20250720,20251223
GNE:GOAO004:4:004SA250720:O:46,0,0,0,0,0,1,0,20250720,20251223
GNE:GOAO004:4:004SA250720:O:47,0,0,0,0,0,1,0,20250720,20251223
GNE:GOAO004:4:004SA250720:O:48,0,0,0,0,0,1,0,20250720,20251223
GNE:GOAO004:4:004SA250720:O:49,0,0,0,0,0,1,0,20250720,20251223
GNE:GOAO004:4:004SA250720:O:50,0,0,0,0,0,1,0,20250720,20251223
GNE:GOAO004:4:004SA250720:O:51,0,0,0,0,0,1,0,20250720,20251223
GNE:GOAO004:4:004SA250720:O:52,0,0,0,0,0,1,0,20250720,20251223
GNE:GOAO004:4:004SA250720:O:53,0,0,0,0,0,1,0,20250720,20251223
GNE:GOAO004:4:004SA250720:O:54,0,0,0,0,0,1,0,20250720,20251223
GNE:GOAO004:4:004SA250720:O:55,0,0,0,0,0,1,0,20250720,20251223
GNE:GOAO004:4:004SA250720:O:56,0,0,0,0,0,1,0,20250720,20251223
GNE:GOAO004:4:004SA250720:O:57,0,0,0,0,0,1,0,20250720,20251223
GNE:GOAO004:4:004SA250720:O:58,0,0,0,0,0,1,0,20250720,20251223
GNE:GOAO004:4:004SA250720:O:59,0,0,0,0,0,1,0,20250720,20251223
GNE:GOAO004:4:004SA250720:O:60,0,0,0,0,0,1,0,20250720,20251223
GNE:GOAO004:4:004SA250720:O:61,0,0,0,0,0,1,0,20250720,20251223
GNE:GOAO004:4:004SA250720:I:1,0,0,0,0,0,1,0,20250720,20251223
GNE:GOAO004:4:004SA250720:I:2,0,0,0,0,0,1,0,20250720,20251223
GNE:GOAO004:4:004SA250720:I:3,0,0,0,0,0,1,0,20250720,20251223
GNE:GOAO004:4:004SA250720:I:4,0,0,0,0,0,1,0,20250720,20251223
GNE:GOAO004:4:004SA250720:I:5,0,0,0,0,0,1,0,20250720,20251223
GNE:GOAO004:4:004SA250720:I:6,0,0,0,0,0,1,0,20250720,20251223
GNE:GOAO004:4:004SA250720:I:7,0,0,0,0,0,1,0,20250720,20251223
GNE:GOAO004:4:004SA250720:I:8,0,0,0,0,0,1,0,20250720,20251223
GNE:GOAO004:4:004SA250720:I:9,0,0,0,0,0,1,0,20250720,20251223
GNE:GOAO004:4:004SA250720:I:10,0,0,0,0,0,1,0,20250720,20251223
GNE:GOAO004:4:004SA250720:I:11,0,0,0,0,0,1,0,20250720,20251223
GNE:GOAO004:4:004SA250720:I:12,0,0,0,0,0,1,0,20250720,20251223
GNE:GOAO004:4:004SA250720:I:13,0,0,0,0,0,1,0,20250720,20251223
GNE:GOAO004:4:004SA250720:I:14,0,0,0,0,0,1,0,20250720,20251223
GNE:GOAO004:4:004SA250720:I:15,0,0,0,0,0,1,0,20250720,20251223
GNE:GOAO004:4:004SA250720:I:16,0,0,0,0,0,1,0,20250720,20251223
GNE:GOAO004:4:004SA250720:I:17,0,0,0,0,0,1,0,20250720,20251223
GNE:GOAO004:4:004SA250720:I:18,0,0,0,0,0,1,0,20250720,20251223
GNE:GOAO004:4:004SA250720:I:19,0,0,0,0,0,1,0,20250720,20251223
GNE:GOAO004:4:004SA250720:I:20,0,0,0,0,0,1,0,20250720,20251223
GNE:GOAO004:4:004SA250720:I:21,0,0,0,0,0,1,0,20250720,20251223
GNE:GOAO004:4:004SA250720:I:22,0,0,0,0,0,1,0,20250720,20251223
GNE:GOAO004:4:004SA250720:I:23,0,0,0,0,0,1,0,20250720,20251223
GNE:GOAO004:4:004SA250720:I:24,0,0,0,0,0,1,0,20250720,20251223
GNE:GOAO004:4:004SA250720:I:25,0,0,0,0,0,1,0,20250720,20251223
GNE:GOAO004:4:004SA250720:I:26,0,0,0,0,0,1,0,20250720,20251223
GNE:GOAO004:4:004SA250720:I:27,0,0,0,0,0,1,0,20250720,20251223
GNE:GOAO004:4:004SA250720:I:28,0,0,0,0,0,1,0,20250720,20251223
GNE:GOAO004:4:004SA250720:I:29,0,0,0,0,0,1,0,20250720,20251223
GNE:GOAO004:4:004SA250720:I:30,0,0,0,0,0,1,0,20250720,20251223
GNE:GOAO004:4:004SA250720:I:31,0,0,0,0,0,1,0,20250720,20251223
GNE:GOAO004:4:004SA250720:I:32,0,0,0,0,0,1,0,20250720,20251223
GNE:GOAO004:4:004SA250720:I:33,0,0,0,0,0,1,0,20250720,20251223
GNE:GOAO004:4:004SA250720:I:34,0,0,0,0,0,1,0,20250720,20251223
GNE:GOAO004:4:004SA250720:I:35,0,0,0,0,0,1,0,20250720,20251223
GNE:GOAO004:4:004SA250720:I:36,0,0,0,0,0,1,0,20250720,20251223
GNE:GOAO004:4:004SA250720:I:37,0,0,0,0,0,1,0,20250720,20251223
GNE:GOAO004:4:004SA250720:I:38,0,0,0,0,0,1,0,20250720,20251223
GNE:GOAO004:4:004SA250720:I:39,0,0,0,0,0,1,0,20250720,20251223
GNE:GOAO004:4:004SA250720:I:40,0,0,0,0,0,1,0,20250720,20251223
GNE:GOAO004:4:004SA250720:I:41,0,0,0,0,0,1,0,20250720,20251223
GNE:GOAO004:4:004SA250720:I:42,0,0,0,0,0,1,0,20250720,20251223
GNE:GOAO004:4:004SA250720:I:43,0,0,0,0,0,1,0,20250720,20251223
GNE:GOAO004:4:004SA250720:I:44,0,0,0,0,0,1,0,20250720,20251223
GNE:GOAO004:4:004SA250720:I:45,0,0,0,0,0,1,0,20250720,20251223
GNE:GOAO004:4:004SA250720:I:46,0,0,0,0,0,1,0,20250720,20251223
GNE:GOAO004:4:004SA250720:I:47,0,0,0,0,0,1,0,20250720,20251223
GNE:GOAO004:4:004SA250720:I:48,0,0,0,0,0,1,0,20250720,20251223
GNE:GOAO004:4:004SA250720:I:49,0,0,0,0,0,1,0,20250720,20251223
GNE:GOAO004:4:004SA250720:I:50,0,0,0,0,0,1,0,20250720,20251223
GNE:GOAO004:4:004SA250720:I:51,0,0,0,0,0,1,0,20250720,20251223
GNE:GOAO004:4:004SA250720:I:52,0,0,0,0,0,1,0,20250720,20251223
GNE:GOAO004:4:004SA250720:I:53,0,0,0,0,0,1,0,20250720,20251223
GNE:GOAO004:4:004SA250720:I:54,0,0,0,0,0,1,0,20250720,20251223
GNE:GOAO004:4:004SA250720:I:55,0,0,0,0,0,1,0,20250720,20251223
GNE:GOAO004:4:004SA250720:I:56,0,0,0,0,0,1,0,20250720,20251223
GNE:GOAO004:4:004SA250720:I:57,0,0,0,0,0,1,0,20250720,20251223
GNE:GOAO004:4:004SA250720:I:58,0,0,0,0,0,1,0,20250720,20251223
GNE:GOAO004:4:004SA250720:I:59,0,0,0,0,0,1,0,20250720,20251223
GNE:GOAO004:4:004SA250720:I:60,0,0,0,0,0,1,0,20250720,20251223
GNE:GOAO004:4:004SA250720:I:61,0,0,0,0,0,1,0,20250720,20251223
GNE:GOAO004:4:004SA250720:I:62,0,0,0,0,0,1,0,20250720,20251223
GNE:GOAO004:4:004SA250720:I:63,0,0,0,0,0,1,0,20250720,20251223
GNE:GOAO004:4:004SU250720:O:1,0,0,0,0,0,0,1,20250720,20251223
GNE:GOAO004:4:004SU250720:O:2,0,0,0,0,0,0,1,20250720,20251223
GNE:GOAO004:4:004SU250720:O:3,0,0,0,0,0,0,1,20250720,20251223
GNE:GOAO004:4:004SU250720:O:4,0,0,0,0,0,0,1,20250720,20251223
GNE:GOAO004:4:004SU250720:O:5,0,0,0,0,0,0,1,20250720,20251223
GNE:GOAO004:4:004SU250720:O:6,0,0,0,0,0,0,1,20250720,20251223
GNE:GOAO004:4:004SU250720:O:7,0,0,0,0,0,0,1,20250720,20251223
GNE:GOAO004:4:004SU250720:O:8,0,0,0,0,0,0,1,20250720,20251223
GNE:GOAO004:4:004SU250720:O:9,0,0,0,0,0,0,1,20250720,20251223
GNE:GOAO004:4:004SU250720:O:10,0,0,0,0,0,0,1,20250720,20251223
GNE:GOAO004:4:004SU250720:O:11,0,0,0,0,0,0,1,20250720,20251223
GNE:GOAO004:4:004SU250720:O:12,0,0,0,0,0,0,1,20250720,20251223
GNE:GOAO004:4:004SU250720:O:13,0,0,0,0,0,0,1,20250720,20251223
GNE:GOAO004:4:004SU250720:O:14,0,0,0,0,0,0,1,20250720,20251223
GNE:GOAO004:4:004SU250720:O:15,0,0,0,0,0,0,1,20250720,20251223
GNE:GOAO004:4:004SU250720:O:16,0,0,0,0,0,0,1,20250720,20251223
GNE:GOAO004:4:004SU250720:O:17,0,0,0,0,0,0,1,20250720,20251223
GNE:GOAO004:4:004SU250720:O:18,0,0,0,0,0,0,1,20250720,20251223
GNE:GOAO004:4:004SU250720:O:19,0,0,0,0,0,0,1,20250720,20251223
GNE:GOAO004:4:004SU250720:O:20,0,0,0,0,0,0,1,20250720,20251223
GNE:GOAO004:4:004SU250720:O:21,0,0,0,0,0,0,1,20250720,20251223
GNE:GOAO004:4:004SU250720:O:22,0,0,0,0,0,0,1,20250720,20251223
GNE:GOAO004:4:004SU250720:O:23,0,0,0,0,0,0,1,20250720,20251223
GNE:GOAO004:4:004SU250720:O:24,0,0,0,0,0,0,1,20250720,20251223
GNE:GOAO004:4:004SU250720:O:25,0,0,0,0,0,0,1,20250720,20251223
GNE:GOAO004:4:004SU250720:O:26,0,0,0,0,0,0,1,20250720,20251223
GNE:GOAO004:4:004SU250720:O:27,0,0,0,0,0,0,1,20250720,20251223
GNE:GOAO004:4:004SU250720:O:28,0,0,0,0,0,0,1,20250720,20251223
GNE:GOAO004:4:004SU250720:O:29,0,0,0,0,0,0,1,20250720,20251223
GNE:GOAO004:4:004SU250720:O:30,0,0,0,0,0,0,1,20250720,20251223
GNE:GOAO004:4:004SU250720:O:31,0,0,0,0,0,0,1,20250720,20251223
GNE:GOAO004:4:004SU250720:O:32,0,0,0,0,0,0,1,20250720,20251223
GNE:GOAO004:4:004SU250720:O:33,0,0,0,0,0,0,1,20250720,20251223
GNE:GOAO004:4:004SU250720:O:34,0,0,0,0,0,0,1,20250720,20251223
GNE:GOAO004:4:004SU250720:O:35,0,0,0,0,0,0,1,20250720,20251223
GNE:GOAO004:4:004SU250720:O:36,0,0,0,0,0,0,1,20250720,20251223
GNE:GOAO004:4:004SU250720:I:1,0,0,0,0,0,0,1,20250720,20251223
GNE:GOAO004:4:004SU250720:I:2,0,0,0,0,0,0,1,20250720,20251223
GNE:GOAO004:4:004SU250720:I:3,0,0,0,0,0,0,1,20250720,20251223
GNE:GOAO004:4:004SU250720:I:4,0,0,0,0,0,0,1,20250720,20251223
GNE:GOAO004:4:004SU250720:I:5,0,0,0,0,0,0,1,20250720,20251223
GNE:GOAO004:4:004SU250720:I:6,0,0,0,0,0,0,1,20250720,20251223
GNE:GOAO004:4:004SU250720:I:7,0,0,0,0,0,0,1,20250720,20251223
GNE:GOAO004:4:004SU250720:I:8,0,0,0,0,0,0,1,20250720,20251223
GNE:GOAO004:4:004SU250720:I:9,0,0,0,0,0,0,1,20250720,20251223
GNE:GOAO004:4:004SU250720:I:10,0,0,0,0,0,0,1,20250720,20251223
GNE:GOAO004:4:004SU250720:I:11,0,0,0,0,0,0,1,20250720,20251223
GNE:GOAO004:4:004SU250720:I:12,0,0,0,0,0,0,1,20250720,20251223
GNE:GOAO004:4:004SU250720:I:13,0,0,0,0,0,0,1,20250720,20251223
GNE:GOAO004:4:004SU250720:I:14,0,0,0,0,0,0,1,20250720,20251223
GNE:GOAO004:4:004SU250720:I:15,0,0,0,0,0,0,1,20250720,20251223
GNE:GOAO004:4:004SU250720:I:16,0,0,0,0,0,0,1,20250720,20251223
GNE:GOAO004:4:004SU250720:I:17,0,0,0,0,0,0,1,20250720,20251223
GNE:GOAO004:4:004SU250720:I:18,0,0,0,0,0,0,1,20250720,20251223
GNE:GOAO004:4:004SU250720:I:19,0,0,0,0,0,0,1,20250720,20251223
GNE:GOAO004:4:004SU250720:I:20,0,0,0,0,0,0,1,20250720,20251223
GNE:GOAO004:4:004SU250720:I:21,0,0,0,0,0,0,1,20250720,20251223
GNE:GOAO004:4:004SU250720:I:22,0,0,0,0,0,0,1,20250720,20251223
GNE:GOAO004:4:004SU250720:I:23,0,0,0,0,0,0,1,20250720,20251223
GNE:GOAO004:4:004SU250720:I:24,0,0,0,0,0,0,1,20250720,20251223
GNE:GOAO004:4:004SU250720:I:25,0,0,0,0,0,0,1,20250720,20251223
GNE:GOAO004:4:004SU250720:I:26,0,0,0,0,0,0,1,20250720,20251223
GNE:GOAO004:4:004SU250720:I:27,0,0,0,0,0,0,1,20250720,20251223
GNE:GOAO004:4:004SU250720:I:28,0,0,0,0,0,0,1,20250720,20251223
GNE:GOAO004:4:004SU250720:I:29,0,0,0,0,0,0,1,20250720,20251223
GNE:GOAO004:4:004SU250720:I:30,0,0,0,0,0,0,1,20250720,20251223
GNE:GOAO004:4:004SU250720:I:31,0,0,0,0,0,0,1,20250720,20251223
GNE:GOAO004:4:004SU250720:I:32,0,0,0,0,0,0,1,20250720,20251223
GNE:GOAO004:4:004SU250720:I:33,0,0,0,0,0,0,1,20250720,20251223
GNE:GOAO004:4:004SU250720:I:34,0,0,0,0,0,0,1,20250720,20251223
GNE:GOAO004:4:004SU250720:I:35,0,0,0,0,0,0,1,20250720,20251223
GNE:GOAO004:4:004SU250720:I:36,0,0,0,0,0,0,1,20250720,20251223
GNE:GOAO004:4:004SU250720:I:37,0,0,0,0,0,0,1,20250720,20251223
GNE:GOAO004:4:004SU250720:I:38,0,0,0,0,0,0,1,20250720,20251223
GNE:GOAO006:6:006MF250720:O:1,1,1,1,1,1,0,0,20250720,20251223
GNE:GOAO006:6:006MF250720:O:2,1,1,1,1,1,0,0,20250720,20251223
GNE:GOAO006:6:006MF250720:O:3,1,1,1,1,1,0,0,20250720,20251223
GNE:GOAO006:6:006MF250720:O:4,1,1,1,1,1,0,0,20250720,20251223
GNE:GOAO006:6:006MF250720:O:5,1,1,1,1,1,0,0,20250720,20251223
GNE:GOAO006:6:006MF250720:O:6,1,1,1,1,1,0,0,20250720,20251223
GNE:GOAO006:6:006MF250720:O:7,1,1,1,1,1,0,0,20250720,20251223
GNE:GOAO006:6:006MF250720:O:8,1,1,1,1,1,0,0,20250720,20251223
GNE:GOAO006:6:006MF250720:O:9,1,1,1,1,1,0,0,20250720,20251223
GNE:GOAO006:6:006MF250720:O:10,1,1,1,1,1,0,0,20250720,20251223
GNE:GOAO006:6:006MF250720:O:11,1,1,1,1,1,0,0,20250720,20251223
GNE:GOAO006:6:006MF250720:O:12,1,1,1,1,1,0,0,20250720,20251223
GNE:GOAO006:6:006MF250720:O:13,1,1,1,1,1,0,0,20250720,20251223
GNE:GOAO006:6:006MF250720:O:14,1,1,1,1,1,0,0,20250720,20251223
GNE:GOAO006:6:006MF250720:O:15,1,1,1,1,1,0,0,20250720,20251223
GNE:GOAO006:6:006MF250720:O:16,1,1,1,1,1,0,0,20250720,20251223
GNE:GOAO006:6:006MF250720:O:17,1,1,1,1,1,0,0,20250720,20251223
GNE:GOAO006:6:006MF250720:O:18,1,1,1,1,1,0,0,20250720,20251223
GNE:GOAO006:6:006MF250720:O:19,1,1,1,1,1,0,0,20250720,20251223
GNE:GOAO006:6:006MF250720:O:20,1,1,1,1,1,0,0,20250720,20251223
GNE:GOAO006:6:006MF250720:O:21,1,1,1,1,1,0,0,20250720,20251223
GNE:GOAO006:6:006MF250720:O:22,1,1,1,1,1,0,0,20250720,20251223
GNE:GOAO006:6:006MF250720:O:23,1,1,1,1,1,0,0,20250720,20251223
GNE:GOAO006:6:006MF250720:O:24,1,1,1,1,1,0,0,20250720,20251223
GNE:GOAO006:6:006MF250720:O:25,1,1,1,1,1,0,0,20250720,20251223
GNE:GOAO006:6:006MF250720:O:26,1,1,1,1,1,0,0,20250720,20251223
GNE:GOAO006:6:006MF250720:O:27,1,1,1,1,1,0,0,20250720,20251223
GNE:GOAO006:6:006MF250720:O:28,1,1,1,1,1,0,0,20250720,20251223
GNE:GOAO006:6:006MF250720:O:29,1,1,1,1,1,0,0,20250720,20251223
GNE:GOAO006:6:006MF250720:O:30,1,1,1,1,1,0,0,20250720,20251223
GNE:GOAO006:6:006MF250720:O:31,1,1,1,1,1,0,0,20250720,20251223
GNE:GOAO006:6:006MF250720:O:32,1,1,1,1,1,0,0,20250720,20251223
GNE:GOAO006:6:006MF250720:I:1,1,1,1,1,1,0,0,20250720,20251223
GNE:GOAO006:6:006MF250720:I:2,1,1,1,1,1,0,0,20250720,20251223
GNE:GOAO006:6:006MF250720:I:3,1,1,1,1,1,0,0,20250720,20251223
GNE:GOAO006:6:006MF250720:I:4,1,1,1,1,1,0,0,20250720,20251223
GNE:GOAO006:6:006MF250720:I:5,1,1,1,1,1,0,0,20250720,20251223
GNE:GOAO006:6:006MF250720:I:6,1,1,1,1,1,0,0,20250720,20251223
GNE:GOAO006:6:006MF250720:I:7,1,1,1,1,1,0,0,20250720,20251223
GNE:GOAO006:6:006MF250720:I:8,1,1,1,1,1,0,0,20250720,20251223
GNE:GOAO006:6:006MF250720:I:9,1,1,1,1,1,0,0,20250720,20251223
GNE:GOAO006:6:006MF250720:I:10,1,1,1,1,1,0,0,20250720,20251223
GNE:GOAO006:6:006MF250720:I:11,1,1,1,1,1,0,0,20250720,20251223
GNE:GOAO006:6:006MF250720:I:12,1,1,1,1,1,0,0,20250720,20251223
GNE:GOAO006:6:006MF250720:I:13,1,1,1,1,1,0,0,20250720,20251223
GNE:GOAO006:6:006MF250720:I:14,1,1,1,1,1,0,0,20250720,20251223
GNE:GOAO006:6:006MF250720:I:15,1,1,1,1,1,0,0,20250720,20251223
GNE:GOAO006:6:006MF250720:I:16,1,1,1,1,1,0,0,20250720,20251223
GNE:GOAO006:6:006MF250720:I:17,1,1,1,1,1,0,0,20250720,20251223
GNE:GOAO006:6:006MF250720:I:18,1,1,1,1,1,0,0,20250720,20251223
GNE:GOAO006:6:006MF250720:I:19,1,1,1,1,1,0,0,20250720,20251223
GNE:GOAO006:6:006MF250720:I:20,1,1,1,1,1,0,0,20250720,20251223
GNE:GOAO006:6:006MF250720:I:21,1,1,1,1,1,0,0,20250720,20251223
GNE:GOAO006:6:006MF250720:I:22,1,1,1,1,1,0,0,20250720,20251223
GNE:GOAO006:6:006MF250720:I:23,1,1,1,1,1,0,0,20250720,20251223
GNE:GOAO006:6:006MF250720:I:24,1,1,1,1,1,0,0,20250720,20251223
GNE:GOAO006:6:006MF250720:I:25,1,1,1,1,1,0,0,20250720,20251223
GNE:GOAO006:6:006MF250720:I:26,1,1,1,1,1,0,0,20250720,20251223
GNE:GOAO006:6:006MF250720:I:27,1,1,1,1,1,0,0,20250720,20251223
GNE:GOAO006:6:006MF250720:I:28,1,1,1,1,1,0,0,20250720,20251223
GNE:GOAO006:6:006MF250720:I:29,1,1,1,1,1,0,0,20250720,20251223
GNE:GOAO006:6:006SA250720:O:1,0,0,0,0,0,1,0,20250720,20251223
GNE:GOAO006:6:006SA250720:O:2,0,0,0,0,0,1,0,20250720,20251223
GNE:GOAO006:6:006SA250720:O:3,0,0,0,0,0,1,0,20250720,20251223
GNE:GOAO006:6:006SA250720:O:4,0,0,0,0,0,1,0,20250720,20251223
GNE:GOAO006:6:006SA250720:O:5,0,0,0,0,0,1,0,20250720,20251223
GNE:GOAO006:6:006SA250720:O:6,0,0,0,0,0,1,0,20250720,20251223
GNE:GOAO006:6:006SA250720:O:7,0,0,0,0,0,1,0,20250720,20251223
GNE:GOAO006:6:006SA250720:O:8,0,0,0,0,0,1,0,20250720,20251223
GNE:GOAO006:6:006SA250720:O:9,0,0,0,0,0,1,0,20250720,20251223
GNE:GOAO006:6:006SA250720:O:10,0,0,0,0,0,1,0,20250720,20251223
GNE:GOAO006:6:006SA250720:O:11,0,0,0,0,0,1,0,20250720,20251223
GNE:GOAO006:6:006SA250720:O:12,0,0,0,0,0,1,0,20250720,20251223
GNE:GOAO006:6:006SA250720:O:13,0,0,0,0,0,1,0,20250720,20251223
GNE:GOAO006:6:006SA250720:O:14,0,0,0,0,0,1,0,20250720,20251223
GNE:GOAO006:6:006SA250720:O:15,0,0,0,0,0,1,0,20250720,20251223
GNE:GOAO006:6:006SA250720:O:16,0,0,0,0,0,1,0,20250720,20251223
GNE:GOAO006:6:006SA250720:O:17,0,0,0,0,0,1,0,20250720,20251223
GNE:GOAO006:6:006SA250720:O:18,0,0,0,0,0,1,0,20250720,20251223
GNE:GOAO006:6:006SA250720:O:19,0,0,0,0,0,1,0,20250720,20251223
GNE:GOAO006:6:006SA250720:O:20,0,0,0,0,0,1,0,20250720,20251223
GNE:GOAO006:6:006SA250720:O:21,0,0,0,0,0,1,0,20250720,20251223
GNE:GOAO006:6:006SA250720:O:22,0,0,0,0,0,1,0,20250720,20251223
GNE:GOAO006:6:006SA250720:O:23,0,0,0,0,0,1,0,20250720,20251223
GNE:GOAO006:6:006SA250720:O:24,0,0,0,0,0,1,0,20250720,20251223
GNE:GOAO006:6:006SA250720:O:25,0,0,0,0,0,1,0,20250720,20251223
GNE:GOAO006:6:006SA250720:O:26,0,0,0,0,0,1,0,20250720,20251223
GNE:GOAO006:6:006SA250720:O:27,0,0,0,0,0,1,0,20250720,20251223
GNE:GOAO006:6:006SA250720:O:28,0,0,0,0,0,1,0,20250720,20251223
GNE:GOAO006:6:006SA250720:O:29,0,0,0,0,0,1,0,20250720,20251223
GNE:GOAO006:6:006SA250720:I:1,0,0,0,0,0,1,0,20250720,20251223
GNE:GOAO006:6:006SA250720:I:2,0,0,0,0,0,1,0,20250720,20251223
GNE:GOAO006:6:006SA250720:I:3,0,0,0,0,0,1,0,20250720,20251223
GNE:GOAO006:6:006SA250720:I:4,0,0,0,0,0,1,0,20250720,20251223
GNE:GOAO006:6:006SA250720:I:5,0,0,0,0,0,1,0,20250720,20251223
GNE:GOAO006:6:006SA250720:I:6,0,0,0,0,0,1,0,20250720,20251223
GNE:GOAO006:6:006SA250720:I:7,0,0,0,0,0,1,0,20250720,20251223
GNE:GOAO006:6:006SA250720:I:8,0,0,0,0,0,1,0,20250720,20251223
GNE:GOAO006:6:006SA250720:I:9,0,0,0,0,0,1,0,20250720,20251223
GNE:GOAO006:6:006SA250720:I:10,0,0,0,0,0,1,0,20250720,20251223
GNE:GOAO006:6:006SA250720:I:11,0,0,0,0,0,1,0,20250720,20251223
GNE:GOAO006:6:006SA250720:I:12,0,0,0,0,0,1,0,20250720,20251223
GNE:GOAO006:6:006SA250720:I:13,0,0,0,0,0,1,0,20250720,20251223
GNE:GOAO006:6:006SA250720:I:14,0,0,0,0,0,1,0,20250720,20251223
GNE:GOAO006:6:006SA250720:I:15,0,0,0,0,0,1,0,20250720,20251223
GNE:GOAO006:6:006SA250720:I:16,0,0,0,0,0,1,0,20250720,20251223
GNE:GOAO006:6:006SA250720:I:17,0,0,0,0,0,1,0,20250720,20251223
GNE:GOAO006:6:006SA250720:I:18,0,0,0,0,0,1,0,20250720,20251223
GNE:GOAO006:6:006SA250720:I:19,0,0,0,0,0,1,0,20250720,20251223
GNE:GOAO006:6:006SA250720:I:20,0,0,0,0,0,1,0,20250720,20251223
GNE:GOAO006:6:006SA250720:I:21,0,0,0,0,0,1,0,20250720,20251223
GNE:GOAO006:6:006SA250720:I:22,0,0,0,0,0,1,0,20250720,20251223
GNE:GOAO006:6:006SA250720:I:23,0,0,0,0,0,1,0,20250720,20251223
GNE:GOAO006:6:006SA250720:I:24,0,0,0,0,0,1,0,20250720,20251223
GNE:GOAO006:6:006SA250720:I:25,0,0,0,0,0,1,0,20250720,20251223
GNE:GOAO006:6:006SA250720:I:26,0,0,0,0,0,1,0,20250720,20251223
GNE:GOAO006:6:006SA250720:I:27,0,0,0,0,0,1,0,20250720,20251223
GNE:GOAO006:6:006SA250720:I:28,0,0,0,0,0,1,0,20250720,20251223
GNE:GOAO006:6:006SA250720:I:29,0,0,0,0,0,1,0,20250720,20251223
GNE:GOAO006:6:006SU250720:O:1,0,0,0,0,0,0,1,20250720,20251223
GNE:GOAO006:6:006SU250720:O:2,0,0,0,0,0,0,1,20250720,20251223
GNE:GOAO006:6:006SU250720:O:3,0,0,0,0,0,0,1,20250720,20251223
GNE:GOAO006:6:006SU250720:O:4,0,0,0,0,0,0,1,20250720,20251223
GNE:GOAO006:6:006SU250720:O:5,0,0,0,0,0,0,1,20250720,20251223
GNE:GOAO006:6:006SU250720:O:6,0,0,0,0,0,0,1,20250720,20251223
GNE:GOAO006:6:006SU250720:O:7,0,0,0,0,0,0,1,20250720,20251223
GNE:GOAO006:6:006SU250720:O:8,0,0,0,0,0,0,1,20250720,20251223
GNE:GOAO006:6:006SU250720:O:9,0,0,0,0,0,0,1,20250720,20251223
GNE:GOAO006:6:006SU250720:O:10,0,0,0,0,0,0,1,20250720,20251223
GNE:GOAO006:6:006SU250720:O:11,0,0,0,0,0,0,1,20250720,20251223
GNE:GOAO006:6:006SU250720:O:12,0,0,0,0,0,0,1,20250720,20251223
GNE:GOAO006:6:006SU250720:O:13,0,0,0,0,0,0,1,20250720,20251223
GNE:GOAO006:6:006SU250720:O:14,0,0,0,0,0,0,1,20250720,20251223
GNE:GOAO006:6:006SU250720:O:15,0,0,0,0,0,0,1,20250720,20251223
GNE:GOAO006:6:006SU250720:O:16,0,0,0,0,0,0,1,20250720,20251223
GNE:GOAO006:6:006SU250720:O:17,0,0,0,0,0,0,1,20250720,20251223
GNE:GOAO006:6:006SU250720:I:1,0,0,0,0,0,0,1,20250720,20251223
GNE:GOAO006:6:006SU250720:I:2,0,0,0,0,0,0,1,20250720,20251223
GNE:GOAO006:6:006SU250720:I:3,0,0,0,0,0,0,1,20250720,20251223
GNE:GOAO006:6:006SU250720:I:4,0,0,0,0,0,0,1,20250720,20251223
GNE:GOAO006:6:006SU250720:I:5,0,0,0,0,0,0,1,20250720,20251223
GNE:GOAO006:6:006SU250720:I:6,0,0,0,0,0,0,1,20250720,20251223
GNE:GOAO006:6:006SU250720:I:7,0,0,0,0,0,0,1,20250720,20251223
GNE:GOAO006:6:006SU250720:I:8,0,0,0,0,0,0,1,20250720,20251223
GNE:GOAO006:6:006SU250720:I:9,0,0,0,0,0,0,1,20250720,20251223
GNE:GOAO006:6:006SU250720:I:10,0,0,0,0,0,0,1,20250720,20251223
GNE:GOAO006:6:006SU250720:I:11,0,0,0,0,0,0,1,20250720,20251223
GNE:GOAO006:6:006SU250720:I:12,0,0,0,0,0,0,1,20250720,20251223
GNE:GOAO006:6:006SU250720:I:13,0,0,0,0,0,0,1,20250720,20251223
GNE:GOAO006:6:006SU250720:I:14,0,0,0,0,0,0,1,20250720,20251223
GNE:GOAO006:6:006SU250720:I:15,0,0,0,0,0,0,1,20250720,20251223
GNE:GOAO006:6:006SU250720:I:16,0,0,0,0,0,0,1,20250720,20251223
GNE:GOAO008:8:008MF250720:O:1,1,1,1,1,1,0,0,20250720,20251223
GNE:GOAO008:8:008MF250720:O:2,1,1,1,1,1,0,0,20250720,20251223
GNE:GOAO008:8:008MF250720:O:4,1,1,1,1,1,0,0,20250720,20251223
GNE:GOAO008:8:008MF250720:O:5,1,1,1,1,1,0,0,20250720,20251223
GNE:GOAO008:8:008MF250720:O:6,0,0,0,0,0,0,0,20250720,20251223
GNE:GOAO008:8:008MF250720:O:7,1,1,1,1,1,0,0,20250720,20251223
GNE:GOAO008:8:008MF250720:O:8,1,1,1,1,1,0,0,20250720,20251223
GNE:GOAO008:8:008MF250720:O:9,1,1,1,1,1,0,0,20250720,20251223
GNE:GOAO008:8:008MF250720:O:10,1,1,1,1,1,0,0,20250720,20251223
GNE:GOAO008:8:008MF250720:O:11,1,1,1,1,1,0,0,20250720,20251223
GNE:GOAO008:8:008MF250720:O:12,1,1,1,1,1,0,0,20250720,20251223
GNE:GOAO008:8:008MF250720:O:13,1,1,1,1,1,0,0,20250720,20251223
GNE:GOAO008:8:008MF250720:O:14,1,1,1,1,1,0,0,20250720,20251223
GNE:GOAO008:8:008MF250720:O:15,1,1,1,1,1,0,0,20250720,20251223
GNE:GOAO008:8:008MF250720:O:16,1,1,1,1,1,0,0,20250720,20251223
GNE:GOAO008:8:008MF250720:O:17,1,1,1,1,1,0,0,20250720,20251223
GNE:GOAO008:8:008MF250720:O:18,0,0,0,0,0,0,0,20250720,20251223
GNE:GOAO008:8:008MF250720:O:19,1,1,1,1,1,0,0,20250720,20251223
GNE:GOAO008:8:008MF250720:O:20,1,1,1,1,1,0,0,20250720,20251223
GNE:GOAO008:8:008MF250720:O:21,1,1,1,1,1,0,0,20250720,20251223
GNE:GOAO008:8:008MF250720:O:22,1,1,1,1,1,0,0,20250720,20251223
GNE:GOAO008:8:008MF250720:O:23,1,1,1,1,1,0,0,20250720,20251223
GNE:GOAO008:8:008MF250720:O:24,0,0,0,0,0,0,0,20250720,20251223
GNE:GOAO008:8:008MF250720:O:25,1,1,1,1,1,0,0,20250720,20251223
GNE:GOAO008:8:008MF250720:O:26,1,1,1,1,1,0,0,20250720,20251223
GNE:GOAO008:8:008MF250720:O:27,1,1,1,1,1,0,0,20250720,20251223
GNE:GOAO008:8:008MF250720:O:28,1,1,1,1,1,0,0,20250720,20251223
GNE:GOAO008:8:008MF250720:O:29,1,1,1,1,1,0,0,20250720,20251223
GNE:GOAO008:8:008MF250720:O:30,1,1,1,1,1,0,0,20250720,20251223
GNE:GOAO008:8:008MF250720:O:31,1,1,1,1,1,0,0,20250720,20251223
GNE:GOAO008:8:008MF250720:O:32,1,1,1,1,1,0,0,20250720,20251223
GNE:GOAO008:8:008MF250720:O:33,1,1,1,1,1,0,0,20250720,20251223
GNE:GOAO008:8:008MF250720:O:34,1,1,1,1,1,0,0,20250720,20251223
GNE:GOAO008:8:008MF250720:I:4,1,1,1,1,1,0,0,20250720,20251223
GNE:GOAO008:8:008MF250720:I:5,1,1,1,1,1,0,0,20250720,20251223
GNE:GOAO008:8:008MF250720:I:6,1,1,1,1,1,0,0,20250720,20251223
GNE:GOAO008:8:008MF250720:I:7,1,1,1,1,1,0,0,20250720,20251223
GNE:GOAO008:8:008MF250720:I:8,1,1,1,1,1,0,0,20250720,20251223
GNE:GOAO008:8:008MF250720:I:9,1,1,1,1,1,0,0,20250720,20251223
GNE:GOAO008:8:008MF250720:I:10,1,1,1,1,1,0,0,20250720,20251223
GNE:GOAO008:8:008MF250720:I:11,1,1,1,1,1,0,0,20250720,20251223
GNE:GOAO008:8:008MF250720:I:12,1,1,1,1,1,0,0,20250720,20251223
GNE:GOAO008:8:008MF250720:I:13,1,1,1,1,1,0,0,20250720,20251223
GNE:GOAO008:8:008MF250720:I:14,1,1,1,1,1,0,0,20250720,20251223
GNE:GOAO008:8:008MF250720:I:15,1,1,1,1,1,0,0,20250720,20251223
GNE:GOAO008:8:008MF250720:I:16,1,1,1,1,1,0,0,20250720,20251223
GNE:GOAO008:8:008MF250720:I:17,1,1,1,1,1,0,0,20250720,20251223
GNE:GOAO008:8:008MF250720:I:18,1,1,1,1,1,0,0,20250720,20251223
GNE:GOAO008:8:008MF250720:I:19,0,0,0,0,0,0,0,20250720,20251223
GNE:GOAO008:8:008MF250720:I:20,1,1,1,1,1,0,0,20250720,20251223
GNE:GOAO008:8:008MF250720:I:21,1,1,1,1,1,0,0,20250720,20251223
GNE:GOAO008:8:008MF250720:I:22,1,1,1,1,1,0,0,20250720,20251223
GNE:GOAO008:8:008MF250720:I:23,0,0,0,0,0,0,0,20250720,20251223
GNE:GOAO008:8:008MF250720:I:24,1,1,1,1,1,0,0,20250720,20251223
GNE:GOAO008:8:008MF250720:I:25,1,1,1,1,1,0,0,20250720,20251223
GNE:GOAO008:8:008MF250720:I:26,1,1,1,1,1,0,0,20250720,20251223
GNE:GOAO008:8:008MF250720:I:27,1,1,1,1,1,0,0,20250720,20251223
GNE:GOAO008:8:008MF250720:I:28,1,1,1,1,1,0,0,20250720,20251223
GNE:GOAO008:8:008MF250720:I:29,1,1,1,1,1,0,0,20250720,20251223
GNE:GOAO008:8:008MF250720:I:30,1,1,1,1,1,0,0,20250720,20251223
GNE:GOAO008:8:008MF250720:I:31,1,1,1,1,1,0,0,20250720,20251223
GNE:GOAO008:8:008MF250720:I:32,1,1,1,1,1,0,0,20250720,20251223
GNE:GOAO008:8:008MF250720:I:33,1,1,1,1,1,0,0,20250720,20251223
GNE:GOAO008:8:008MF250720:I:34,1,1,1,1,1,0,0,20250720,20251223
GNE:GOAO008:8:008SA250720:O:1,0,0,0,0,0,1,0,20250720,20251223
GNE:GOAO008:8:008SA250720:O:2,0,0,0,0,0,1,0,20250720,20251223
GNE:GOAO008:8:008SA250720:O:3,0,0,0,0,0,1,0,20250720,20251223
GNE:GOAO008:8:008SA250720:O:4,0,0,0,0,0,1,0,20250720,20251223
GNE:GOAO008:8:008SA250720:O:5,0,0,0,0,0,1,0,20250720,20251223
GNE:GOAO008:8:008SA250720:O:6,0,0,0,0,0,1,0,20250720,20251223
GNE:GOAO008:8:008SA250720:O:7,0,0,0,0,0,1,0,20250720,20251223
GNE:GOAO008:8:008SA250720:O:8,0,0,0,0,0,1,0,20250720,20251223
GNE:GOAO008:8:008SA250720:O:9,0,0,0,0,0,1,0,20250720,20251223
GNE:GOAO008:8:008SA250720:O:10,0,0,0,0,0,1,0,20250720,20251223
GNE:GOAO008:8:008SA250720:O:11,0,0,0,0,0,1,0,20250720,20251223
GNE:GOAO008:8:008SA250720:O:12,0,0,0,0,0,1,0,20250720,20251223
GNE:GOAO008:8:008SA250720:O:13,0,0,0,0,0,1,0,20250720,20251223
GNE:GOAO008:8:008SA250720:O:14,0,0,0,0,0,1,0,20250720,20251223
GNE:GOAO008:8:008SA250720:O:15,0,0,0,0,0,1,0,20250720,20251223
GNE:GOAO008:8:008SA250720:O:16,0,0,0,0,0,1,0,20250720,20251223
GNE:GOAO008:8:008SA250720:O:17,0,0,0,0,0,1,0,20250720,20251223
GNE:GOAO008:8:008SA250720:O:18,0,0,0,0,0,1,0,20250720,20251223
GNE:GOAO008:8:008SA250720:O:19,0,0,0,0,0,1,0,20250720,20251223
GNE:GOAO008:8:008SA250720:O:20,0,0,0,0,0,1,0,20250720,20251223
GNE:GOAO008:8:008SA250720:O:21,0,0,0,0,0,1,0,20250720,20251223
GNE:GOAO008:8:008SA250720:O:22,0,0,0,0,0,1,0,20250720,20251223
GNE:GOAO008:8:008SA250720:O:23,0,0,0,0,0,1,0,20250720,20251223
GNE:GOAO008:8:008SA250720:O:24,0,0,0,0,0,1,0,20250720,20251223
GNE:GOAO008:8:008SA250720:O:25,0,0,0,0,0,1,0,20250720,20251223
GNE:GOAO008:8:008SA250720:O:26,0,0,0,0,0,1,0,20250720,20251223
GNE:GOAO008:8:008SA250720:O:27,0,0,0,0,0,1,0,20250720,20251223
GNE:GOAO008:8:008SA250720:O:28,0,0,0,0,0,1,0,20250720,20251223
GNE:GOAO008:8:008SA250720:I:4,0,0,0,0,0,1,0,20250720,20251223
GNE:GOAO008:8:008SA250720:I:5,0,0,0,0,0,1,0,20250720,20251223
GNE:GOAO008:8:008SA250720:I:6,0,0,0,0,0,1,0,20250720,20251223
GNE:GOAO008:8:008SA250720:I:7,0,0,0,0,0,1,0,20250720,20251223
GNE:GOAO008:8:008SA250720:I:8,0,0,0,0,0,1,0,20250720,20251223
GNE:GOAO008:8:008SA250720:I:9,0,0,0,0,0,1,0,20250720,20251223
GNE:GOAO008:8:008SA250720:I:10,0,0,0,0,0,1,0,20250720,20251223
GNE:GOAO008:8:008SA250720:I:11,0,0,0,0,0,1,0,20250720,20251223
GNE:GOAO008:8:008SA250720:I:12,0,0,0,0,0,1,0,20250720,20251223
GNE:GOAO008:8:008SA250720:I:13,0,0,0,0,0,1,0,20250720,20251223
GNE:GOAO008:8:008SA250720:I:14,0,0,0,0,0,1,0,20250720,20251223
GNE:GOAO008:8:008SA250720:I:15,0,0,0,0,0,1,0,20250720,20251223
GNE:GOAO008:8:008SA250720:I:16,0,0,0,0,0,1,0,20250720,20251223
GNE:GOAO008:8:008SA250720:I:17,0,0,0,0,0,1,0,20250720,20251223
GNE:GOAO008:8:008SA250720:I:18,0,0,0,0,0,1,0,20250720,20251223
GNE:GOAO008:8:008SA250720:I:19,0,0,0,0,0,1,0,20250720,20251223
GNE:GOAO008:8:008SA250720:I:20,0,0,0,0,0,1,0,20250720,20251223
GNE:GOAO008:8:008SA250720:I:21,0,0,0,0,0,1,0,20250720,20251223
GNE:GOAO008:8:008SA250720:I:22,0,0,0,0,0,1,0,20250720,20251223
GNE:GOAO008:8:008SA250720:I:23,0,0,0,0,0,1,0,20250720,20251223
GNE:GOAO008:8:008SA250720:I:24,0,0,0,0,0,1,0,20250720,20251223
GNE:GOAO008:8:008SA250720:I:25,0,0,0,0,0,1,0,20250720,20251223
GNE:GOAO008:8:008SA250720:I:26,0,0,0,0,0,1,0,20250720,20251223
GNE:GOAO008:8:008SA250720:I:27,0,0,0,0,0,1,0,20250720,20251223
GNE:GOAO008:8:008SA250720:I:28,0,0,0,0,0,1,0,20250720,20251223
GNE:GOAO008:8:008SA250720:I:29,0,0,0,0,0,1,0,20250720,20251223
GNE:GOAO008:8:008SA250720:I:30,0,0,0,0,0,1,0,20250720,20251223
GNE:GOAO008:8:008SA250720:I:31,0,0,0,0,0,1,0,20250720,20251223
GNE:GOAO008:8:008SU250720:O:1,0,0,0,0,0,0,1,20250720,20251223
GNE:GOAO008:8:008SU250720:O:2,0,0,0,0,0,0,1,20250720,20251223
GNE:GOAO008:8:008SU250720:O:3,0,0,0,0,0,0,1,20250720,20251223
GNE:GOAO008:8:008SU250720:O:4,0,0,0,0,0,0,1,20250720,20251223
GNE:GOAO008:8:008SU250720:O:5,0,0,0,0,0,0,1,20250720,20251223
GNE:GOAO008:8:008SU250720:O:6,0,0,0,0,0,0,1,20250720,20251223
GNE:GOAO008:8:008SU250720:O:7,0,0,0,0,0,0,1,20250720,20251223
GNE:GOAO008:8:008SU250720:O:8,0,0,0,0,0,0,1,20250720,20251223
GNE:GOAO008:8:008SU250720:O:9,0,0,0,0,0,0,1,20250720,20251223
GNE:GOAO008:8:008SU250720:O:10,0,0,0,0,0,0,1,20250720,20251223
GNE:GOAO008:8:008SU250720:O:11,0,0,0,0,0,0,1,20250720,20251223
GNE:GOAO008:8:008SU250720:O:12,0,0,0,0,0,0,1,20250720,20251223
GNE:GOAO008:8:008SU250720:O:13,0,0,0,0,0,0,1,20250720,20251223
GNE:GOAO008:8:008SU250720:O:14,0,0,0,0,0,0,1,20250720,20251223
GNE:GOAO008:8:008SU250720:O:15,0,0,0,0,0,0,1,20250720,20251223
GNE:GOAO008:8:008SU250720:O:16,0,0,0,0,0,0,1,20250720,20251223
GNE:GOAO008:8:008SU250720:I:1,0,0,0,0,0,0,1,20250720,20251223
GNE:GOAO008:8:008SU250720:I:2,0,0,0,0,0,0,1,20250720,20251223
GNE:GOAO008:8:008SU250720:I:3,0,0,0,0,0,0,1,20250720,20251223
GNE:GOAO008:8:008SU250720:I:4,0,0,0,0,0,0,1,20250720,20251223
GNE:GOAO008:8:008SU250720:I:5,0,0,0,0,0,0,1,20250720,20251223
GNE:GOAO008:8:008SU250720:I:6,0,0,0,0,0,0,1,20250720,20251223
GNE:GOAO008:8:008SU250720:I:7,0,0,0,0,0,0,1,20250720,20251223
GNE:GOAO008:8:008SU250720:I:8,0,0,0,0,0,0,1,20250720,20251223
GNE:GOAO008:8:008SU250720:I:9,0,0,0,0,0,0,1,20250720,20251223
GNE:GOAO008:8:008SU250720:I:10,0,0,0,0,0,0,1,20250720,20251223
GNE:GOAO008:8:008SU250720:I:11,0,0,0,0,0,0,1,20250720,20251223
GNE:GOAO008:8:008SU250720:I:12,0,0,0,0,0,0,1,20250720,20251223
GNE:GOAO008:8:008SU250720:I:13,0,0,0,0,0,0,1,20250720,20251223
GNE:GOAO008:8:008SU250720:I:14,0,0,0,0,0,0,1,20250720,20251223
GNE:GOAO008:8:008SU250720:I:15,0,0,0,0,0,0,1,20250720,20251223
GNE:GOAO008:8:008SU250720:I:16,0,0,0,0,0,0,1,20250720,20251223
GNE:GOAO008A:8A:008MF250720:O:3,1,1,1,1,1,0,0,20250720,20251223
GNE:GOAO008A:8A:008MF250720:I:1,1,1,1,1,1,0,0,20250720,20251223
GNE:GOAO008A:8A:008MF250720:I:2,1,1,1,1,1,0,0,20250720,20251223
GNE:GOAO008A:8A:008MF250720:I:3,1,1,1,1,1,0,0,20250720,20251223
GNE:GOAO008A:8A:008SA250720:I:1,0,0,0,0,0,1,0,20250720,20251223
GNE:GOAO008A:8A:008SA250720:I:2,0,0,0,0,0,1,0,20250720,20251223
GNE:GOAO008A:8A:008SA250720:I:3,0,0,0,0,0,1,0,20250720,20251223
GNE:GOAO009:9:009MF250720:O:1,1,1,1,1,1,0,0,20250720,20251223
GNE:GOAO009:9:009MF250720:O:2,1,1,1,1,1,0,0,20250720,20251223
GNE:GOAO009:9:009MF250720:O:3,1,1,1,1,1,0,0,20250720,20251223
GNE:GOAO009:9:009MF250720:O:4,1,1,1,1,1,0,0,20250720,20251223
GNE:GOAO009:9:009MF250720:O:5,1,1,1,1,1,0,0,20250720,20251223
GNE:GOAO009:9:009MF250720:O:6,1,1,1,1,1,0,0,20250720,20251223
GNE:GOAO009:9:009MF250720:O:7,1,1,1,1,1,0,0,20250720,20251223
GNE:GOAO009:9:009MF250720:O:8,1,1,1,1,1,0,0,20250720,20251223
GNE:GOAO009:9:009MF250720:O:9,1,1,1,1,1,0,0,20250720,20251223
GNE:GOAO009:9:009MF250720:O:10,1,1,1,1,1,0,0,20250720,20251223
GNE:GOAO009:9:009MF250720:O:11,1,1,1,1,1,0,0,20250720,20251223
GNE:GOAO009:9:009MF250720:O:12,1,1,1,1,1,0,0,20250720,20251223
GNE:GOAO009:9:009MF250720:O:13,1,1,1,1,1,0,0,20250720,20251223
GNE:GOAO009:9:009MF250720:O:14,1,1,1,1,1,0,0,20250720,20251223
GNE:GOAO009:9:009MF250720:O:15,1,1,1,1,1,0,0,20250720,20251223
GNE:GOAO009:9:009MF250720:O:16,1,1,1,1,1,0,0,20250720,20251223
GNE:GOAO009:9:009MF250720:O:17,1,1,1,1,1,0,0,20250720,20251223
GNE:GOAO009:9:009MF250720:O:18,1,1,1,1,1,0,0,20250720,20251223
GNE:GOAO009:9:009MF250720:O:19,1,1,1,1,1,0,0,20250720,20251223
GNE:GOAO009:9:009MF250720:O:20,1,1,1,1,1,0,0,20250720,20251223
GNE:GOAO009:9:009MF250720:O:21,1,1,1,1,1,0,0,20250720,20251223
GNE:GOAO009:9:009MF250720:O:22,1,1,1,1,1,0,0,20250720,20251223
GNE:GOAO009:9:009MF250720:O:23,1,1,1,1,1,0,0,20250720,20251223
GNE:GOAO009:9:009MF250720:O:24,1,1,1,1,1,0,0,20250720,20251223
GNE:GOAO009:9:009MF250720:O:25,1,1,1,1,1,0,0,20250720,20251223
GNE:GOAO009:9:009MF250720:O:26,1,1,1,1,1,0,0,20250720,20251223
GNE:GOAO009:9:009MF250720:O:27,1,1,1,1,1,0,0,20250720,20251223
GNE:GOAO009:9:009MF250720:O:28,1,1,1,1,1,0,0,20250720,20251223
GNE:GOAO009:9:009MF250720:O:29,1,1,1,1,1,0,0,20250720,20251223
GNE:GOAO009:9:009MF250720:O:30,1,1,1,1,1,0,0,20250720,20251223
GNE:GOAO009:9:009MF250720:I:1,1,1,1,1,1,0,0,20250720,20251223
GNE:GOAO009:9:009MF250720:I:2,1,1,1,1,1,0,0,20250720,20251223
GNE:GOAO009:9:009MF250720:I:3,1,1,1,1,1,0,0,20250720,20251223
GNE:GOAO009:9:009MF250720:I:4,1,1,1,1,1,0,0,20250720,20251223
GNE:GOAO009:9:009MF250720:I:5,1,1,1,1,1,0,0,20250720,20251223
GNE:GOAO009:9:009MF250720:I:6,1,1,1,1,1,0,0,20250720,20251223
GNE:GOAO009:9:009MF250720:I:7,1,1,1,1,1,0,0,20250720,20251223
GNE:GOAO009:9:009MF250720:I:8,1,1,1,1,1,0,0,20250720,20251223
GNE:GOAO009:9:009MF250720:I:9,1,1,1,1,1,0,0,20250720,20251223
GNE:GOAO009:9:009MF250720:I:10,1,1,1,1,1,0,0,20250720,20251223
GNE:GOAO009:9:009MF250720:I:11,1,1,1,1,1,0,0,20250720,20251223
GNE:GOAO009:9:009MF250720:I:12,1,1,1,1,1,0,0,20250720,20251223
GNE:GOAO009:9:009MF250720:I:13,1,1,1,1,1,0,0,20250720,20251223
GNE:GOAO009:9:009MF250720:I:14,1,1,1,1,1,0,0,20250720,20251223
GNE:GOAO009:9:009MF250720:I:15,1,1,1,1,1,0,0,20250720,20251223
GNE:GOAO009:9:009MF250720:I:16,1,1,1,1,1,0,0,20250720,20251223
GNE:GOAO009:9:009MF250720:I:17,1,1,1,1,1,0,0,20250720,20251223
GNE:GOAO009:9:009MF250720:I:18,1,1,1,1,1,0,0,20250720,20251223
GNE:GOAO009:9:009MF250720:I:19,1,1,1,1,1,0,0,20250720,20251223
GNE:GOAO009:9:009MF250720:I:20,1,1,1,1,1,0,0,20250720,20251223
GNE:GOAO009:9:009MF250720:I:21,1,1,1,1,1,0,0,20250720,20251223
GNE:GOAO009:9:009MF250720:I:22,1,1,1,1,1,0,0,20250720,20251223
GNE:GOAO009:9:009MF250720:I:23,1,1,1,1,1,0,0,20250720,20251223
GNE:GOAO009:9:009MF250720:I:24,1,1,1,1,1,0,0,20250720,20251223
GNE:GOAO009:9:009MF250720:I:25,1,1,1,1,1,0,0,20250720,20251223
GNE:GOAO009:9:009MF250720:I:26,1,1,1,1,1,0,0,20250720,20251223
GNE:GOAO009:9:009MF250720:I:27,1,1,1,1,1,0,0,20250720,20251223
GNE:GOAO009:9:009MF250720:I:28,1,1,1,1,1,0,0,20250720,20251223
GNE:GOAO009:9:009MF250720:I:29,1,1,1,1,1,0,0,20250720,20251223
GNE:GOAO009:9:009MF250720:I:30,1,1,1,1,1,0,0,20250720,20251223
GNE:GOAO009:9:009MF250720:I:31,1,1,1,1,1,0,0,20250720,20251223
GNE:GOAO009:9:009SA250720:O:1,0,0,0,0,0,1,0,20250720,20251223
GNE:GOAO009:9:009SA250720:O:2,0,0,0,0,0,1,0,20250720,20251223
GNE:GOAO009:9:009SA250720:O:3,0,0,0,0,0,1,0,20250720,20251223
GNE:GOAO009:9:009SA250720:O:4,0,0,0,0,0,1,0,20250720,20251223
GNE:GOAO009:9:009SA250720:O:5,0,0,0,0,0,1,0,20250720,20251223
GNE:GOAO009:9:009SA250720:O:6,0,0,0,0,0,1,0,20250720,20251223
GNE:GOAO009:9:009SA250720:O:7,0,0,0,0,0,1,0,20250720,20251223
GNE:GOAO009:9:009SA250720:O:8,0,0,0,0,0,1,0,20250720,20251223
GNE:GOAO009:9:009SA250720:O:9,0,0,0,0,0,1,0,20250720,20251223
GNE:GOAO009:9:009SA250720:O:10,0,0,0,0,0,1,0,20250720,20251223
GNE:GOAO009:9:009SA250720:O:11,0,0,0,0,0,1,0,20250720,20251223
GNE:GOAO009:9:009SA250720:O:12,0,0,0,0,0,1,0,20250720,20251223
GNE:GOAO009:9:009SA250720:O:13,0,0,0,0,0,1,0,20250720,20251223
GNE:GOAO009:9:009SA250720:O:14,0,0,0,0,0,1,0,20250720,20251223
GNE:GOAO009:9:009SA250720:O:15,0,0,0,0,0,1,0,20250720,20251223
GNE:GOAO009:9:009SA250720:O:16,0,0,0,0,0,1,0,20250720,20251223
GNE:GOAO009:9:009SA250720:O:17,0,0,0,0,0,1,0,20250720,20251223
GNE:GOAO009:9:009SA250720:O:18,0,0,0,0,0,1,0,20250720,20251223
GNE:GOAO009:9:009SA250720:O:19,0,0,0,0,0,1,0,20250720,20251223
GNE:GOAO009:9:009SA250720:O:20,0,0,0,0,0,1,0,20250720,20251223
GNE:GOAO009:9:009SA250720:O:21,0,0,0,0,0,1,0,20250720,20251223
GNE:GOAO009:9:009SA250720:O:22,0,0,0,0,0,1,0,20250720,20251223
GNE:GOAO009:9:009SA250720:O:23,0,0,0,0,0,1,0,20250720,20251223
GNE:GOAO009:9:009SA250720:O:24,0,0,0,0,0,1,0,20250720,20251223
GNE:GOAO009:9:009SA250720:O:25,0,0,0,0,0,1,0,20250720,20251223
GNE:GOAO009:9:009SA250720:O:26,0,0,0,0,0,1,0,20250720,20251223
GNE:GOAO009:9:009SA250720:O:27,0,0,0,0,0,1,0,20250720,20251223
GNE:GOAO009:9:009SA250720:O:28,0,0,0,0,0,1,0,20250720,20251223
GNE:GOAO009:9:009SA250720:I:1,0,0,0,0,0,1,0,20250720,20251223
GNE:GOAO009:9:009SA250720:I:2,0,0,0,0,0,1,0,20250720,20251223
GNE:GOAO009:9:009SA250720:I:3,0,0,0,0,0,1,0,20250720,20251223
GNE:GOAO009:9:009SA250720:I:4,0,0,0,0,0,1,0,20250720,20251223
GNE:GOAO009:9:009SA250720:I:5,0,0,0,0,0,1,0,20250720,20251223
GNE:GOAO009:9:009SA250720:I:6,0,0,0,0,0,1,0,20250720,20251223
GNE:GOAO009:9:009SA250720:I:7,0,0,0,0,0,1,0,20250720,20251223
GNE:GOAO009:9:009SA250720:I:8,0,0,0,0,0,1,0,20250720,20251223
GNE:GOAO009:9:009SA250720:I:9,0,0,0,0,0,1,0,20250720,20251223
GNE:GOAO009:9:009SA250720:I:10,0,0,0,0,0,1,0,20250720,20251223
GNE:GOAO009:9:009SA250720:I:11,0,0,0,0,0,1,0,20250720,20251223
GNE:GOAO009:9:009SA250720:I:12,0,0,0,0,0,1,0,20250720,20251223
GNE:GOAO009:9:009SA250720:I:13,0,0,0,0,0,1,0,20250720,20251223
GNE:GOAO009:9:009SA250720:I:14,0,0,0,0,0,1,0,20250720,20251223
GNE:GOAO009:9:009SA250720:I:15,0,0,0,0,0,1,0,20250720,20251223
GNE:GOAO009:9:009SA250720:I:16,0,0,0,0,0,1,0,20250720,20251223
GNE:GOAO009:9:009SA250720:I:17,0,0,0,0,0,1,0,20250720,20251223
GNE:GOAO009:9:009SA250720:I:18,0,0,0,0,0,1,0,20250720,20251223
GNE:GOAO009:9:009SA250720:I:19,0,0,0,0,0,1,0,20250720,20251223
GNE:GOAO009:9:009SA250720:I:20,0,0,0,0,0,1,0,20250720,20251223
GNE:GOAO009:9:009SA250720:I:21,0,0,0,0,0,1,0,20250720,20251223
GNE:GOAO009:9:009SA250720:I:22,0,0,0,0,0,1,0,20250720,20251223
GNE:GOAO009:9:009SA250720:I:23,0,0,0,0,0,1,0,20250720,20251223
GNE:GOAO009:9:009SA250720:I:24,0,0,0,0,0,1,0,20250720,20251223
GNE:GOAO009:9:009SA250720:I:25,0,0,0,0,0,1,0,20250720,20251223
GNE:GOAO009:9:009SA250720:I:26,0,0,0,0,0,1,0,20250720,20251223
GNE:GOAO009:9:009SA250720:I:27,0,0,0,0,0,1,0,20250720,20251223
GNE:GOAO009:9:009SA250720:I:28,0,0,0,0,0,1,0,20250720,20251223
GNE:GOAO009:9:009SA250720:I:29,0,0,0,0,0,1,0,20250720,20251223
GNE:GOAO009:9:009SU250720:O:1,0,0,0,0,0,0,1,20250720,20251223
GNE:GOAO009:9:009SU250720:O:2,0,0,0,0,0,0,1,20250720,20251223
GNE:GOAO009:9:009SU250720:O:3,0,0,0,0,0,0,1,20250720,20251223
GNE:GOAO009:9:009SU250720:O:4,0,0,0,0,0,0,1,20250720,20251223
GNE:GOAO009:9:009SU250720:O:5,0,0,0,0,0,0,1,20250720,20251223
GNE:GOAO009:9:009SU250720:O:6,0,0,0,0,0,0,1,20250720,20251223
GNE:GOAO009:9:009SU250720:O:7,0,0,0,0,0,0,1,20250720,20251223
GNE:GOAO009:9:009SU250720:O:8,0,0,0,0,0,0,1,20250720,20251223
GNE:GOAO009:9:009SU250720:O:9,0,0,0,0,0,0,1,20250720,20251223
GNE:GOAO009:9:009SU250720:O:10,0,0,0,0,0,0,1,20250720,20251223
GNE:GOAO009:9:009SU250720:O:11,0,0,0,0,0,0,1,20250720,20251223
GNE:GOAO009:9:009SU250720:O:12,0,0,0,0,0,0,1,20250720,20251223
GNE:GOAO009:9:009SU250720:O:13,0,0,0,0,0,0,1,20250720,20251223
GNE:GOAO009:9:009SU250720:O:14,0,0,0,0,0,0,1,20250720,20251223
GNE:GOAO009:9:009SU250720:O:15,0,0,0,0,0,0,1,20250720,20251223
GNE:GOAO009:9:009SU250720:O:16,0,0,0,0,0,0,1,20250720,20251223
GNE:GOAO009:9:009SU250720:O:17,0,0,0,0,0,0,1,20250720,20251223
GNE:GOAO009:9:009SU250720:O:18,0,0,0,0,0,0,1,20250720,20251223
GNE:GOAO009:9:009SU250720:O:19,0,0,0,0,0,0,1,20250720,20251223
GNE:GOAO009:9:009SU250720:O:20,0,0,0,0,0,0,1,20250720,20251223
GNE:GOAO009:9:009SU250720:O:21,0,0,0,0,0,0,1,20250720,20251223
GNE:GOAO009:9:009SU250720:O:22,0,0,0,0,0,0,1,20250720,20251223
GNE:GOAO009:9:009SU250720:O:23,0,0,0,0,0,0,1,20250720,20251223
GNE:GOAO009:9:009SU250720:O:24,0,0,0,0,0,0,1,20250720,20251223
GNE:GOAO009:9:009SU250720:O:25,0,0,0,0,0,0,1,20250720,20251223
GNE:GOAO009:9:009SU250720:I:1,0,0,0,0,0,0,1,20250720,20251223
GNE:GOAO009:9:009SU250720:I:2,0,0,0,0,0,0,1,20250720,20251223
GNE:GOAO009:9:009SU250720:I:3,0,0,0,0,0,0,1,20250720,20251223
GNE:GOAO009:9:009SU250720:I:4,0,0,0,0,0,0,1,20250720,20251223
GNE:GOAO009:9:009SU250720:I:5,0,0,0,0,0,0,1,20250720,20251223
GNE:GOAO009:9:009SU250720:I:6,0,0,0,0,0,0,1,20250720,20251223
GNE:GOAO009:9:009SU250720:I:7,0,0,0,0,0,0,1,20250720,20251223
GNE:GOAO009:9:009SU250720:I:8,0,0,0,0,0,0,1,20250720,20251223
GNE:GOAO009:9:009SU250720:I:9,0,0,0,0,0,0,1,20250720,20251223
GNE:GOAO009:9:009SU250720:I:10,0,0,0,0,0,0,1,20250720,20251223
GNE:GOAO009:9:009SU250720:I:11,0,0,0,0,0,0,1,20250720,20251223
GNE:GOAO009:9:009SU250720:I:12,0,0,0,0,0,0,1,20250720,20251223
GNE:GOAO009:9:009SU250720:I:13,0,0,0,0,0,0,1,20250720,20251223
GNE:GOAO009:9:009SU250720:I:14,0,0,0,0,0,0,1,20250720,20251223
GNE:GOAO009:9:009SU250720:I:15,0,0,0,0,0,0,1,20250720,20251223
GNE:GOAO009:9:009SU250720:I:16,0,0,0,0,0,0,1,20250720,20251223
GNE:GOAO009:9:009SU250720:I:17,0,0,0,0,0,0,1,20250720,20251223
GNE:GOAO009:9:009SU250720:I:18,0,0,0,0,0,0,1,20250720,20251223
GNE:GOAO009:9:009SU250720:I:19,0,0,0,0,0,0,1,20250720,20251223
GNE:GOAO009:9:009SU250720:I:20,0,0,0,0,0,0,1,20250720,20251223
GNE:GOAO009:9:009SU250720:I:21,0,0,0,0,0,0,1,20250720,20251223
GNE:GOAO009:9:009SU250720:I:22,0,0,0,0,0,0,1,20250720,20251223
GNE:GOAO009:9:009SU250720:I:23,0,0,0,0,0,0,1,20250720,20251223
GNE:GOAO009:9:009SU250720:I:24,0,0,0,0,0,0,1,20250720,20251223
GNE:GOAO009:9:009SU250720:I:25,0,0,0,0,0,0,1,20250720,20251223
GNE:GOAO010:10:010MF250720:O:4,1,1,1,1,1,0,0,20250720,20251223
GNE:GOAO010:10:010MF250720:O:8,1,1,1,1,1,0,0,20250720,20251223
GNE:GOAO010:10:010MF250720:O:11,1,1,1,1,1,0,0,20250720,20251223
GNE:GOAO010:10:010MF250720:O:14,1,1,1,1,1,0,0,20250720,20251223
GNE:GOAO010:10:010MF250720:O:18,1,1,1,1,1,0,0,20250720,20251223
GNE:GOAO010:10:010MF250720:O:20,1,1,1,1,1,0,0,20250720,20251223
GNE:GOAO010:10:010MF250720:O:23,1,1,1,1,1,0,0,20250720,20251223
GNE:GOAO010:10:010MF250720:O:25,1,1,1,1,1,0,0,20250720,20251223
GNE:GOAO010:10:010MF250720:O:28,1,1,1,1,1,0,0,20250720,20251223
GNE:GOAO010:10:010MF250720:O:30,1,1,1,1,1,0,0,20250720,20251223
GNE:GOAO010:10:010MF250720:O:33,1,1,1,1,1,0,0,20250720,20251223
GNE:GOAO010:10:010MF250720:O:35,1,1,1,1,1,0,0,20250720,20251223
GNE:GOAO010:10:010MF250720:O:38,1,1,1,1,1,0,0,20250720,20251223
GNE:GOAO010:10:010MF250720:O:40,1,1,1,1,1,0,0,20250720,20251223
GNE:GOAO010:10:010MF250720:O:43,1,1,1,1,1,0,0,20250720,20251223
GNE:GOAO010:10:010MF250720:O:45,1,1,1,1,1,0,0,20250720,20251223
GNE:GOAO010:10:010MF250720:O:48,1,1,1,1,1,0,0,20250720,20251223
GNE:GOAO010:10:010MF250720:O:51,1,1,1,1,1,0,0,20250720,20251223
GNE:GOAO010:10:010MF250720:O:52,0,0,0,0,0,0,0,20250720,20251223
GNE:GOAO010:10:010MF250720:O:56,1,1,1,1,1,0,0,20250720,20251223
GNE:GOAO010:10:010MF250720:O:58,1,1,1,1,1,0,0,20250720,20251223
GNE:GOAO010:10:010MF250720:O:61,1,1,1,1,1,0,0,20250720,20251223
GNE:GOAO010:10:010MF250720:O:63,1,1,1,1,1,0,0,20250720,20251223
GNE:GOAO010:10:010MF250720:O:66,1,1,1,1,1,0,0,20250720,20251223
GNE:GOAO010:10:010MF250720:O:68,1,1,1,1,1,0,0,20250720,20251223
GNE:GOAO010:10:010MF250720:O:70,1,1,1,1,1,0,0,20250720,20251223
GNE:GOAO010:10:010MF250720:O:72,1,1,1,1,1,0,0,20250720,20251223
GNE:GOAO010:10:010MF250720:O:74,1,1,1,1,1,0,0,20250720,20251223
GNE:GOAO010:10:010MF250720:O:76,0,0,0,0,0,0,0,20250720,20251223
GNE:GOAO010:10:010MF250720:O:77,1,1,1,1,1,0,0,20250720,20251223
GNE:GOAO010:10:010MF250720:O:80,1,1,1,1,1,0,0,20250720,20251223
GNE:GOAO010:10:010MF250720:O:84,1,1,1,1,1,0,0,20250720,20251223
GNE:GOAO010:10:010MF250720:O:87,1,1,1,1,1,0,0,20250720,20251223
GNE:GOAO010:10:010MF250720:O:92,1,1,1,1,1,0,0,20250720,20251223
GNE:GOAO010:10:010MF250720:I:1,1,1,1,1,1,0,0,20250720,20251223
GNE:GOAO010:10:010MF250720:I:3,1,1,1,1,1,0,0,20250720,20251223
GNE:GOAO010:10:010MF250720:I:5,1,1,1,1,1,0,0,20250720,20251223
GNE:GOAO010:10:010MF250720:I:6,1,1,1,1,1,0,0,20250720,20251223
GNE:GOAO010:10:010MF250720:I:8,1,1,1,1,1,0,0,20250720,20251223
GNE:GOAO010:10:010MF250720:I:11,1,1,1,1,1,0,0,20250720,20251223
GNE:GOAO010:10:010MF250720:I:13,1,1,1,1,1,0,0,20250720,20251223
GNE:GOAO010:10:010MF250720:I:16,1,1,1,1,1,0,0,20250720,20251223
GNE:GOAO010:10:010MF250720:I:18,1,1,1,1,1,0,0,20250720,20251223
GNE:GOAO010:10:010MF250720:I:21,1,1,1,1,1,0,0,20250720,20251223
GNE:GOAO010:10:010MF250720:I:23,1,1,1,1,1,0,0,20250720,20251223
GNE:GOAO010:10:010MF250720:I:26,1,1,1,1,1,0,0,20250720,20251223
GNE:GOAO010:10:010MF250720:I:28,1,1,1,1,1,0,0,20250720,20251223
GNE:GOAO010:10:010MF250720:I:31,1,1,1,1,1,0,0,20250720,20251223
GNE:GOAO010:10:010MF250720:I:33,1,1,1,1,1,0,0,20250720,20251223
GNE:GOAO010:10:010MF250720:I:36,1,1,1,1,1,0,0,20250720,20251223
GNE:GOAO010:10:010MF250720:I:38,1,1,1,1,1,0,0,20250720,20251223
GNE:GOAO010:10:010MF250720:I:42,1,1,1,1,1,0,0,20250720,20251223
GNE:GOAO010:10:010MF250720:I:44,1,1,1,1,1,0,0,20250720,20251223
GNE:GOAO010:10:010MF250720:I:47,1,1,1,1,1,0,0,20250720,20251223
GNE:GOAO010:10:010MF250720:I:49,1,1,1,1,1,0,0,20250720,20251223
GNE:GOAO010:10:010MF250720:I:52,1,1,1,1,1,0,0,20250720,20251223
GNE:GOAO010:10:010MF250720:I:54,1,1,1,1,1,0,0,20250720,20251223
GNE:GOAO010:10:010MF250720:I:57,1,1,1,1,1,0,0,20250720,20251223
GNE:GOAO010:10:010MF250720:I:59,0,0,0,0,0,0,0,20250720,20251223
GNE:GOAO010:10:010MF250720:I:60,1,1,1,1,1,0,0,20250720,20251223
GNE:GOAO010:10:010MF250720:I:63,1,1,1,1,1,0,0,20250720,20251223
GNE:GOAO010:10:010MF250720:I:65,1,1,1,1,1,0,0,20250720,20251223
GNE:GOAO010:10:010MF250720:I:67,1,1,1,1,1,0,0,20250720,20251223
GNE:GOAO010:10:010MF250720:I:71,1,1,1,1,1,0,0,20250720,20251223
GNE:GOAO010:10:010MF250720:I:75,1,1,1,1,1,0,0,20250720,20251223
GNE:GOAO010:10:010MF250720:I:78,1,1,1,1,1,0,0,20250720,20251223
GNE:GOAO010:10:010MF250720:I:83,1,1,1,1,1,0,0,20250720,20251223
GNE:GOAO010:10:010SA250720:O:3,0,0,0,0,0,1,0,20250720,20251223
GNE:GOAO010:10:010SA250720:O:7,0,0,0,0,0,1,0,20250720,20251223
GNE:GOAO010:10:010SA250720:O:11,0,0,0,0,0,1,0,20250720,20251223
GNE:GOAO010:10:010SA250720:O:14,0,0,0,0,0,1,0,20250720,20251223
GNE:GOAO010:10:010SA250720:O:16,0,0,0,0,0,1,0,20250720,20251223
GNE:GOAO010:10:010SA250720:O:19,0,0,0,0,0,1,0,20250720,20251223
GNE:GOAO010:10:010SA250720:O:21,0,0,0,0,0,1,0,20250720,20251223
GNE:GOAO010:10:010SA250720:O:24,0,0,0,0,0,1,0,20250720,20251223
GNE:GOAO010:10:010SA250720:O:26,0,0,0,0,0,1,0,20250720,20251223
GNE:GOAO010:10:010SA250720:O:29,0,0,0,0,0,1,0,20250720,20251223
GNE:GOAO010:10:010SA250720:O:31,0,0,0,0,0,1,0,20250720,20251223
GNE:GOAO010:10:010SA250720:O:34,0,0,0,0,0,1,0,20250720,20251223
GNE:GOAO010:10:010SA250720:O:36,0,0,0,0,0,1,0,20250720,20251223
GNE:GOAO010:10:010SA250720:O:39,0,0,0,0,0,1,0,20250720,20251223
GNE:GOAO010:10:010SA250720:O:41,0,0,0,0,0,1,0,20250720,20251223
GNE:GOAO010:10:010SA250720:O:44,0,0,0,0,0,1,0,20250720,20251223
GNE:GOAO010:10:010SA250720:O:46,0,0,0,0,0,1,0,20250720,20251223
GNE:GOAO010:10:010SA250720:O:49,0,0,0,0,0,1,0,20250720,20251223
GNE:GOAO010:10:010SA250720:O:51,0,0,0,0,0,1,0,20250720,20251223
GNE:GOAO010:10:010SA250720:O:54,0,0,0,0,0,1,0,20250720,20251223
GNE:GOAO010:10:010SA250720:O:56,0,0,0,0,0,1,0,20250720,20251223
GNE:GOAO010:10:010SA250720:O:58,0,0,0,0,0,1,0,20250720,20251223
GNE:GOAO010:10:010SA250720:O:60,0,0,0,0,0,1,0,20250720,20251223
GNE:GOAO010:10:010SA250720:O:63,0,0,0,0,0,1,0,20250720,20251223
GNE:GOAO010:10:010SA250720:O:64,0,0,0,0,0,1,0,20250720,20251223
GNE:GOAO010:10:010SA250720:O:67,0,0,0,0,0,1,0,20250720,20251223
GNE:GOAO010:10:010SA250720:O:70,0,0,0,0,0,1,0,20250720,20251223
GNE:GOAO010:10:010SA250720:O:73,0,0,0,0,0,1,0,20250720,20251223
GNE:GOAO010:10:010SA250720:O:77,0,0,0,0,0,1,0,20250720,20251223
GNE:GOAO010:10:010SA250720:I:1,0,0,0,0,0,1,0,20250720,20251223
GNE:GOAO010:10:010SA250720:I:3,0,0,0,0,0,1,0,20250720,20251223
GNE:GOAO010:10:010SA250720:I:4,0,0,0,0,0,1,0,20250720,20251223
GNE:GOAO010:10:010SA250720:I:5,0,0,0,0,0,1,0,20250720,20251223
GNE:GOAO010:10:010SA250720:I:8,0,0,0,0,0,1,0,20250720,20251223
GNE:GOAO010:10:010SA250720:I:10,0,0,0,0,0,1,0,20250720,20251223
GNE:GOAO010:10:010SA250720:I:12,0,0,0,0,0,1,0,20250720,20251223
GNE:GOAO010:10:010SA250720:I:14,0,0,0,0,0,1,0,20250720,20251223
GNE:GOAO010:10:010SA250720:I:17,0,0,0,0,0,1,0,20250720,20251223
GNE:GOAO010:10:010SA250720:I:19,0,0,0,0,0,1,0,20250720,20251223
GNE:GOAO010:10:010SA250720:I:22,0,0,0,0,0,1,0,20250720,20251223
GNE:GOAO010:10:010SA250720:I:24,0,0,0,0,0,1,0,20250720,20251223
GNE:GOAO010:10:010SA250720:I:27,0,0,0,0,0,1,0,20250720,20251223
GNE:GOAO010:10:010SA250720:I:29,0,0,0,0,0,1,0,20250720,20251223
GNE:GOAO010:10:010SA250720:I:32,0,0,0,0,0,1,0,20250720,20251223
GNE:GOAO010:10:010SA250720:I:34,0,0,0,0,0,1,0,20250720,20251223
GNE:GOAO010:10:010SA250720:I:37,0,0,0,0,0,1,0,20250720,20251223
GNE:GOAO010:10:010SA250720:I:39,0,0,0,0,0,1,0,20250720,20251223
GNE:GOAO010:10:010SA250720:I:42,0,0,0,0,0,1,0,20250720,20251223
GNE:GOAO010:10:010SA250720:I:44,0,0,0,0,0,1,0,20250720,20251223
GNE:GOAO010:10:010SA250720:I:47,0,0,0,0,0,1,0,20250720,20251223
GNE:GOAO010:10:010SA250720:I:49,0,0,0,0,0,1,0,20250720,20251223
GNE:GOAO010:10:010SA250720:I:52,0,0,0,0,0,1,0,20250720,20251223
GNE:GOAO010:10:010SA250720:I:54,0,0,0,0,0,1,0,20250720,20251223
GNE:GOAO010:10:010SA250720:I:57,0,0,0,0,0,1,0,20250720,20251223
GNE:GOAO010:10:010SA250720:I:59,0,0,0,0,0,1,0,20250720,20251223
GNE:GOAO010:10:010SA250720:I:61,0,0,0,0,0,1,0,20250720,20251223
GNE:GOAO010:10:010SA250720:I:63,0,0,0,0,0,1,0,20250720,20251223
GNE:GOAO010:10:010SA250720:I:65,0,0,0,0,0,1,0,20250720,20251223
GNE:GOAO010:10:010SA250720:I:68,0,0,0,0,0,1,0,20250720,20251223
GNE:GOAO010:10:010SA250720:I:71,0,0,0,0,0,1,0,20250720,20251223
GNE:GOAO010:10:010SA250720:I:75,0,0,0,0,0,1,0,20250720,20251223
GNE:GOAO010:10:010SU250720:O:4,0,0,0,0,0,0,1,20250720,20251223
GNE:GOAO010:10:010SU250720:O:7,0,0,0,0,0,0,1,20250720,20251223
GNE:GOAO010:10:010SU250720:O:10,0,0,0,0,0,0,1,20250720,20251223
GNE:GOAO010:10:010SU250720:O:13,0,0,0,0,0,0,1,20250720,20251223
GNE:GOAO010:10:010SU250720:O:16,0,0,0,0,0,0,1,20250720,20251223
GNE:GOAO010:10:010SU250720:O:19,0,0,0,0,0,0,1,20250720,20251223
GNE:GOAO010:10:010SU250720:O:22,0,0,0,0,0,0,1,20250720,20251223
GNE:GOAO010:10:010SU250720:O:25,0,0,0,0,0,0,1,20250720,20251223
GNE:GOAO010:10:010SU250720:O:28,0,0,0,0,0,0,1,20250720,20251223
GNE:GOAO010:10:010SU250720:O:31,0,0,0,0,0,0,1,20250720,20251223
GNE:GOAO010:10:010SU250720:O:34,0,0,0,0,0,0,1,20250720,20251223
GNE:GOAO010:10:010SU250720:O:37,0,0,0,0,0,0,1,20250720,20251223
GNE:GOAO010:10:010SU250720:O:39,0,0,0,0,0,0,1,20250720,20251223
GNE:GOAO010:10:010SU250720:O:41,0,0,0,0,0,0,1,20250720,20251223
GNE:GOAO010:10:010SU250720:O:43,0,0,0,0,0,0,1,20250720,20251223
GNE:GOAO010:10:010SU250720:O:45,0,0,0,0,0,0,1,20250720,20251223
GNE:GOAO010:10:010SU250720:I:1,0,0,0,0,0,0,1,20250720,20251223
GNE:GOAO010:10:010SU250720:I:2,0,0,0,0,0,0,1,20250720,20251223
GNE:GOAO010:10:010SU250720:I:3,0,0,0,0,0,0,1,20250720,20251223
GNE:GOAO010:10:010SU250720:I:5,0,0,0,0,0,0,1,20250720,20251223
GNE:GOAO010:10:010SU250720:I:8,0,0,0,0,0,0,1,20250720,20251223
GNE:GOAO010:10:010SU250720:I:11,0,0,0,0,0,0,1,20250720,20251223
GNE:GOAO010:10:010SU250720:I:14,0,0,0,0,0,0,1,20250720,20251223
GNE:GOAO010:10:010SU250720:I:17,0,0,0,0,0,0,1,20250720,20251223
GNE:GOAO010:10:010SU250720:I:20,0,0,0,0,0,0,1,20250720,20251223
GNE:GOAO010:10:010SU250720:I:23,0,0,0,0,0,0,1,20250720,20251223
GNE:GOAO010:10:010SU250720:I:26,0,0,0,0,0,0,1,20250720,20251223
GNE:GOAO010:10:010SU250720:I:29,0,0,0,0,0,0,1,20250720,20251223
GNE:GOAO010:10:010SU250720:I:32,0,0,0,0,0,0,1,20250720,20251223
GNE:GOAO010:10:010SU250720:I:35,0,0,0,0,0,0,1,20250720,20251223
GNE:GOAO010:10:010SU250720:I:38,0,0,0,0,0,0,1,20250720,20251223
GNE:GOAO010:10:010SU250720:I:40,0,0,0,0,0,0,1,20250720,20251223
GNE:GOAO010:10:010SU250720:I:42,0,0,0,0,0,0,1,20250720,20251223
GNE:GOAO010:10:010SU250720:I:44,0,0,0,0,0,0,1,20250720,20251223
GNE:GOAO010A:10A:010MF250720:O:1,1,1,1,1,1,0,0,20250720,20251223
GNE:GOAO010A:10A:010MF250720:O:2,1,1,1,1,1,0,0,20250720,20251223
GNE:GOAO010A:10A:010MF250720:O:3,1,1,1,1,1,0,0,20250720,20251223
GNE:GOAO010A:10A:010MF250720:O:5,1,1,1,1,1,0,0,20250720,20251223
GNE:GOAO010A:10A:010MF250720:O:6,1,1,1,1,1,0,0,20250720,20251223
GNE:GOAO010A:10A:010MF250720:O:9,1,1,1,1,1,0,0,20250720,20251223
GNE:GOAO010A:10A:010MF250720:O:10,1,1,1,1,1,0,0,20250720,20251223
GNE:GOAO010A:10A:010MF250720:O:12,1,1,1,1,1,0,0,20250720,20251223
GNE:GOAO010A:10A:010MF250720:O:15,1,1,1,1,1,0,0,20250720,20251223
GNE:GOAO010A:10A:010MF250720:O:16,1,1,1,1,1,0,0,20250720,20251223
GNE:GOAO010A:10A:010MF250720:O:17,0,0,0,0,0,0,0,20250720,20251223
GNE:GOAO010A:10A:010MF250720:O:19,1,1,1,1,1,0,0,20250720,20251223
GNE:GOAO010A:10A:010MF250720:O:21,1,1,1,1,1,0,0,20250720,20251223
GNE:GOAO010A:10A:010MF250720:O:24,1,1,1,1,1,0,0,20250720,20251223
GNE:GOAO010A:10A:010MF250720:O:26,1,1,1,1,1,0,0,20250720,20251223
GNE:GOAO010A:10A:010MF250720:O:29,1,1,1,1,1,0,0,20250720,20251223
GNE:GOAO010A:10A:010MF250720:O:31,1,1,1,1,1,0,0,20250720,20251223
GNE:GOAO010A:10A:010MF250720:O:34,1,1,1,1,1,0,0,20250720,20251223
GNE:GOAO010A:10A:010MF250720:O:36,1,1,1,1,1,0,0,20250720,20251223
GNE:GOAO010A:10A:010MF250720:O:39,1,1,1,1,1,0,0,20250720,20251223
GNE:GOAO010A:10A:010MF250720:O:41,1,1,1,1,1,0,0,20250720,20251223
GNE:GOAO010A:10A:010MF250720:O:44,1,1,1,1,1,0,0,20250720,20251223
GNE:GOAO010A:10A:010MF250720:O:46,1,1,1,1,1,0,0,20250720,20251223
GNE:GOAO010A:10A:010MF250720:O:49,1,1,1,1,1,0,0,20250720,20251223
GNE:GOAO010A:10A:010MF250720:O:50,0,0,0,0,0,0,0,20250720,20251223
GNE:GOAO010A:10A:010MF250720:O:53,1,1,1,1,1,0,0,20250720,20251223
GNE:GOAO010A:10A:010MF250720:O:57,1,1,1,1,1,0,0,20250720,20251223
GNE:GOAO010A:10A:010MF250720:O:59,1,1,1,1,1,0,0,20250720,20251223
GNE:GOAO010A:10A:010MF250720:O:62,1,1,1,1,1,0,0,20250720,20251223
GNE:GOAO010A:10A:010MF250720:O:64,1,1,1,1,1,0,0,20250720,20251223
GNE:GOAO010A:10A:010MF250720:O:67,1,1,1,1,1,0,0,20250720,20251223
GNE:GOAO010A:10A:010MF250720:O:71,1,1,1,1,1,0,0,20250720,20251223
GNE:GOAO010A:10A:010MF250720:O:75,1,1,1,1,1,0,0,20250720,20251223
GNE:GOAO010A:10A:010MF250720:O:78,1,1,1,1,1,0,0,20250720,20251223
GNE:GOAO010A:10A:010MF250720:O:81,1,1,1,1,1,0,0,20250720,20251223
GNE:GOAO010A:10A:010MF250720:O:85,1,1,1,1,1,0,0,20250720,20251223
GNE:GOAO010A:10A:010MF250720:O:88,0,0,0,0,0,0,0,20250720,20251223
GNE:GOAO010A:10A:010MF250720:O:89,1,1,1,1,1,0,0,20250720,20251223
GNE:GOAO010A:10A:010MF250720:O:91,1,1,1,1,1,0,0,20250720,20251223
GNE:GOAO010A:10A:010MF250720:I:2,1,1,1,1,1,0,0,20250720,20251223
GNE:GOAO010A:10A:010MF250720:I:4,1,1,1,1,1,0,0,20250720,20251223
GNE:GOAO010A:10A:010MF250720:I:7,1,1,1,1,1,0,0,20250720,20251223
GNE:GOAO010A:10A:010MF250720:I:10,1,1,1,1,1,0,0,20250720,20251223
GNE:GOAO010A:10A:010MF250720:I:12,1,1,1,1,1,0,0,20250720,20251223
GNE:GOAO010A:10A:010MF250720:I:15,1,1,1,1,1,0,0,20250720,20251223
GNE:GOAO010A:10A:010MF250720:I:17,1,1,1,1,1,0,0,20250720,20251223
GNE:GOAO010A:10A:010MF250720:I:20,1,1,1,1,1,0,0,20250720,20251223
GNE:GOAO010A:10A:010MF250720:I:22,1,1,1,1,1,0,0,20250720,20251223
GNE:GOAO010A:10A:010MF250720:I:25,1,1,1,1,1,0,0,20250720,20251223
GNE:GOAO010A:10A:010MF250720:I:27,1,1,1,1,1,0,0,20250720,20251223
GNE:GOAO010A:10A:010MF250720:I:30,1,1,1,1,1,0,0,20250720,20251223
GNE:GOAO010A:10A:010MF250720:I:32,1,1,1,1,1,0,0,20250720,20251223
GNE:GOAO010A:10A:010MF250720:I:35,1,1,1,1,1,0,0,20250720,20251223
GNE:GOAO010A:10A:010MF250720:I:37,1,1,1,1,1,0,0,20250720,20251223
GNE:GOAO010A:10A:010MF250720:I:40,1,1,1,1,1,0,0,20250720,20251223
GNE:GOAO010A:10A:010MF250720:I:41,0,0,0,0,0,0,0,20250720,20251223
GNE:GOAO010A:10A:010MF250720:I:43,1,1,1,1,1,0,0,20250720,20251223
GNE:GOAO010A:10A:010MF250720:I:46,1,1,1,1,1,0,0,20250720,20251223
GNE:GOAO010A:10A:010MF250720:I:48,1,1,1,1,1,0,0,20250720,20251223
GNE:GOAO010A:10A:010MF250720:I:51,1,1,1,1,1,0,0,20250720,20251223
GNE:GOAO010A:10A:010MF250720:I:53,1,1,1,1,1,0,0,20250720,20251223
GNE:GOAO010A:10A:010MF250720:I:56,1,1,1,1,1,0,0,20250720,20251223
GNE:GOAO010A:10A:010MF250720:I:58,1,1,1,1,1,0,0,20250720,20251223
GNE:GOAO010A:10A:010MF250720:I:62,1,1,1,1,1,0,0,20250720,20251223
GNE:GOAO010A:10A:010MF250720:I:64,1,1,1,1,1,0,0,20250720,20251223
GNE:GOAO010A:10A:010MF250720:I:68,1,1,1,1,1,0,0,20250720,20251223
GNE:GOAO010A:10A:010MF250720:I:70,1,1,1,1,1,0,0,20250720,20251223
GNE:GOAO010A:10A:010MF250720:I:72,1,1,1,1,1,0,0,20250720,20251223
GNE:GOAO010A:10A:010MF250720:I:76,1,1,1,1,1,0,0,20250720,20251223
GNE:GOAO010A:10A:010MF250720:I:79,0,0,0,0,0,0,0,20250720,20251223
GNE:GOAO010A:10A:010MF250720:I:80,1,1,1,1,1,0,0,20250720,20251223
GNE:GOAO010A:10A:010MF250720:I:82,1,1,1,1,1,0,0,20250720,20251223
GNE:GOAO010A:10A:010SA250720:O:1,0,0,0,0,0,1,0,20250720,20251223
GNE:GOAO010A:10A:010SA250720:O:4,0,0,0,0,0,1,0,20250720,20251223
GNE:GOAO010A:10A:010SA250720:O:6,0,0,0,0,0,1,0,20250720,20251223
GNE:GOAO010A:10A:010SA250720:O:8,0,0,0,0,0,1,0,20250720,20251223
GNE:GOAO010A:10A:010SA250720:O:10,0,0,0,0,0,1,0,20250720,20251223
GNE:GOAO010A:10A:010SA250720:O:12,0,0,0,0,0,1,0,20250720,20251223
GNE:GOAO010A:10A:010SA250720:O:15,0,0,0,0,0,1,0,20250720,20251223
GNE:GOAO010A:10A:010SA250720:O:17,0,0,0,0,0,1,0,20250720,20251223
GNE:GOAO010A:10A:010SA250720:O:20,0,0,0,0,0,1,0,20250720,20251223
GNE:GOAO010A:10A:010SA250720:O:22,0,0,0,0,0,1,0,20250720,20251223
GNE:GOAO010A:10A:010SA250720:O:25,0,0,0,0,0,1,0,20250720,20251223
GNE:GOAO010A:10A:010SA250720:O:27,0,0,0,0,0,1,0,20250720,20251223
GNE:GOAO010A:10A:010SA250720:O:30,0,0,0,0,0,1,0,20250720,20251223
GNE:GOAO010A:10A:010SA250720:O:32,0,0,0,0,0,1,0,20250720,20251223
GNE:GOAO010A:10A:010SA250720:O:35,0,0,0,0,0,1,0,20250720,20251223
GNE:GOAO010A:10A:010SA250720:O:37,0,0,0,0,0,1,0,20250720,20251223
GNE:GOAO010A:10A:010SA250720:O:40,0,0,0,0,0,1,0,20250720,20251223
GNE:GOAO010A:10A:010SA250720:O:42,0,0,0,0,0,1,0,20250720,20251223
GNE:GOAO010A:10A:010SA250720:O:45,0,0,0,0,0,1,0,20250720,20251223
GNE:GOAO010A:10A:010SA250720:O:47,0,0,0,0,0,1,0,20250720,20251223
GNE:GOAO010A:10A:010SA250720:O:50,0,0,0,0,0,1,0,20250720,20251223
GNE:GOAO010A:10A:010SA250720:O:52,0,0,0,0,0,1,0,20250720,20251223
GNE:GOAO010A:10A:010SA250720:O:55,0,0,0,0,0,1,0,20250720,20251223
GNE:GOAO010A:10A:010SA250720:O:59,0,0,0,0,0,1,0,20250720,20251223
GNE:GOAO010A:10A:010SA250720:O:62,0,0,0,0,0,1,0,20250720,20251223
GNE:GOAO010A:10A:010SA250720:O:65,0,0,0,0,0,1,0,20250720,20251223
GNE:GOAO010A:10A:010SA250720:O:68,0,0,0,0,0,1,0,20250720,20251223
GNE:GOAO010A:10A:010SA250720:O:71,0,0,0,0,0,1,0,20250720,20251223
GNE:GOAO010A:10A:010SA250720:O:74,0,0,0,0,0,1,0,20250720,20251223
GNE:GOAO010A:10A:010SA250720:O:76,0,0,0,0,0,1,0,20250720,20251223
GNE:GOAO010A:10A:010SA250720:I:6,0,0,0,0,0,1,0,20250720,20251223
GNE:GOAO010A:10A:010SA250720:I:9,0,0,0,0,0,1,0,20250720,20251223
GNE:GOAO010A:10A:010SA250720:I:13,0,0,0,0,0,1,0,20250720,20251223
GNE:GOAO010A:10A:010SA250720:I:16,0,0,0,0,0,1,0,20250720,20251223
GNE:GOAO010A:10A:010SA250720:I:18,0,0,0,0,0,1,0,20250720,20251223
GNE:GOAO010A:10A:010SA250720:I:21,0,0,0,0,0,1,0,20250720,20251223
GNE:GOAO010A:10A:010SA250720:I:23,0,0,0,0,0,1,0,20250720,20251223
GNE:GOAO010A:10A:010SA250720:I:26,0,0,0,0,0,1,0,20250720,20251223
GNE:GOAO010A:10A:010SA250720:I:28,0,0,0,0,0,1,0,20250720,20251223
GNE:GOAO010A:10A:010SA250720:I:31,0,0,0,0,0,1,0,20250720,20251223
GNE:GOAO010A:10A:010SA250720:I:33,0,0,0,0,0,1,0,20250720,20251223
GNE:GOAO010A:10A:010SA250720:I:36,0,0,0,0,0,1,0,20250720,20251223
GNE:GOAO010A:10A:010SA250720:I:38,0,0,0,0,0,1,0,20250720,20251223
GNE:GOAO010A:10A:010SA250720:I:41,0,0,0,0,0,1,0,20250720,20251223
GNE:GOAO010A:10A:010SA250720:I:43,0,0,0,0,0,1,0,20250720,20251223
GNE:GOAO010A:10A:010SA250720:I:46,0,0,0,0,0,1,0,20250720,20251223
GNE:GOAO010A:10A:010SA250720:I:48,0,0,0,0,0,1,0,20250720,20251223
GNE:GOAO010A:10A:010SA250720:I:51,0,0,0,0,0,1,0,20250720,20251223
GNE:GOAO010A:10A:010SA250720:I:53,0,0,0,0,0,1,0,20250720,20251223
GNE:GOAO010A:10A:010SA250720:I:56,0,0,0,0,0,1,0,20250720,20251223
GNE:GOAO010A:10A:010SA250720:I:58,0,0,0,0,0,1,0,20250720,20251223
GNE:GOAO010A:10A:010SA250720:I:62,0,0,0,0,0,1,0,20250720,20251223
GNE:GOAO010A:10A:010SA250720:I:66,0,0,0,0,0,1,0,20250720,20251223
GNE:GOAO010A:10A:010SA250720:I:69,0,0,0,0,0,1,0,20250720,20251223
GNE:GOAO010A:10A:010SA250720:I:72,0,0,0,0,0,1,0,20250720,20251223
GNE:GOAO010A:10A:010SA250720:I:74,0,0,0,0,0,1,0,20250720,20251223
GNE:GOAO010A:10A:010SU250720:O:1,0,0,0,0,0,0,1,20250720,20251223
GNE:GOAO010A:10A:010SU250720:O:3,0,0,0,0,0,0,1,20250720,20251223
GNE:GOAO010A:10A:010SU250720:O:5,0,0,0,0,0,0,1,20250720,20251223
GNE:GOAO010A:10A:010SU250720:O:8,0,0,0,0,0,0,1,20250720,20251223
GNE:GOAO010A:10A:010SU250720:O:11,0,0,0,0,0,0,1,20250720,20251223
GNE:GOAO010A:10A:010SU250720:O:14,0,0,0,0,0,0,1,20250720,20251223
GNE:GOAO010A:10A:010SU250720:O:17,0,0,0,0,0,0,1,20250720,20251223
GNE:GOAO010A:10A:010SU250720:O:20,0,0,0,0,0,0,1,20250720,20251223
GNE:GOAO010A:10A:010SU250720:O:23,0,0,0,0,0,0,1,20250720,20251223
GNE:GOAO010A:10A:010SU250720:O:26,0,0,0,0,0,0,1,20250720,20251223
GNE:GOAO010A:10A:010SU250720:O:29,0,0,0,0,0,0,1,20250720,20251223
GNE:GOAO010A:10A:010SU250720:O:32,0,0,0,0,0,0,1,20250720,20251223
GNE:GOAO010A:10A:010SU250720:O:35,0,0,0,0,0,0,1,20250720,20251223
GNE:GOAO010A:10A:010SU250720:O:38,0,0,0,0,0,0,1,20250720,20251223
GNE:GOAO010A:10A:010SU250720:O:40,0,0,0,0,0,0,1,20250720,20251223
GNE:GOAO010A:10A:010SU250720:O:42,0,0,0,0,0,0,1,20250720,20251223
GNE:GOAO010A:10A:010SU250720:O:44,0,0,0,0,0,0,1,20250720,20251223
GNE:GOAO010A:10A:010SU250720:O:46,0,0,0,0,0,0,1,20250720,20251223
GNE:GOAO010A:10A:010SU250720:I:6,0,0,0,0,0,0,1,20250720,20251223
GNE:GOAO010A:10A:010SU250720:I:9,0,0,0,0,0,0,1,20250720,20251223
GNE:GOAO010A:10A:010SU250720:I:12,0,0,0,0,0,0,1,20250720,20251223
GNE:GOAO010A:10A:010SU250720:I:15,0,0,0,0,0,0,1,20250720,20251223
GNE:GOAO010A:10A:010SU250720:I:18,0,0,0,0,0,0,1,20250720,20251223
GNE:GOAO010A:10A:010SU250720:I:21,0,0,0,0,0,0,1,20250720,20251223
GNE:GOAO010A:10A:010SU250720:I:24,0,0,0,0,0,0,1,20250720,20251223
GNE:GOAO010A:10A:010SU250720:I:27,0,0,0,0,0,0,1,20250720,20251223
GNE:GOAO010A:10A:010SU250720:I:30,0,0,0,0,0,0,1,20250720,20251223
GNE:GOAO010A:10A:010SU250720:I:33,0,0,0,0,0,0,1,20250720,20251223
GNE:GOAO010A:10A:010SU250720:I:36,0,0,0,0,0,0,1,20250720,20251223
GNE:GOAO010A:10A:010SU250720:I:39,0,0,0,0,0,0,1,20250720,20251223
GNE:GOAO010A:10A:010SU250720:I:41,0,0,0,0,0,0,1,20250720,20251223
GNE:GOAO010A:10A:010SU250720:I:43,0,0,0,0,0,0,1,20250720,20251223
GNE:GOAO010B:10B:010MF250720:O:7,1,1,1,1,1,0,0,20250720,20251223
GNE:GOAO010B:10B:010MF250720:O:13,1,1,1,1,1,0,0,20250720,20251223
GNE:GOAO010B:10B:010MF250720:O:22,1,1,1,1,1,0,0,20250720,20251223
GNE:GOAO010B:10B:010MF250720:O:27,1,1,1,1,1,0,0,20250720,20251223
GNE:GOAO010B:10B:010MF250720:O:32,1,1,1,1,1,0,0,20250720,20251223
GNE:GOAO010B:10B:010MF250720:O:37,1,1,1,1,1,0,0,20250720,20251223
GNE:GOAO010B:10B:010MF250720:O:42,1,1,1,1,1,0,0,20250720,20251223
GNE:GOAO010B:10B:010MF250720:O:47,1,1,1,1,1,0,0,20250720,20251223
GNE:GOAO010B:10B:010MF250720:O:54,0,0,0,0,0,0,0,20250720,20251223
GNE:GOAO010B:10B:010MF250720:O:55,1,1,1,1,1,0,0,20250720,20251223
GNE:GOAO010B:10B:010MF250720:O:60,1,1,1,1,1,0,0,20250720,20251223
GNE:GOAO010B:10B:010MF250720:O:65,1,1,1,1,1,0,0,20250720,20251223
GNE:GOAO010B:10B:010MF250720:O:69,1,1,1,1,1,0,0,20250720,20251223
GNE:GOAO010B:10B:010MF250720:O:73,1,1,1,1,1,0,0,20250720,20251223
GNE:GOAO010B:10B:010MF250720:O:79,1,1,1,1,1,0,0,20250720,20251223
GNE:GOAO010B:10B:010MF250720:O:82,0,0,0,0,0,0,0,20250720,20251223
GNE:GOAO010B:10B:010MF250720:O:83,1,1,1,1,1,0,0,20250720,20251223
GNE:GOAO010B:10B:010MF250720:O:86,1,1,1,1,1,0,0,20250720,20251223
GNE:GOAO010B:10B:010MF250720:O:90,1,1,1,1,1,0,0,20250720,20251223
GNE:GOAO010B:10B:010MF250720:I:9,1,1,1,1,1,0,0,20250720,20251223
GNE:GOAO010B:10B:010MF250720:I:14,1,1,1,1,1,0,0,20250720,20251223
GNE:GOAO010B:10B:010MF250720:I:19,1,1,1,1,1,0,0,20250720,20251223
GNE:GOAO010B:10B:010MF250720:I:24,1,1,1,1,1,0,0,20250720,20251223
GNE:GOAO010B:10B:010MF250720:I:29,1,1,1,1,1,0,0,20250720,20251223
GNE:GOAO010B:10B:010MF250720:I:34,1,1,1,1,1,0,0,20250720,20251223
GNE:GOAO010B:10B:010MF250720:I:39,1,1,1,1,1,0,0,20250720,20251223
GNE:GOAO010B:10B:010MF250720:I:45,1,1,1,1,1,0,0,20250720,20251223
GNE:GOAO010B:10B:010MF250720:I:50,1,1,1,1,1,0,0,20250720,20251223
GNE:GOAO010B:10B:010MF250720:I:55,1,1,1,1,1,0,0,20250720,20251223
GNE:GOAO010B:10B:010MF250720:I:61,1,1,1,1,1,0,0,20250720,20251223
GNE:GOAO010B:10B:010MF250720:I:66,1,1,1,1,1,0,0,20250720,20251223
GNE:GOAO010B:10B:010MF250720:I:69,1,1,1,1,1,0,0,20250720,20251223
GNE:GOAO010B:10B:010MF250720:I:73,0,0,0,0,0,0,0,20250720,20251223
GNE:GOAO010B:10B:010MF250720:I:74,1,1,1,1,1,0,0,20250720,20251223
GNE:GOAO010B:10B:010MF250720:I:77,1,1,1,1,1,0,0,20250720,20251223
GNE:GOAO010B:10B:010MF250720:I:81,1,1,1,1,1,0,0,20250720,20251223
GNE:GOAO010B:10B:010SA250720:O:2,0,0,0,0,0,1,0,20250720,20251223
GNE:GOAO010B:10B:010SA250720:O:5,0,0,0,0,0,1,0,20250720,20251223
GNE:GOAO010B:10B:010SA250720:O:9,0,0,0,0,0,1,0,20250720,20251223
GNE:GOAO010B:10B:010SA250720:O:13,0,0,0,0,0,1,0,20250720,20251223
GNE:GOAO010B:10B:010SA250720:O:18,0,0,0,0,0,1,0,20250720,20251223
GNE:GOAO010B:10B:010SA250720:O:23,0,0,0,0,0,1,0,20250720,20251223
GNE:GOAO010B:10B:010SA250720:O:28,0,0,0,0,0,1,0,20250720,20251223
GNE:GOAO010B:10B:010SA250720:O:33,0,0,0,0,0,1,0,20250720,20251223
GNE:GOAO010B:10B:010SA250720:O:38,0,0,0,0,0,1,0,20250720,20251223
GNE:GOAO010B:10B:010SA250720:O:43,0,0,0,0,0,1,0,20250720,20251223
GNE:GOAO010B:10B:010SA250720:O:48,0,0,0,0,0,1,0,20250720,20251223
GNE:GOAO010B:10B:010SA250720:O:53,0,0,0,0,0,1,0,20250720,20251223
GNE:GOAO010B:10B:010SA250720:O:57,0,0,0,0,0,1,0,20250720,20251223
GNE:GOAO010B:10B:010SA250720:O:61,0,0,0,0,0,1,0,20250720,20251223
GNE:GOAO010B:10B:010SA250720:O:66,0,0,0,0,0,1,0,20250720,20251223
GNE:GOAO010B:10B:010SA250720:O:69,0,0,0,0,0,1,0,20250720,20251223
GNE:GOAO010B:10B:010SA250720:O:72,0,0,0,0,0,1,0,20250720,20251223
GNE:GOAO010B:10B:010SA250720:O:75,0,0,0,0,0,1,0,20250720,20251223
GNE:GOAO010B:10B:010SA250720:I:2,0,0,0,0,0,1,0,20250720,20251223
GNE:GOAO010B:10B:010SA250720:I:7,0,0,0,0,0,1,0,20250720,20251223
GNE:GOAO010B:10B:010SA250720:I:11,0,0,0,0,0,1,0,20250720,20251223
GNE:GOAO010B:10B:010SA250720:I:15,0,0,0,0,0,1,0,20250720,20251223
GNE:GOAO010B:10B:010SA250720:I:20,0,0,0,0,0,1,0,20250720,20251223
GNE:GOAO010B:10B:010SA250720:I:25,0,0,0,0,0,1,0,20250720,20251223
GNE:GOAO010B:10B:010SA250720:I:30,0,0,0,0,0,1,0,20250720,20251223
GNE:GOAO010B:10B:010SA250720:I:35,0,0,0,0,0,1,0,20250720,20251223
GNE:GOAO010B:10B:010SA250720:I:40,0,0,0,0,0,1,0,20250720,20251223
GNE:GOAO010B:10B:010SA250720:I:45,0,0,0,0,0,1,0,20250720,20251223
GNE:GOAO010B:10B:010SA250720:I:50,0,0,0,0,0,1,0,20250720,20251223
GNE:GOAO010B:10B:010SA250720:I:55,0,0,0,0,0,1,0,20250720,20251223
GNE:GOAO010B:10B:010SA250720:I:60,0,0,0,0,0,1,0,20250720,20251223
GNE:GOAO010B:10B:010SA250720:I:64,0,0,0,0,0,1,0,20250720,20251223
GNE:GOAO010B:10B:010SA250720:I:67,0,0,0,0,0,1,0,20250720,20251223
GNE:GOAO010B:10B:010SA250720:I:70,0,0,0,0,0,1,0,20250720,20251223
GNE:GOAO010B:10B:010SA250720:I:73,0,0,0,0,0,1,0,20250720,20251223
GNE:GOAO010B:10B:010SU250720:O:2,0,0,0,0,0,0,1,20250720,20251223
GNE:GOAO010B:10B:010SU250720:O:6,0,0,0,0,0,0,1,20250720,20251223
GNE:GOAO010B:10B:010SU250720:O:9,0,0,0,0,0,0,1,20250720,20251223
GNE:GOAO010B:10B:010SU250720:O:12,0,0,0,0,0,0,1,20250720,20251223
GNE:GOAO010B:10B:010SU250720:O:15,0,0,0,0,0,0,1,20250720,20251223
GNE:GOAO010B:10B:010SU250720:O:18,0,0,0,0,0,0,1,20250720,20251223
GNE:GOAO010B:10B:010SU250720:O:21,0,0,0,0,0,0,1,20250720,20251223
GNE:GOAO010B:10B:010SU250720:O:24,0,0,0,0,0,0,1,20250720,20251223
GNE:GOAO010B:10B:010SU250720:O:27,0,0,0,0,0,0,1,20250720,20251223
GNE:GOAO010B:10B:010SU250720:O:30,0,0,0,0,0,0,1,20250720,20251223
GNE:GOAO010B:10B:010SU250720:O:33,0,0,0,0,0,0,1,20250720,20251223
GNE:GOAO010B:10B:010SU250720:O:36,0,0,0,0,0,0,1,20250720,20251223
GNE:GOAO010B:10B:010SU250720:I:4,0,0,0,0,0,0,1,20250720,20251223
GNE:GOAO010B:10B:010SU250720:I:7,0,0,0,0,0,0,1,20250720,20251223
GNE:GOAO010B:10B:010SU250720:I:10,0,0,0,0,0,0,1,20250720,20251223
GNE:GOAO010B:10B:010SU250720:I:13,0,0,0,0,0,0,1,20250720,20251223
GNE:GOAO010B:10B:010SU250720:I:16,0,0,0,0,0,0,1,20250720,20251223
GNE:GOAO010B:10B:010SU250720:I:19,0,0,0,0,0,0,1,20250720,20251223
GNE:GOAO010B:10B:010SU250720:I:22,0,0,0,0,0,0,1,20250720,20251223
GNE:GOAO010B:10B:010SU250720:I:25,0,0,0,0,0,0,1,20250720,20251223
GNE:GOAO010B:10B:010SU250720:I:28,0,0,0,0,0,0,1,20250720,20251223
GNE:GOAO010B:10B:010SU250720:I:31,0,0,0,0,0,0,1,20250720,20251223
GNE:GOAO010B:10B:010SU250720:I:34,0,0,0,0,0,0,1,20250720,20251223
GNE:GOAO010B:10B:010SU250720:I:37,0,0,0,0,0,0,1,20250720,20251223
GNE:GOAO012:12:012MF250720:O:1,1,1,1,1,1,0,0,20250720,20251223
GNE:GOAO012:12:012MF250720:O:2,1,1,1,1,1,0,0,20250720,20251223
GNE:GOAO012:12:012MF250720:O:3,1,1,1,1,1,0,0,20250720,20251223
GNE:GOAO012:12:012MF250720:O:4,1,1,1,1,1,0,0,20250720,20251223
GNE:GOAO012:12:012MF250720:O:5,1,1,1,1,1,0,0,20250720,20251223
GNE:GOAO012:12:012MF250720:O:6,1,1,1,1,1,0,0,20250720,20251223
GNE:GOAO012:12:012MF250720:O:7,1,1,1,1,1,0,0,20250720,20251223
GNE:GOAO012:12:012MF250720:O:8,1,1,1,1,1,0,0,20250720,20251223
GNE:GOAO012:12:012MF250720:O:9,1,1,1,1,1,0,0,20250720,20251223
GNE:GOAO012:12:012MF250720:O:10,1,1,1,1,1,0,0,20250720,20251223
GNE:GOAO012:12:012MF250720:O:11,1,1,1,1,1,0,0,20250720,20251223
GNE:GOAO012:12:012MF250720:O:12,1,1,1,1,1,0,0,20250720,20251223
GNE:GOAO012:12:012MF250720:O:13,1,1,1,1,1,0,0,20250720,20251223
GNE:GOAO012:12:012MF250720:O:14,1,1,1,1,1,0,0,20250720,20251223
GNE:GOAO012:12:012MF250720:O:15,1,1,1,1,1,0,0,20250720,20251223
GNE:GOAO012:12:012MF250720:O:16,1,1,1,1,1,0,0,20250720,20251223
GNE:GOAO012:12:012MF250720:O:17,1,1,1,1,1,0,0,20250720,20251223
GNE:GOAO012:12:012MF250720:O:18,1,1,1,1,1,0,0,20250720,20251223
GNE:GOAO012:12:012MF250720:O:19,1,1,1,1,1,0,0,20250720,20251223
GNE:GOAO012:12:012MF250720:O:20,0,0,0,0,0,0,0,20250720,20251223
GNE:GOAO012:12:012MF250720:O:21,1,1,1,1,1,0,0,20250720,20251223
GNE:GOAO012:12:012MF250720:O:22,1,1,1,1,1,0,0,20250720,20251223
GNE:GOAO012:12:012MF250720:O:23,1,1,1,1,1,0,0,20250720,20251223
GNE:GOAO012:12:012MF250720:O:24,1,1,1,1,1,0,0,20250720,20251223
GNE:GOAO012:12:012MF250720:O:25,1,1,1,1,1,0,0,20250720,20251223
GNE:GOAO012:12:012MF250720:O:26,1,1,1,1,1,0,0,20250720,20251223
GNE:GOAO012:12:012MF250720:O:27,1,1,1,1,1,0,0,20250720,20251223
GNE:GOAO012:12:012MF250720:O:28,1,1,1,1,1,0,0,20250720,20251223
GNE:GOAO012:12:012MF250720:O:29,1,1,1,1,1,0,0,20250720,20251223
GNE:GOAO012:12:012MF250720:O:30,1,1,1,1,1,0,0,20250720,20251223
GNE:GOAO012:12:012MF250720:O:31,1,1,1,1,1,0,0,20250720,20251223
GNE:GOAO012:12:012MF250720:I:1,1,1,1,1,1,0,0,20250720,20251223
GNE:GOAO012:12:012MF250720:I:2,1,1,1,1,1,0,0,20250720,20251223
GNE:GOAO012:12:012MF250720:I:3,1,1,1,1,1,0,0,20250720,20251223
GNE:GOAO012:12:012MF250720:I:4,1,1,1,1,1,0,0,20250720,20251223
GNE:GOAO012:12:012MF250720:I:5,1,1,1,1,1,0,0,20250720,20251223
GNE:GOAO012:12:012MF250720:I:6,1,1,1,1,1,0,0,20250720,20251223
GNE:GOAO012:12:012MF250720:I:7,1,1,1,1,1,0,0,20250720,20251223
GNE:GOAO012:12:012MF250720:I:8,1,1,1,1,1,0,0,20250720,20251223
GNE:GOAO012:12:012MF250720:I:9,1,1,1,1,1,0,0,20250720,20251223
GNE:GOAO012:12:012MF250720:I:10,1,1,1,1,1,0,0,20250720,20251223
GNE:GOAO012:12:012MF250720:I:11,1,1,1,1,1,0,0,20250720,20251223
GNE:GOAO012:12:012MF250720:I:12,1,1,1,1,1,0,0,20250720,20251223
GNE:GOAO012:12:012MF250720:I:13,1,1,1,1,1,0,0,20250720,20251223
GNE:GOAO012:12:012MF250720:I:14,1,1,1,1,1,0,0,20250720,20251223
GNE:GOAO012:12:012MF250720:I:15,1,1,1,1,1,0,0,20250720,20251223
GNE:GOAO012:12:012MF250720:I:16,1,1,1,1,1,0,0,20250720,20251223
GNE:GOAO012:12:012MF250720:I:17,1,1,1,1,1,0,0,20250720,20251223
GNE:GOAO012:12:012MF250720:I:18,1,1,1,1,1,0,0,20250720,20251223
GNE:GOAO012:12:012MF250720:I:19,1,1,1,1,1,0,0,20250720,20251223
GNE:GOAO012:12:012MF250720:I:20,1,1,1,1,1,0,0,20250720,20251223
GNE:GOAO012:12:012MF250720:I:21,1,1,1,1,1,0,0,20250720,20251223
GNE:GOAO012:12:012MF250720:I:22,1,1,1,1,1,0,0,20250720,20251223
GNE:GOAO012:12:012MF250720:I:23,1,1,1,1,1,0,0,20250720,20251223
GNE:GOAO012:12:012MF250720:I:24,0,0,0,0,0,0,0,20250720,20251223
GNE:GOAO012:12:012MF250720:I:25,1,1,1,1,1,0,0,20250720,20251223
GNE:GOAO012:12:012MF250720:I:26,1,1,1,1,1,0,0,20250720,20251223
GNE:GOAO012:12:012MF250720:I:27,1,1,1,1,1,0,0,20250720,20251223
GNE:GOAO012:12:012MF250720:I:28,1,1,1,1,1,0,0,20250720,20251223
GNE:GOAO012:12:012MF250720:I:29,1,1,1,1,1,0,0,20250720,20251223
GNE:GOAO012:12:012MF250720:I:30,1,1,1,1,1,0,0,20250720,20251223
GNE:GOAO012:12:012MF250720:I:31,1,1,1,1,1,0,0,20250720,20251223
GNE:GOAO012:12:012MF250720:I:32,1,1,1,1,1,0,0,20250720,20251223
GNE:GOAO012:12:012MF250720:I:33,1,1,1,1,1,0,0,20250720,20251223
GNE:GOAO012:12:012SA250720:O:1,0,0,0,0,0,1,0,20250720,20251223
GNE:GOAO012:12:012SA250720:O:2,0,0,0,0,0,1,0,20250720,20251223
GNE:GOAO012:12:012SA250720:O:3,0,0,0,0,0,1,0,20250720,20251223
GNE:GOAO012:12:012SA250720:O:4,0,0,0,0,0,1,0,20250720,20251223
GNE:GOAO012:12:012SA250720:O:5,0,0,0,0,0,1,0,20250720,20251223
GNE:GOAO012:12:012SA250720:O:6,0,0,0,0,0,1,0,20250720,20251223
GNE:GOAO012:12:012SA250720:O:7,0,0,0,0,0,1,0,20250720,20251223
GNE:GOAO012:12:012SA250720:O:8,0,0,0,0,0,1,0,20250720,20251223
GNE:GOAO012:12:012SA250720:O:9,0,0,0,0,0,1,0,20250720,20251223
GNE:GOAO012:12:012SA250720:O:10,0,0,0,0,0,1,0,20250720,20251223
GNE:GOAO012:12:012SA250720:O:11,0,0,0,0,0,1,0,20250720,20251223
GNE:GOAO012:12:012SA250720:O:12,0,0,0,0,0,1,0,20250720,20251223
GNE:GOAO012:12:012SA250720:O:13,0,0,0,0,0,1,0,20250720,20251223
GNE:GOAO012:12:012SA250720:O:14,0,0,0,0,0,1,0,20250720,20251223
GNE:GOAO012:12:012SA250720:O:15,0,0,0,0,0,1,0,20250720,20251223
GNE:GOAO012:12:012SA250720:O:16,0,0,0,0,0,1,0,20250720,20251223
GNE:GOAO012:12:012SA250720:O:17,0,0,0,0,0,1,0,20250720,20251223
GNE:GOAO012:12:012SA250720:O:18,0,0,0,0,0,1,0,20250720,20251223
GNE:GOAO012:12:012SA250720:O:19,0,0,0,0,0,1,0,20250720,20251223
GNE:GOAO012:12:012SA250720:O:20,0,0,0,0,0,1,0,20250720,20251223
GNE:GOAO012:12:012SA250720:O:21,0,0,0,0,0,1,0,20250720,20251223
GNE:GOAO012:12:012SA250720:O:22,0,0,0,0,0,1,0,20250720,20251223
GNE:GOAO012:12:012SA250720:O:23,0,0,0,0,0,1,0,20250720,20251223
GNE:GOAO012:12:012SA250720:O:24,0,0,0,0,0,1,0,20250720,20251223
GNE:GOAO012:12:012SA250720:O:25,0,0,0,0,0,1,0,20250720,20251223
GNE:GOAO012:12:012SA250720:O:26,0,0,0,0,0,1,0,20250720,20251223
GNE:GOAO012:12:012SA250720:O:27,0,0,0,0,0,1,0,20250720,20251223
GNE:GOAO012:12:012SA250720:O:28,0,0,0,0,0,1,0,20250720,20251223
GNE:GOAO012:12:012SA250720:O:29,0,0,0,0,0,1,0,20250720,20251223
GNE:GOAO012:12:012SA250720:I:1,0,0,0,0,0,1,0,20250720,20251223
GNE:GOAO012:12:012SA250720:I:2,0,0,0,0,0,1,0,20250720,20251223
GNE:GOAO012:12:012SA250720:I:3,0,0,0,0,0,1,0,20250720,20251223
GNE:GOAO012:12:012SA250720:I:4,0,0,0,0,0,1,0,20250720,20251223
GNE:GOAO012:12:012SA250720:I:5,0,0,0,0,0,1,0,20250720,20251223
GNE:GOAO012:12:012SA250720:I:6,0,0,0,0,0,1,0,20250720,20251223
GNE:GOAO012:12:012SA250720:I:7,0,0,0,0,0,1,0,20250720,20251223
GNE:GOAO012:12:012SA250720:I:8,0,0,0,0,0,1,0,20250720,20251223
GNE:GOAO012:12:012SA250720:I:9,0,0,0,0,0,1,0,20250720,20251223
GNE:GOAO012:12:012SA250720:I:10,0,0,0,0,0,1,0,20250720,20251223
GNE:GOAO012:12:012SA250720:I:11,0,0,0,0,0,1,0,20250720,20251223
GNE:GOAO012:12:012SA250720:I:12,0,0,0,0,0,1,0,20250720,20251223
GNE:GOAO012:12:012SA250720:I:13,0,0,0,0,0,1,0,20250720,20251223
GNE:GOAO012:12:012SA250720:I:14,0,0,0,0,0,1,0,20250720,20251223
GNE:GOAO012:12:012SA250720:I:15,0,0,0,0,0,1,0,20250720,20251223
GNE:GOAO012:12:012SA250720:I:16,0,0,0,0,0,1,0,20250720,20251223
GNE:GOAO012:12:012SA250720:I:17,0,0,0,0,0,1,0,20250720,20251223
GNE:GOAO012:12:012SA250720:I:18,0,0,0,0,0,1,0,20250720,20251223
GNE:GOAO012:12:012SA250720:I:19,0,0,0,0,0,1,0,20250720,20251223
GNE:GOAO012:12:012SA250720:I:20,0,0,0,0,0,1,0,20250720,20251223
GNE:GOAO012:12:012SA250720:I:21,0,0,0,0,0,1,0,20250720,20251223
GNE:GOAO012:12:012SA250720:I:22,0,0,0,0,0,1,0,20250720,20251223
GNE:GOAO012:12:012SA250720:I:23,0,0,0,0,0,1,0,20250720,20251223
GNE:GOAO012:12:012SA250720:I:24,0,0,0,0,0,1,0,20250720,20251223
GNE:GOAO012:12:012SA250720:I:25,0,0,0,0,0,1,0,20250720,20251223
GNE:GOAO012:12:012SA250720:I:26,0,0,0,0,0,1,0,20250720,20251223
GNE:GOAO012:12:012SA250720:I:27,0,0,0,0,0,1,0,20250720,20251223
GNE:GOAO012:12:012SA250720:I:28,0,0,0,0,0,1,0,20250720,20251223
GNE:GOAO012:12:012SA250720:I:29,0,0,0,0,0,1,0,20250720,20251223
GNE:GOAO012:12:012SA250720:I:30,0,0,0,0,0,1,0,20250720,20251223
GNE:GOAO012:12:012SU250720:O:1,0,0,0,0,0,0,1,20250720,20251223
GNE:GOAO012:12:012SU250720:O:2,0,0,0,0,0,0,1,20250720,20251223
GNE:GOAO012:12:012SU250720:O:3,0,0,0,0,0,0,1,20250720,20251223
GNE:GOAO012:12:012SU250720:O:4,0,0,0,0,0,0,1,20250720,20251223
GNE:GOAO012:12:012SU250720:O:5,0,0,0,0,0,0,1,20250720,20251223
GNE:GOAO012:12:012SU250720:O:6,0,0,0,0,0,0,1,20250720,20251223
GNE:GOAO012:12:012SU250720:O:7,0,0,0,0,0,0,1,20250720,20251223
GNE:GOAO012:12:012SU250720:O:8,0,0,0,0,0,0,1,20250720,20251223
GNE:GOAO012:12:012SU250720:O:9,0,0,0,0,0,0,1,20250720,20251223
GNE:GOAO012:12:012SU250720:O:10,0,0,0,0,0,0,1,20250720,20251223
GNE:GOAO012:12:012SU250720:O:11,0,0,0,0,0,0,1,20250720,20251223
GNE:GOAO012:12:012SU250720:O:12,0,0,0,0,0,0,1,20250720,20251223
GNE:GOAO012:12:012SU250720:O:13,0,0,0,0,0,0,1,20250720,20251223
GNE:GOAO012:12:012SU250720:O:14,0,0,0,0,0,0,1,20250720,20251223
GNE:GOAO012:12:012SU250720:O:15,0,0,0,0,0,0,1,20250720,20251223
GNE:GOAO012:12:012SU250720:O:16,0,0,0,0,0,0,1,20250720,20251223
GNE:GOAO012:12:012SU250720:O:17,0,0,0,0,0,0,1,20250720,20251223
GNE:GOAO012:12:012SU250720:I:1,0,0,0,0,0,0,1,20250720,20251223
GNE:GOAO012:12:012SU250720:I:2,0,0,0,0,0,0,1,20250720,20251223
GNE:GOAO012:12:012SU250720:I:3,0,0,0,0,0,0,1,20250720,20251223
GNE:GOAO012:12:012SU250720:I:4,0,0,0,0,0,0,1,20250720,20251223
GNE:GOAO012:12:012SU250720:I:5,0,0,0,0,0,0,1,20250720,20251223
GNE:GOAO012:12:012SU250720:I:6,0,0,0,0,0,0,1,20250720,20251223
GNE:GOAO012:12:012SU250720:I:7,0,0,0,0,0,0,1,20250720,20251223
GNE:GOAO012:12:012SU250720:I:8,0,0,0,0,0,0,1,20250720,20251223
GNE:GOAO012:12:012SU250720:I:9,0,0,0,0,0,0,1,20250720,20251223
GNE:GOAO012:12:012SU250720:I:10,0,0,0,0,0,0,1,20250720,20251223
GNE:GOAO012:12:012SU250720:I:11,0,0,0,0,0,0,1,20250720,20251223
GNE:GOAO012:12:012SU250720:I:12,0,0,0,0,0,0,1,20250720,20251223
GNE:GOAO012:12:012SU250720:I:13,0,0,0,0,0,0,1,20250720,20251223
GNE:GOAO012:12:012SU250720:I:14,0,0,0,0,0,0,1,20250720,20251223
GNE:GOAO012:12:012SU250720:I:15,0,0,0,0,0,0,1,20250720,20251223
GNE:GOAO012:12:012SU250720:I:16,0,0,0,0,0,0,1,20250720,20251223
GNE:GOAO012:12:012SU250720:I:17,0,0,0,0,0,0,1,20250720,20251223
GNE:GOAO012:12:012SU250720:I:18,0,0,0,0,0,0,1,20250720,20251223
GNE:GOAO016:16:016MF250720:O:2,1,1,1,1,1,0,0,20250720,20251223
GNE:GOAO016:16:016MF250720:O:4,1,1,1,1,1,0,0,20250720,20251223
GNE:GOAO016:16:016MF250720:O:6,1,1,1,1,1,0,0,20250720,20251223
GNE:GOAO016:16:016MF250720:O:9,1,1,1,1,1,0,0,20250720,20251223
GNE:GOAO016:16:016MF250720:O:11,1,1,1,1,1,0,0,20250720,20251223
GNE:GOAO016:16:016MF250720:O:13,1,1,1,1,1,0,0,20250720,20251223
GNE:GOAO016:16:016MF250720:O:15,1,1,1,1,1,0,0,20250720,20251223
GNE:GOAO016:16:016MF250720:O:17,1,1,1,1,1,0,0,20250720,20251223
GNE:GOAO016:16:016MF250720:O:19,1,1,1,1,1,0,0,20250720,20251223
GNE:GOAO016:16:016MF250720:O:21,1,1,1,1,1,0,0,20250720,20251223
GNE:GOAO016:16:016MF250720:O:23,1,1,1,1,1,0,0,20250720,20251223
GNE:GOAO016:16:016MF250720:O:25,1,1,1,1,1,0,0,20250720,20251223
GNE:GOAO016:16:016MF250720:O:27,1,1,1,1,1,0,0,20250720,20251223
GNE:GOAO016:16:016MF250720:O:29,1,1,1,1,1,0,0,20250720,20251223
GNE:GOAO016:16:016MF250720:O:31,1,1,1,1,1,0,0,20250720,20251223
GNE:GOAO016:16:016MF250720:O:33,1,1,1,1,1,0,0,20250720,20251223
GNE:GOAO016:16:016MF250720:O:35,1,1,1,1,1,0,0,20250720,20251223
GNE:GOAO016:16:016MF250720:O:37,1,1,1,1,1,0,0,20250720,20251223
GNE:GOAO016:16:016MF250720:O:39,1,1,1,1,1,0,0,20250720,20251223
GNE:GOAO016:16:016MF250720:O:41,1,1,1,1,1,0,0,20250720,20251223
GNE:GOAO016:16:016MF250720:O:43,1,1,1,1,1,0,0,20250720,20251223
GNE:GOAO016:16:016MF250720:O:45,1,1,1,1,1,0,0,20250720,20251223
GNE:GOAO016:16:016MF250720:O:47,1,1,1,1,1,0,0,20250720,20251223
GNE:GOAO016:16:016MF250720:O:48,1,1,1,1,1,0,0,20250720,20251223
GNE:GOAO016:16:016MF250720:O:50,1,1,1,1,1,0,0,20250720,20251223
GNE:GOAO016:16:016MF250720:O:51,1,1,1,1,1,0,0,20250720,20251223
GNE:GOAO016:16:016MF250720:I:1,1,1,1,1,1,0,0,20250720,20251223
GNE:GOAO016:16:016MF250720:I:2,1,1,1,1,1,0,0,20250720,20251223
GNE:GOAO016:16:016MF250720:I:3,1,1,1,1,1,0,0,20250720,20251223
GNE:GOAO016:16:016MF250720:I:4,1,1,1,1,1,0,0,20250720,20251223
GNE:GOAO016:16:016MF250720:I:6,1,1,1,1,1,0,0,20250720,20251223
GNE:GOAO016:16:016MF250720:I:8,1,1,1,1,1,0,0,20250720,20251223
GNE:GOAO016:16:016MF250720:I:10,1,1,1,1,1,0,0,20250720,20251223
GNE:GOAO016:16:016MF250720:I:12,1,1,1,1,1,0,0,20250720,20251223
GNE:GOAO016:16:016MF250720:I:14,1,1,1,1,1,0,0,20250720,20251223
GNE:GOAO016:16:016MF250720:I:16,1,1,1,1,1,0,0,20250720,20251223
GNE:GOAO016:16:016MF250720:I:18,1,1,1,1,1,0,0,20250720,20251223
GNE:GOAO016:16:016MF250720:I:20,1,1,1,1,1,0,0,20250720,20251223
GNE:GOAO016:16:016MF250720:I:22,1,1,1,1,1,0,0,20250720,20251223
GNE:GOAO016:16:016MF250720:I:24,1,1,1,1,1,0,0,20250720,20251223
GNE:GOAO016:16:016MF250720:I:26,1,1,1,1,1,0,0,20250720,20251223
GNE:GOAO016:16:016MF250720:I:28,1,1,1,1,1,0,0,20250720,20251223
GNE:GOAO016:16:016MF250720:I:30,1,1,1,1,1,0,0,20250720,20251223
GNE:GOAO016:16:016MF250720:I:32,1,1,1,1,1,0,0,20250720,20251223
GNE:GOAO016:16:016MF250720:I:34,1,1,1,1,1,0,0,20250720,20251223
GNE:GOAO016:16:016MF250720:I:36,1,1,1,1,1,0,0,20250720,20251223
GNE:GOAO016:16:016MF250720:I:38,1,1,1,1,1,0,0,20250720,20251223
GNE:GOAO016:16:016MF250720:I:40,1,1,1,1,1,0,0,20250720,20251223
GNE:GOAO016:16:016MF250720:I:42,1,1,1,1,1,0,0,20250720,20251223
GNE:GOAO016:16:016MF250720:I:44,1,1,1,1,1,0,0,20250720,20251223
GNE:GOAO016:16:016MF250720:I:46,1,1,1,1,1,0,0,20250720,20251223
GNE:GOAO016:16:016MF250720:I:48,1,1,1,1,1,0,0,20250720,20251223
GNE:GOAO016:16:016SA250720:O:2,0,0,0,0,0,1,0,20250720,20251223
GNE:GOAO016:16:016SA250720:O:4,0,0,0,0,0,1,0,20250720,20251223
GNE:GOAO016:16:016SA250720:O:6,0,0,0,0,0,1,0,20250720,20251223
GNE:GOAO016:16:016SA250720:O:8,0,0,0,0,0,1,0,20250720,20251223
GNE:GOAO016:16:016SA250720:O:10,0,0,0,0,0,1,0,20250720,20251223
GNE:GOAO016:16:016SA250720:O:12,0,0,0,0,0,1,0,20250720,20251223
GNE:GOAO016:16:016SA250720:O:14,0,0,0,0,0,1,0,20250720,20251223
GNE:GOAO016:16:016SA250720:O:16,0,0,0,0,0,1,0,20250720,20251223
GNE:GOAO016:16:016SA250720:O:18,0,0,0,0,0,1,0,20250720,20251223
GNE:GOAO016:16:016SA250720:O:20,0,0,0,0,0,1,0,20250720,20251223
GNE:GOAO016:16:016SA250720:O:22,0,0,0,0,0,1,0,20250720,20251223
GNE:GOAO016:16:016SA250720:O:24,0,0,0,0,0,1,0,20250720,20251223
GNE:GOAO016:16:016SA250720:O:26,0,0,0,0,0,1,0,20250720,20251223
GNE:GOAO016:16:016SA250720:O:28,0,0,0,0,0,1,0,20250720,20251223
GNE:GOAO016:16:016SA250720:O:30,0,0,0,0,0,1,0,20250720,20251223
GNE:GOAO016:16:016SA250720:O:32,0,0,0,0,0,1,0,20250720,20251223
GNE:GOAO016:16:016SA250720:O:34,0,0,0,0,0,1,0,20250720,20251223
GNE:GOAO016:16:016SA250720:O:36,0,0,0,0,0,1,0,20250720,20251223
GNE:GOAO016:16:016SA250720:O:38,0,0,0,0,0,1,0,20250720,20251223
GNE:GOAO016:16:016SA250720:O:40,0,0,0,0,0,1,0,20250720,20251223
GNE:GOAO016:16:016SA250720:O:42,0,0,0,0,0,1,0,20250720,20251223
GNE:GOAO016:16:016SA250720:O:43,0,0,0,0,0,1,0,20250720,20251223
GNE:GOAO016:16:016SA250720:O:45,0,0,0,0,0,1,0,20250720,20251223
GNE:GOAO016:16:016SA250720:I:1,0,0,0,0,0,1,0,20250720,20251223
GNE:GOAO016:16:016SA250720:I:2,0,0,0,0,0,1,0,20250720,20251223
GNE:GOAO016:16:016SA250720:I:3,0,0,0,0,0,1,0,20250720,20251223
GNE:GOAO016:16:016SA250720:I:4,0,0,0,0,0,1,0,20250720,20251223
GNE:GOAO016:16:016SA250720:I:6,0,0,0,0,0,1,0,20250720,20251223
GNE:GOAO016:16:016SA250720:I:8,0,0,0,0,0,1,0,20250720,20251223
GNE:GOAO016:16:016SA250720:I:10,0,0,0,0,0,1,0,20250720,20251223
GNE:GOAO016:16:016SA250720:I:12,0,0,0,0,0,1,0,20250720,20251223
GNE:GOAO016:16:016SA250720:I:14,0,0,0,0,0,1,0,20250720,20251223
GNE:GOAO016:16:016SA250720:I:16,0,0,0,0,0,1,0,20250720,20251223
GNE:GOAO016:16:016SA250720:I:18,0,0,0,0,0,1,0,20250720,20251223
GNE:GOAO016:16:016SA250720:I:20,0,0,0,0,0,1,0,20250720,20251223
GNE:GOAO016:16:016SA250720:I:22,0,0,0,0,0,1,0,20250720,20251223
GNE:GOAO016:16:016SA250720:I:24,0,0,0,0,0,1,0,20250720,20251223
GNE:GOAO016:16:016SA250720:I:26,0,0,0,0,0,1,0,20250720,20251223
GNE:GOAO016:16:016SA250720:I:28,0,0,0,0,0,1,0,20250720,20251223
GNE:GOAO016:16:016SA250720:I:30,0,0,0,0,0,1,0,20250720,20251223
GNE:GOAO016:16:016SA250720:I:32,0,0,0,0,0,1,0,20250720,20251223
GNE:GOAO016:16:016SA250720:I:34,0,0,0,0,0,1,0,20250720,20251223
GNE:GOAO016:16:016SA250720:I:36,0,0,0,0,0,1,0,20250720,20251223
GNE:GOAO016:16:016SA250720:I:38,0,0,0,0,0,1,0,20250720,20251223
GNE:GOAO016:16:016SA250720:I:40,0,0,0,0,0,1,0,20250720,20251223
GNE:GOAO016:16:016SA250720:I:42,0,0,0,0,0,1,0,20250720,20251223
GNE:GOAO016:16:016SA250720:I:44,0,0,0,0,0,1,0,20250720,20251223
GNE:GOAO016A:16A:016MF250720:O:1,1,1,1,1,1,0,0,20250720,20251223
GNE:GOAO016A:16A:016MF250720:O:3,1,1,1,1,1,0,0,20250720,20251223
GNE:GOAO016A:16A:016MF250720:O:5,1,1,1,1,1,0,0,20250720,20251223
GNE:GOAO016A:16A:016MF250720:O:7,1,1,1,1,1,0,0,20250720,20251223
GNE:GOAO016A:16A:016MF250720:O:8,0,0,0,0,0,0,0,20250720,20251223
GNE:GOAO016A:16A:016MF250720:O:10,1,1,1,1,1,0,0,20250720,20251223
GNE:GOAO016A:16A:016MF250720:O:12,1,1,1,1,1,0,0,20250720,20251223
GNE:GOAO016A:16A:016MF250720:O:14,1,1,1,1,1,0,0,20250720,20251223
GNE:GOAO016A:16A:016MF250720:O:16,1,1,1,1,1,0,0,20250720,20251223
GNE:GOAO016A:16A:016MF250720:O:18,1,1,1,1,1,0,0,20250720,20251223
GNE:GOAO016A:16A:016MF250720:O:20,1,1,1,1,1,0,0,20250720,20251223
GNE:GOAO016A:16A:016MF250720:O:22,1,1,1,1,1,0,0,20250720,20251223
GNE:GOAO016A:16A:016MF250720:O:24,1,1,1,1,1,0,0,20250720,20251223
GNE:GOAO016A:16A:016MF250720:O:26,1,1,1,1,1,0,0,20250720,20251223
GNE:GOAO016A:16A:016MF250720:O:28,1,1,1,1,1,0,0,20250720,20251223
GNE:GOAO016A:16A:016MF250720:O:30,1,1,1,1,1,0,0,20250720,20251223
GNE:GOAO016A:16A:016MF250720:O:32,1,1,1,1,1,0,0,20250720,20251223
GNE:GOAO016A:16A:016MF250720:O:34,1,1,1,1,1,0,0,20250720,20251223
GNE:GOAO016A:16A:016MF250720:O:36,1,1,1,1,1,0,0,20250720,20251223
GNE:GOAO016A:16A:016MF250720:O:38,1,1,1,1,1,0,0,20250720,20251223
GNE:GOAO016A:16A:016MF250720:O:40,1,1,1,1,1,0,0,20250720,20251223
GNE:GOAO016A:16A:016MF250720:O:42,1,1,1,1,1,0,0,20250720,20251223
GNE:GOAO016A:16A:016MF250720:O:44,1,1,1,1,1,0,0,20250720,20251223
GNE:GOAO016A:16A:016MF250720:O:46,1,1,1,1,1,0,0,20250720,20251223
GNE:GOAO016A:16A:016MF250720:O:49,1,1,1,1,1,0,0,20250720,20251223
GNE:GOAO016A:16A:016MF250720:O:52,1,1,1,1,1,0,0,20250720,20251223
GNE:GOAO016A:16A:016MF250720:O:53,1,1,1,1,1,0,0,20250720,20251223
GNE:GOAO016A:16A:016MF250720:O:54,1,1,1,1,1,0,0,20250720,20251223
GNE:GOAO016A:16A:016MF250720:O:55,1,1,1,1,1,0,0,20250720,20251223
GNE:GOAO016A:16A:016MF250720:I:5,1,1,1,1,1,0,0,20250720,20251223
GNE:GOAO016A:16A:016MF250720:I:7,1,1,1,1,1,0,0,20250720,20251223
GNE:GOAO016A:16A:016MF250720:I:9,1,1,1,1,1,0,0,20250720,20251223
GNE:GOAO016A:16A:016MF250720:I:11,1,1,1,1,1,0,0,20250720,20251223
GNE:GOAO016A:16A:016MF250720:I:13,1,1,1,1,1,0,0,20250720,20251223
GNE:GOAO016A:16A:016MF250720:I:15,1,1,1,1,1,0,0,20250720,20251223
GNE:GOAO016A:16A:016MF250720:I:17,1,1,1,1,1,0,0,20250720,20251223
GNE:GOAO016A:16A:016MF250720:I:19,1,1,1,1,1,0,0,20250720,20251223
GNE:GOAO016A:16A:016MF250720:I:21,1,1,1,1,1,0,0,20250720,20251223
GNE:GOAO016A:16A:016MF250720:I:23,1,1,1,1,1,0,0,20250720,20251223
GNE:GOAO016A:16A:016MF250720:I:25,1,1,1,1,1,0,0,20250720,20251223
GNE:GOAO016A:16A:016MF250720:I:27,1,1,1,1,1,0,0,20250720,20251223
GNE:GOAO016A:16A:016MF250720:I:29,1,1,1,1,1,0,0,20250720,20251223
GNE:GOAO016A:16A:016MF250720:I:31,1,1,1,1,1,0,0,20250720,20251223
GNE:GOAO016A:16A:016MF250720:I:33,1,1,1,1,1,0,0,20250720,20251223
GNE:GOAO016A:16A:016MF250720:I:35,1,1,1,1,1,0,0,20250720,20251223
GNE:GOAO016A:16A:016MF250720:I:37,1,1,1,1,1,0,0,20250720,20251223
GNE:GOAO016A:16A:016MF250720:I:39,1,1,1,1,1,0,0,20250720,20251223
GNE:GOAO016A:16A:016MF250720:I:41,1,1,1,1,1,0,0,20250720,20251223
GNE:GOAO016A:16A:016MF250720:I:43,1,1,1,1,1,0,0,20250720,20251223
GNE:GOAO016A:16A:016MF250720:I:45,1,1,1,1,1,0,0,20250720,20251223
GNE:GOAO016A:16A:016MF250720:I:47,1,1,1,1,1,0,0,20250720,20251223
GNE:GOAO016A:16A:016MF250720:I:49,1,1,1,1,1,0,0,20250720,20251223
GNE:GOAO016A:16A:016MF250720:I:50,1,1,1,1,1,0,0,20250720,20251223
GNE:GOAO016A:16A:016MF250720:I:51,1,1,1,1,1,0,0,20250720,20251223
GNE:GOAO016A:16A:016MF250720:I:52,1,1,1,1,1,0,0,20250720,20251223
GNE:GOAO016A:16A:016MF250720:I:53,1,1,1,1,1,0,0,20250720,20251223
GNE:GOAO016A:16A:016SA250720:O:1,0,0,0,0,0,1,0,20250720,20251223
GNE:GOAO016A:16A:016SA250720:O:3,0,0,0,0,0,1,0,20250720,20251223
GNE:GOAO016A:16A:016SA250720:O:5,0,0,0,0,0,1,0,20250720,20251223
GNE:GOAO016A:16A:016SA250720:O:7,0,0,0,0,0,1,0,20250720,20251223
GNE:GOAO016A:16A:016SA250720:O:9,0,0,0,0,0,1,0,20250720,20251223
GNE:GOAO016A:16A:016SA250720:O:11,0,0,0,0,0,1,0,20250720,20251223
GNE:GOAO016A:16A:016SA250720:O:13,0,0,0,0,0,1,0,20250720,20251223
GNE:GOAO016A:16A:016SA250720:O:15,0,0,0,0,0,1,0,20250720,20251223
GNE:GOAO016A:16A:016SA250720:O:17,0,0,0,0,0,1,0,20250720,20251223
GNE:GOAO016A:16A:016SA250720:O:19,0,0,0,0,0,1,0,20250720,20251223
GNE:GOAO016A:16A:016SA250720:O:21,0,0,0,0,0,1,0,20250720,20251223
GNE:GOAO016A:16A:016SA250720:O:23,0,0,0,0,0,1,0,20250720,20251223
GNE:GOAO016A:16A:016SA250720:O:25,0,0,0,0,0,1,0,20250720,20251223
GNE:GOAO016A:16A:016SA250720:O:27,0,0,0,0,0,1,0,20250720,20251223
GNE:GOAO016A:16A:016SA250720:O:29,0,0,0,0,0,1,0,20250720,20251223
GNE:GOAO016A:16A:016SA250720:O:31,0,0,0,0,0,1,0,20250720,20251223
GNE:GOAO016A:16A:016SA250720:O:33,0,0,0,0,0,1,0,20250720,20251223
GNE:GOAO016A:16A:016SA250720:O:35,0,0,0,0,0,1,0,20250720,20251223
GNE:GOAO016A:16A:016SA250720:O:37,0,0,0,0,0,1,0,20250720,20251223
GNE:GOAO016A:16A:016SA250720:O:39,0,0,0,0,0,1,0,20250720,20251223
GNE:GOAO016A:16A:016SA250720:O:41,0,0,0,0,0,1,0,20250720,20251223
GNE:GOAO016A:16A:016SA250720:O:44,0,0,0,0,0,1,0,20250720,20251223
GNE:GOAO016A:16A:016SA250720:O:46,0,0,0,0,0,1,0,20250720,20251223
GNE:GOAO016A:16A:016SA250720:O:47,0,0,0,0,0,1,0,20250720,20251223
GNE:GOAO016A:16A:016SA250720:O:48,0,0,0,0,0,1,0,20250720,20251223
GNE:GOAO016A:16A:016SA250720:O:49,0,0,0,0,0,1,0,20250720,20251223
GNE:GOAO016A:16A:016SA250720:I:5,0,0,0,0,0,1,0,20250720,20251223
GNE:GOAO016A:16A:016SA250720:I:7,0,0,0,0,0,1,0,20250720,20251223
GNE:GOAO016A:16A:016SA250720:I:9,0,0,0,0,0,1,0,20250720,20251223
GNE:GOAO016A:16A:016SA250720:I:11,0,0,0,0,0,1,0,20250720,20251223
GNE:GOAO016A:16A:016SA250720:I:13,0,0,0,0,0,1,0,20250720,20251223
GNE:GOAO016A:16A:016SA250720:I:15,0,0,0,0,0,1,0,20250720,20251223
GNE:GOAO016A:16A:016SA250720:I:17,0,0,0,0,0,1,0,20250720,20251223
GNE:GOAO016A:16A:016SA250720:I:19,0,0,0,0,0,1,0,20250720,20251223
GNE:GOAO016A:16A:016SA250720:I:21,0,0,0,0,0,1,0,20250720,20251223
GNE:GOAO016A:16A:016SA250720:I:23,0,0,0,0,0,1,0,20250720,20251223
GNE:GOAO016A:16A:016SA250720:I:25,0,0,0,0,0,1,0,20250720,20251223
GNE:GOAO016A:16A:016SA250720:I:27,0,0,0,0,0,1,0,20250720,20251223
GNE:GOAO016A:16A:016SA250720:I:29,0,0,0,0,0,1,0,20250720,20251223
GNE:GOAO016A:16A:016SA250720:I:31,0,0,0,0,0,1,0,20250720,20251223
GNE:GOAO016A:16A:016SA250720:I:33,0,0,0,0,0,1,0,20250720,20251223
GNE:GOAO016A:16A:016SA250720:I:35,0,0,0,0,0,1,0,20250720,20251223
GNE:GOAO016A:16A:016SA250720:I:37,0,0,0,0,0,1,0,20250720,20251223
GNE:GOAO016A:16A:016SA250720:I:39,0,0,0,0,0,1,0,20250720,20251223
GNE:GOAO016A:16A:016SA250720:I:41,0,0,0,0,0,1,0,20250720,20251223
GNE:GOAO016A:16A:016SA250720:I:43,0,0,0,0,0,1,0,20250720,20251223
GNE:GOAO016A:16A:016SA250720:I:45,0,0,0,0,0,1,0,20250720,20251223
GNE:GOAO016A:16A:016SA250720:I:46,0,0,0,0,0,1,0,20250720,20251223
GNE:GOAO016A:16A:016SA250720:I:47,0,0,0,0,0,1,0,20250720,20251223
GNE:GOAO016A:16A:016SA250720:I:48,0,0,0,0,0,1,0,20250720,20251223
GNE:GOAO016B:16B:016SU250720:O:1,0,0,0,0,0,0,1,20250720,20251223
GNE:GOAO016B:16B:016SU250720:O:2,0,0,0,0,0,0,1,20250720,20251223
GNE:GOAO016B:16B:016SU250720:O:3,0,0,0,0,0,0,1,20250720,20251223
GNE:GOAO016B:16B:016SU250720:O:4,0,0,0,0,0,0,1,20250720,20251223
GNE:GOAO016B:16B:016SU250720:O:5,0,0,0,0,0,0,1,20250720,20251223
GNE:GOAO016B:16B:016SU250720:O:6,0,0,0,0,0,0,1,20250720,20251223
GNE:GOAO016B:16B:016SU250720:O:7,0,0,0,0,0,0,1,20250720,20251223
GNE:GOAO016B:16B:016SU250720:O:8,0,0,0,0,0,0,1,20250720,20251223
GNE:GOAO016B:16B:016SU250720:O:9,0,0,0,0,0,0,1,20250720,20251223
GNE:GOAO016B:16B:016SU250720:O:10,0,0,0,0,0,0,1,20250720,20251223
GNE:GOAO016B:16B:016SU250720:O:11,0,0,0,0,0,0,1,20250720,20251223
GNE:GOAO016B:16B:016SU250720:O:12,0,0,0,0,0,0,1,20250720,20251223
GNE:GOAO016B:16B:016SU250720:O:13,0,0,0,0,0,0,1,20250720,20251223
GNE:GOAO016B:16B:016SU250720:O:14,0,0,0,0,0,0,1,20250720,20251223
GNE:GOAO016B:16B:016SU250720:O:15,0,0,0,0,0,0,1,20250720,20251223
GNE:GOAO016B:16B:016SU250720:O:16,0,0,0,0,0,0,1,20250720,20251223
GNE:GOAO016B:16B:016SU250720:O:17,0,0,0,0,0,0,1,20250720,20251223
GNE:GOAO016B:16B:016SU250720:I:1,0,0,0,0,0,0,1,20250720,20251223
GNE:GOAO016B:16B:016SU250720:I:2,0,0,0,0,0,0,1,20250720,20251223
GNE:GOAO016B:16B:016SU250720:I:3,0,0,0,0,0,0,1,20250720,20251223
GNE:GOAO016B:16B:016SU250720:I:4,0,0,0,0,0,0,1,20250720,20251223
GNE:GOAO016B:16B:016SU250720:I:5,0,0,0,0,0,0,1,20250720,20251223
GNE:GOAO016B:16B:016SU250720:I:6,0,0,0,0,0,0,1,20250720,20251223
GNE:GOAO016B:16B:016SU250720:I:7,0,0,0,0,0,0,1,20250720,20251223
GNE:GOAO016B:16B:016SU250720:I:8,0,0,0,0,0,0,1,20250720,20251223
GNE:GOAO016B:16B:016SU250720:I:9,0,0,0,0,0,0,1,20250720,20251223
GNE:GOAO016B:16B:016SU250720:I:10,0,0,0,0,0,0,1,20250720,20251223
GNE:GOAO016B:16B:016SU250720:I:11,0,0,0,0,0,0,1,20250720,20251223
GNE:GOAO016B:16B:016SU250720:I:12,0,0,0,0,0,0,1,20250720,20251223
GNE:GOAO016B:16B:016SU250720:I:13,0,0,0,0,0,0,1,20250720,20251223
GNE:GOAO016B:16B:016SU250720:I:14,0,0,0,0,0,0,1,20250720,20251223
GNE:GOAO016B:16B:016SU250720:I:15,0,0,0,0,0,0,1,20250720,20251223
GNE:GOAO016B:16B:016SU250720:I:16,0,0,0,0,0,0,1,20250720,20251223
GNE:GOAO016B:16B:016SU250720:I:17,0,0,0,0,0,0,1,20250720,20251223
GNE:GOAO020:20:020MF250720:O:1,1,1,1,1,1,0,0,20250720,20251223
GNE:GOAO020:20:020MF250720:O:2,1,1,1,1,1,0,0,20250720,20251223
GNE:GOAO020:20:020MF250720:O:3,1,1,1,1,1,0,0,20250720,20251223
GNE:GOAO020:20:020MF250720:O:4,1,1,1,1,1,0,0,20250720,20251223
GNE:GOAO020:20:020MF250720:O:5,1,1,1,1,1,0,0,20250720,20251223
GNE:GOAO020:20:020MF250720:O:6,1,1,1,1,1,0,0,20250720,20251223
GNE:GOAO020:20:020MF250720:O:7,1,1,1,1,1,0,0,20250720,20251223
GNE:GOAO020:20:020MF250720:O:8,1,1,1,1,1,0,0,20250720,20251223
GNE:GOAO020:20:020MF250720:O:9,1,1,1,1,1,0,0,20250720,20251223
GNE:GOAO020:20:020MF250720:O:10,1,1,1,1,1,0,0,20250720,20251223
GNE:GOAO020:20:020MF250720:O:11,1,1,1,1,1,0,0,20250720,20251223
GNE:GOAO020:20:020MF250720:O:12,1,1,1,1,1,0,0,20250720,20251223
GNE:GOAO020:20:020MF250720:O:13,1,1,1,1,1,0,0,20250720,20251223
GNE:GOAO020:20:020MF250720:O:14,1,1,1,1,1,0,0,20250720,20251223
GNE:GOAO020:20:020MF250720:O:15,1,1,1,1,1,0,0,20250720,20251223
GNE:GOAO020:20:020MF250720:O:16,1,1,1,1,1,0,0,20250720,20251223
GNE:GOAO020:20:020MF250720:O:17,1,1,1,1,1,0,0,20250720,20251223
GNE:GOAO020:20:020MF250720:O:18,1,1,1,1,1,0,0,20250720,20251223
GNE:GOAO020:20:020MF250720:O:19,1,1,1,1,1,0,0,20250720,20251223
GNE:GOAO020:20:020MF250720:O:20,1,1,1,1,1,0,0,20250720,20251223
GNE:GOAO020:20:020MF250720:O:21,1,1,1,1,1,0,0,20250720,20251223
GNE:GOAO020:20:020MF250720:O:22,1,1,1,1,1,0,0,20250720,20251223
GNE:GOAO020:20:020MF250720:O:23,1,1,1,1,1,0,0,20250720,20251223
GNE:GOAO020:20:020MF250720:O:24,1,1,1,1,1,0,0,20250720,20251223
GNE:GOAO020:20:020MF250720:O:25,1,1,1,1,1,0,0,20250720,20251223
GNE:GOAO020:20:020MF250720:O:26,1,1,1,1,1,0,0,20250720,20251223
GNE:GOAO020:20:020MF250720:O:27,1,1,1,1,1,0,0,20250720,20251223
GNE:GOAO020:20:020MF250720:O:28,1,1,1,1,1,0,0,20250720,20251223
GNE:GOAO020:20:020MF250720:O:29,1,1,1,1,1,0,0,20250720,20251223
GNE:GOAO020:20:020MF250720:O:30,1,1,1,1,1,0,0,20250720,20251223
GNE:GOAO020:20:020MF250720:O:31,1,1,1,1,1,0,0,20250720,20251223
GNE:GOAO020:20:020MF250720:O:32,1,1,1,1,1,0,0,20250720,20251223
GNE:GOAO020:20:020MF250720:O:33,1,1,1,1,1,0,0,20250720,20251223
GNE:GOAO020:20:020MF250720:O:34,1,1,1,1,1,0,0,20250720,20251223
GNE:GOAO020:20:020MF250720:O:35,1,1,1,1,1,0,0,20250720,20251223
GNE:GOAO020:20:020MF250720:O:36,1,1,1,1,1,0,0,20250720,20251223
GNE:GOAO020:20:020MF250720:O:37,1,1,1,1,1,0,0,20250720,20251223
GNE:GOAO020:20:020MF250720:O:38,1,1,1,1,1,0,0,20250720,20251223
GNE:GOAO020:20:020MF250720:O:39,1,1,1,1,1,0,0,20250720,20251223
GNE:GOAO020:20:020MF250720:O:40,1,1,1,1,1,0,0,20250720,20251223
GNE:GOAO020:20:020MF250720:O:41,1,1,1,1,1,0,0,20250720,20251223
GNE:GOAO020:20:020MF250720:O:42,1,1,1,1,1,0,0,20250720,20251223
GNE:GOAO020:20:020MF250720:O:43,1,1,1,1,1,0,0,20250720,20251223
GNE:GOAO020:20:020MF250720:O:44,1,1,1,1,1,0,0,20250720,20251223
GNE:GOAO020:20:020MF250720:O:45,1,1,1,1,1,0,0,20250720,20251223
GNE:GOAO020:20:020MF250720:O:46,1,1,1,1,1,0,0,20250720,20251223
GNE:GOAO020:20:020MF250720:O:47,1,1,1,1,1,0,0,20250720,20251223
GNE:GOAO020:20:020MF250720:O:48,1,1,1,1,1,0,0,20250720,20251223
GNE:GOAO020:20:020MF250720:O:49,1,1,1,1,1,0,0,20250720,20251223
GNE:GOAO020:20:020MF250720:O:50,1,1,1,1,1,0,0,20250720,20251223
GNE:GOAO020:20:020MF250720:O:52,1,1,1,1,1,0,0,20250720,20251223
GNE:GOAO020:20:020MF250720:O:54,1,1,1,1,1,0,0,20250720,20251223
GNE:GOAO020:20:020MF250720:O:56,1,1,1,1,1,0,0,20250720,20251223
GNE:GOAO020:20:020MF250720:O:58,1,1,1,1,1,0,0,20250720,20251223
GNE:GOAO020:20:020MF250720:O:60,1,1,1,1,1,0,0,20250720,20251223
GNE:GOAO020:20:020MF250720:I:1,1,1,1,1,1,0,0,20250720,20251223
GNE:GOAO020:20:020MF250720:I:2,1,1,1,1,1,0,0,20250720,20251223
GNE:GOAO020:20:020MF250720:I:3,1,1,1,1,1,0,0,20250720,20251223
GNE:GOAO020:20:020MF250720:I:4,1,1,1,1,1,0,0,20250720,20251223
GNE:GOAO020:20:020MF250720:I:5,1,1,1,1,1,0,0,20250720,20251223
GNE:GOAO020:20:020MF250720:I:6,1,1,1,1,1,0,0,20250720,20251223
GNE:GOAO020:20:020MF250720:I:7,1,1,1,1,1,0,0,20250720,20251223
GNE:GOAO020:20:020MF250720:I:8,1,1,1,1,1,0,0,20250720,20251223
GNE:GOAO020:20:020MF250720:I:9,1,1,1,1,1,0,0,20250720,20251223
GNE:GOAO020:20:020MF250720:I:10,1,1,1,1,1,0,0,20250720,20251223
GNE:GOAO020:20:020MF250720:I:11,1,1,1,1,1,0,0,20250720,20251223
GNE:GOAO020:20:020MF250720:I:12,1,1,1,1,1,0,0,20250720,20251223
GNE:GOAO020:20:020MF250720:I:13,1,1,1,1,1,0,0,20250720,20251223
GNE:GOAO020:20:020MF250720:I:14,1,1,1,1,1,0,0,20250720,20251223
GNE:GOAO020:20:020MF250720:I:15,1,1,1,1,1,0,0,20250720,20251223
GNE:GOAO020:20:020MF250720:I:16,1,1,1,1,1,0,0,20250720,20251223
GNE:GOAO020:20:020MF250720:I:17,1,1,1,1,1,0,0,20250720,20251223
GNE:GOAO020:20:020MF250720:I:18,1,1,1,1,1,0,0,20250720,20251223
GNE:GOAO020:20:020MF250720:I:19,1,1,1,1,1,0,0,20250720,20251223
GNE:GOAO020:20:020MF250720:I:20,1,1,1,1,1,0,0,20250720,20251223
GNE:GOAO020:20:020MF250720:I:21,1,1,1,1,1,0,0,20250720,20251223
GNE:GOAO020:20:020MF250720:I:22,1,1,1,1,1,0,0,20250720,20251223
GNE:GOAO020:20:020MF250720:I:23,1,1,1,1,1,0,0,20250720,20251223
GNE:GOAO020:20:020MF250720:I:24,1,1,1,1,1,0,0,20250720,20251223
GNE:GOAO020:20:020MF250720:I:25,1,1,1,1,1,0,0,20250720,20251223
GNE:GOAO020:20:020MF250720:I:26,1,1,1,1,1,0,0,20250720,20251223
GNE:GOAO020:20:020MF250720:I:27,1,1,1,1,1,0,0,20250720,20251223
GNE:GOAO020:20:020MF250720:I:28,1,1,1,1,1,0,0,20250720,20251223
GNE:GOAO020:20:020MF250720:I:29,1,1,1,1,1,0,0,20250720,20251223
GNE:GOAO020:20:020MF250720:I:30,1,1,1,1,1,0,0,20250720,20251223
GNE:GOAO020:20:020MF250720:I:31,1,1,1,1,1,0,0,20250720,20251223
GNE:GOAO020:20:020MF250720:I:32,1,1,1,1,1,0,0,20250720,20251223
GNE:GOAO020:20:020MF250720:I:33,1,1,1,1,1,0,0,20250720,20251223
GNE:GOAO020:20:020MF250720:I:34,1,1,1,1,1,0,0,20250720,20251223
GNE:GOAO020:20:020MF250720:I:35,1,1,1,1,1,0,0,20250720,20251223
GNE:GOAO020:20:020MF250720:I:36,1,1,1,1,1,0,0,20250720,20251223
GNE:GOAO020:20:020MF250720:I:37,1,1,1,1,1,0,0,20250720,20251223
GNE:GOAO020:20:020MF250720:I:38,1,1,1,1,1,0,0,20250720,20251223
GNE:GOAO020:20:020MF250720:I:39,1,1,1,1,1,0,0,20250720,20251223
GNE:GOAO020:20:020MF250720:I:40,1,1,1,1,1,0,0,20250720,20251223
GNE:GOAO020:20:020MF250720:I:41,1,1,1,1,1,0,0,20250720,20251223
GNE:GOAO020:20:020MF250720:I:42,1,1,1,1,1,0,0,20250720,20251223
GNE:GOAO020:20:020MF250720:I:43,1,1,1,1,1,0,0,20250720,20251223
GNE:GOAO020:20:020MF250720:I:44,1,1,1,1,1,0,0,20250720,20251223
GNE:GOAO020:20:020MF250720:I:45,1,1,1,1,1,0,0,20250720,20251223
GNE:GOAO020:20:020MF250720:I:46,1,1,1,1,1,0,0,20250720,20251223
GNE:GOAO020:20:020MF250720:I:47,1,1,1,1,1,0,0,20250720,20251223
GNE:GOAO020:20:020MF250720:I:48,1,1,1,1,1,0,0,20250720,20251223
GNE:GOAO020:20:020MF250720:I:49,1,1,1,1,1,0,0,20250720,20251223
GNE:GOAO020:20:020MF250720:I:50,1,1,1,1,1,0,0,20250720,20251223
GNE:GOAO020:20:020MF250720:I:51,1,1,1,1,1,0,0,20250720,20251223
GNE:GOAO020:20:020MF250720:I:53,1,1,1,1,1,0,0,20250720,20251223
GNE:GOAO020:20:020MF250720:I:55,1,1,1,1,1,0,0,20250720,20251223
GNE:GOAO020:20:020MF250720:I:57,1,1,1,1,1,0,0,20250720,20251223
GNE:GOAO020:20:020MF250720:I:59,1,1,1,1,1,0,0,20250720,20251223
GNE:GOAO020:20:020MF250720:I:61,1,1,1,1,1,0,0,20250720,20251223
GNE:GOAO020:20:020SA250720:O:1,0,0,0,0,0,1,0,20250720,20251223
GNE:GOAO020:20:020SA250720:O:2,0,0,0,0,0,1,0,20250720,20251223
GNE:GOAO020:20:020SA250720:O:3,0,0,0,0,0,1,0,20250720,20251223
GNE:GOAO020:20:020SA250720:O:4,0,0,0,0,0,1,0,20250720,20251223
GNE:GOAO020:20:020SA250720:O:5,0,0,0,0,0,1,0,20250720,20251223
GNE:GOAO020:20:020SA250720:O:6,0,0,0,0,0,1,0,20250720,20251223
GNE:GOAO020:20:020SA250720:O:7,0,0,0,0,0,1,0,20250720,20251223
GNE:GOAO020:20:020SA250720:O:8,0,0,0,0,0,1,0,20250720,20251223
GNE:GOAO020:20:020SA250720:O:9,0,0,0,0,0,1,0,20250720,20251223
GNE:GOAO020:20:020SA250720:O:10,0,0,0,0,0,1,0,20250720,20251223
GNE:GOAO020:20:020SA250720:O:11,0,0,0,0,0,1,0,20250720,20251223
GNE:GOAO020:20:020SA250720:O:12,0,0,0,0,0,1,0,20250720,20251223
GNE:GOAO020:20:020SA250720:O:13,0,0,0,0,0,1,0,20250720,20251223
GNE:GOAO020:20:020SA250720:O:14,0,0,0,0,0,1,0,20250720,20251223
GNE:GOAO020:20:020SA250720:O:15,0,0,0,0,0,1,0,20250720,20251223
GNE:GOAO020:20:020SA250720:O:16,0,0,0,0,0,1,0,20250720,20251223
GNE:GOAO020:20:020SA250720:O:17,0,0,0,0,0,1,0,20250720,20251223
GNE:GOAO020:20:020SA250720:O:18,0,0,0,0,0,1,0,20250720,20251223
GNE:GOAO020:20:020SA250720:O:19,0,0,0,0,0,1,0,20250720,20251223
GNE:GOAO020:20:020SA250720:O:20,0,0,0,0,0,1,0,20250720,20251223
GNE:GOAO020:20:020SA250720:O:21,0,0,0,0,0,1,0,20250720,20251223
GNE:GOAO020:20:020SA250720:O:22,0,0,0,0,0,1,0,20250720,20251223
GNE:GOAO020:20:020SA250720:O:23,0,0,0,0,0,1,0,20250720,20251223
GNE:GOAO020:20:020SA250720:O:24,0,0,0,0,0,1,0,20250720,20251223
GNE:GOAO020:20:020SA250720:O:25,0,0,0,0,0,1,0,20250720,20251223
GNE:GOAO020:20:020SA250720:O:26,0,0,0,0,0,1,0,20250720,20251223
GNE:GOAO020:20:020SA250720:O:27,0,0,0,0,0,1,0,20250720,20251223
GNE:GOAO020:20:020SA250720:O:28,0,0,0,0,0,1,0,20250720,20251223
GNE:GOAO020:20:020SA250720:O:29,0,0,0,0,0,1,0,20250720,20251223
GNE:GOAO020:20:020SA250720:O:30,0,0,0,0,0,1,0,20250720,20251223
GNE:GOAO020:20:020SA250720:O:31,0,0,0,0,0,1,0,20250720,20251223
GNE:GOAO020:20:020SA250720:O:32,0,0,0,0,0,1,0,20250720,20251223
GNE:GOAO020:20:020SA250720:O:33,0,0,0,0,0,1,0,20250720,20251223
GNE:GOAO020:20:020SA250720:O:34,0,0,0,0,0,1,0,20250720,20251223
GNE:GOAO020:20:020SA250720:O:35,0,0,0,0,0,1,0,20250720,20251223
GNE:GOAO020:20:020SA250720:O:36,0,0,0,0,0,1,0,20250720,20251223
GNE:GOAO020:20:020SA250720:O:37,0,0,0,0,0,1,0,20250720,20251223
GNE:GOAO020:20:020SA250720:O:38,0,0,0,0,0,1,0,20250720,20251223
GNE:GOAO020:20:020SA250720:O:39,0,0,0,0,0,1,0,20250720,20251223
GNE:GOAO020:20:020SA250720:O:40,0,0,0,0,0,1,0,20250720,20251223
GNE:GOAO020:20:020SA250720:O:41,0,0,0,0,0,1,0,20250720,20251223
GNE:GOAO020:20:020SA250720:O:42,0,0,0,0,0,1,0,20250720,20251223
GNE:GOAO020:20:020SA250720:O:43,0,0,0,0,0,1,0,20250720,20251223
GNE:GOAO020:20:020SA250720:O:44,0,0,0,0,0,1,0,20250720,20251223
GNE:GOAO020:20:020SA250720:O:46,0,0,0,0,0,1,0,20250720,20251223
GNE:GOAO020:20:020SA250720:O:48,0,0,0,0,0,1,0,20250720,20251223
GNE:GOAO020:20:020SA250720:O:50,0,0,0,0,0,1,0,20250720,20251223
GNE:GOAO020:20:020SA250720:O:52,0,0,0,0,0,1,0,20250720,20251223
GNE:GOAO020:20:020SA250720:O:54,0,0,0,0,0,1,0,20250720,20251223
GNE:GOAO020:20:020SA250720:I:1,0,0,0,0,0,1,0,20250720,20251223
GNE:GOAO020:20:020SA250720:I:2,0,0,0,0,0,1,0,20250720,20251223
GNE:GOAO020:20:020SA250720:I:3,0,0,0,0,0,1,0,20250720,20251223
GNE:GOAO020:20:020SA250720:I:4,0,0,0,0,0,1,0,20250720,20251223
GNE:GOAO020:20:020SA250720:I:5,0,0,0,0,0,1,0,20250720,20251223
GNE:GOAO020:20:020SA250720:I:6,0,0,0,0,0,1,0,20250720,20251223
GNE:GOAO020:20:020SA250720:I:7,0,0,0,0,0,1,0,20250720,20251223
GNE:GOAO020:20:020SA250720:I:8,0,0,0,0,0,1,0,20250720,20251223
GNE:GOAO020:20:020SA250720:I:9,0,0,0,0,0,1,0,20250720,20251223
GNE:GOAO020:20:020SA250720:I:10,0,0,0,0,0,1,0,20250720,20251223
GNE:GOAO020:20:020SA250720:I:11,0,0,0,0,0,1,0,20250720,20251223
GNE:GOAO020:20:020SA250720:I:12,0,0,0,0,0,1,0,20250720,20251223
GNE:GOAO020:20:020SA250720:I:13,0,0,0,0,0,1,0,20250720,20251223
GNE:GOAO020:20:020SA250720:I:14,0,0,0,0,0,1,0,20250720,20251223
GNE:GOAO020:20:020SA250720:I:15,0,0,0,0,0,1,0,20250720,20251223
GNE:GOAO020:20:020SA250720:I:16,0,0,0,0,0,1,0,20250720,20251223
GNE:GOAO020:20:020SA250720:I:17,0,0,0,0,0,1,0,20250720,20251223
GNE:GOAO020:20:020SA250720:I:18,0,0,0,0,0,1,0,20250720,20251223
GNE:GOAO020:20:020SA250720:I:19,0,0,0,0,0,1,0,20250720,20251223
GNE:GOAO020:20:020SA250720:I:20,0,0,0,0,0,1,0,20250720,20251223
GNE:GOAO020:20:020SA250720:I:21,0,0,0,0,0,1,0,20250720,20251223
GNE:GOAO020:20:020SA250720:I:22,0,0,0,0,0,1,0,20250720,20251223
GNE:GOAO020:20:020SA250720:I:23,0,0,0,0,0,1,0,20250720,20251223
GNE:GOAO020:20:020SA250720:I:24,0,0,0,0,0,1,0,20250720,20251223
GNE:GOAO020:20:020SA250720:I:25,0,0,0,0,0,1,0,20250720,20251223
GNE:GOAO020:20:020SA250720:I:26,0,0,0,0,0,1,0,20250720,20251223
GNE:GOAO020:20:020SA250720:I:27,0,0,0,0,0,1,0,20250720,20251223
GNE:GOAO020:20:020SA250720:I:28,0,0,0,0,0,1,0,20250720,20251223
GNE:GOAO020:20:020SA250720:I:29,0,0,0,0,0,1,0,20250720,20251223
GNE:GOAO020:20:020SA250720:I:30,0,0,0,0,0,1,0,20250720,20251223
GNE:GOAO020:20:020SA250720:I:31,0,0,0,0,0,1,0,20250720,20251223
GNE:GOAO020:20:020SA250720:I:32,0,0,0,0,0,1,0,20250720,20251223
GNE:GOAO020:20:020SA250720:I:33,0,0,0,0,0,1,0,20250720,20251223
GNE:GOAO020:20:020SA250720:I:34,0,0,0,0,0,1,0,20250720,20251223
GNE:GOAO020:20:020SA250720:I:35,0,0,0,0,0,1,0,20250720,20251223
GNE:GOAO020:20:020SA250720:I:36,0,0,0,0,0,1,0,20250720,20251223
GNE:GOAO020:20:020SA250720:I:37,0,0,0,0,0,1,0,20250720,20251223
GNE:GOAO020:20:020SA250720:I:38,0,0,0,0,0,1,0,20250720,20251223
GNE:GOAO020:20:020SA250720:I:39,0,0,0,0,0,1,0,20250720,20251223
GNE:GOAO020:20:020SA250720:I:40,0,0,0,0,0,1,0,20250720,20251223
GNE:GOAO020:20:020SA250720:I:41,0,0,0,0,0,1,0,20250720,20251223
GNE:GOAO020:20:020SA250720:I:42,0,0,0,0,0,1,0,20250720,20251223
GNE:GOAO020:20:020SA250720:I:43,0,0,0,0,0,1,0,20250720,20251223
GNE:GOAO020:20:020SA250720:I:44,0,0,0,0,0,1,0,20250720,20251223
GNE:GOAO020:20:020SA250720:I:45,0,0,0,0,0,1,0,20250720,20251223
GNE:GOAO020:20:020SA250720:I:47,0,0,0,0,0,1,0,20250720,20251223
GNE:GOAO020:20:020SA250720:I:49,0,0,0,0,0,1,0,20250720,20251223
GNE:GOAO020:20:020SA250720:I:51,0,0,0,0,0,1,0,20250720,20251223
GNE:GOAO020:20:020SA250720:I:53,0,0,0,0,0,1,0,20250720,20251223
GNE:GOAO020:20:020SA250720:I:55,0,0,0,0,0,1,0,20250720,20251223
GNE:GOAO020:20:020SU250720:O:1,0,0,0,0,0,0,1,20250720,20251223
GNE:GOAO020:20:020SU250720:O:2,0,0,0,0,0,0,1,20250720,20251223
GNE:GOAO020:20:020SU250720:O:3,0,0,0,0,0,0,1,20250720,20251223
GNE:GOAO020:20:020SU250720:O:4,0,0,0,0,0,0,1,20250720,20251223
GNE:GOAO020:20:020SU250720:O:5,0,0,0,0,0,0,1,20250720,20251223
GNE:GOAO020:20:020SU250720:O:6,0,0,0,0,0,0,1,20250720,20251223
GNE:GOAO020:20:020SU250720:O:7,0,0,0,0,0,0,1,20250720,20251223
GNE:GOAO020:20:020SU250720:O:9,0,0,0,0,0,0,1,20250720,20251223
GNE:GOAO020:20:020SU250720:O:10,0,0,0,0,0,0,1,20250720,20251223
GNE:GOAO020:20:020SU250720:O:12,0,0,0,0,0,0,1,20250720,20251223
GNE:GOAO020:20:020SU250720:O:13,0,0,0,0,0,0,1,20250720,20251223
GNE:GOAO020:20:020SU250720:O:15,0,0,0,0,0,0,1,20250720,20251223
GNE:GOAO020:20:020SU250720:O:16,0,0,0,0,0,0,1,20250720,20251223
GNE:GOAO020:20:020SU250720:O:18,0,0,0,0,0,0,1,20250720,20251223
GNE:GOAO020:20:020SU250720:O:19,0,0,0,0,0,0,1,20250720,20251223
GNE:GOAO020:20:020SU250720:O:21,0,0,0,0,0,0,1,20250720,20251223
GNE:GOAO020:20:020SU250720:O:22,0,0,0,0,0,0,1,20250720,20251223
GNE:GOAO020:20:020SU250720:O:24,0,0,0,0,0,0,1,20250720,20251223
GNE:GOAO020:20:020SU250720:O:25,0,0,0,0,0,0,1,20250720,20251223
GNE:GOAO020:20:020SU250720:O:27,0,0,0,0,0,0,1,20250720,20251223
GNE:GOAO020:20:020SU250720:O:28,0,0,0,0,0,0,1,20250720,20251223
GNE:GOAO020:20:020SU250720:O:30,0,0,0,0,0,0,1,20250720,20251223
GNE:GOAO020:20:020SU250720:O:31,0,0,0,0,0,0,1,20250720,20251223
GNE:GOAO020:20:020SU250720:O:33,0,0,0,0,0,0,1,20250720,20251223
GNE:GOAO020:20:020SU250720:O:35,0,0,0,0,0,0,1,20250720,20251223
GNE:GOAO020:20:020SU250720:O:37,0,0,0,0,0,0,1,20250720,20251223
GNE:GOAO020:20:020SU250720:O:39,0,0,0,0,0,0,1,20250720,20251223
GNE:GOAO020:20:020SU250720:O:41,0,0,0,0,0,0,1,20250720,20251223
GNE:GOAO020:20:020SU250720:O:43,0,0,0,0,0,0,1,20250720,20251223
GNE:GOAO020:20:020SU250720:I:1,0,0,0,0,0,0,1,20250720,20251223
GNE:GOAO020:20:020SU250720:I:2,0,0,0,0,0,0,1,20250720,20251223
GNE:GOAO020:20:020SU250720:I:3,0,0,0,0,0,0,1,20250720,20251223
GNE:GOAO020:20:020SU250720:I:4,0,0,0,0,0,0,1,20250720,20251223
GNE:GOAO020:20:020SU250720:I:5,0,0,0,0,0,0,1,20250720,20251223
GNE:GOAO020:20:020SU250720:I:6,0,0,0,0,0,0,1,20250720,20251223
GNE:GOAO020:20:020SU250720:I:7,0,0,0,0,0,0,1,20250720,20251223
GNE:GOAO020:20:020SU250720:I:9,0,0,0,0,0,0,1,20250720,20251223
GNE:GOAO020:20:020SU250720:I:10,0,0,0,0,0,0,1,20250720,20251223
GNE:GOAO020:20:020SU250720:I:12,0,0,0,0,0,0,1,20250720,20251223
GNE:GOAO020:20:020SU250720:I:13,0,0,0,0,0,0,1,20250720,20251223
GNE:GOAO020:20:020SU250720:I:15,0,0,0,0,0,0,1,20250720,20251223
GNE:GOAO020:20:020SU250720:I:16,0,0,0,0,0,0,1,20250720,20251223
GNE:GOAO020:20:020SU250720:I:18,0,0,0,0,0,0,1,20250720,20251223
GNE:GOAO020:20:020SU250720:I:19,0,0,0,0,0,0,1,20250720,20251223
GNE:GOAO020:20:020SU250720:I:21,0,0,0,0,0,0,1,20250720,20251223
GNE:GOAO020:20:020SU250720:I:22,0,0,0,0,0,0,1,20250720,20251223
GNE:GOAO020:20:020SU250720:I:24,0,0,0,0,0,0,1,20250720,20251223
GNE:GOAO020:20:020SU250720:I:25,0,0,0,0,0,0,1,20250720,20251223
GNE:GOAO020:20:020SU250720:I:27,0,0,0,0,0,0,1,20250720,20251223
GNE:GOAO020:20:020SU250720:I:28,0,0,0,0,0,0,1,20250720,20251223
GNE:GOAO020:20:020SU250720:I:30,0,0,0,0,0,0,1,20250720,20251223
GNE:GOAO020:20:020SU250720:I:31,0,0,0,0,0,0,1,20250720,20251223
GNE:GOAO020:20:020SU250720:I:33,0,0,0,0,0,0,1,20250720,20251223
GNE:GOAO020:20:020SU250720:I:35,0,0,0,0,0,0,1,20250720,20251223
GNE:GOAO020:20:020SU250720:I:37,0,0,0,0,0,0,1,20250720,20251223
GNE:GOAO020:20:020SU250720:I:39,0,0,0,0,0,0,1,20250720,20251223
GNE:GOAO020:20:020SU250720:I:41,0,0,0,0,0,0,1,20250720,20251223
GNE:GOAO020A:20A:020MF250720:O:51,1,1,1,1,1,0,0,20250720,20251223
GNE:GOAO020A:20A:020MF250720:O:53,1,1,1,1,1,0,0,20250720,20251223
GNE:GOAO020A:20A:020MF250720:O:55,1,1,1,1,1,0,0,20250720,20251223
GNE:GOAO020A:20A:020MF250720:O:57,1,1,1,1,1,0,0,20250720,20251223
GNE:GOAO020A:20A:020MF250720:O:59,1,1,1,1,1,0,0,20250720,20251223
GNE:GOAO020A:20A:020MF250720:O:61,1,1,1,1,1,0,0,20250720,20251223
GNE:GOAO020A:20A:020MF250720:I:52,1,1,1,1,1,0,0,20250720,20251223
GNE:GOAO020A:20A:020MF250720:I:54,1,1,1,1,1,0,0,20250720,20251223
GNE:GOAO020A:20A:020MF250720:I:56,1,1,1,1,1,0,0,20250720,20251223
GNE:GOAO020A:20A:020MF250720:I:58,1,1,1,1,1,0,0,20250720,20251223
GNE:GOAO020A:20A:020MF250720:I:60,1,1,1,1,1,0,0,20250720,20251223
GNE:GOAO020A:20A:020SA250720:O:45,0,0,0,0,0,1,0,20250720,20251223
GNE:GOAO020A:20A:020SA250720:O:47,0,0,0,0,0,1,0,20250720,20251223
GNE:GOAO020A:20A:020SA250720:O:49,0,0,0,0,0,1,0,20250720,20251223
GNE:GOAO020A:20A:020SA250720:O:51,0,0,0,0,0,1,0,20250720,20251223
GNE:GOAO020A:20A:020SA250720:O:53,0,0,0,0,0,1,0,20250720,20251223
GNE:GOAO020A:20A:020SA250720:O:55,0,0,0,0,0,1,0,20250720,20251223
GNE:GOAO020A:20A:020SA250720:I:46,0,0,0,0,0,1,0,20250720,20251223
GNE:GOAO020A:20A:020SA250720:I:48,0,0,0,0,0,1,0,20250720,20251223
GNE:GOAO020A:20A:020SA250720:I:50,0,0,0,0,0,1,0,20250720,20251223
GNE:GOAO020A:20A:020SA250720:I:52,0,0,0,0,0,1,0,20250720,20251223
GNE:GOAO020A:20A:020SA250720:I:54,0,0,0,0,0,1,0,20250720,20251223
GNE:GOAO020A:20A:020SU250720:O:8,0,0,0,0,0,0,1,20250720,20251223
GNE:GOAO020A:20A:020SU250720:O:11,0,0,0,0,0,0,1,20250720,20251223
GNE:GOAO020A:20A:020SU250720:O:14,0,0,0,0,0,0,1,20250720,20251223
GNE:GOAO020A:20A:020SU250720:O:17,0,0,0,0,0,0,1,20250720,20251223
GNE:GOAO020A:20A:020SU250720:O:20,0,0,0,0,0,0,1,20250720,20251223
GNE:GOAO020A:20A:020SU250720:O:23,0,0,0,0,0,0,1,20250720,20251223
GNE:GOAO020A:20A:020SU250720:O:26,0,0,0,0,0,0,1,20250720,20251223
GNE:GOAO020A:20A:020SU250720:O:29,0,0,0,0,0,0,1,20250720,20251223
GNE:GOAO020A:20A:020SU250720:O:32,0,0,0,0,0,0,1,20250720,20251223
GNE:GOAO020A:20A:020SU250720:O:34,0,0,0,0,0,0,1,20250720,20251223
GNE:GOAO020A:20A:020SU250720:O:36,0,0,0,0,0,0,1,20250720,20251223
GNE:GOAO020A:20A:020SU250720:O:38,0,0,0,0,0,0,1,20250720,20251223
GNE:GOAO020A:20A:020SU250720:O:40,0,0,0,0,0,0,1,20250720,20251223
GNE:GOAO020A:20A:020SU250720:O:42,0,0,0,0,0,0,1,20250720,20251223
GNE:GOAO020A:20A:020SU250720:O:44,0,0,0,0,0,0,1,20250720,20251223
GNE:GOAO020A:20A:020SU250720:I:8,0,0,0,0,0,0,1,20250720,20251223
GNE:GOAO020A:20A:020SU250720:I:11,0,0,0,0,0,0,1,20250720,20251223
GNE:GOAO020A:20A:020SU250720:I:14,0,0,0,0,0,0,1,20250720,20251223
GNE:GOAO020A:20A:020SU250720:I:17,0,0,0,0,0,0,1,20250720,20251223
GNE:GOAO020A:20A:020SU250720:I:20,0,0,0,0,0,0,1,20250720,20251223
GNE:GOAO020A:20A:020SU250720:I:23,0,0,0,0,0,0,1,20250720,20251223
GNE:GOAO020A:20A:020SU250720:I:26,0,0,0,0,0,0,1,20250720,20251223
GNE:GOAO020A:20A:020SU250720:I:29,0,0,0,0,0,0,1,20250720,20251223
GNE:GOAO020A:20A:020SU250720:I:32,0,0,0,0,0,0,1,20250720,20251223
GNE:GOAO020A:20A:020SU250720:I:34,0,0,0,0,0,0,1,20250720,20251223
GNE:GOAO020A:20A:020SU250720:I:36,0,0,0,0,0,0,1,20250720,20251223
GNE:GOAO020A:20A:020SU250720:I:38,0,0,0,0,0,0,1,20250720,20251223
GNE:GOAO020A:20A:020SU250720:I:40,0,0,0,0,0,0,1,20250720,20251223
GNE:GOAO020A:20A:020SU250720:I:42,0,0,0,0,0,0,1,20250720,20251223
GNE:GOAO021:21:021MF250720:O:1,1,1,1,1,1,0,0,20250720,20251223
GNE:GOAO021:21:021MF250720:O:2,1,1,1,1,1,0,0,20250720,20251223
GNE:GOAO021:21:021MF250720:O:3,1,1,1,1,1,0,0,20250720,20251223
GNE:GOAO021:21:021MF250720:O:4,1,1,1,1,1,0,0,20250720,20251223
GNE:GOAO021:21:021MF250720:O:5,1,1,1,1,1,0,0,20250720,20251223
GNE:GOAO021:21:021MF250720:O:6,1,1,1,1,1,0,0,20250720,20251223
GNE:GOAO021:21:021MF250720:O:7,1,1,1,1,1,0,0,20250720,20251223
GNE:GOAO021:21:021MF250720:O:8,1,1,1,1,1,0,0,20250720,20251223
GNE:GOAO021:21:021MF250720:O:9,1,1,1,1,1,0,0,20250720,20251223
GNE:GOAO021:21:021MF250720:O:10,1,1,1,1,1,0,0,20250720,20251223
GNE:GOAO021:21:021MF250720:O:11,0,0,0,0,0,0,0,20250720,20251223
GNE:GOAO021:21:021MF250720:O:12,1,1,1,1,1,0,0,20250720,20251223
GNE:GOAO021:21:021MF250720:O:13,1,1,1,1,1,0,0,20250720,20251223
GNE:GOAO021:21:021MF250720:O:14,1,1,1,1,1,0,0,20250720,20251223
GNE:GOAO021:21:021MF250720:O:15,1,1,1,1,1,0,0,20250720,20251223
GNE:GOAO021:21:021MF250720:O:16,1,1,1,1,1,0,0,20250720,20251223
GNE:GOAO021:21:021MF250720:O:17,1,1,1,1,1,0,0,20250720,20251223
GNE:GOAO021:21:021MF250720:O:18,1,1,1,1,1,0,0,20250720,20251223
GNE:GOAO021:21:021MF250720:O:19,1,1,1,1,1,0,0,20250720,20251223
GNE:GOAO021:21:021MF250720:O:20,1,1,1,1,1,0,0,20250720,20251223
GNE:GOAO021:21:021MF250720:O:21,1,1,1,1,1,0,0,20250720,20251223
GNE:GOAO021:21:021MF250720:O:22,1,1,1,1,1,0,0,20250720,20251223
GNE:GOAO021:21:021MF250720:O:23,1,1,1,1,1,0,0,20250720,20251223
GNE:GOAO021:21:021MF250720:O:24,1,1,1,1,1,0,0,20250720,20251223
GNE:GOAO021:21:021MF250720:O:25,1,1,1,1,1,0,0,20250720,20251223
GNE:GOAO021:21:021MF250720:O:26,1,1,1,1,1,0,0,20250720,20251223
GNE:GOAO021:21:021MF250720:O:27,1,1,1,1,1,0,0,20250720,20251223
GNE:GOAO021:21:021MF250720:O:28,1,1,1,1,1,0,0,20250720,20251223
GNE:GOAO021:21:021MF250720:O:29,1,1,1,1,1,0,0,20250720,20251223
GNE:GOAO021:21:021MF250720:O:30,1,1,1,1,1,0,0,20250720,20251223
GNE:GOAO021:21:021MF250720:O:31,1,1,1,1,1,0,0,20250720,20251223
GNE:GOAO021:21:021MF250720:O:32,1,1,1,1,1,0,0,20250720,20251223
GNE:GOAO021:21:021MF250720:O:33,1,1,1,1,1,0,0,20250720,20251223
GNE:GOAO021:21:021MF250720:O:34,1,1,1,1,1,0,0,20250720,20251223
GNE:GOAO021:21:021MF250720:O:35,1,1,1,1,1,0,0,20250720,20251223
GNE:GOAO021:21:021MF250720:O:36,1,1,1,1,1,0,0,20250720,20251223
GNE:GOAO021:21:021MF250720:O:37,1,1,1,1,1,0,0,20250720,20251223
GNE:GOAO021:21:021MF250720:O:38,1,1,1,1,1,0,0,20250720,20251223
GNE:GOAO021:21:021MF250720:O:39,1,1,1,1,1,0,0,20250720,20251223
GNE:GOAO021:21:021MF250720:O:40,1,1,1,1,1,0,0,20250720,20251223
GNE:GOAO021:21:021MF250720:O:41,1,1,1,1,1,0,0,20250720,20251223
GNE:GOAO021:21:021MF250720:O:42,1,1,1,1,1,0,0,20250720,20251223
GNE:GOAO021:21:021MF250720:O:43,1,1,1,1,1,0,0,20250720,20251223
GNE:GOAO021:21:021MF250720:O:44,1,1,1,1,1,0,0,20250720,20251223
GNE:GOAO021:21:021MF250720:O:45,1,1,1,1,1,0,0,20250720,20251223
GNE:GOAO021:21:021MF250720:O:46,1,1,1,1,1,0,0,20250720,20251223
GNE:GOAO021:21:021MF250720:O:47,1,1,1,1,1,0,0,20250720,20251223
GNE:GOAO021:21:021MF250720:O:48,1,1,1,1,1,0,0,20250720,20251223
GNE:GOAO021:21:021MF250720:O:49,1,1,1,1,1,0,0,20250720,20251223
GNE:GOAO021:21:021MF250720:O:50,1,1,1,1,1,0,0,20250720,20251223
GNE:GOAO021:21:021MF250720:O:51,1,1,1,1,1,0,0,20250720,20251223
GNE:GOAO021:21:021MF250720:O:52,1,1,1,1,1,0,0,20250720,20251223
GNE:GOAO021:21:021MF250720:O:53,1,1,1,1,1,0,0,20250720,20251223
GNE:GOAO021:21:021MF250720:O:54,1,1,1,1,1,0,0,20250720,20251223
GNE:GOAO021:21:021MF250720:O:55,1,1,1,1,1,0,0,20250720,20251223
GNE:GOAO021:21:021MF250720:O:56,1,1,1,1,1,0,0,20250720,20251223
GNE:GOAO021:21:021MF250720:O:57,1,1,1,1,1,0,0,20250720,20251223
GNE:GOAO021:21:021MF250720:O:58,1,1,1,1,1,0,0,20250720,20251223
GNE:GOAO021:21:021MF250720:O:59,1,1,1,1,1,0,0,20250720,20251223
GNE:GOAO021:21:021MF250720:O:60,1,1,1,1,1,0,0,20250720,20251223
GNE:GOAO021:21:021MF250720:O:61,1,1,1,1,1,0,0,20250720,20251223
GNE:GOAO021:21:021MF250720:O:62,1,1,1,1,1,0,0,20250720,20251223
GNE:GOAO021:21:021MF250720:O:63,1,1,1,1,1,0,0,20250720,20251223
GNE:GOAO021:21:021MF250720:O:64,1,1,1,1,1,0,0,20250720,20251223
GNE:GOAO021:21:021MF250720:O:65,1,1,1,1,1,0,0,20250720,20251223
GNE:GOAO021:21:021MF250720:O:66,1,1,1,1,1,0,0,20250720,20251223
GNE:GOAO021:21:021MF250720:O:67,1,1,1,1,1,0,0,20250720,20251223
GNE:GOAO021:21:021MF250720:O:68,1,1,1,1,1,0,0,20250720,20251223
GNE:GOAO021:21:021MF250720:O:69,1,1,1,1,1,0,0,20250720,20251223
GNE:GOAO021:21:021MF250720:O:70,1,1,1,1,1,0,0,20250720,20251223
GNE:GOAO021:21:021MF250720:O:71,1,1,1,1,1,0,0,20250720,20251223
GNE:GOAO021:21:021MF250720:O:72,1,1,1,1,1,0,0,20250720,20251223
GNE:GOAO021:21:021MF250720:O:73,1,1,1,1,1,0,0,20250720,20251223
GNE:GOAO021:21:021MF250720:O:74,1,1,1,1,1,0,0,20250720,20251223
GNE:GOAO021:21:021MF250720:O:75,1,1,1,1,1,0,0,20250720,20251223
GNE:GOAO021:21:021MF250720:O:76,0,0,0,0,0,0,0,20250720,20251223
GNE:GOAO021:21:021MF250720:O:77,1,1,1,1,1,0,0,20250720,20251223
GNE:GOAO021:21:021MF250720:O:78,0,0,0,0,0,0,0,20250720,20251223
GNE:GOAO021:21:021MF250720:O:79,1,1,1,1,1,0,0,20250720,20251223
GNE:GOAO021:21:021MF250720:O:80,0,0,0,0,0,0,0,20250720,20251223
GNE:GOAO021:21:021MF250720:O:81,1,1,1,1,1,0,0,20250720,20251223
GNE:GOAO021:21:021MF250720:O:82,1,1,1,1,1,0,0,20250720,20251223
GNE:GOAO021:21:021MF250720:O:83,1,1,1,1,1,0,0,20250720,20251223
GNE:GOAO021:21:021MF250720:O:84,1,1,1,1,1,0,0,20250720,20251223
GNE:GOAO021:21:021MF250720:O:85,1,1,1,1,1,0,0,20250720,20251223
GNE:GOAO021:21:021MF250720:O:86,1,1,1,1,1,0,0,20250720,20251223
GNE:GOAO021:21:021MF250720:O:87,1,1,1,1,1,0,0,20250720,20251223
GNE:GOAO021:21:021MF250720:O:88,1,1,1,1,1,0,0,20250720,20251223
GNE:GOAO021:21:021MF250720:O:89,1,1,1,1,1,0,0,20250720,20251223
GNE:GOAO021:21:021MF250720:O:90,1,1,1,1,1,0,0,20250720,20251223
GNE:GOAO021:21:021MF250720:O:91,1,1,1,1,1,0,0,20250720,20251223
GNE:GOAO021:21:021MF250720:O:92,1,1,1,1,1,0,0,20250720,20251223
GNE:GOAO021:21:021MF250720:O:93,1,1,1,1,1,0,0,20250720,20251223
GNE:GOAO021:21:021MF250720:O:94,1,1,1,1,1,0,0,20250720,20251223
GNE:GOAO021:21:021MF250720:O:95,1,1,1,1,1,0,0,20250720,20251223
GNE:GOAO021:21:021MF250720:O:96,1,1,1,1,1,0,0,20250720,20251223
GNE:GOAO021:21:021MF250720:O:97,1,1,1,1,1,0,0,20250720,20251223
GNE:GOAO021:21:021MF250720:O:98,1,1,1,1,1,0,0,20250720,20251223
GNE:GOAO021:21:021MF250720:O:99,1,1,1,1,1,0,0,20250720,20251223
GNE:GOAO021:21:021MF250720:O:100,1,1,1,1,1,0,0,20250720,20251223
GNE:GOAO021:21:021MF250720:O:101,1,1,1,1,1,0,0,20250720,20251223
GNE:GOAO021:21:021MF250720:O:102,1,1,1,1,1,0,0,20250720,20251223
GNE:GOAO021:21:021MF250720:O:103,1,1,1,1,1,0,0,20250720,20251223
GNE:GOAO021:21:021MF250720:O:104,1,1,1,1,1,0,0,20250720,20251223
GNE:GOAO021:21:021MF250720:O:105,1,1,1,1,1,0,0,20250720,20251223
GNE:GOAO021:21:021MF250720:O:106,1,1,1,1,1,0,0,20250720,20251223
GNE:GOAO021:21:021MF250720:O:107,1,1,1,1,1,0,0,20250720,20251223
GNE:GOAO021:21:021MF250720:O:108,1,1,1,1,1,0,0,20250720,20251223
GNE:GOAO021:21:021MF250720:O:109,1,1,1,1,1,0,0,20250720,20251223
GNE:GOAO021:21:021MF250720:O:110,1,1,1,1,1,0,0,20250720,20251223
GNE:GOAO021:21:021MF250720:O:111,1,1,1,1,1,0,0,20250720,20251223
GNE:GOAO021:21:021MF250720:O:112,1,1,1,1,1,0,0,20250720,20251223
GNE:GOAO021:21:021MF250720:O:113,1,1,1,1,1,0,0,20250720,20251223
GNE:GOAO021:21:021MF250720:O:114,1,1,1,1,1,0,0,20250720,20251223
GNE:GOAO021:21:021MF250720:O:115,1,1,1,1,0,0,0,20250720,20251223
GNE:GOAO021:21:021MF250720:O:116,0,0,0,0,1,0,0,20250720,20251223
GNE:GOAO021:21:021MF250720:O:117,1,1,1,1,1,0,0,20250720,20251223
GNE:GOAO021:21:021MF250720:O:118,1,1,1,1,1,0,0,20250720,20251223
GNE:GOAO021:21:021MF250720:O:119,1,1,1,1,0,0,0,20250720,20251223
GNE:GOAO021:21:021MF250720:O:120,0,0,0,0,1,0,0,20250720,20251223
GNE:GOAO021:21:021MF250720:O:121,1,1,1,1,1,0,0,20250720,20251223
GNE:GOAO021:21:021MF250720:O:122,1,1,1,1,1,0,0,20250720,20251223
GNE:GOAO021:21:021MF250720:I:1,1,1,1,1,1,0,0,20250720,20251223
GNE:GOAO021:21:021MF250720:I:2,1,1,1,1,1,0,0,20250720,20251223
GNE:GOAO021:21:021MF250720:I:3,1,1,1,1,1,0,0,20250720,20251223
GNE:GOAO021:21:021MF250720:I:4,1,1,1,1,1,0,0,20250720,20251223
GNE:GOAO021:21:021MF250720:I:5,1,1,1,1,1,0,0,20250720,20251223
GNE:GOAO021:21:021MF250720:I:6,1,1,1,1,1,0,0,20250720,20251223
GNE:GOAO021:21:021MF250720:I:7,1,1,1,1,1,0,0,20250720,20251223
GNE:GOAO021:21:021MF250720:I:8,1,1,1,1,1,0,0,20250720,20251223
GNE:GOAO021:21:021MF250720:I:9,1,1,1,1,1,0,0,20250720,20251223
GNE:GOAO021:21:021MF250720:I:10,1,1,1,1,1,0,0,20250720,20251223
GNE:GOAO021:21:021MF250720:I:11,1,1,1,1,1,0,0,20250720,20251223
GNE:GOAO021:21:021MF250720:I:12,1,1,1,1,1,0,0,20250720,20251223
GNE:GOAO021:21:021MF250720:I:13,1,1,1,1,1,0,0,20250720,20251223
GNE:GOAO021:21:021MF250720:I:14,1,1,1,1,1,0,0,20250720,20251223
GNE:GOAO021:21:021MF250720:I:15,1,1,1,1,1,0,0,20250720,20251223
GNE:GOAO021:21:021MF250720:I:16,1,1,1,1,1,0,0,20250720,20251223
GNE:GOAO021:21:021MF250720:I:17,1,1,1,1,1,0,0,20250720,20251223
GNE:GOAO021:21:021MF250720:I:18,1,1,1,1,1,0,0,20250720,20251223
GNE:GOAO021:21:021MF250720:I:19,1,1,1,1,1,0,0,20250720,20251223
GNE:GOAO021:21:021MF250720:I:20,1,1,1,1,1,0,0,20250720,20251223
GNE:GOAO021:21:021MF250720:I:21,1,1,1,1,1,0,0,20250720,20251223
GNE:GOAO021:21:021MF250720:I:22,1,1,1,1,1,0,0,20250720,20251223
GNE:GOAO021:21:021MF250720:I:23,1,1,1,1,1,0,0,20250720,20251223
GNE:GOAO021:21:021MF250720:I:24,1,1,1,1,1,0,0,20250720,20251223
GNE:GOAO021:21:021MF250720:I:25,1,1,1,1,1,0,0,20250720,20251223
GNE:GOAO021:21:021MF250720:I:26,1,1,1,1,1,0,0,20250720,20251223
GNE:GOAO021:21:021MF250720:I:27,1,1,1,1,1,0,0,20250720,20251223
GNE:GOAO021:21:021MF250720:I:28,1,1,1,1,1,0,0,20250720,20251223
GNE:GOAO021:21:021MF250720:I:29,1,1,1,1,1,0,0,20250720,20251223
GNE:GOAO021:21:021MF250720:I:30,1,1,1,1,1,0,0,20250720,20251223
GNE:GOAO021:21:021MF250720:I:31,1,1,1,1,1,0,0,20250720,20251223
GNE:GOAO021:21:021MF250720:I:32,1,1,1,1,1,0,0,20250720,20251223
GNE:GOAO021:21:021MF250720:I:33,1,1,1,1,1,0,0,20250720,20251223
GNE:GOAO021:21:021MF250720:I:34,1,1,1,1,1,0,0,20250720,20251223
GNE:GOAO021:21:021MF250720:I:35,1,1,1,1,1,0,0,20250720,20251223
GNE:GOAO021:21:021MF250720:I:36,1,1,1,1,1,0,0,20250720,20251223
GNE:GOAO021:21:021MF250720:I:37,1,1,1,1,1,0,0,20250720,20251223
GNE:GOAO021:21:021MF250720:I:38,1,1,1,1,1,0,0,20250720,20251223
GNE:GOAO021:21:021MF250720:I:39,1,1,1,1,1,0,0,20250720,20251223
GNE:GOAO021:21:021MF250720:I:40,1,1,1,1,1,0,0,20250720,20251223
GNE:GOAO021:21:021MF250720:I:41,1,1,1,1,1,0,0,20250720,20251223
GNE:GOAO021:21:021MF250720:I:42,1,1,1,1,1,0,0,20250720,20251223
GNE:GOAO021:21:021MF250720:I:43,1,1,1,1,1,0,0,20250720,20251223
GNE:GOAO021:21:021MF250720:I:44,1,1,1,1,1,0,0,20250720,20251223
GNE:GOAO021:21:021MF250720:I:45,1,1,1,1,1,0,0,20250720,20251223
GNE:GOAO021:21:021MF250720:I:46,1,1,1,1,1,0,0,20250720,20251223
GNE:GOAO021:21:021MF250720:I:47,1,1,1,1,1,0,0,20250720,20251223
GNE:GOAO021:21:021MF250720:I:48,1,1,1,1,1,0,0,20250720,20251223
GNE:GOAO021:21:021MF250720:I:49,1,1,1,1,1,0,0,20250720,20251223
GNE:GOAO021:21:021MF250720:I:50,1,1,1,1,1,0,0,20250720,20251223
GNE:GOAO021:21:021MF250720:I:51,1,1,1,1,1,0,0,20250720,20251223
GNE:GOAO021:21:021MF250720:I:52,1,1,1,1,1,0,0,20250720,20251223
GNE:GOAO021:21:021MF250720:I:53,1,1,1,1,1,0,0,20250720,20251223
GNE:GOAO021:21:021MF250720:I:54,1,1,1,1,1,0,0,20250720,20251223
GNE:GOAO021:21:021MF250720:I:55,1,1,1,1,1,0,0,20250720,20251223
GNE:GOAO021:21:021MF250720:I:56,1,1,1,1,1,0,0,20250720,20251223
GNE:GOAO021:21:021MF250720:I:57,1,1,1,1,1,0,0,20250720,20251223
GNE:GOAO021:21:021MF250720:I:58,1,1,1,1,1,0,0,20250720,20251223
GNE:GOAO021:21:021MF250720:I:59,1,1,1,1,1,0,0,20250720,20251223
GNE:GOAO021:21:021MF250720:I:60,1,1,1,1,1,0,0,20250720,20251223
GNE:GOAO021:21:021MF250720:I:61,1,1,1,1,1,0,0,20250720,20251223
GNE:GOAO021:21:021MF250720:I:62,1,1,1,1,1,0,0,20250720,20251223
GNE:GOAO021:21:021MF250720:I:63,1,1,1,1,1,0,0,20250720,20251223
GNE:GOAO021:21:021MF250720:I:64,1,1,1,1,1,0,0,20250720,20251223
GNE:GOAO021:21:021MF250720:I:65,1,1,1,1,1,0,0,20250720,20251223
GNE:GOAO021:21:021MF250720:I:66,1,1,1,1,1,0,0,20250720,20251223
GNE:GOAO021:21:021MF250720:I:67,1,1,1,1,1,0,0,20250720,20251223
GNE:GOAO021:21:021MF250720:I:68,1,1,1,1,1,0,0,20250720,20251223
GNE:GOAO021:21:021MF250720:I:69,1,1,1,1,1,0,0,20250720,20251223
GNE:GOAO021:21:021MF250720:I:70,1,1,1,1,1,0,0,20250720,20251223
GNE:GOAO021:21:021MF250720:I:71,1,1,1,1,1,0,0,20250720,20251223
GNE:GOAO021:21:021MF250720:I:72,1,1,1,1,1,0,0,20250720,20251223
GNE:GOAO021:21:021MF250720:I:73,0,0,0,0,0,0,0,20250720,20251223
GNE:GOAO021:21:021MF250720:I:74,1,1,1,1,1,0,0,20250720,20251223
GNE:GOAO021:21:021MF250720:I:75,0,0,0,0,0,0,0,20250720,20251223
GNE:GOAO021:21:021MF250720:I:76,1,1,1,1,1,0,0,20250720,20251223
GNE:GOAO021:21:021MF250720:I:77,1,1,1,1,1,0,0,20250720,20251223
GNE:GOAO021:21:021MF250720:I:78,1,1,1,1,1,0,0,20250720,20251223
GNE:GOAO021:21:021MF250720:I:79,1,1,1,1,1,0,0,20250720,20251223
GNE:GOAO021:21:021MF250720:I:80,1,1,1,1,1,0,0,20250720,20251223
GNE:GOAO021:21:021MF250720:I:81,1,1,1,1,1,0,0,20250720,20251223
GNE:GOAO021:21:021MF250720:I:82,1,1,1,1,1,0,0,20250720,20251223
GNE:GOAO021:21:021MF250720:I:83,1,1,1,1,1,0,0,20250720,20251223
GNE:GOAO021:21:021MF250720:I:84,1,1,1,1,1,0,0,20250720,20251223
GNE:GOAO021:21:021MF250720:I:85,1,1,1,1,1,0,0,20250720,20251223
GNE:GOAO021:21:021MF250720:I:86,1,1,1,1,1,0,0,20250720,20251223
GNE:GOAO021:21:021MF250720:I:87,1,1,1,1,1,0,0,20250720,20251223
GNE:GOAO021:21:021MF250720:I:88,1,1,1,1,1,0,0,20250720,20251223
GNE:GOAO021:21:021MF250720:I:89,1,1,1,1,1,0,0,20250720,20251223
GNE:GOAO021:21:021MF250720:I:90,1,1,1,1,1,0,0,20250720,20251223
GNE:GOAO021:21:021MF250720:I:91,1,1,1,1,1,0,0,20250720,20251223
GNE:GOAO021:21:021MF250720:I:92,1,1,1,1,1,0,0,20250720,20251223
GNE:GOAO021:21:021MF250720:I:93,1,1,1,1,1,0,0,20250720,20251223
GNE:GOAO021:21:021MF250720:I:94,1,1,1,1,1,0,0,20250720,20251223
GNE:GOAO021:21:021MF250720:I:95,1,1,1,1,1,0,0,20250720,20251223
GNE:GOAO021:21:021MF250720:I:96,1,1,1,1,1,0,0,20250720,20251223
GNE:GOAO021:21:021MF250720:I:97,1,1,1,1,1,0,0,20250720,20251223
GNE:GOAO021:21:021MF250720:I:98,1,1,1,1,1,0,0,20250720,20251223
GNE:GOAO021:21:021MF250720:I:99,1,1,1,1,1,0,0,20250720,20251223
GNE:GOAO021:21:021MF250720:I:100,1,1,1,1,1,0,0,20250720,20251223
GNE:GOAO021:21:021MF250720:I:101,1,1,1,1,1,0,0,20250720,20251223
GNE:GOAO021:21:021MF250720:I:102,1,1,1,1,1,0,0,20250720,20251223
GNE:GOAO021:21:021MF250720:I:103,1,1,1,1,1,0,0,20250720,20251223
GNE:GOAO021:21:021MF250720:I:104,1,1,1,1,1,0,0,20250720,20251223
GNE:GOAO021:21:021MF250720:I:105,1,1,1,1,1,0,0,20250720,20251223
GNE:GOAO021:21:021MF250720:I:106,1,1,1,1,1,0,0,20250720,20251223
GNE:GOAO021:21:021MF250720:I:107,1,1,1,1,1,0,0,20250720,20251223
GNE:GOAO021:21:021MF250720:I:108,1,1,1,1,1,0,0,20250720,20251223
GNE:GOAO021:21:021MF250720:I:109,1,1,1,1,1,0,0,20250720,20251223
GNE:GOAO021:21:021MF250720:I:110,1,1,1,1,1,0,0,20250720,20251223
GNE:GOAO021:21:021MF250720:I:111,1,1,1,1,1,0,0,20250720,20251223
GNE:GOAO021:21:021MF250720:I:112,1,1,1,1,0,0,0,20250720,20251223
GNE:GOAO021:21:021MF250720:I:113,0,0,0,0,1,0,0,20250720,20251223
GNE:GOAO021:21:021MF250720:I:114,1,1,1,1,1,0,0,20250720,20251223
GNE:GOAO021:21:021MF250720:I:115,1,1,1,1,1,0,0,20250720,20251223
GNE:GOAO021:21:021MF250720:I:116,1,1,1,1,1,0,0,20250720,20251223
GNE:GOAO021:21:021MF250720:I:117,1,1,1,1,1,0,0,20250720,20251223
GNE:GOAO021:21:021MF250720:I:118,1,1,1,1,1,0,0,20250720,20251223
GNE:GOAO021:21:021MF250720:I:119,1,1,1,1,1,0,0,20250720,20251223
GNE:GOAO021:21:021SA250720:O:1,0,0,0,0,0,1,0,20250720,20251223
GNE:GOAO021:21:021SA250720:O:2,0,0,0,0,0,1,0,20250720,20251223
GNE:GOAO021:21:021SA250720:O:3,0,0,0,0,0,1,0,20250720,20251223
GNE:GOAO021:21:021SA250720:O:4,0,0,0,0,0,1,0,20250720,20251223
GNE:GOAO021:21:021SA250720:O:5,0,0,0,0,0,1,0,20250720,20251223
GNE:GOAO021:21:021SA250720:O:6,0,0,0,0,0,1,0,20250720,20251223
GNE:GOAO021:21:021SA250720:O:7,0,0,0,0,0,1,0,20250720,20251223
GNE:GOAO021:21:021SA250720:O:8,0,0,0,0,0,1,0,20250720,20251223
GNE:GOAO021:21:021SA250720:O:9,0,0,0,0,0,1,0,20250720,20251223
GNE:GOAO021:21:021SA250720:O:10,0,0,0,0,0,1,0,20250720,20251223
GNE:GOAO021:21:021SA250720:O:11,0,0,0,0,0,1,0,20250720,20251223
GNE:GOAO021:21:021SA250720:O:12,0,0,0,0,0,1,0,20250720,20251223
GNE:GOAO021:21:021SA250720:O:13,0,0,0,0,0,1,0,20250720,20251223
GNE:GOAO021:21:021SA250720:O:14,0,0,0,0,0,1,0,20250720,20251223
GNE:GOAO021:21:021SA250720:O:15,0,0,0,0,0,1,0,20250720,20251223
GNE:GOAO021:21:021SA250720:O:16,0,0,0,0,0,1,0,20250720,20251223
GNE:GOAO021:21:021SA250720:O:17,0,0,0,0,0,1,0,20250720,20251223
GNE:GOAO021:21:021SA250720:O:18,0,0,0,0,0,1,0,20250720,20251223
GNE:GOAO021:21:021SA250720:O:19,0,0,0,0,0,1,0,20250720,20251223
GNE:GOAO021:21:021SA250720:O:20,0,0,0,0,0,1,0,20250720,20251223
GNE:GOAO021:21:021SA250720:O:21,0,0,0,0,0,1,0,20250720,20251223
GNE:GOAO021:21:021SA250720:O:22,0,0,0,0,0,1,0,20250720,20251223
GNE:GOAO021:21:021SA250720:O:23,0,0,0,0,0,1,0,20250720,20251223
GNE:GOAO021:21:021SA250720:O:24,0,0,0,0,0,1,0,20250720,20251223
GNE:GOAO021:21:021SA250720:O:25,0,0,0,0,0,1,0,20250720,20251223
GNE:GOAO021:21:021SA250720:O:26,0,0,0,0,0,1,0,20250720,20251223
GNE:GOAO021:21:021SA250720:O:27,0,0,0,0,0,1,0,20250720,20251223
GNE:GOAO021:21:021SA250720:O:28,0,0,0,0,0,1,0,20250720,20251223
GNE:GOAO021:21:021SA250720:O:29,0,0,0,0,0,1,0,20250720,20251223
GNE:GOAO021:21:021SA250720:O:30,0,0,0,0,0,1,0,20250720,20251223
GNE:GOAO021:21:021SA250720:O:31,0,0,0,0,0,1,0,20250720,20251223
GNE:GOAO021:21:021SA250720:O:32,0,0,0,0,0,1,0,20250720,20251223
GNE:GOAO021:21:021SA250720:O:33,0,0,0,0,0,1,0,20250720,20251223
GNE:GOAO021:21:021SA250720:O:34,0,0,0,0,0,1,0,20250720,20251223
GNE:GOAO021:21:021SA250720:O:35,0,0,0,0,0,1,0,20250720,20251223
GNE:GOAO021:21:021SA250720:O:36,0,0,0,0,0,1,0,20250720,20251223
GNE:GOAO021:21:021SA250720:O:37,0,0,0,0,0,1,0,20250720,20251223
GNE:GOAO021:21:021SA250720:O:38,0,0,0,0,0,1,0,20250720,20251223
GNE:GOAO021:21:021SA250720:O:39,0,0,0,0,0,1,0,20250720,20251223
GNE:GOAO021:21:021SA250720:O:40,0,0,0,0,0,1,0,20250720,20251223
GNE:GOAO021:21:021SA250720:O:41,0,0,0,0,0,1,0,20250720,20251223
GNE:GOAO021:21:021SA250720:O:42,0,0,0,0,0,1,0,20250720,20251223
GNE:GOAO021:21:021SA250720:O:43,0,0,0,0,0,1,0,20250720,20251223
GNE:GOAO021:21:021SA250720:O:44,0,0,0,0,0,1,0,20250720,20251223
GNE:GOAO021:21:021SA250720:O:45,0,0,0,0,0,1,0,20250720,20251223
GNE:GOAO021:21:021SA250720:O:46,0,0,0,0,0,1,0,20250720,20251223
GNE:GOAO021:21:021SA250720:O:47,0,0,0,0,0,1,0,20250720,20251223
GNE:GOAO021:21:021SA250720:O:48,0,0,0,0,0,1,0,20250720,20251223
GNE:GOAO021:21:021SA250720:O:49,0,0,0,0,0,1,0,20250720,20251223
GNE:GOAO021:21:021SA250720:O:50,0,0,0,0,0,1,0,20250720,20251223
GNE:GOAO021:21:021SA250720:O:51,0,0,0,0,0,1,0,20250720,20251223
GNE:GOAO021:21:021SA250720:O:52,0,0,0,0,0,1,0,20250720,20251223
GNE:GOAO021:21:021SA250720:O:53,0,0,0,0,0,1,0,20250720,20251223
GNE:GOAO021:21:021SA250720:O:54,0,0,0,0,0,1,0,20250720,20251223
GNE:GOAO021:21:021SA250720:O:55,0,0,0,0,0,1,0,20250720,20251223
GNE:GOAO021:21:021SA250720:O:56,0,0,0,0,0,1,0,20250720,20251223
GNE:GOAO021:21:021SA250720:O:57,0,0,0,0,0,1,0,20250720,20251223
GNE:GOAO021:21:021SA250720:O:58,0,0,0,0,0,1,0,20250720,20251223
GNE:GOAO021:21:021SA250720:O:59,0,0,0,0,0,1,0,20250720,20251223
GNE:GOAO021:21:021SA250720:O:60,0,0,0,0,0,1,0,20250720,20251223
GNE:GOAO021:21:021SA250720:O:61,0,0,0,0,0,1,0,20250720,20251223
GNE:GOAO021:21:021SA250720:O:62,0,0,0,0,0,1,0,20250720,20251223
GNE:GOAO021:21:021SA250720:O:63,0,0,0,0,0,1,0,20250720,20251223
GNE:GOAO021:21:021SA250720:O:64,0,0,0,0,0,1,0,20250720,20251223
GNE:GOAO021:21:021SA250720:O:65,0,0,0,0,0,1,0,20250720,20251223
GNE:GOAO021:21:021SA250720:O:66,0,0,0,0,0,1,0,20250720,20251223
GNE:GOAO021:21:021SA250720:O:67,0,0,0,0,0,1,0,20250720,20251223
GNE:GOAO021:21:021SA250720:O:68,0,0,0,0,0,1,0,20250720,20251223
GNE:GOAO021:21:021SA250720:O:69,0,0,0,0,0,1,0,20250720,20251223
GNE:GOAO021:21:021SA250720:O:70,0,0,0,0,0,1,0,20250720,20251223
GNE:GOAO021:21:021SA250720:O:71,0,0,0,0,0,1,0,20250720,20251223
GNE:GOAO021:21:021SA250720:O:72,0,0,0,0,0,1,0,20250720,20251223
GNE:GOAO021:21:021SA250720:O:73,0,0,0,0,0,1,0,20250720,20251223
GNE:GOAO021:21:021SA250720:O:74,0,0,0,0,0,1,0,20250720,20251223
GNE:GOAO021:21:021SA250720:O:75,0,0,0,0,0,1,0,20250720,20251223
GNE:GOAO021:21:021SA250720:O:76,0,0,0,0,0,1,0,20250720,20251223
GNE:GOAO021:21:021SA250720:O:77,0,0,0,0,0,1,0,20250720,20251223
GNE:GOAO021:21:021SA250720:O:78,0,0,0,0,0,1,0,20250720,20251223
GNE:GOAO021:21:021SA250720:O:79,0,0,0,0,0,1,0,20250720,20251223
GNE:GOAO021:21:021SA250720:O:80,0,0,0,0,0,1,0,20250720,20251223
GNE:GOAO021:21:021SA250720:O:81,0,0,0,0,0,1,0,20250720,20251223
GNE:GOAO021:21:021SA250720:O:82,0,0,0,0,0,1,0,20250720,20251223
GNE:GOAO021:21:021SA250720:O:83,0,0,0,0,0,1,0,20250720,20251223
GNE:GOAO021:21:021SA250720:O:84,0,0,0,0,0,1,0,20250720,20251223
GNE:GOAO021:21:021SA250720:O:85,0,0,0,0,0,1,0,20250720,20251223
GNE:GOAO021:21:021SA250720:O:86,0,0,0,0,0,1,0,20250720,20251223
GNE:GOAO021:21:021SA250720:O:87,0,0,0,0,0,1,0,20250720,20251223
GNE:GOAO021:21:021SA250720:O:88,0,0,0,0,0,1,0,20250720,20251223
GNE:GOAO021:21:021SA250720:O:89,0,0,0,0,0,1,0,20250720,20251223
GNE:GOAO021:21:021SA250720:O:90,0,0,0,0,0,1,0,20250720,20251223
GNE:GOAO021:21:021SA250720:O:91,0,0,0,0,0,1,0,20250720,20251223
GNE:GOAO021:21:021SA250720:O:92,0,0,0,0,0,1,0,20250720,20251223
GNE:GOAO021:21:021SA250720:O:93,0,0,0,0,0,1,0,20250720,20251223
GNE:GOAO021:21:021SA250720:O:94,0,0,0,0,0,1,0,20250720,20251223
GNE:GOAO021:21:021SA250720:O:95,0,0,0,0,0,1,0,20250720,20251223
GNE:GOAO021:21:021SA250720:O:96,0,0,0,0,0,1,0,20250720,20251223
GNE:GOAO021:21:021SA250720:O:97,0,0,0,0,0,1,0,20250720,20251223
GNE:GOAO021:21:021SA250720:O:98,0,0,0,0,0,1,0,20250720,20251223
GNE:GOAO021:21:021SA250720:O:99,0,0,0,0,0,1,0,20250720,20251223
GNE:GOAO021:21:021SA250720:O:100,0,0,0,0,0,1,0,20250720,20251223
GNE:GOAO021:21:021SA250720:O:101,0,0,0,0,0,1,0,20250720,20251223
GNE:GOAO021:21:021SA250720:O:102,0,0,0,0,0,1,0,20250720,20251223
GNE:GOAO021:21:021SA250720:O:103,0,0,0,0,0,1,0,20250720,20251223
GNE:GOAO021:21:021SA250720:O:104,0,0,0,0,0,1,0,20250720,20251223
GNE:GOAO021:21:021SA250720:I:1,0,0,0,0,0,1,0,20250720,20251223
GNE:GOAO021:21:021SA250720:I:2,0,0,0,0,0,1,0,20250720,20251223
GNE:GOAO021:21:021SA250720:I:3,0,0,0,0,0,1,0,20250720,20251223
GNE:GOAO021:21:021SA250720:I:4,0,0,0,0,0,1,0,20250720,20251223
GNE:GOAO021:21:021SA250720:I:5,0,0,0,0,0,1,0,20250720,20251223
GNE:GOAO021:21:021SA250720:I:6,0,0,0,0,0,1,0,20250720,20251223
GNE:GOAO021:21:021SA250720:I:7,0,0,0,0,0,1,0,20250720,20251223
GNE:GOAO021:21:021SA250720:I:8,0,0,0,0,0,1,0,20250720,20251223
GNE:GOAO021:21:021SA250720:I:9,0,0,0,0,0,1,0,20250720,20251223
GNE:GOAO021:21:021SA250720:I:10,0,0,0,0,0,1,0,20250720,20251223
GNE:GOAO021:21:021SA250720:I:11,0,0,0,0,0,1,0,20250720,20251223
GNE:GOAO021:21:021SA250720:I:12,0,0,0,0,0,1,0,20250720,20251223
GNE:GOAO021:21:021SA250720:I:13,0,0,0,0,0,1,0,20250720,20251223
GNE:GOAO021:21:021SA250720:I:14,0,0,0,0,0,1,0,20250720,20251223
GNE:GOAO021:21:021SA250720:I:15,0,0,0,0,0,1,0,20250720,20251223
GNE:GOAO021:21:021SA250720:I:16,0,0,0,0,0,1,0,20250720,20251223
GNE:GOAO021:21:021SA250720:I:17,0,0,0,0,0,1,0,20250720,20251223
GNE:GOAO021:21:021SA250720:I:18,0,0,0,0,0,1,0,20250720,20251223
GNE:GOAO021:21:021SA250720:I:19,0,0,0,0,0,1,0,20250720,20251223
GNE:GOAO021:21:021SA250720:I:20,0,0,0,0,0,1,0,20250720,20251223
GNE:GOAO021:21:021SA250720:I:21,0,0,0,0,0,1,0,20250720,20251223
GNE:GOAO021:21:021SA250720:I:22,0,0,0,0,0,1,0,20250720,20251223
GNE:GOAO021:21:021SA250720:I:23,0,0,0,0,0,1,0,20250720,20251223
GNE:GOAO021:21:021SA250720:I:24,0,0,0,0,0,1,0,20250720,20251223
GNE:GOAO021:21:021SA250720:I:25,0,0,0,0,0,1,0,20250720,20251223
GNE:GOAO021:21:021SA250720:I:26,0,0,0,0,0,1,0,20250720,20251223
GNE:GOAO021:21:021SA250720:I:27,0,0,0,0,0,1,0,20250720,20251223
GNE:GOAO021:21:021SA250720:I:28,0,0,0,0,0,1,0,20250720,20251223
GNE:GOAO021:21:021SA250720:I:29,0,0,0,0,0,1,0,20250720,20251223
GNE:GOAO021:21:021SA250720:I:30,0,0,0,0,0,1,0,20250720,20251223
GNE:GOAO021:21:021SA250720:I:31,0,0,0,0,0,1,0,20250720,20251223
GNE:GOAO021:21:021SA250720:I:32,0,0,0,0,0,1,0,20250720,20251223
GNE:GOAO021:21:021SA250720:I:33,0,0,0,0,0,1,0,20250720,20251223
GNE:GOAO021:21:021SA250720:I:34,0,0,0,0,0,1,0,20250720,20251223
GNE:GOAO021:21:021SA250720:I:35,0,0,0,0,0,1,0,20250720,20251223
GNE:GOAO021:21:021SA250720:I:36,0,0,0,0,0,1,0,20250720,20251223
GNE:GOAO021:21:021SA250720:I:37,0,0,0,0,0,1,0,20250720,20251223
GNE:GOAO021:21:021SA250720:I:38,0,0,0,0,0,1,0,20250720,20251223
GNE:GOAO021:21:021SA250720:I:39,0,0,0,0,0,1,0,20250720,20251223
GNE:GOAO021:21:021SA250720:I:40,0,0,0,0,0,1,0,20250720,20251223
GNE:GOAO021:21:021SA250720:I:41,0,0,0,0,0,1,0,20250720,20251223
GNE:GOAO021:21:021SA250720:I:42,0,0,0,0,0,1,0,20250720,20251223
GNE:GOAO021:21:021SA250720:I:43,0,0,0,0,0,1,0,20250720,20251223
GNE:GOAO021:21:021SA250720:I:44,0,0,0,0,0,1,0,20250720,20251223
GNE:GOAO021:21:021SA250720:I:45,0,0,0,0,0,1,0,20250720,20251223
GNE:GOAO021:21:021SA250720:I:46,0,0,0,0,0,1,0,20250720,20251223
GNE:GOAO021:21:021SA250720:I:47,0,0,0,0,0,1,0,20250720,20251223
GNE:GOAO021:21:021SA250720:I:48,0,0,0,0,0,1,0,20250720,20251223
GNE:GOAO021:21:021SA250720:I:49,0,0,0,0,0,1,0,20250720,20251223
GNE:GOAO021:21:021SA250720:I:50,0,0,0,0,0,1,0,20250720,20251223
GNE:GOAO021:21:021SA250720:I:51,0,0,0,0,0,1,0,20250720,20251223
GNE:GOAO021:21:021SA250720:I:52,0,0,0,0,0,1,0,20250720,20251223
GNE:GOAO021:21:021SA250720:I:53,0,0,0,0,0,1,0,20250720,20251223
GNE:GOAO021:21:021SA250720:I:54,0,0,0,0,0,1,0,20250720,20251223
GNE:GOAO021:21:021SA250720:I:55,0,0,0,0,0,1,0,20250720,20251223
GNE:GOAO021:21:021SA250720:I:56,0,0,0,0,0,1,0,20250720,20251223
GNE:GOAO021:21:021SA250720:I:57,0,0,0,0,0,1,0,20250720,20251223
GNE:GOAO021:21:021SA250720:I:58,0,0,0,0,0,1,0,20250720,20251223
GNE:GOAO021:21:021SA250720:I:59,0,0,0,0,0,1,0,20250720,20251223
GNE:GOAO021:21:021SA250720:I:60,0,0,0,0,0,1,0,20250720,20251223
GNE:GOAO021:21:021SA250720:I:61,0,0,0,0,0,1,0,20250720,20251223
GNE:GOAO021:21:021SA250720:I:62,0,0,0,0,0,1,0,20250720,20251223
GNE:GOAO021:21:021SA250720:I:63,0,0,0,0,0,1,0,20250720,20251223
GNE:GOAO021:21:021SA250720:I:64,0,0,0,0,0,1,0,20250720,20251223
GNE:GOAO021:21:021SA250720:I:65,0,0,0,0,0,1,0,20250720,20251223
GNE:GOAO021:21:021SA250720:I:66,0,0,0,0,0,1,0,20250720,20251223
GNE:GOAO021:21:021SA250720:I:67,0,0,0,0,0,1,0,20250720,20251223
GNE:GOAO021:21:021SA250720:I:68,0,0,0,0,0,1,0,20250720,20251223
GNE:GOAO021:21:021SA250720:I:69,0,0,0,0,0,1,0,20250720,20251223
GNE:GOAO021:21:021SA250720:I:70,0,0,0,0,0,1,0,20250720,20251223
GNE:GOAO021:21:021SA250720:I:71,0,0,0,0,0,1,0,20250720,20251223
GNE:GOAO021:21:021SA250720:I:72,0,0,0,0,0,1,0,20250720,20251223
GNE:GOAO021:21:021SA250720:I:73,0,0,0,0,0,1,0,20250720,20251223
GNE:GOAO021:21:021SA250720:I:74,0,0,0,0,0,1,0,20250720,20251223
GNE:GOAO021:21:021SA250720:I:75,0,0,0,0,0,1,0,20250720,20251223
GNE:GOAO021:21:021SA250720:I:76,0,0,0,0,0,1,0,20250720,20251223
GNE:GOAO021:21:021SA250720:I:77,0,0,0,0,0,1,0,20250720,20251223
GNE:GOAO021:21:021SA250720:I:78,0,0,0,0,0,1,0,20250720,20251223
GNE:GOAO021:21:021SA250720:I:79,0,0,0,0,0,1,0,20250720,20251223
GNE:GOAO021:21:021SA250720:I:80,0,0,0,0,0,1,0,20250720,20251223
GNE:GOAO021:21:021SA250720:I:81,0,0,0,0,0,1,0,20250720,20251223
GNE:GOAO021:21:021SA250720:I:82,0,0,0,0,0,1,0,20250720,20251223
GNE:GOAO021:21:021SA250720:I:83,0,0,0,0,0,1,0,20250720,20251223
GNE:GOAO021:21:021SA250720:I:84,0,0,0,0,0,1,0,20250720,20251223
GNE:GOAO021:21:021SA250720:I:85,0,0,0,0,0,1,0,20250720,20251223
GNE:GOAO021:21:021SA250720:I:86,0,0,0,0,0,1,0,20250720,20251223
GNE:GOAO021:21:021SA250720:I:87,0,0,0,0,0,1,0,20250720,20251223
GNE:GOAO021:21:021SA250720:I:88,0,0,0,0,0,1,0,20250720,20251223
GNE:GOAO021:21:021SA250720:I:89,0,0,0,0,0,1,0,20250720,20251223
GNE:GOAO021:21:021SA250720:I:90,0,0,0,0,0,1,0,20250720,20251223
GNE:GOAO021:21:021SA250720:I:91,0,0,0,0,0,1,0,20250720,20251223
GNE:GOAO021:21:021SA250720:I:92,0,0,0,0,0,1,0,20250720,20251223
GNE:GOAO021:21:021SA250720:I:93,0,0,0,0,0,1,0,20250720,20251223
GNE:GOAO021:21:021SA250720:I:94,0,0,0,0,0,1,0,20250720,20251223
GNE:GOAO021:21:021SA250720:I:95,0,0,0,0,0,1,0,20250720,20251223
GNE:GOAO021:21:021SA250720:I:96,0,0,0,0,0,1,0,20250720,20251223
GNE:GOAO021:21:021SA250720:I:97,0,0,0,0,0,1,0,20250720,20251223
GNE:GOAO021:21:021SA250720:I:98,0,0,0,0,0,1,0,20250720,20251223
GNE:GOAO021:21:021SA250720:I:99,0,0,0,0,0,1,0,20250720,20251223
GNE:GOAO021:21:021SA250720:I:100,0,0,0,0,0,1,0,20250720,20251223
GNE:GOAO021:21:021SA250720:I:101,0,0,0,0,0,1,0,20250720,20251223
GNE:GOAO021:21:021SA250720:I:102,0,0,0,0,0,1,0,20250720,20251223
GNE:GOAO021:21:021SA250720:I:103,0,0,0,0,0,1,0,20250720,20251223
GNE:GOAO021:21:021SA250720:I:104,0,0,0,0,0,1,0,20250720,20251223
GNE:GOAO021:21:021SU250720:O:1,0,0,0,0,0,0,1,20250720,20251223
GNE:GOAO021:21:021SU250720:O:2,0,0,0,0,0,0,1,20250720,20251223
GNE:GOAO021:21:021SU250720:O:3,0,0,0,0,0,0,1,20250720,20251223
GNE:GOAO021:21:021SU250720:O:4,0,0,0,0,0,0,1,20250720,20251223
GNE:GOAO021:21:021SU250720:O:5,0,0,0,0,0,0,1,20250720,20251223
GNE:GOAO021:21:021SU250720:O:6,0,0,0,0,0,0,1,20250720,20251223
GNE:GOAO021:21:021SU250720:O:7,0,0,0,0,0,0,1,20250720,20251223
GNE:GOAO021:21:021SU250720:O:8,0,0,0,0,0,0,1,20250720,20251223
GNE:GOAO021:21:021SU250720:O:9,0,0,0,0,0,0,1,20250720,20251223
GNE:GOAO021:21:021SU250720:O:10,0,0,0,0,0,0,1,20250720,20251223
GNE:GOAO021:21:021SU250720:O:11,0,0,0,0,0,0,1,20250720,20251223
GNE:GOAO021:21:021SU250720:O:12,0,0,0,0,0,0,1,20250720,20251223
GNE:GOAO021:21:021SU250720:O:13,0,0,0,0,0,0,1,20250720,20251223
GNE:GOAO021:21:021SU250720:O:14,0,0,0,0,0,0,1,20250720,20251223
GNE:GOAO021:21:021SU250720:O:15,0,0,0,0,0,0,1,20250720,20251223
GNE:GOAO021:21:021SU250720:O:16,0,0,0,0,0,0,1,20250720,20251223
GNE:GOAO021:21:021SU250720:O:17,0,0,0,0,0,0,1,20250720,20251223
GNE:GOAO021:21:021SU250720:O:18,0,0,0,0,0,0,1,20250720,20251223
GNE:GOAO021:21:021SU250720:O:19,0,0,0,0,0,0,1,20250720,20251223
GNE:GOAO021:21:021SU250720:O:20,0,0,0,0,0,0,1,20250720,20251223
GNE:GOAO021:21:021SU250720:O:21,0,0,0,0,0,0,1,20250720,20251223
GNE:GOAO021:21:021SU250720:O:22,0,0,0,0,0,0,1,20250720,20251223
GNE:GOAO021:21:021SU250720:O:23,0,0,0,0,0,0,1,20250720,20251223
GNE:GOAO021:21:021SU250720:O:24,0,0,0,0,0,0,1,20250720,20251223
GNE:GOAO021:21:021SU250720:O:25,0,0,0,0,0,0,1,20250720,20251223
GNE:GOAO021:21:021SU250720:O:26,0,0,0,0,0,0,1,20250720,20251223
GNE:GOAO021:21:021SU250720:O:27,0,0,0,0,0,0,1,20250720,20251223
GNE:GOAO021:21:021SU250720:O:28,0,0,0,0,0,0,1,20250720,20251223
GNE:GOAO021:21:021SU250720:O:29,0,0,0,0,0,0,1,20250720,20251223
GNE:GOAO021:21:021SU250720:O:30,0,0,0,0,0,0,1,20250720,20251223
GNE:GOAO021:21:021SU250720:O:31,0,0,0,0,0,0,1,20250720,20251223
GNE:GOAO021:21:021SU250720:O:32,0,0,0,0,0,0,1,20250720,20251223
GNE:GOAO021:21:021SU250720:O:33,0,0,0,0,0,0,1,20250720,20251223
GNE:GOAO021:21:021SU250720:O:34,0,0,0,0,0,0,1,20250720,20251223
GNE:GOAO021:21:021SU250720:O:35,0,0,0,0,0,0,1,20250720,20251223
GNE:GOAO021:21:021SU250720:O:36,0,0,0,0,0,0,1,20250720,20251223
GNE:GOAO021:21:021SU250720:O:37,0,0,0,0,0,0,1,20250720,20251223
GNE:GOAO021:21:021SU250720:O:38,0,0,0,0,0,0,1,20250720,20251223
GNE:GOAO021:21:021SU250720:O:39,0,0,0,0,0,0,1,20250720,20251223
GNE:GOAO021:21:021SU250720:O:40,0,0,0,0,0,0,1,20250720,20251223
GNE:GOAO021:21:021SU250720:O:41,0,0,0,0,0,0,1,20250720,20251223
GNE:GOAO021:21:021SU250720:O:42,0,0,0,0,0,0,1,20250720,20251223
GNE:GOAO021:21:021SU250720:O:43,0,0,0,0,0,0,1,20250720,20251223
GNE:GOAO021:21:021SU250720:O:44,0,0,0,0,0,0,1,20250720,20251223
GNE:GOAO021:21:021SU250720:O:45,0,0,0,0,0,0,1,20250720,20251223
GNE:GOAO021:21:021SU250720:O:46,0,0,0,0,0,0,1,20250720,20251223
GNE:GOAO021:21:021SU250720:O:47,0,0,0,0,0,0,1,20250720,20251223
GNE:GOAO021:21:021SU250720:O:48,0,0,0,0,0,0,1,20250720,20251223
GNE:GOAO021:21:021SU250720:O:49,0,0,0,0,0,0,1,20250720,20251223
GNE:GOAO021:21:021SU250720:O:50,0,0,0,0,0,0,1,20250720,20251223
GNE:GOAO021:21:021SU250720:O:51,0,0,0,0,0,0,1,20250720,20251223
GNE:GOAO021:21:021SU250720:O:52,0,0,0,0,0,0,1,20250720,20251223
GNE:GOAO021:21:021SU250720:O:53,0,0,0,0,0,0,1,20250720,20251223
GNE:GOAO021:21:021SU250720:O:54,0,0,0,0,0,0,1,20250720,20251223
GNE:GOAO021:21:021SU250720:O:55,0,0,0,0,0,0,1,20250720,20251223
GNE:GOAO021:21:021SU250720:O:56,0,0,0,0,0,0,1,20250720,20251223
GNE:GOAO021:21:021SU250720:O:57,0,0,0,0,0,0,1,20250720,20251223
GNE:GOAO021:21:021SU250720:O:58,0,0,0,0,0,0,1,20250720,20251223
GNE:GOAO021:21:021SU250720:O:59,0,0,0,0,0,0,1,20250720,20251223
GNE:GOAO021:21:021SU250720:I:1,0,0,0,0,0,0,1,20250720,20251223
GNE:GOAO021:21:021SU250720:I:2,0,0,0,0,0,0,1,20250720,20251223
GNE:GOAO021:21:021SU250720:I:3,0,0,0,0,0,0,1,20250720,20251223
GNE:GOAO021:21:021SU250720:I:4,0,0,0,0,0,0,1,20250720,20251223
GNE:GOAO021:21:021SU250720:I:5,0,0,0,0,0,0,1,20250720,20251223
GNE:GOAO021:21:021SU250720:I:6,0,0,0,0,0,0,1,20250720,20251223
GNE:GOAO021:21:021SU250720:I:7,0,0,0,0,0,0,1,20250720,20251223
GNE:GOAO021:21:021SU250720:I:8,0,0,0,0,0,0,1,20250720,20251223
GNE:GOAO021:21:021SU250720:I:9,0,0,0,0,0,0,1,20250720,20251223
GNE:GOAO021:21:021SU250720:I:10,0,0,0,0,0,0,1,20250720,20251223
GNE:GOAO021:21:021SU250720:I:11,0,0,0,0,0,0,1,20250720,20251223
GNE:GOAO021:21:021SU250720:I:12,0,0,0,0,0,0,1,20250720,20251223
GNE:GOAO021:21:021SU250720:I:13,0,0,0,0,0,0,1,20250720,20251223
GNE:GOAO021:21:021SU250720:I:14,0,0,0,0,0,0,1,20250720,20251223
GNE:GOAO021:21:021SU250720:I:15,0,0,0,0,0,0,1,20250720,20251223
GNE:GOAO021:21:021SU250720:I:16,0,0,0,0,0,0,1,20250720,20251223
GNE:GOAO021:21:021SU250720:I:17,0,0,0,0,0,0,1,20250720,20251223
GNE:GOAO021:21:021SU250720:I:18,0,0,0,0,0,0,1,20250720,20251223
GNE:GOAO021:21:021SU250720:I:19,0,0,0,0,0,0,1,20250720,20251223
GNE:GOAO021:21:021SU250720:I:20,0,0,0,0,0,0,1,20250720,20251223
GNE:GOAO021:21:021SU250720:I:21,0,0,0,0,0,0,1,20250720,20251223
GNE:GOAO021:21:021SU250720:I:22,0,0,0,0,0,0,1,20250720,20251223
GNE:GOAO021:21:021SU250720:I:23,0,0,0,0,0,0,1,20250720,20251223
GNE:GOAO021:21:021SU250720:I:24,0,0,0,0,0,0,1,20250720,20251223
GNE:GOAO021:21:021SU250720:I:25,0,0,0,0,0,0,1,20250720,20251223
GNE:GOAO021:21:021SU250720:I:26,0,0,0,0,0,0,1,20250720,20251223
GNE:GOAO021:21:021SU250720:I:27,0,0,0,0,0,0,1,20250720,20251223
GNE:GOAO021:21:021SU250720:I:28,0,0,0,0,0,0,1,20250720,20251223
GNE:GOAO021:21:021SU250720:I:29,0,0,0,0,0,0,1,20250720,20251223
GNE:GOAO021:21:021SU250720:I:30,0,0,0,0,0,0,1,20250720,20251223
GNE:GOAO021:21:021SU250720:I:31,0,0,0,0,0,0,1,20250720,20251223
GNE:GOAO021:21:021SU250720:I:32,0,0,0,0,0,0,1,20250720,20251223
GNE:GOAO021:21:021SU250720:I:33,0,0,0,0,0,0,1,20250720,20251223
GNE:GOAO021:21:021SU250720:I:34,0,0,0,0,0,0,1,20250720,20251223
GNE:GOAO021:21:021SU250720:I:35,0,0,0,0,0,0,1,20250720,20251223
GNE:GOAO021:21:021SU250720:I:36,0,0,0,0,0,0,1,20250720,20251223
GNE:GOAO021:21:021SU250720:I:37,0,0,0,0,0,0,1,20250720,20251223
GNE:GOAO021:21:021SU250720:I:38,0,0,0,0,0,0,1,20250720,20251223
GNE:GOAO021:21:021SU250720:I:39,0,0,0,0,0,0,1,20250720,20251223
GNE:GOAO021:21:021SU250720:I:40,0,0,0,0,0,0,1,20250720,20251223
GNE:GOAO021:21:021SU250720:I:41,0,0,0,0,0,0,1,20250720,20251223
GNE:GOAO021:21:021SU250720:I:42,0,0,0,0,0,0,1,20250720,20251223
GNE:GOAO021:21:021SU250720:I:43,0,0,0,0,0,0,1,20250720,20251223
GNE:GOAO021:21:021SU250720:I:44,0,0,0,0,0,0,1,20250720,20251223
GNE:GOAO021:21:021SU250720:I:45,0,0,0,0,0,0,1,20250720,20251223
GNE:GOAO021:21:021SU250720:I:46,0,0,0,0,0,0,1,20250720,20251223
GNE:GOAO021:21:021SU250720:I:47,0,0,0,0,0,0,1,20250720,20251223
GNE:GOAO021:21:021SU250720:I:48,0,0,0,0,0,0,1,20250720,20251223
GNE:GOAO021:21:021SU250720:I:49,0,0,0,0,0,0,1,20250720,20251223
GNE:GOAO021:21:021SU250720:I:50,0,0,0,0,0,0,1,20250720,20251223
GNE:GOAO021:21:021SU250720:I:51,0,0,0,0,0,0,1,20250720,20251223
GNE:GOAO021:21:021SU250720:I:52,0,0,0,0,0,0,1,20250720,20251223
GNE:GOAO021:21:021SU250720:I:53,0,0,0,0,0,0,1,20250720,20251223
GNE:GOAO021:21:021SU250720:I:54,0,0,0,0,0,0,1,20250720,20251223
GNE:GOAO021:21:021SU250720:I:55,0,0,0,0,0,0,1,20250720,20251223
GNE:GOAO021:21:021SU250720:I:56,0,0,0,0,0,0,1,20250720,20251223
GNE:GOAO021:21:021SU250720:I:57,0,0,0,0,0,0,1,20250720,20251223
GNE:GOAO021:21:021SU250720:I:58,0,0,0,0,0,0,1,20250720,20251223
GNE:GOAO021:21:021SU250720:I:59,0,0,0,0,0,0,1,20250720,20251223
GNE:GOAO022:22:022MF250720:O:1,1,1,1,1,1,0,0,20250720,20251223
GNE:GOAO022:22:022MF250720:O:2,1,1,1,1,1,0,0,20250720,20251223
GNE:GOAO022:22:022MF250720:O:3,1,1,1,1,1,0,0,20250720,20251223
GNE:GOAO022:22:022MF250720:O:4,1,1,1,1,1,0,0,20250720,20251223
GNE:GOAO022:22:022MF250720:O:5,1,1,1,1,1,0,0,20250720,20251223
GNE:GOAO022:22:022MF250720:O:6,1,1,1,1,1,0,0,20250720,20251223
GNE:GOAO022:22:022MF250720:O:7,1,1,1,1,1,0,0,20250720,20251223
GNE:GOAO022:22:022MF250720:O:8,1,1,1,1,1,0,0,20250720,20251223
GNE:GOAO022:22:022MF250720:O:9,1,1,1,1,1,0,0,20250720,20251223
GNE:GOAO022:22:022MF250720:O:10,1,1,1,1,1,0,0,20250720,20251223
GNE:GOAO022:22:022MF250720:O:11,1,1,1,1,1,0,0,20250720,20251223
GNE:GOAO022:22:022MF250720:O:12,1,1,1,1,1,0,0,20250720,20251223
GNE:GOAO022:22:022MF250720:I:1,1,1,1,1,1,0,0,20250720,20251223
GNE:GOAO022:22:022MF250720:I:2,1,1,1,1,1,0,0,20250720,20251223
GNE:GOAO022:22:022MF250720:I:3,1,1,1,1,1,0,0,20250720,20251223
GNE:GOAO022:22:022MF250720:I:4,1,1,1,1,1,0,0,20250720,20251223
GNE:GOAO022:22:022MF250720:I:5,1,1,1,1,1,0,0,20250720,20251223
GNE:GOAO022:22:022MF250720:I:6,1,1,1,1,1,0,0,20250720,20251223
GNE:GOAO022:22:022MF250720:I:7,1,1,1,1,1,0,0,20250720,20251223
GNE:GOAO022:22:022MF250720:I:8,1,1,1,1,1,0,0,20250720,20251223
GNE:GOAO022:22:022MF250720:I:9,1,1,1,1,1,0,0,20250720,20251223
GNE:GOAO022:22:022MF250720:I:10,1,1,1,1,1,0,0,20250720,20251223
GNE:GOAO022:22:022MF250720:I:11,1,1,1,1,1,0,0,20250720,20251223
GNE:GOAO022:22:022MF250720:I:12,1,1,1,1,1,0,0,20250720,20251223
GNE:GOAO022:22:022SA250720:O:1,0,0,0,0,0,1,0,20250720,20251223
GNE:GOAO022:22:022SA250720:O:2,0,0,0,0,0,1,0,20250720,20251223
GNE:GOAO022:22:022SA250720:O:3,0,0,0,0,0,1,0,20250720,20251223
GNE:GOAO022:22:022SA250720:O:4,0,0,0,0,0,1,0,20250720,20251223
GNE:GOAO022:22:022SA250720:O:5,0,0,0,0,0,1,0,20250720,20251223
GNE:GOAO022:22:022SA250720:O:6,0,0,0,0,0,1,0,20250720,20251223
GNE:GOAO022:22:022SA250720:O:7,0,0,0,0,0,1,0,20250720,20251223
GNE:GOAO022:22:022SA250720:O:8,0,0,0,0,0,1,0,20250720,20251223
GNE:GOAO022:22:022SA250720:O:9,0,0,0,0,0,1,0,20250720,20251223
GNE:GOAO022:22:022SA250720:O:10,0,0,0,0,0,1,0,20250720,20251223
GNE:GOAO022:22:022SA250720:O:11,0,0,0,0,0,1,0,20250720,20251223
GNE:GOAO022:22:022SA250720:I:1,0,0,0,0,0,1,0,20250720,20251223
GNE:GOAO022:22:022SA250720:I:2,0,0,0,0,0,1,0,20250720,20251223
GNE:GOAO022:22:022SA250720:I:3,0,0,0,0,0,1,0,20250720,20251223
GNE:GOAO022:22:022SA250720:I:4,0,0,0,0,0,1,0,20250720,20251223
GNE:GOAO022:22:022SA250720:I:5,0,0,0,0,0,1,0,20250720,20251223
GNE:GOAO022:22:022SA250720:I:6,0,0,0,0,0,1,0,20250720,20251223
GNE:GOAO022:22:022SA250720:I:7,0,0,0,0,0,1,0,20250720,20251223
GNE:GOAO022:22:022SA250720:I:8,0,0,0,0,0,1,0,20250720,20251223
GNE:GOAO022:22:022SA250720:I:9,0,0,0,0,0,1,0,20250720,20251223
GNE:GOAO022:22:022SA250720:I:10,0,0,0,0,0,1,0,20250720,20251223
GNE:GOAO022:22:022SA250720:I:11,0,0,0,0,0,1,0,20250720,20251223
GNE:GOAO022:22:022SA250720:I:12,0,0,0,0,0,1,0,20250720,20251223
GNE:GOAO024:24:024MF250720:O:1,1,1,1,1,1,0,0,20250720,20251223
GNE:GOAO024:24:024MF250720:O:2,1,1,1,1,1,0,0,20250720,20251223
GNE:GOAO024:24:024MF250720:O:3,1,1,1,1,1,0,0,20250720,20251223
GNE:GOAO024:24:024MF250720:O:4,1,1,1,1,1,0,0,20250720,20251223
GNE:GOAO024:24:024MF250720:O:5,1,1,1,1,1,0,0,20250720,20251223
GNE:GOAO024:24:024MF250720:O:6,1,1,1,1,1,0,0,20250720,20251223
GNE:GOAO024:24:024MF250720:O:7,1,1,1,1,1,0,0,20250720,20251223
GNE:GOAO024:24:024MF250720:O:8,1,1,1,1,1,0,0,20250720,20251223
GNE:GOAO024:24:024MF250720:O:9,1,1,1,1,1,0,0,20250720,20251223
GNE:GOAO024:24:024MF250720:O:10,1,1,1,1,1,0,0,20250720,20251223
GNE:GOAO024:24:024MF250720:O:11,1,1,1,1,1,0,0,20250720,20251223
GNE:GOAO024:24:024MF250720:O:12,1,1,1,1,1,0,0,20250720,20251223
GNE:GOAO024:24:024MF250720:O:13,1,1,1,1,1,0,0,20250720,20251223
GNE:GOAO024:24:024MF250720:O:14,1,1,1,1,1,0,0,20250720,20251223
GNE:GOAO024:24:024MF250720:O:15,1,1,1,1,1,0,0,20250720,20251223
GNE:GOAO024:24:024MF250720:O:16,1,1,1,1,1,0,0,20250720,20251223
GNE:GOAO024:24:024MF250720:O:17,1,1,1,1,1,0,0,20250720,20251223
GNE:GOAO024:24:024MF250720:O:18,1,1,1,1,1,0,0,20250720,20251223
GNE:GOAO024:24:024MF250720:O:19,1,1,1,1,1,0,0,20250720,20251223
GNE:GOAO024:24:024MF250720:O:20,1,1,1,1,1,0,0,20250720,20251223
GNE:GOAO024:24:024MF250720:O:21,1,1,1,1,1,0,0,20250720,20251223
GNE:GOAO024:24:024MF250720:O:22,1,1,1,1,1,0,0,20250720,20251223
GNE:GOAO024:24:024MF250720:O:23,1,1,1,1,1,0,0,20250720,20251223
GNE:GOAO024:24:024MF250720:O:24,1,1,1,1,1,0,0,20250720,20251223
GNE:GOAO024:24:024MF250720:O:25,1,1,1,1,1,0,0,20250720,20251223
GNE:GOAO024:24:024MF250720:O:26,1,1,1,1,1,0,0,20250720,20251223
GNE:GOAO024:24:024MF250720:O:27,1,1,1,1,1,0,0,20250720,20251223
GNE:GOAO024:24:024MF250720:O:28,1,1,1,1,1,0,0,20250720,20251223
GNE:GOAO024:24:024MF250720:O:29,1,1,1,1,1,0,0,20250720,20251223
GNE:GOAO024:24:024MF250720:O:30,1,1,1,1,1,0,0,20250720,20251223
GNE:GOAO024:24:024MF250720:O:31,1,1,1,1,1,0,0,20250720,20251223
GNE:GOAO024:24:024MF250720:O:32,1,1,1,1,1,0,0,20250720,20251223
GNE:GOAO024:24:024MF250720:O:33,1,1,1,1,1,0,0,20250720,20251223
GNE:GOAO024:24:024MF250720:O:34,1,1,1,1,1,0,0,20250720,20251223
GNE:GOAO024:24:024MF250720:O:35,1,1,1,1,1,0,0,20250720,20251223
GNE:GOAO024:24:024MF250720:O:36,1,1,1,1,1,0,0,20250720,20251223
GNE:GOAO024:24:024MF250720:O:37,1,1,1,1,1,0,0,20250720,20251223
GNE:GOAO024:24:024MF250720:O:38,1,1,1,1,1,0,0,20250720,20251223
GNE:GOAO024:24:024MF250720:O:39,1,1,1,1,1,0,0,20250720,20251223
GNE:GOAO024:24:024MF250720:O:40,1,1,1,1,1,0,0,20250720,20251223
GNE:GOAO024:24:024MF250720:O:41,1,1,1,1,1,0,0,20250720,20251223
GNE:GOAO024:24:024MF250720:O:42,1,1,1,1,1,0,0,20250720,20251223
GNE:GOAO024:24:024MF250720:O:43,1,1,1,1,1,0,0,20250720,20251223
GNE:GOAO024:24:024MF250720:O:44,1,1,1,1,1,0,0,20250720,20251223
GNE:GOAO024:24:024MF250720:O:45,1,1,1,1,1,0,0,20250720,20251223
GNE:GOAO024:24:024MF250720:O:46,1,1,1,1,1,0,0,20250720,20251223
GNE:GOAO024:24:024MF250720:O:47,1,1,1,1,1,0,0,20250720,20251223
GNE:GOAO024:24:024MF250720:O:48,1,1,1,1,1,0,0,20250720,20251223
GNE:GOAO024:24:024MF250720:O:49,1,1,1,1,1,0,0,20250720,20251223
GNE:GOAO024:24:024MF250720:O:50,1,1,1,1,1,0,0,20250720,20251223
GNE:GOAO024:24:024MF250720:O:51,1,1,1,1,1,0,0,20250720,20251223
GNE:GOAO024:24:024MF250720:O:52,1,1,1,1,1,0,0,20250720,20251223
GNE:GOAO024:24:024MF250720:O:53,1,1,1,1,1,0,0,20250720,20251223
GNE:GOAO024:24:024MF250720:O:54,1,1,1,1,1,0,0,20250720,20251223
GNE:GOAO024:24:024MF250720:O:55,1,1,1,1,1,0,0,20250720,20251223
GNE:GOAO024:24:024MF250720:I:1,1,1,1,1,1,0,0,20250720,20251223
GNE:GOAO024:24:024MF250720:I:2,1,1,1,1,1,0,0,20250720,20251223
GNE:GOAO024:24:024MF250720:I:3,1,1,1,1,1,0,0,20250720,20251223
GNE:GOAO024:24:024MF250720:I:4,1,1,1,1,1,0,0,20250720,20251223
GNE:GOAO024:24:024MF250720:I:5,1,1,1,1,1,0,0,20250720,20251223
GNE:GOAO024:24:024MF250720:I:6,1,1,1,1,1,0,0,20250720,20251223
GNE:GOAO024:24:024MF250720:I:7,1,1,1,1,1,0,0,20250720,20251223
GNE:GOAO024:24:024MF250720:I:8,1,1,1,1,1,0,0,20250720,20251223
GNE:GOAO024:24:024MF250720:I:9,1,1,1,1,1,0,0,20250720,20251223
GNE:GOAO024:24:024MF250720:I:10,1,1,1,1,1,0,0,20250720,20251223
GNE:GOAO024:24:024MF250720:I:11,1,1,1,1,1,0,0,20250720,20251223
GNE:GOAO024:24:024MF250720:I:12,1,1,1,1,1,0,0,20250720,20251223
GNE:GOAO024:24:024MF250720:I:13,1,1,1,1,1,0,0,20250720,20251223
GNE:GOAO024:24:024MF250720:I:14,1,1,1,1,1,0,0,20250720,20251223
GNE:GOAO024:24:024MF250720:I:15,1,1,1,1,1,0,0,20250720,20251223
GNE:GOAO024:24:024MF250720:I:16,1,1,1,1,1,0,0,20250720,20251223
GNE:GOAO024:24:024MF250720:I:17,1,1,1,1,1,0,0,20250720,20251223
GNE:GOAO024:24:024MF250720:I:18,1,1,1,1,1,0,0,20250720,20251223
GNE:GOAO024:24:024MF250720:I:19,1,1,1,1,1,0,0,20250720,20251223
GNE:GOAO024:24:024MF250720:I:20,1,1,1,1,1,0,0,20250720,20251223
GNE:GOAO024:24:024MF250720:I:21,1,1,1,1,1,0,0,20250720,20251223
GNE:GOAO024:24:024MF250720:I:22,1,1,1,1,1,0,0,20250720,20251223
GNE:GOAO024:24:024MF250720:I:23,1,1,1,1,1,0,0,20250720,20251223
GNE:GOAO024:24:024MF250720:I:24,1,1,1,1,1,0,0,20250720,20251223
GNE:GOAO024:24:024MF250720:I:25,1,1,1,1,1,0,0,20250720,20251223
GNE:GOAO024:24:024MF250720:I:26,1,1,1,1,1,0,0,20250720,20251223
GNE:GOAO024:24:024MF250720:I:27,1,1,1,1,1,0,0,20250720,20251223
GNE:GOAO024:24:024MF250720:I:28,1,1,1,1,1,0,0,20250720,20251223
GNE:GOAO024:24:024MF250720:I:29,1,1,1,1,1,0,0,20250720,20251223
GNE:GOAO024:24:024MF250720:I:30,1,1,1,1,1,0,0,20250720,20251223
GNE:GOAO024:24:024MF250720:I:31,1,1,1,1,1,0,0,20250720,20251223
GNE:GOAO024:24:024MF250720:I:32,1,1,1,1,1,0,0,20250720,20251223
GNE:GOAO024:24:024MF250720:I:33,1,1,1,1,1,0,0,20250720,20251223
GNE:GOAO024:24:024MF250720:I:34,1,1,1,1,1,0,0,20250720,20251223
GNE:GOAO024:24:024MF250720:I:35,1,1,1,1,1,0,0,20250720,20251223
GNE:GOAO024:24:024MF250720:I:36,1,1,1,1,1,0,0,20250720,20251223
GNE:GOAO024:24:024MF250720:I:37,1,1,1,1,1,0,0,20250720,20251223
GNE:GOAO024:24:024MF250720:I:38,1,1,1,1,1,0,0,20250720,20251223
GNE:GOAO024:24:024MF250720:I:39,1,1,1,1,1,0,0,20250720,20251223
GNE:GOAO024:24:024MF250720:I:40,1,1,1,1,1,0,0,20250720,20251223
GNE:GOAO024:24:024MF250720:I:41,1,1,1,1,1,0,0,20250720,20251223
GNE:GOAO024:24:024MF250720:I:42,1,1,1,1,1,0,0,20250720,20251223
GNE:GOAO024:24:024MF250720:I:43,1,1,1,1,1,0,0,20250720,20251223
GNE:GOAO024:24:024MF250720:I:44,1,1,1,1,1,0,0,20250720,20251223
GNE:GOAO024:24:024MF250720:I:45,1,1,1,1,1,0,0,20250720,20251223
GNE:GOAO024:24:024MF250720:I:46,1,1,1,1,1,0,0,20250720,20251223
GNE:GOAO024:24:024MF250720:I:47,1,1,1,1,1,0,0,20250720,20251223
GNE:GOAO024:24:024MF250720:I:48,1,1,1,1,1,0,0,20250720,20251223
GNE:GOAO024:24:024MF250720:I:49,1,1,1,1,1,0,0,20250720,20251223
GNE:GOAO024:24:024MF250720:I:50,1,1,1,1,1,0,0,20250720,20251223
GNE:GOAO024:24:024MF250720:I:51,1,1,1,1,1,0,0,20250720,20251223
GNE:GOAO024:24:024MF250720:I:52,1,1,1,1,1,0,0,20250720,20251223
GNE:GOAO024:24:024MF250720:I:53,1,1,1,1,1,0,0,20250720,20251223
GNE:GOAO024:24:024MF250720:I:54,1,1,1,1,1,0,0,20250720,20251223
GNE:GOAO024:24:024MF250720:I:55,1,1,1,1,1,0,0,20250720,20251223
GNE:GOAO024:24:024MF250720:I:56,1,1,1,1,1,0,0,20250720,20251223
GNE:GOAO024:24:024SA250720:O:1,0,0,0,0,0,1,0,20250720,20251223
GNE:GOAO024:24:024SA250720:O:2,0,0,0,0,0,1,0,20250720,20251223
GNE:GOAO024:24:024SA250720:O:3,0,0,0,0,0,1,0,20250720,20251223
GNE:GOAO024:24:024SA250720:O:4,0,0,0,0,0,1,0,20250720,20251223
GNE:GOAO024:24:024SA250720:O:5,0,0,0,0,0,1,0,20250720,20251223
GNE:GOAO024:24:024SA250720:O:6,0,0,0,0,0,1,0,20250720,20251223
GNE:GOAO024:24:024SA250720:O:7,0,0,0,0,0,1,0,20250720,20251223
GNE:GOAO024:24:024SA250720:O:8,0,0,0,0,0,1,0,20250720,20251223
GNE:GOAO024:24:024SA250720:O:9,0,0,0,0,0,1,0,20250720,20251223
GNE:GOAO024:24:024SA250720:O:10,0,0,0,0,0,1,0,20250720,20251223
GNE:GOAO024:24:024SA250720:O:11,0,0,0,0,0,1,0,20250720,20251223
GNE:GOAO024:24:024SA250720:O:12,0,0,0,0,0,1,0,20250720,20251223
GNE:GOAO024:24:024SA250720:O:13,0,0,0,0,0,1,0,20250720,20251223
GNE:GOAO024:24:024SA250720:O:14,0,0,0,0,0,1,0,20250720,20251223
GNE:GOAO024:24:024SA250720:O:15,0,0,0,0,0,1,0,20250720,20251223
GNE:GOAO024:24:024SA250720:O:16,0,0,0,0,0,1,0,20250720,20251223
GNE:GOAO024:24:024SA250720:O:17,0,0,0,0,0,1,0,20250720,20251223
GNE:GOAO024:24:024SA250720:O:18,0,0,0,0,0,1,0,20250720,20251223
GNE:GOAO024:24:024SA250720:O:19,0,0,0,0,0,1,0,20250720,20251223
GNE:GOAO024:24:024SA250720:O:20,0,0,0,0,0,1,0,20250720,20251223
GNE:GOAO024:24:024SA250720:O:21,0,0,0,0,0,1,0,20250720,20251223
GNE:GOAO024:24:024SA250720:O:22,0,0,0,0,0,1,0,20250720,20251223
GNE:GOAO024:24:024SA250720:O:23,0,0,0,0,0,1,0,20250720,20251223
GNE:GOAO024:24:024SA250720:O:24,0,0,0,0,0,1,0,20250720,20251223
GNE:GOAO024:24:024SA250720:O:25,0,0,0,0,0,1,0,20250720,20251223
GNE:GOAO024:24:024SA250720:O:26,0,0,0,0,0,1,0,20250720,20251223
GNE:GOAO024:24:024SA250720:O:27,0,0,0,0,0,1,0,20250720,20251223
GNE:GOAO024:24:024SA250720:O:28,0,0,0,0,0,1,0,20250720,20251223
GNE:GOAO024:24:024SA250720:O:29,0,0,0,0,0,1,0,20250720,20251223
GNE:GOAO024:24:024SA250720:O:30,0,0,0,0,0,1,0,20250720,20251223
GNE:GOAO024:24:024SA250720:O:31,0,0,0,0,0,1,0,20250720,20251223
GNE:GOAO024:24:024SA250720:O:32,0,0,0,0,0,1,0,20250720,20251223
GNE:GOAO024:24:024SA250720:O:33,0,0,0,0,0,1,0,20250720,20251223
GNE:GOAO024:24:024SA250720:O:34,0,0,0,0,0,1,0,20250720,20251223
GNE:GOAO024:24:024SA250720:O:35,0,0,0,0,0,1,0,20250720,20251223
GNE:GOAO024:24:024SA250720:O:36,0,0,0,0,0,1,0,20250720,20251223
GNE:GOAO024:24:024SA250720:O:37,0,0,0,0,0,1,0,20250720,20251223
GNE:GOAO024:24:024SA250720:O:38,0,0,0,0,0,1,0,20250720,20251223
GNE:GOAO024:24:024SA250720:O:39,0,0,0,0,0,1,0,20250720,20251223
GNE:GOAO024:24:024SA250720:O:40,0,0,0,0,0,1,0,20250720,20251223
GNE:GOAO024:24:024SA250720:O:41,0,0,0,0,0,1,0,20250720,20251223
GNE:GOAO024:24:024SA250720:O:42,0,0,0,0,0,1,0,20250720,20251223
GNE:GOAO024:24:024SA250720:O:43,0,0,0,0,0,1,0,20250720,20251223
GNE:GOAO024:24:024SA250720:O:44,0,0,0,0,0,1,0,20250720,20251223
GNE:GOAO024:24:024SA250720:O:45,0,0,0,0,0,1,0,20250720,20251223
GNE:GOAO024:24:024SA250720:O:46,0,0,0,0,0,1,0,20250720,20251223
GNE:GOAO024:24:024SA250720:I:1,0,0,0,0,0,1,0,20250720,20251223
GNE:GOAO024:24:024SA250720:I:2,0,0,0,0,0,1,0,20250720,20251223
GNE:GOAO024:24:024SA250720:I:3,0,0,0,0,0,1,0,20250720,20251223
GNE:GOAO024:24:024SA250720:I:4,0,0,0,0,0,1,0,20250720,20251223
GNE:GOAO024:24:024SA250720:I:5,0,0,0,0,0,1,0,20250720,20251223
GNE:GOAO024:24:024SA250720:I:6,0,0,0,0,0,1,0,20250720,20251223
GNE:GOAO024:24:024SA250720:I:7,0,0,0,0,0,1,0,20250720,20251223
GNE:GOAO024:24:024SA250720:I:8,0,0,0,0,0,1,0,20250720,20251223
GNE:GOAO024:24:024SA250720:I:9,0,0,0,0,0,1,0,20250720,20251223
GNE:GOAO024:24:024SA250720:I:10,0,0,0,0,0,1,0,20250720,20251223
GNE:GOAO024:24:024SA250720:I:11,0,0,0,0,0,1,0,20250720,20251223
GNE:GOAO024:24:024SA250720:I:12,0,0,0,0,0,1,0,20250720,20251223
GNE:GOAO024:24:024SA250720:I:13,0,0,0,0,0,1,0,20250720,20251223
GNE:GOAO024:24:024SA250720:I:14,0,0,0,0,0,1,0,20250720,20251223
GNE:GOAO024:24:024SA250720:I:15,0,0,0,0,0,1,0,20250720,20251223
GNE:GOAO024:24:024SA250720:I:16,0,0,0,0,0,1,0,20250720,20251223
GNE:GOAO024:24:024SA250720:I:17,0,0,0,0,0,1,0,20250720,20251223
GNE:GOAO024:24:024SA250720:I:18,0,0,0,0,0,1,0,20250720,20251223
GNE:GOAO024:24:024SA250720:I:19,0,0,0,0,0,1,0,20250720,20251223
GNE:GOAO024:24:024SA250720:I:20,0,0,0,0,0,1,0,20250720,20251223
GNE:GOAO024:24:024SA250720:I:21,0,0,0,0,0,1,0,20250720,20251223
GNE:GOAO024:24:024SA250720:I:22,0,0,0,0,0,1,0,20250720,20251223
GNE:GOAO024:24:024SA250720:I:23,0,0,0,0,0,1,0,20250720,20251223
GNE:GOAO024:24:024SA250720:I:24,0,0,0,0,0,1,0,20250720,20251223
GNE:GOAO024:24:024SA250720:I:25,0,0,0,0,0,1,0,20250720,20251223
GNE:GOAO024:24:024SA250720:I:26,0,0,0,0,0,1,0,20250720,20251223
GNE:GOAO024:24:024SA250720:I:27,0,0,0,0,0,1,0,20250720,20251223
GNE:GOAO024:24:024SA250720:I:28,0,0,0,0,0,1,0,20250720,20251223
GNE:GOAO024:24:024SA250720:I:29,0,0,0,0,0,1,0,20250720,20251223
GNE:GOAO024:24:024SA250720:I:30,0,0,0,0,0,1,0,20250720,20251223
GNE:GOAO024:24:024SA250720:I:31,0,0,0,0,0,1,0,20250720,20251223
GNE:GOAO024:24:024SA250720:I:32,0,0,0,0,0,1,0,20250720,20251223
GNE:GOAO024:24:024SA250720:I:33,0,0,0,0,0,1,0,20250720,20251223
GNE:GOAO024:24:024SA250720:I:34,0,0,0,0,0,1,0,20250720,20251223
GNE:GOAO024:24:024SA250720:I:35,0,0,0,0,0,1,0,20250720,20251223
GNE:GOAO024:24:024SA250720:I:36,0,0,0,0,0,1,0,20250720,20251223
GNE:GOAO024:24:024SA250720:I:37,0,0,0,0,0,1,0,20250720,20251223
GNE:GOAO024:24:024SA250720:I:38,0,0,0,0,0,1,0,20250720,20251223
GNE:GOAO024:24:024SA250720:I:39,0,0,0,0,0,1,0,20250720,20251223
GNE:GOAO024:24:024SA250720:I:40,0,0,0,0,0,1,0,20250720,20251223
GNE:GOAO024:24:024SA250720:I:41,0,0,0,0,0,1,0,20250720,20251223
GNE:GOAO024:24:024SA250720:I:42,0,0,0,0,0,1,0,20250720,20251223
GNE:GOAO024:24:024SA250720:I:43,0,0,0,0,0,1,0,20250720,20251223
GNE:GOAO024:24:024SA250720:I:44,0,0,0,0,0,1,0,20250720,20251223
GNE:GOAO024:24:024SA250720:I:45,0,0,0,0,0,1,0,20250720,20251223
GNE:GOAO024:24:024SA250720:I:46,0,0,0,0,0,1,0,20250720,20251223
GNE:GOAO024:24:024SA250720:I:47,0,0,0,0,0,1,0,20250720,20251223
GNE:GOAO024:24:024SU250720:O:1,0,0,0,0,0,0,1,20250720,20251223
GNE:GOAO024:24:024SU250720:O:2,0,0,0,0,0,0,1,20250720,20251223
GNE:GOAO024:24:024SU250720:O:3,0,0,0,0,0,0,1,20250720,20251223
GNE:GOAO024:24:024SU250720:O:4,0,0,0,0,0,0,1,20250720,20251223
GNE:GOAO024:24:024SU250720:O:5,0,0,0,0,0,0,1,20250720,20251223
GNE:GOAO024:24:024SU250720:O:6,0,0,0,0,0,0,1,20250720,20251223
GNE:GOAO024:24:024SU250720:O:7,0,0,0,0,0,0,1,20250720,20251223
GNE:GOAO024:24:024SU250720:O:8,0,0,0,0,0,0,1,20250720,20251223
GNE:GOAO024:24:024SU250720:O:9,0,0,0,0,0,0,1,20250720,20251223
GNE:GOAO024:24:024SU250720:O:10,0,0,0,0,0,0,1,20250720,20251223
GNE:GOAO024:24:024SU250720:O:11,0,0,0,0,0,0,1,20250720,20251223
GNE:GOAO024:24:024SU250720:O:12,0,0,0,0,0,0,1,20250720,20251223
GNE:GOAO024:24:024SU250720:O:13,0,0,0,0,0,0,1,20250720,20251223
GNE:GOAO024:24:024SU250720:O:14,0,0,0,0,0,0,1,20250720,20251223
GNE:GOAO024:24:024SU250720:O:15,0,0,0,0,0,0,1,20250720,20251223
GNE:GOAO024:24:024SU250720:O:16,0,0,0,0,0,0,1,20250720,20251223
GNE:GOAO024:24:024SU250720:O:17,0,0,0,0,0,0,1,20250720,20251223
GNE:GOAO024:24:024SU250720:O:18,0,0,0,0,0,0,1,20250720,20251223
GNE:GOAO024:24:024SU250720:O:19,0,0,0,0,0,0,1,20250720,20251223
GNE:GOAO024:24:024SU250720:O:20,0,0,0,0,0,0,1,20250720,20251223
GNE:GOAO024:24:024SU250720:O:21,0,0,0,0,0,0,1,20250720,20251223
GNE:GOAO024:24:024SU250720:O:22,0,0,0,0,0,0,1,20250720,20251223
GNE:GOAO024:24:024SU250720:O:23,0,0,0,0,0,0,1,20250720,20251223
GNE:GOAO024:24:024SU250720:O:24,0,0,0,0,0,0,1,20250720,20251223
GNE:GOAO024:24:024SU250720:O:25,0,0,0,0,0,0,1,20250720,20251223
GNE:GOAO024:24:024SU250720:O:26,0,0,0,0,0,0,1,20250720,20251223
GNE:GOAO024:24:024SU250720:O:27,0,0,0,0,0,0,1,20250720,20251223
GNE:GOAO024:24:024SU250720:I:1,0,0,0,0,0,0,1,20250720,20251223
GNE:GOAO024:24:024SU250720:I:2,0,0,0,0,0,0,1,20250720,20251223
GNE:GOAO024:24:024SU250720:I:3,0,0,0,0,0,0,1,20250720,20251223
GNE:GOAO024:24:024SU250720:I:4,0,0,0,0,0,0,1,20250720,20251223
GNE:GOAO024:24:024SU250720:I:5,0,0,0,0,0,0,1,20250720,20251223
GNE:GOAO024:24:024SU250720:I:6,0,0,0,0,0,0,1,20250720,20251223
GNE:GOAO024:24:024SU250720:I:7,0,0,0,0,0,0,1,20250720,20251223
GNE:GOAO024:24:024SU250720:I:8,0,0,0,0,0,0,1,20250720,20251223
GNE:GOAO024:24:024SU250720:I:9,0,0,0,0,0,0,1,20250720,20251223
GNE:GOAO024:24:024SU250720:I:10,0,0,0,0,0,0,1,20250720,20251223
GNE:GOAO024:24:024SU250720:I:11,0,0,0,0,0,0,1,20250720,20251223
GNE:GOAO024:24:024SU250720:I:12,0,0,0,0,0,0,1,20250720,20251223
GNE:GOAO024:24:024SU250720:I:13,0,0,0,0,0,0,1,20250720,20251223
GNE:GOAO024:24:024SU250720:I:14,0,0,0,0,0,0,1,20250720,20251223
GNE:GOAO024:24:024SU250720:I:15,0,0,0,0,0,0,1,20250720,20251223
GNE:GOAO024:24:024SU250720:I:16,0,0,0,0,0,0,1,20250720,20251223
GNE:GOAO024:24:024SU250720:I:17,0,0,0,0,0,0,1,20250720,20251223
GNE:GOAO024:24:024SU250720:I:18,0,0,0,0,0,0,1,20250720,20251223
GNE:GOAO024:24:024SU250720:I:19,0,0,0,0,0,0,1,20250720,20251223
GNE:GOAO024:24:024SU250720:I:20,0,0,0,0,0,0,1,20250720,20251223
GNE:GOAO024:24:024SU250720:I:21,0,0,0,0,0,0,1,20250720,20251223
GNE:GOAO024:24:024SU250720:I:22,0,0,0,0,0,0,1,20250720,20251223
GNE:GOAO024:24:024SU250720:I:23,0,0,0,0,0,0,1,20250720,20251223
GNE:GOAO024:24:024SU250720:I:24,0,0,0,0,0,0,1,20250720,20251223
GNE:GOAO024:24:024SU250720:I:25,0,0,0,0,0,0,1,20250720,20251223
GNE:GOAO024:24:024SU250720:I:26,0,0,0,0,0,0,1,20250720,20251223
GNE:GOAO024:24:024SU250720:I:27,0,0,0,0,0,0,1,20250720,20251223
GNE:GOSO025:25:025MF250720:O:1,1,1,1,1,1,0,0,20250720,20251223
GNE:GOSO025:25:025MF250720:O:2,1,1,1,1,1,0,0,20250720,20251223
GNE:GOSO025:25:025MF250720:O:3,1,1,1,1,1,0,0,20250720,20251223
GNE:GOSO025:25:025MF250720:O:4,1,1,1,1,1,0,0,20250720,20251223
GNE:GOSO025:25:025MF250720:O:5,1,1,1,1,1,0,0,20250720,20251223
GNE:GOSO025:25:025MF250720:O:6,1,1,1,1,1,0,0,20250720,20251223
GNE:GOSO025:25:025MF250720:O:7,1,1,1,1,1,0,0,20250720,20251223
GNE:GOSO025:25:025MF250720:O:8,1,1,1,1,1,0,0,20250720,20251223
GNE:GOSO025:25:025MF250720:O:9,1,1,1,1,1,0,0,20250720,20251223
GNE:GOSO025:25:025MF250720:O:10,1,1,1,1,1,0,0,20250720,20251223
GNE:GOSO025:25:025MF250720:O:11,1,1,1,1,1,0,0,20250720,20251223
GNE:GOSO025:25:025MF250720:O:12,1,1,1,1,1,0,0,20250720,20251223
GNE:GOSO025:25:025MF250720:O:13,1,1,1,1,1,0,0,20250720,20251223
GNE:GOSO025:25:025MF250720:O:14,1,1,1,1,1,0,0,20250720,20251223
GNE:GOSO025:25:025MF250720:O:15,1,1,1,1,1,0,0,20250720,20251223
GNE:GOSO025:25:025MF250720:O:16,1,1,1,1,1,0,0,20250720,20251223
GNE:GOSO025:25:025MF250720:O:17,1,1,1,1,1,0,0,20250720,20251223
GNE:GOSO025:25:025MF250720:I:1,1,1,1,1,1,0,0,20250720,20251223
GNE:GOSO025:25:025MF250720:I:2,1,1,1,1,1,0,0,20250720,20251223
GNE:GOSO025:25:025MF250720:I:3,1,1,1,1,1,0,0,20250720,20251223
GNE:GOSO025:25:025MF250720:I:4,1,1,1,1,1,0,0,20250720,20251223
GNE:GOSO025:25:025MF250720:I:5,1,1,1,1,1,0,0,20250720,20251223
GNE:GOSO025:25:025MF250720:I:6,1,1,1,1,1,0,0,20250720,20251223
GNE:GOSO025:25:025MF250720:I:7,1,1,1,1,1,0,0,20250720,20251223
GNE:GOSO025:25:025MF250720:I:8,1,1,1,1,1,0,0,20250720,20251223
GNE:GOSO025:25:025MF250720:I:9,1,1,1,1,1,0,0,20250720,20251223
GNE:GOSO025:25:025MF250720:I:10,1,1,1,1,1,0,0,20250720,20251223
GNE:GOSO025:25:025MF250720:I:11,1,1,1,1,1,0,0,20250720,20251223
GNE:GOSO025:25:025MF250720:I:12,1,1,1,1,1,0,0,20250720,20251223
GNE:GOSO025:25:025MF250720:I:13,1,1,1,1,1,0,0,20250720,20251223
GNE:GOSO025:25:025MF250720:I:14,1,1,1,1,1,0,0,20250720,20251223
GNE:GOSO025:25:025MF250720:I:15,1,1,1,1,1,0,0,20250720,20251223
GNE:GOSO025:25:025MF250720:I:16,1,1,1,1,1,0,0,20250720,20251223
GNE:GOSO025:25:025MF250720:I:17,1,1,1,1,1,0,0,20250720,20251223
GNE:GOSO025:25:025MF250720:I:18,1,1,1,1,1,0,0,20250720,20251223
GNE:GOSO025:25:025MF250720:I:19,1,1,1,1,1,0,0,20250720,20251223
GNE:GOSO025:25:025MF250720:I:20,1,1,1,1,1,0,0,20250720,20251223
GNE:GOSO025:25:025SA250720:O:1,0,0,0,0,0,1,0,20250720,20251223
GNE:GOSO025:25:025SA250720:O:2,0,0,0,0,0,1,0,20250720,20251223
GNE:GOSO025:25:025SA250720:O:3,0,0,0,0,0,1,0,20250720,20251223
GNE:GOSO025:25:025SA250720:O:4,0,0,0,0,0,1,0,20250720,20251223
GNE:GOSO025:25:025SA250720:O:5,0,0,0,0,0,1,0,20250720,20251223
GNE:GOSO025:25:025SA250720:O:6,0,0,0,0,0,1,0,20250720,20251223
GNE:GOSO025:25:025SA250720:O:7,0,0,0,0,0,1,0,20250720,20251223
GNE:GOSO025:25:025SA250720:O:8,0,0,0,0,0,1,0,20250720,20251223
GNE:GOSO025:25:025SA250720:O:9,0,0,0,0,0,1,0,20250720,20251223
GNE:GOSO025:25:025SA250720:O:10,0,0,0,0,0,1,0,20250720,20251223
GNE:GOSO025:25:025SA250720:O:11,0,0,0,0,0,1,0,20250720,20251223
GNE:GOSO025:25:025SA250720:O:12,0,0,0,0,0,1,0,20250720,20251223
GNE:GOSO025:25:025SA250720:O:13,0,0,0,0,0,1,0,20250720,20251223
GNE:GOSO025:25:025SA250720:O:14,0,0,0,0,0,1,0,20250720,20251223
GNE:GOSO025:25:025SA250720:O:15,0,0,0,0,0,1,0,20250720,20251223
GNE:GOSO025:25:025SA250720:O:16,0,0,0,0,0,1,0,20250720,20251223
GNE:GOSO025:25:025SA250720:I:1,0,0,0,0,0,1,0,20250720,20251223
GNE:GOSO025:25:025SA250720:I:2,0,0,0,0,0,1,0,20250720,20251223
GNE:GOSO025:25:025SA250720:I:3,0,0,0,0,0,1,0,20250720,20251223
GNE:GOSO025:25:025SA250720:I:4,0,0,0,0,0,1,0,20250720,20251223
GNE:GOSO025:25:025SA250720:I:5,0,0,0,0,0,1,0,20250720,20251223
GNE:GOSO025:25:025SA250720:I:6,0,0,0,0,0,1,0,20250720,20251223
GNE:GOSO025:25:025SA250720:I:7,0,0,0,0,0,1,0,20250720,20251223
GNE:GOSO025:25:025SA250720:I:8,0,0,0,0,0,1,0,20250720,20251223
GNE:GOSO025:25:025SA250720:I:9,0,0,0,0,0,1,0,20250720,20251223
GNE:GOSO025:25:025SA250720:I:10,0,0,0,0,0,1,0,20250720,20251223
GNE:GOSO025:25:025SA250720:I:11,0,0,0,0,0,1,0,20250720,20251223
GNE:GOSO025:25:025SA250720:I:12,0,0,0,0,0,1,0,20250720,20251223
GNE:GOSO025:25:025SA250720:I:13,0,0,0,0,0,1,0,20250720,20251223
GNE:GOSO025:25:025SA250720:I:14,0,0,0,0,0,1,0,20250720,20251223
GNE:GOSO025:25:025SA250720:I:15,0,0,0,0,0,1,0,20250720,20251223
GNE:GOSO025:25:025SA250720:I:16,0,0,0,0,0,1,0,20250720,20251223
GNE:GOSO025:25:025SA250720:I:17,0,0,0,0,0,1,0,20250720,20251223
GNE:GOSO025:25:025SA250720:I:18,0,0,0,0,0,1,0,20250720,20251223
GNE:GOSO025:25:025SA250720:I:19,0,0,0,0,0,1,0,20250720,20251223
GNE:GOSO025:25:025SU250720:O:1,0,0,0,0,0,0,1,20250720,20251223
GNE:GOSO025:25:025SU250720:O:2,0,0,0,0,0,0,1,20250720,20251223
GNE:GOSO025:25:025SU250720:O:10,0,0,0,0,0,0,1,20250720,20251223
GNE:GOSO025:25:025SU250720:O:11,0,0,0,0,0,0,1,20250720,20251223
GNE:GOSO025:25:025SU250720:O:12,0,0,0,0,0,0,1,20250720,20251223
GNE:GOSO025:25:025SU250720:O:13,0,0,0,0,0,0,1,20250720,20251223
GNE:GOSO025:25:025SU250720:O:14,0,0,0,0,0,0,1,20250720,20251223
GNE:GOSO025:25:025SU250720:O:15,0,0,0,0,0,0,1,20250720,20251223
GNE:GOSO025:25:025SU250720:O:16,0,0,0,0,0,0,1,20250720,20251223
GNE:GOSO025:25:025SU250720:I:1,0,0,0,0,0,0,1,20250720,20251223
GNE:GOSO025:25:025SU250720:I:2,0,0,0,0,0,0,1,20250720,20251223
GNE:GOSO025:25:025SU250720:I:3,0,0,0,0,0,0,1,20250720,20251223
GNE:GOSO025:25:025SU250720:I:11,0,0,0,0,0,0,1,20250720,20251223
GNE:GOSO025:25:025SU250720:I:12,0,0,0,0,0,0,1,20250720,20251223
GNE:GOSO025:25:025SU250720:I:13,0,0,0,0,0,0,1,20250720,20251223
GNE:GOSO025:25:025SU250720:I:14,0,0,0,0,0,0,1,20250720,20251223
GNE:GOSO025:25:025SU250720:I:15,0,0,0,0,0,0,1,20250720,20251223
GNE:GOSO025:25:025SU250720:I:16,0,0,0,0,0,0,1,20250720,20251223
GNE:GOSO025:25:025SU250720:I:17,0,0,0,0,0,0,1,20250720,20251223
GNE:GOSO025:25:025SU250720:I:18,0,0,0,0,0,0,1,20250720,20251223
GNE:GOAO025A:25A:025SU250720:O:3,0,0,0,0,0,0,1,20250720,20251223
GNE:GOAO025A:25A:025SU250720:O:4,0,0,0,0,0,0,1,20250720,20251223
GNE:GOAO025A:25A:025SU250720:O:5,0,0,0,0,0,0,1,20250720,20251223
GNE:GOAO025A:25A:025SU250720:O:6,0,0,0,0,0,0,1,20250720,20251223
GNE:GOAO025A:25A:025SU250720:O:7,0,0,0,0,0,0,1,20250720,20251223
GNE:GOAO025A:25A:025SU250720:O:8,0,0,0,0,0,0,1,20250720,20251223
GNE:GOAO025A:25A:025SU250720:O:9,0,0,0,0,0,0,1,20250720,20251223
GNE:GOAO025A:25A:025SU250720:I:4,0,0,0,0,0,0,1,20250720,20251223
GNE:GOAO025A:25A:025SU250720:I:5,0,0,0,0,0,0,1,20250720,20251223
GNE:GOAO025A:25A:025SU250720:I:6,0,0,0,0,0,0,1,20250720,20251223
GNE:GOAO025A:25A:025SU250720:I:7,0,0,0,0,0,0,1,20250720,20251223
GNE:GOAO025A:25A:025SU250720:I:8,0,0,0,0,0,0,1,20250720,20251223
GNE:GOAO025A:25A:025SU250720:I:9,0,0,0,0,0,0,1,20250720,20251223
GNE:GOAO025A:25A:025SU250720:I:10,0,0,0,0,0,0,1,20250720,20251223
GNE:GOAO026:26:026MF250720:O:1,1,1,1,1,1,0,0,20250720,20251223
GNE:GOAO026:26:026MF250720:O:2,1,1,1,1,1,0,0,20250720,20251223
GNE:GOAO026:26:026MF250720:O:3,1,1,1,1,1,0,0,20250720,20251223
GNE:GOAO026:26:026MF250720:O:4,1,1,1,1,1,0,0,20250720,20251223
GNE:GOAO026:26:026MF250720:O:5,1,1,1,1,1,0,0,20250720,20251223
GNE:GOAO026:26:026MF250720:O:6,1,1,1,1,1,0,0,20250720,20251223
GNE:GOAO026:26:026MF250720:O:7,1,1,1,1,1,0,0,20250720,20251223
GNE:GOAO026:26:026MF250720:O:8,1,1,1,1,1,0,0,20250720,20251223
GNE:GOAO026:26:026MF250720:O:9,1,1,1,1,1,0,0,20250720,20251223
GNE:GOAO026:26:026MF250720:O:10,1,1,1,1,1,0,0,20250720,20251223
GNE:GOAO026:26:026MF250720:O:11,1,1,1,1,1,0,0,20250720,20251223
GNE:GOAO026:26:026MF250720:O:12,1,1,1,1,1,0,0,20250720,20251223
GNE:GOAO026:26:026MF250720:O:13,1,1,1,1,1,0,0,20250720,20251223
GNE:GOAO026:26:026MF250720:O:14,1,1,1,1,1,0,0,20250720,20251223
GNE:GOAO026:26:026MF250720:O:15,1,1,1,1,1,0,0,20250720,20251223
GNE:GOAO026:26:026MF250720:O:16,1,1,1,1,1,0,0,20250720,20251223
GNE:GOAO026:26:026MF250720:O:17,1,1,1,1,1,0,0,20250720,20251223
GNE:GOAO026:26:026MF250720:O:18,1,1,1,1,1,0,0,20250720,20251223
GNE:GOAO026:26:026MF250720:O:19,1,1,1,1,1,0,0,20250720,20251223
GNE:GOAO026:26:026MF250720:O:20,1,1,1,1,1,0,0,20250720,20251223
GNE:GOAO026:26:026MF250720:O:21,1,1,1,1,1,0,0,20250720,20251223
GNE:GOAO026:26:026MF250720:I:1,1,1,1,1,1,0,0,20250720,20251223
GNE:GOAO026:26:026MF250720:I:2,1,1,1,1,1,0,0,20250720,20251223
GNE:GOAO026:26:026MF250720:I:3,1,1,1,1,1,0,0,20250720,20251223
GNE:GOAO026:26:026MF250720:I:4,1,1,1,1,1,0,0,20250720,20251223
GNE:GOAO026:26:026MF250720:I:5,1,1,1,1,1,0,0,20250720,20251223
GNE:GOAO026:26:026MF250720:I:6,1,1,1,1,1,0,0,20250720,20251223
GNE:GOAO026:26:026MF250720:I:7,1,1,1,1,1,0,0,20250720,20251223
GNE:GOAO026:26:026MF250720:I:8,1,1,1,1,1,0,0,20250720,20251223
GNE:GOAO026:26:026MF250720:I:9,1,1,1,1,1,0,0,20250720,20251223
GNE:GOAO026:26:026MF250720:I:10,1,1,1,1,1,0,0,20250720,20251223
GNE:GOAO026:26:026MF250720:I:11,1,1,1,1,1,0,0,20250720,20251223
GNE:GOAO026:26:026MF250720:I:12,1,1,1,1,1,0,0,20250720,20251223
GNE:GOAO026:26:026MF250720:I:13,1,1,1,1,1,0,0,20250720,20251223
GNE:GOAO026:26:026MF250720:I:14,1,1,1,1,1,0,0,20250720,20251223
GNE:GOAO026:26:026MF250720:I:15,1,1,1,1,1,0,0,20250720,20251223
GNE:GOAO026:26:026MF250720:I:16,1,1,1,1,1,0,0,20250720,20251223
GNE:GOAO026:26:026MF250720:I:17,1,1,1,1,1,0,0,20250720,20251223
GNE:GOAO026:26:026MF250720:I:18,1,1,1,1,1,0,0,20250720,20251223
GNE:GOAO026:26:026MF250720:I:19,1,1,1,1,1,0,0,20250720,20251223
GNE:GOAO026:26:026SA250720:O:1,0,0,0,0,0,1,0,20250720,20251223
GNE:GOAO026:26:026SA250720:O:2,0,0,0,0,0,1,0,20250720,20251223
GNE:GOAO026:26:026SA250720:O:3,0,0,0,0,0,1,0,20250720,20251223
GNE:GOAO026:26:026SA250720:O:4,0,0,0,0,0,1,0,20250720,20251223
GNE:GOAO026:26:026SA250720:O:5,0,0,0,0,0,1,0,20250720,20251223
GNE:GOAO026:26:026SA250720:O:6,0,0,0,0,0,1,0,20250720,20251223
GNE:GOAO026:26:026SA250720:O:7,0,0,0,0,0,1,0,20250720,20251223
GNE:GOAO026:26:026SA250720:O:8,0,0,0,0,0,1,0,20250720,20251223
GNE:GOAO026:26:026SA250720:O:9,0,0,0,0,0,1,0,20250720,20251223
GNE:GOAO026:26:026SA250720:O:10,0,0,0,0,0,1,0,20250720,20251223
GNE:GOAO026:26:026SA250720:O:11,0,0,0,0,0,1,0,20250720,20251223
GNE:GOAO026:26:026SA250720:O:12,0,0,0,0,0,1,0,20250720,20251223
GNE:GOAO026:26:026SA250720:O:13,0,0,0,0,0,1,0,20250720,20251223
GNE:GOAO026:26:026SA250720:O:14,0,0,0,0,0,1,0,20250720,20251223
GNE:GOAO026:26:026SA250720:O:15,0,0,0,0,0,1,0,20250720,20251223
GNE:GOAO026:26:026SA250720:O:16,0,0,0,0,0,1,0,20250720,20251223
GNE:GOAO026:26:026SA250720:O:17,0,0,0,0,0,1,0,20250720,20251223
GNE:GOAO026:26:026SA250720:O:18,0,0,0,0,0,1,0,20250720,20251223
GNE:GOAO026:26:026SA250720:O:19,0,0,0,0,0,1,0,20250720,20251223
GNE:GOAO026:26:026SA250720:O:20,0,0,0,0,0,1,0,20250720,20251223
GNE:GOAO026:26:026SA250720:I:1,0,0,0,0,0,1,0,20250720,20251223
GNE:GOAO026:26:026SA250720:I:2,0,0,0,0,0,1,0,20250720,20251223
GNE:GOAO026:26:026SA250720:I:3,0,0,0,0,0,1,0,20250720,20251223
GNE:GOAO026:26:026SA250720:I:4,0,0,0,0,0,1,0,20250720,20251223
GNE:GOAO026:26:026SA250720:I:5,0,0,0,0,0,1,0,20250720,20251223
GNE:GOAO026:26:026SA250720:I:6,0,0,0,0,0,1,0,20250720,20251223
GNE:GOAO026:26:026SA250720:I:7,0,0,0,0,0,1,0,20250720,20251223
GNE:GOAO026:26:026SA250720:I:8,0,0,0,0,0,1,0,20250720,20251223
GNE:GOAO026:26:026SA250720:I:9,0,0,0,0,0,1,0,20250720,20251223
GNE:GOAO026:26:026SA250720:I:10,0,0,0,0,0,1,0,20250720,20251223
GNE:GOAO026:26:026SA250720:I:11,0,0,0,0,0,1,0,20250720,20251223
GNE:GOAO026:26:026SA250720:I:12,0,0,0,0,0,1,0,20250720,20251223
GNE:GOAO026:26:026SA250720:I:13,0,0,0,0,0,1,0,20250720,20251223
GNE:GOAO026:26:026SA250720:I:14,0,0,0,0,0,1,0,20250720,20251223
GNE:GOAO026:26:026SA250720:I:15,0,0,0,0,0,1,0,20250720,20251223
GNE:GOAO026:26:026SA250720:I:16,0,0,0,0,0,1,0,20250720,20251223
GNE:GOAO026:26:026SA250720:I:17,0,0,0,0,0,1,0,20250720,20251223
GNE:GOAO026:26:026SA250720:I:18,0,0,0,0,0,1,0,20250720,20251223
GNE:GOAO026:26:026SA250720:I:19,0,0,0,0,0,1,0,20250720,20251223
GNE:GOAO026:26:026SA250720:I:20,0,0,0,0,0,1,0,20250720,20251223
GNE:GOAO026:26:026SU250720:O:1,0,0,0,0,0,0,1,20250720,20251223
GNE:GOAO026:26:026SU250720:O:2,0,0,0,0,0,0,1,20250720,20251223
GNE:GOAO026:26:026SU250720:O:3,0,0,0,0,0,0,1,20250720,20251223
GNE:GOAO026:26:026SU250720:O:4,0,0,0,0,0,0,1,20250720,20251223
GNE:GOAO026:26:026SU250720:O:5,0,0,0,0,0,0,1,20250720,20251223
GNE:GOAO026:26:026SU250720:O:6,0,0,0,0,0,0,1,20250720,20251223
GNE:GOAO026:26:026SU250720:O:7,0,0,0,0,0,0,1,20250720,20251223
GNE:GOAO026:26:026SU250720:O:8,0,0,0,0,0,0,1,20250720,20251223
GNE:GOAO026:26:026SU250720:O:9,0,0,0,0,0,0,1,20250720,20251223
GNE:GOAO026:26:026SU250720:O:10,0,0,0,0,0,0,1,20250720,20251223
GNE:GOAO026:26:026SU250720:O:11,0,0,0,0,0,0,1,20250720,20251223
GNE:GOAO026:26:026SU250720:O:12,0,0,0,0,0,0,1,20250720,20251223
GNE:GOAO026:26:026SU250720:O:13,0,0,0,0,0,0,1,20250720,20251223
GNE:GOAO026:26:026SU250720:O:14,0,0,0,0,0,0,1,20250720,20251223
GNE:GOAO026:26:026SU250720:O:15,0,0,0,0,0,0,1,20250720,20251223
GNE:GOAO026:26:026SU250720:O:16,0,0,0,0,0,0,1,20250720,20251223
GNE:GOAO026:26:026SU250720:O:17,0,0,0,0,0,0,1,20250720,20251223
GNE:GOAO026:26:026SU250720:O:18,0,0,0,0,0,0,1,20250720,20251223
GNE:GOAO026:26:026SU250720:O:19,0,0,0,0,0,0,1,20250720,20251223
GNE:GOAO026:26:026SU250720:I:1,0,0,0,0,0,0,1,20250720,20251223
GNE:GOAO026:26:026SU250720:I:2,0,0,0,0,0,0,1,20250720,20251223
GNE:GOAO026:26:026SU250720:I:3,0,0,0,0,0,0,1,20250720,20251223
GNE:GOAO026:26:026SU250720:I:4,0,0,0,0,0,0,1,20250720,20251223
GNE:GOAO026:26:026SU250720:I:5,0,0,0,0,0,0,1,20250720,20251223
GNE:GOAO026:26:026SU250720:I:6,0,0,0,0,0,0,1,20250720,20251223
GNE:GOAO026:26:026SU250720:I:7,0,0,0,0,0,0,1,20250720,20251223
GNE:GOAO026:26:026SU250720:I:8,0,0,0,0,0,0,1,20250720,20251223
GNE:GOAO026:26:026SU250720:I:9,0,0,0,0,0,0,1,20250720,20251223
GNE:GOAO026:26:026SU250720:I:10,0,0,0,0,0,0,1,20250720,20251223
GNE:GOAO026:26:026SU250720:I:11,0,0,0,0,0,0,1,20250720,20251223
GNE:GOAO026:26:026SU250720:I:12,0,0,0,0,0,0,1,20250720,20251223
GNE:GOAO026:26:026SU250720:I:13,0,0,0,0,0,0,1,20250720,20251223
GNE:GOAO026:26:026SU250720:I:14,0,0,0,0,0,0,1,20250720,20251223
GNE:GOAO026:26:026SU250720:I:15,0,0,0,0,0,0,1,20250720,20251223
GNE:GOAO026:26:026SU250720:I:16,0,0,0,0,0,0,1,20250720,20251223
GNE:GOAO026:26:026SU250720:I:17,0,0,0,0,0,0,1,20250720,20251223
GNE:GOAO026:26:026SU250720:I:18,0,0,0,0,0,0,1,20250720,20251223
GNE:GOAO027:27:027MF250720:O:1,1,1,1,1,1,0,0,20250720,20251223
GNE:GOAO027:27:027MF250720:O:2,1,1,1,1,1,0,0,20250720,20251223
GNE:GOAO027:27:027MF250720:O:3,1,1,1,1,1,0,0,20250720,20251223
GNE:GOAO027:27:027MF250720:O:4,1,1,1,1,1,0,0,20250720,20251223
GNE:GOAO027:27:027MF250720:O:5,1,1,1,1,1,0,0,20250720,20251223
GNE:GOAO027:27:027MF250720:O:6,1,1,1,1,1,0,0,20250720,20251223
GNE:GOAO027:27:027MF250720:O:7,1,1,1,1,1,0,0,20250720,20251223
GNE:GOAO027:27:027MF250720:O:8,1,1,1,1,1,0,0,20250720,20251223
GNE:GOAO027:27:027MF250720:O:9,1,1,1,1,1,0,0,20250720,20251223
GNE:GOAO027:27:027MF250720:O:10,1,1,1,1,1,0,0,20250720,20251223
GNE:GOAO027:27:027MF250720:O:11,1,1,1,1,1,0,0,20250720,20251223
GNE:GOAO027:27:027MF250720:O:12,1,1,1,1,1,0,0,20250720,20251223
GNE:GOAO027:27:027MF250720:O:13,1,1,1,1,1,0,0,20250720,20251223
GNE:GOAO027:27:027MF250720:O:14,1,1,1,1,1,0,0,20250720,20251223
GNE:GOAO027:27:027MF250720:O:15,1,1,1,1,1,0,0,20250720,20251223
GNE:GOAO027:27:027MF250720:O:16,1,1,1,1,1,0,0,20250720,20251223
GNE:GOAO027:27:027MF250720:O:17,1,1,1,1,1,0,0,20250720,20251223
GNE:GOAO027:27:027MF250720:O:18,1,1,1,1,1,0,0,20250720,20251223
GNE:GOAO027:27:027MF250720:O:19,1,1,1,1,1,0,0,20250720,20251223
GNE:GOAO027:27:027MF250720:O:20,1,1,1,1,1,0,0,20250720,20251223
GNE:GOAO027:27:027MF250720:O:21,1,1,1,1,1,0,0,20250720,20251223
GNE:GOAO027:27:027MF250720:O:22,1,1,1,1,1,0,0,20250720,20251223
GNE:GOAO027:27:027MF250720:O:23,1,1,1,1,1,0,0,20250720,20251223
GNE:GOAO027:27:027MF250720:O:24,1,1,1,1,1,0,0,20250720,20251223
GNE:GOAO027:27:027MF250720:O:25,1,1,1,1,1,0,0,20250720,20251223
GNE:GOAO027:27:027MF250720:O:26,1,1,1,1,1,0,0,20250720,20251223
GNE:GOAO027:27:027MF250720:O:27,1,1,1,1,1,0,0,20250720,20251223
GNE:GOAO027:27:027MF250720:O:28,1,1,1,1,1,0,0,20250720,20251223
GNE:GOAO027:27:027MF250720:O:29,1,1,1,1,1,0,0,20250720,20251223
GNE:GOAO027:27:027MF250720:O:30,1,1,1,1,1,0,0,20250720,20251223
GNE:GOAO027:27:027MF250720:O:31,1,1,1,1,1,0,0,20250720,20251223
GNE:GOAO027:27:027MF250720:O:32,1,1,1,1,1,0,0,20250720,20251223
GNE:GOAO027:27:027MF250720:O:33,1,1,1,1,1,0,0,20250720,20251223
GNE:GOAO027:27:027MF250720:O:34,1,1,1,1,1,0,0,20250720,20251223
GNE:GOAO027:27:027MF250720:O:35,1,1,1,1,1,0,0,20250720,20251223
GNE:GOAO027:27:027MF250720:O:36,1,1,1,1,1,0,0,20250720,20251223
GNE:GOAO027:27:027MF250720:O:37,1,1,1,1,1,0,0,20250720,20251223
GNE:GOAO027:27:027MF250720:O:38,1,1,1,1,1,0,0,20250720,20251223
GNE:GOAO027:27:027MF250720:O:39,1,1,1,1,1,0,0,20250720,20251223
GNE:GOAO027:27:027MF250720:O:40,1,1,1,1,1,0,0,20250720,20251223
GNE:GOAO027:27:027MF250720:O:41,1,1,1,1,1,0,0,20250720,20251223
GNE:GOAO027:27:027MF250720:O:42,1,1,1,1,1,0,0,20250720,20251223
GNE:GOAO027:27:027MF250720:O:43,1,1,1,1,1,0,0,20250720,20251223
GNE:GOAO027:27:027MF250720:O:44,1,1,1,1,1,0,0,20250720,20251223
GNE:GOAO027:27:027MF250720:O:45,1,1,1,1,1,0,0,20250720,20251223
GNE:GOAO027:27:027MF250720:O:46,1,1,1,1,1,0,0,20250720,20251223
GNE:GOAO027:27:027MF250720:O:47,1,1,1,1,1,0,0,20250720,20251223
GNE:GOAO027:27:027MF250720:O:48,1,1,1,1,1,0,0,20250720,20251223
GNE:GOAO027:27:027MF250720:O:49,1,1,1,1,1,0,0,20250720,20251223
GNE:GOAO027:27:027MF250720:O:50,1,1,1,1,1,0,0,20250720,20251223
GNE:GOAO027:27:027MF250720:O:51,1,1,1,1,1,0,0,20250720,20251223
GNE:GOAO027:27:027MF250720:O:52,1,1,1,1,1,0,0,20250720,20251223
GNE:GOAO027:27:027MF250720:O:53,1,1,1,1,1,0,0,20250720,20251223
GNE:GOAO027:27:027MF250720:O:54,1,1,1,1,1,0,0,20250720,20251223
GNE:GOAO027:27:027MF250720:O:55,1,1,1,1,1,0,0,20250720,20251223
GNE:GOAO027:27:027MF250720:O:56,1,1,1,1,1,0,0,20250720,20251223
GNE:GOAO027:27:027MF250720:O:57,1,1,1,1,1,0,0,20250720,20251223
GNE:GOAO027:27:027MF250720:O:58,1,1,1,1,1,0,0,20250720,20251223
GNE:GOAO027:27:027MF250720:O:59,1,1,1,1,1,0,0,20250720,20251223
GNE:GOAO027:27:027MF250720:O:60,1,1,1,1,1,0,0,20250720,20251223
GNE:GOAO027:27:027MF250720:O:61,1,1,1,1,1,0,0,20250720,20251223
GNE:GOAO027:27:027MF250720:I:1,1,1,1,1,1,0,0,20250720,20251223
GNE:GOAO027:27:027MF250720:I:2,1,1,1,1,1,0,0,20250720,20251223
GNE:GOAO027:27:027MF250720:I:3,1,1,1,1,1,0,0,20250720,20251223
GNE:GOAO027:27:027MF250720:I:4,1,1,1,1,1,0,0,20250720,20251223
GNE:GOAO027:27:027MF250720:I:5,1,1,1,1,1,0,0,20250720,20251223
GNE:GOAO027:27:027MF250720:I:6,1,1,1,1,1,0,0,20250720,20251223
GNE:GOAO027:27:027MF250720:I:7,1,1,1,1,1,0,0,20250720,20251223
GNE:GOAO027:27:027MF250720:I:8,1,1,1,1,1,0,0,20250720,20251223
GNE:GOAO027:27:027MF250720:I:9,1,1,1,1,1,0,0,20250720,20251223
GNE:GOAO027:27:027MF250720:I:10,1,1,1,1,1,0,0,20250720,20251223
GNE:GOAO027:27:027MF250720:I:11,1,1,1,1,1,0,0,20250720,20251223
GNE:GOAO027:27:027MF250720:I:12,1,1,1,1,1,0,0,20250720,20251223
GNE:GOAO027:27:027MF250720:I:13,1,1,1,1,1,0,0,20250720,20251223
GNE:GOAO027:27:027MF250720:I:14,1,1,1,1,1,0,0,20250720,20251223
GNE:GOAO027:27:027MF250720:I:15,1,1,1,1,1,0,0,20250720,20251223
GNE:GOAO027:27:027MF250720:I:16,1,1,1,1,1,0,0,20250720,20251223
GNE:GOAO027:27:027MF250720:I:17,1,1,1,1,1,0,0,20250720,20251223
GNE:GOAO027:27:027MF250720:I:18,1,1,1,1,1,0,0,20250720,20251223
GNE:GOAO027:27:027MF250720:I:19,1,1,1,1,1,0,0,20250720,20251223
GNE:GOAO027:27:027MF250720:I:20,1,1,1,1,1,0,0,20250720,20251223
GNE:GOAO027:27:027MF250720:I:21,1,1,1,1,1,0,0,20250720,20251223
GNE:GOAO027:27:027MF250720:I:22,1,1,1,1,1,0,0,20250720,20251223
GNE:GOAO027:27:027MF250720:I:23,1,1,1,1,1,0,0,20250720,20251223
GNE:GOAO027:27:027MF250720:I:24,1,1,1,1,1,0,0,20250720,20251223
GNE:GOAO027:27:027MF250720:I:25,1,1,1,1,1,0,0,20250720,20251223
GNE:GOAO027:27:027MF250720:I:26,1,1,1,1,1,0,0,20250720,20251223
GNE:GOAO027:27:027MF250720:I:27,1,1,1,1,1,0,0,20250720,20251223
GNE:GOAO027:27:027MF250720:I:28,1,1,1,1,1,0,0,20250720,20251223
GNE:GOAO027:27:027MF250720:I:29,1,1,1,1,1,0,0,20250720,20251223
GNE:GOAO027:27:027MF250720:I:30,1,1,1,1,1,0,0,20250720,20251223
GNE:GOAO027:27:027MF250720:I:31,1,1,1,1,1,0,0,20250720,20251223
GNE:GOAO027:27:027MF250720:I:32,1,1,1,1,1,0,0,20250720,20251223
GNE:GOAO027:27:027MF250720:I:33,1,1,1,1,1,0,0,20250720,20251223
GNE:GOAO027:27:027MF250720:I:34,1,1,1,1,1,0,0,20250720,20251223
GNE:GOAO027:27:027MF250720:I:35,1,1,1,1,1,0,0,20250720,20251223
GNE:GOAO027:27:027MF250720:I:36,1,1,1,1,1,0,0,20250720,20251223
GNE:GOAO027:27:027MF250720:I:37,1,1,1,1,1,0,0,20250720,20251223
GNE:GOAO027:27:027MF250720:I:38,1,1,1,1,1,0,0,20250720,20251223
GNE:GOAO027:27:027MF250720:I:39,1,1,1,1,1,0,0,20250720,20251223
GNE:GOAO027:27:027MF250720:I:40,1,1,1,1,1,0,0,20250720,20251223
GNE:GOAO027:27:027MF250720:I:41,1,1,1,1,1,0,0,20250720,20251223
GNE:GOAO027:27:027MF250720:I:42,1,1,1,1,1,0,0,20250720,20251223
GNE:GOAO027:27:027MF250720:I:43,1,1,1,1,1,0,0,20250720,20251223
GNE:GOAO027:27:027MF250720:I:44,1,1,1,1,1,0,0,20250720,20251223
GNE:GOAO027:27:027MF250720:I:45,1,1,1,1,1,0,0,20250720,20251223
GNE:GOAO027:27:027MF250720:I:46,1,1,1,1,1,0,0,20250720,20251223
GNE:GOAO027:27:027MF250720:I:47,1,1,1,1,1,0,0,20250720,20251223
GNE:GOAO027:27:027MF250720:I:48,1,1,1,1,1,0,0,20250720,20251223
GNE:GOAO027:27:027MF250720:I:49,1,1,1,1,1,0,0,20250720,20251223
GNE:GOAO027:27:027MF250720:I:50,1,1,1,1,1,0,0,20250720,20251223
GNE:GOAO027:27:027MF250720:I:51,1,1,1,1,1,0,0,20250720,20251223
GNE:GOAO027:27:027MF250720:I:52,1,1,1,1,1,0,0,20250720,20251223
GNE:GOAO027:27:027MF250720:I:53,1,1,1,1,1,0,0,20250720,20251223
GNE:GOAO027:27:027MF250720:I:54,1,1,1,1,1,0,0,20250720,20251223
GNE:GOAO027:27:027MF250720:I:55,1,1,1,1,1,0,0,20250720,20251223
GNE:GOAO027:27:027MF250720:I:56,1,1,1,1,1,0,0,20250720,20251223
GNE:GOAO027:27:027MF250720:I:57,1,1,1,1,1,0,0,20250720,20251223
GNE:GOAO027:27:027MF250720:I:58,1,1,1,1,1,0,0,20250720,20251223
GNE:GOAO027:27:027MF250720:I:59,1,1,1,1,1,0,0,20250720,20251223
GNE:GOAO027:27:027MF250720:I:60,1,1,1,1,1,0,0,20250720,20251223
GNE:GOAO027:27:027MF250720:I:61,1,1,1,1,1,0,0,20250720,20251223
GNE:GOAO027:27:027MF250720:I:62,1,1,1,1,1,0,0,20250720,20251223
GNE:GOAO027:27:027MF250720:I:63,1,1,1,1,1,0,0,20250720,20251223
GNE:GOAO027:27:027SA250720:O:1,0,0,0,0,0,1,0,20250720,20251223
GNE:GOAO027:27:027SA250720:O:2,0,0,0,0,0,1,0,20250720,20251223
GNE:GOAO027:27:027SA250720:O:3,0,0,0,0,0,1,0,20250720,20251223
GNE:GOAO027:27:027SA250720:O:4,0,0,0,0,0,1,0,20250720,20251223
GNE:GOAO027:27:027SA250720:O:5,0,0,0,0,0,1,0,20250720,20251223
GNE:GOAO027:27:027SA250720:O:6,0,0,0,0,0,1,0,20250720,20251223
GNE:GOAO027:27:027SA250720:O:7,0,0,0,0,0,1,0,20250720,20251223
GNE:GOAO027:27:027SA250720:O:8,0,0,0,0,0,1,0,20250720,20251223
GNE:GOAO027:27:027SA250720:O:9,0,0,0,0,0,1,0,20250720,20251223
GNE:GOAO027:27:027SA250720:O:10,0,0,0,0,0,1,0,20250720,20251223
GNE:GOAO027:27:027SA250720:O:11,0,0,0,0,0,1,0,20250720,20251223
GNE:GOAO027:27:027SA250720:O:12,0,0,0,0,0,1,0,20250720,20251223
GNE:GOAO027:27:027SA250720:O:13,0,0,0,0,0,1,0,20250720,20251223
GNE:GOAO027:27:027SA250720:O:14,0,0,0,0,0,1,0,20250720,20251223
GNE:GOAO027:27:027SA250720:O:15,0,0,0,0,0,1,0,20250720,20251223
GNE:GOAO027:27:027SA250720:O:16,0,0,0,0,0,1,0,20250720,20251223
GNE:GOAO027:27:027SA250720:O:17,0,0,0,0,0,1,0,20250720,20251223
GNE:GOAO027:27:027SA250720:O:18,0,0,0,0,0,1,0,20250720,20251223
GNE:GOAO027:27:027SA250720:O:19,0,0,0,0,0,1,0,20250720,20251223
GNE:GOAO027:27:027SA250720:O:20,0,0,0,0,0,1,0,20250720,20251223
GNE:GOAO027:27:027SA250720:O:21,0,0,0,0,0,1,0,20250720,20251223
GNE:GOAO027:27:027SA250720:O:22,0,0,0,0,0,1,0,20250720,20251223
GNE:GOAO027:27:027SA250720:O:23,0,0,0,0,0,1,0,20250720,20251223
GNE:GOAO027:27:027SA250720:O:24,0,0,0,0,0,1,0,20250720,20251223
GNE:GOAO027:27:027SA250720:O:25,0,0,0,0,0,1,0,20250720,20251223
GNE:GOAO027:27:027SA250720:O:26,0,0,0,0,0,1,0,20250720,20251223
GNE:GOAO027:27:027SA250720:O:27,0,0,0,0,0,1,0,20250720,20251223
GNE:GOAO027:27:027SA250720:O:28,0,0,0,0,0,1,0,20250720,20251223
GNE:GOAO027:27:027SA250720:O:29,0,0,0,0,0,1,0,20250720,20251223
GNE:GOAO027:27:027SA250720:O:30,0,0,0,0,0,1,0,20250720,20251223
GNE:GOAO027:27:027SA250720:O:31,0,0,0,0,0,1,0,20250720,20251223
GNE:GOAO027:27:027SA250720:O:32,0,0,0,0,0,1,0,20250720,20251223
GNE:GOAO027:27:027SA250720:O:33,0,0,0,0,0,1,0,20250720,20251223
GNE:GOAO027:27:027SA250720:O:34,0,0,0,0,0,1,0,20250720,20251223
GNE:GOAO027:27:027SA250720:O:35,0,0,0,0,0,1,0,20250720,20251223
GNE:GOAO027:27:027SA250720:O:36,0,0,0,0,0,1,0,20250720,20251223
GNE:GOAO027:27:027SA250720:O:37,0,0,0,0,0,1,0,20250720,20251223
GNE:GOAO027:27:027SA250720:O:38,0,0,0,0,0,1,0,20250720,20251223
GNE:GOAO027:27:027SA250720:O:39,0,0,0,0,0,1,0,20250720,20251223
GNE:GOAO027:27:027SA250720:O:40,0,0,0,0,0,1,0,20250720,20251223
GNE:GOAO027:27:027SA250720:O:41,0,0,0,0,0,1,0,20250720,20251223
GNE:GOAO027:27:027SA250720:O:42,0,0,0,0,0,1,0,20250720,20251223
GNE:GOAO027:27:027SA250720:O:43,0,0,0,0,0,1,0,20250720,20251223
GNE:GOAO027:27:027SA250720:O:44,0,0,0,0,0,1,0,20250720,20251223
GNE:GOAO027:27:027SA250720:O:45,0,0,0,0,0,1,0,20250720,20251223
GNE:GOAO027:27:027SA250720:O:46,0,0,0,0,0,1,0,20250720,20251223
GNE:GOAO027:27:027SA250720:O:47,0,0,0,0,0,1,0,20250720,20251223
GNE:GOAO027:27:027SA250720:O:48,0,0,0,0,0,1,0,20250720,20251223
GNE:GOAO027:27:027SA250720:O:49,0,0,0,0,0,1,0,20250720,20251223
GNE:GOAO027:27:027SA250720:O:50,0,0,0,0,0,1,0,20250720,20251223
GNE:GOAO027:27:027SA250720:O:51,0,0,0,0,0,1,0,20250720,20251223
GNE:GOAO027:27:027SA250720:O:52,0,0,0,0,0,1,0,20250720,20251223
GNE:GOAO027:27:027SA250720:O:53,0,0,0,0,0,1,0,20250720,20251223
GNE:GOAO027:27:027SA250720:O:54,0,0,0,0,0,1,0,20250720,20251223
GNE:GOAO027:27:027SA250720:O:55,0,0,0,0,0,1,0,20250720,20251223
GNE:GOAO027:27:027SA250720:O:56,0,0,0,0,0,1,0,20250720,20251223
GNE:GOAO027:27:027SA250720:O:57,0,0,0,0,0,1,0,20250720,20251223
GNE:GOAO027:27:027SA250720:O:58,0,0,0,0,0,1,0,20250720,20251223
GNE:GOAO027:27:027SA250720:I:1,0,0,0,0,0,1,0,20250720,20251223
GNE:GOAO027:27:027SA250720:I:2,0,0,0,0,0,1,0,20250720,20251223
GNE:GOAO027:27:027SA250720:I:3,0,0,0,0,0,1,0,20250720,20251223
GNE:GOAO027:27:027SA250720:I:4,0,0,0,0,0,1,0,20250720,20251223
GNE:GOAO027:27:027SA250720:I:5,0,0,0,0,0,1,0,20250720,20251223
GNE:GOAO027:27:027SA250720:I:6,0,0,0,0,0,1,0,20250720,20251223
GNE:GOAO027:27:027SA250720:I:7,0,0,0,0,0,1,0,20250720,20251223
GNE:GOAO027:27:027SA250720:I:8,0,0,0,0,0,1,0,20250720,20251223
GNE:GOAO027:27:027SA250720:I:9,0,0,0,0,0,1,0,20250720,20251223
GNE:GOAO027:27:027SA250720:I:10,0,0,0,0,0,1,0,20250720,20251223
GNE:GOAO027:27:027SA250720:I:11,0,0,0,0,0,1,0,20250720,20251223
GNE:GOAO027:27:027SA250720:I:12,0,0,0,0,0,1,0,20250720,20251223
GNE:GOAO027:27:027SA250720:I:13,0,0,0,0,0,1,0,20250720,20251223
GNE:GOAO027:27:027SA250720:I:14,0,0,0,0,0,1,0,20250720,20251223
GNE:GOAO027:27:027SA250720:I:15,0,0,0,0,0,1,0,20250720,20251223
GNE:GOAO027:27:027SA250720:I:16,0,0,0,0,0,1,0,20250720,20251223
GNE:GOAO027:27:027SA250720:I:17,0,0,0,0,0,1,0,20250720,20251223
GNE:GOAO027:27:027SA250720:I:18,0,0,0,0,0,1,0,20250720,20251223
GNE:GOAO027:27:027SA250720:I:19,0,0,0,0,0,1,0,20250720,20251223
GNE:GOAO027:27:027SA250720:I:20,0,0,0,0,0,1,0,20250720,20251223
GNE:GOAO027:27:027SA250720:I:21,0,0,0,0,0,1,0,20250720,20251223
GNE:GOAO027:27:027SA250720:I:22,0,0,0,0,0,1,0,20250720,20251223
GNE:GOAO027:27:027SA250720:I:23,0,0,0,0,0,1,0,20250720,20251223
GNE:GOAO027:27:027SA250720:I:24,0,0,0,0,0,1,0,20250720,20251223
GNE:GOAO027:27:027SA250720:I:25,0,0,0,0,0,1,0,20250720,20251223
GNE:GOAO027:27:027SA250720:I:26,0,0,0,0,0,1,0,20250720,20251223
GNE:GOAO027:27:027SA250720:I:27,0,0,0,0,0,1,0,20250720,20251223
GNE:GOAO027:27:027SA250720:I:28,0,0,0,0,0,1,0,20250720,20251223
GNE:GOAO027:27:027SA250720:I:29,0,0,0,0,0,1,0,20250720,20251223
GNE:GOAO027:27:027SA250720:I:30,0,0,0,0,0,1,0,20250720,20251223
GNE:GOAO027:27:027SA250720:I:31,0,0,0,0,0,1,0,20250720,20251223
GNE:GOAO027:27:027SA250720:I:32,0,0,0,0,0,1,0,20250720,20251223
GNE:GOAO027:27:027SA250720:I:33,0,0,0,0,0,1,0,20250720,20251223
GNE:GOAO027:27:027SA250720:I:34,0,0,0,0,0,1,0,20250720,20251223
GNE:GOAO027:27:027SA250720:I:35,0,0,0,0,0,1,0,20250720,20251223
GNE:GOAO027:27:027SA250720:I:36,0,0,0,0,0,1,0,20250720,20251223
GNE:GOAO027:27:027SA250720:I:37,0,0,0,0,0,1,0,20250720,20251223
GNE:GOAO027:27:027SA250720:I:38,0,0,0,0,0,1,0,20250720,20251223
GNE:GOAO027:27:027SA250720:I:39,0,0,0,0,0,1,0,20250720,20251223
GNE:GOAO027:27:027SA250720:I:40,0,0,0,0,0,1,0,20250720,20251223
GNE:GOAO027:27:027SA250720:I:41,0,0,0,0,0,1,0,20250720,20251223
GNE:GOAO027:27:027SA250720:I:42,0,0,0,0,0,1,0,20250720,20251223
GNE:GOAO027:27:027SA250720:I:43,0,0,0,0,0,1,0,20250720,20251223
GNE:GOAO027:27:027SA250720:I:44,0,0,0,0,0,1,0,20250720,20251223
GNE:GOAO027:27:027SA250720:I:45,0,0,0,0,0,1,0,20250720,20251223
GNE:GOAO027:27:027SA250720:I:46,0,0,0,0,0,1,0,20250720,20251223
GNE:GOAO027:27:027SA250720:I:47,0,0,0,0,0,1,0,20250720,20251223
GNE:GOAO027:27:027SA250720:I:48,0,0,0,0,0,1,0,20250720,20251223
GNE:GOAO027:27:027SA250720:I:49,0,0,0,0,0,1,0,20250720,20251223
GNE:GOAO027:27:027SA250720:I:50,0,0,0,0,0,1,0,20250720,20251223
GNE:GOAO027:27:027SA250720:I:51,0,0,0,0,0,1,0,20250720,20251223
GNE:GOAO027:27:027SA250720:I:52,0,0,0,0,0,1,0,20250720,20251223
GNE:GOAO027:27:027SA250720:I:53,0,0,0,0,0,1,0,20250720,20251223
GNE:GOAO027:27:027SA250720:I:54,0,0,0,0,0,1,0,20250720,20251223
GNE:GOAO027:27:027SA250720:I:55,0,0,0,0,0,1,0,20250720,20251223
GNE:GOAO027:27:027SA250720:I:56,0,0,0,0,0,1,0,20250720,20251223
GNE:GOAO027:27:027SU250720:O:1,0,0,0,0,0,0,1,20250720,20251223
GNE:GOAO027:27:027SU250720:O:2,0,0,0,0,0,0,1,20250720,20251223
GNE:GOAO027:27:027SU250720:O:3,0,0,0,0,0,0,1,20250720,20251223
GNE:GOAO027:27:027SU250720:O:4,0,0,0,0,0,0,1,20250720,20251223
GNE:GOAO027:27:027SU250720:O:5,0,0,0,0,0,0,1,20250720,20251223
GNE:GOAO027:27:027SU250720:O:6,0,0,0,0,0,0,1,20250720,20251223
GNE:GOAO027:27:027SU250720:O:7,0,0,0,0,0,0,1,20250720,20251223
GNE:GOAO027:27:027SU250720:O:8,0,0,0,0,0,0,1,20250720,20251223
GNE:GOAO027:27:027SU250720:O:9,0,0,0,0,0,0,1,20250720,20251223
GNE:GOAO027:27:027SU250720:O:10,0,0,0,0,0,0,1,20250720,20251223
GNE:GOAO027:27:027SU250720:O:11,0,0,0,0,0,0,1,20250720,20251223
GNE:GOAO027:27:027SU250720:O:12,0,0,0,0,0,0,1,20250720,20251223
GNE:GOAO027:27:027SU250720:O:13,0,0,0,0,0,0,1,20250720,20251223
GNE:GOAO027:27:027SU250720:O:14,0,0,0,0,0,0,1,20250720,20251223
GNE:GOAO027:27:027SU250720:O:15,0,0,0,0,0,0,1,20250720,20251223
GNE:GOAO027:27:027SU250720:O:16,0,0,0,0,0,0,1,20250720,20251223
GNE:GOAO027:27:027SU250720:O:17,0,0,0,0,0,0,1,20250720,20251223
GNE:GOAO027:27:027SU250720:O:18,0,0,0,0,0,0,1,20250720,20251223
GNE:GOAO027:27:027SU250720:O:19,0,0,0,0,0,0,1,20250720,20251223
GNE:GOAO027:27:027SU250720:O:20,0,0,0,0,0,0,1,20250720,20251223
GNE:GOAO027:27:027SU250720:O:21,0,0,0,0,0,0,1,20250720,20251223
GNE:GOAO027:27:027SU250720:O:22,0,0,0,0,0,0,1,20250720,20251223
GNE:GOAO027:27:027SU250720:O:23,0,0,0,0,0,0,1,20250720,20251223
GNE:GOAO027:27:027SU250720:O:24,0,0,0,0,0,0,1,20250720,20251223
GNE:GOAO027:27:027SU250720:O:25,0,0,0,0,0,0,1,20250720,20251223
GNE:GOAO027:27:027SU250720:O:26,0,0,0,0,0,0,1,20250720,20251223
GNE:GOAO027:27:027SU250720:O:27,0,0,0,0,0,0,1,20250720,20251223
GNE:GOAO027:27:027SU250720:O:28,0,0,0,0,0,0,1,20250720,20251223
GNE:GOAO027:27:027SU250720:O:29,0,0,0,0,0,0,1,20250720,20251223
GNE:GOAO027:27:027SU250720:O:30,0,0,0,0,0,0,1,20250720,20251223
GNE:GOAO027:27:027SU250720:O:31,0,0,0,0,0,0,1,20250720,20251223
GNE:GOAO027:27:027SU250720:O:32,0,0,0,0,0,0,1,20250720,20251223
GNE:GOAO027:27:027SU250720:O:33,0,0,0,0,0,0,1,20250720,20251223
GNE:GOAO027:27:027SU250720:O:34,0,0,0,0,0,0,1,20250720,20251223
GNE:GOAO027:27:027SU250720:O:35,0,0,0,0,0,0,1,20250720,20251223
GNE:GOAO027:27:027SU250720:O:36,0,0,0,0,0,0,1,20250720,20251223
GNE:GOAO027:27:027SU250720:O:37,0,0,0,0,0,0,1,20250720,20251223
GNE:GOAO027:27:027SU250720:O:38,0,0,0,0,0,0,1,20250720,20251223
GNE:GOAO027:27:027SU250720:O:39,0,0,0,0,0,0,1,20250720,20251223
GNE:GOAO027:27:027SU250720:O:40,0,0,0,0,0,0,1,20250720,20251223
GNE:GOAO027:27:027SU250720:O:41,0,0,0,0,0,0,1,20250720,20251223
GNE:GOAO027:27:027SU250720:O:42,0,0,0,0,0,0,1,20250720,20251223
GNE:GOAO027:27:027SU250720:O:43,0,0,0,0,0,0,1,20250720,20251223
GNE:GOAO027:27:027SU250720:O:44,0,0,0,0,0,0,1,20250720,20251223
GNE:GOAO027:27:027SU250720:I:1,0,0,0,0,0,0,1,20250720,20251223
GNE:GOAO027:27:027SU250720:I:2,0,0,0,0,0,0,1,20250720,20251223
GNE:GOAO027:27:027SU250720:I:3,0,0,0,0,0,0,1,20250720,20251223
GNE:GOAO027:27:027SU250720:I:4,0,0,0,0,0,0,1,20250720,20251223
GNE:GOAO027:27:027SU250720:I:5,0,0,0,0,0,0,1,20250720,20251223
GNE:GOAO027:27:027SU250720:I:6,0,0,0,0,0,0,1,20250720,20251223
GNE:GOAO027:27:027SU250720:I:7,0,0,0,0,0,0,1,20250720,20251223
GNE:GOAO027:27:027SU250720:I:8,0,0,0,0,0,0,1,20250720,20251223
GNE:GOAO027:27:027SU250720:I:9,0,0,0,0,0,0,1,20250720,20251223
GNE:GOAO027:27:027SU250720:I:10,0,0,0,0,0,0,1,20250720,20251223
GNE:GOAO027:27:027SU250720:I:11,0,0,0,0,0,0,1,20250720,20251223
GNE:GOAO027:27:027SU250720:I:12,0,0,0,0,0,0,1,20250720,20251223
GNE:GOAO027:27:027SU250720:I:13,0,0,0,0,0,0,1,20250720,20251223
GNE:GOAO027:27:027SU250720:I:14,0,0,0,0,0,0,1,20250720,20251223
GNE:GOAO027:27:027SU250720:I:15,0,0,0,0,0,0,1,20250720,20251223
GNE:GOAO027:27:027SU250720:I:16,0,0,0,0,0,0,1,20250720,20251223
GNE:GOAO027:27:027SU250720:I:17,0,0,0,0,0,0,1,20250720,20251223
GNE:GOAO027:27:027SU250720:I:18,0,0,0,0,0,0,1,20250720,20251223
GNE:GOAO027:27:027SU250720:I:19,0,0,0,0,0,0,1,20250720,20251223
GNE:GOAO027:27:027SU250720:I:20,0,0,0,0,0,0,1,20250720,20251223
GNE:GOAO027:27:027SU250720:I:21,0,0,0,0,0,0,1,20250720,20251223
GNE:GOAO027:27:027SU250720:I:22,0,0,0,0,0,0,1,20250720,20251223
GNE:GOAO027:27:027SU250720:I:23,0,0,0,0,0,0,1,20250720,20251223
GNE:GOAO027:27:027SU250720:I:24,0,0,0,0,0,0,1,20250720,20251223
GNE:GOAO027:27:027SU250720:I:25,0,0,0,0,0,0,1,20250720,20251223
GNE:GOAO027:27:027SU250720:I:26,0,0,0,0,0,0,1,20250720,20251223
GNE:GOAO027:27:027SU250720:I:27,0,0,0,0,0,0,1,20250720,20251223
GNE:GOAO027:27:027SU250720:I:28,0,0,0,0,0,0,1,20250720,20251223
GNE:GOAO027:27:027SU250720:I:29,0,0,0,0,0,0,1,20250720,20251223
GNE:GOAO027:27:027SU250720:I:30,0,0,0,0,0,0,1,20250720,20251223
GNE:GOAO027:27:027SU250720:I:31,0,0,0,0,0,0,1,20250720,20251223
GNE:GOAO027:27:027SU250720:I:32,0,0,0,0,0,0,1,20250720,20251223
GNE:GOAO027:27:027SU250720:I:33,0,0,0,0,0,0,1,20250720,20251223
GNE:GOAO027:27:027SU250720:I:34,0,0,0,0,0,0,1,20250720,20251223
GNE:GOAO027:27:027SU250720:I:35,0,0,0,0,0,0,1,20250720,20251223
GNE:GOAO027:27:027SU250720:I:36,0,0,0,0,0,0,1,20250720,20251223
GNE:GOAO027:27:027SU250720:I:37,0,0,0,0,0,0,1,20250720,20251223
GNE:GOAO027:27:027SU250720:I:38,0,0,0,0,0,0,1,20250720,20251223
GNE:GOAO027:27:027SU250720:I:39,0,0,0,0,0,0,1,20250720,20251223
GNE:GOAO027:27:027SU250720:I:40,0,0,0,0,0,0,1,20250720,20251223
GNE:GOAO027:27:027SU250720:I:41,0,0,0,0,0,0,1,20250720,20251223
GNE:GOAO027:27:027SU250720:I:42,0,0,0,0,0,0,1,20250720,20251223
GNE:GOAO027:27:027SU250720:I:43,0,0,0,0,0,0,1,20250720,20251223
GNE:GOAO027:27:027SU250720:I:44,0,0,0,0,0,0,1,20250720,20251223
GNE:GOAO027:27:027SU250720:I:45,0,0,0,0,0,0,1,20250720,20251223
GNE:GOAO028:28:028MF250720:O:1,1,1,1,1,1,0,0,20250720,20251223
GNE:GOAO028:28:028MF250720:O:3,1,1,1,1,1,0,0,20250720,20251223
GNE:GOAO028:28:028MF250720:O:5,1,1,1,1,1,0,0,20250720,20251223
GNE:GOAO028:28:028MF250720:O:7,1,1,1,1,1,0,0,20250720,20251223
GNE:GOAO028:28:028MF250720:O:9,1,1,1,1,1,0,0,20250720,20251223
GNE:GOAO028:28:028MF250720:O:11,1,1,1,1,1,0,0,20250720,20251223
GNE:GOAO028:28:028MF250720:O:13,1,1,1,1,1,0,0,20250720,20251223
GNE:GOAO028:28:028MF250720:O:15,1,1,1,1,1,0,0,20250720,20251223
GNE:GOAO028:28:028MF250720:O:17,1,1,1,1,1,0,0,20250720,20251223
GNE:GOAO028:28:028MF250720:O:19,1,1,1,1,1,0,0,20250720,20251223
GNE:GOAO028:28:028MF250720:O:21,1,1,1,1,1,0,0,20250720,20251223
GNE:GOAO028:28:028MF250720:O:23,1,1,1,1,1,0,0,20250720,20251223
GNE:GOAO028:28:028MF250720:O:25,1,1,1,1,1,0,0,20250720,20251223
GNE:GOAO028:28:028MF250720:I:1,1,1,1,1,1,0,0,20250720,20251223
GNE:GOAO028:28:028MF250720:I:3,1,1,1,1,1,0,0,20250720,20251223
GNE:GOAO028:28:028MF250720:I:5,1,1,1,1,1,0,0,20250720,20251223
GNE:GOAO028:28:028MF250720:I:7,1,1,1,1,1,0,0,20250720,20251223
GNE:GOAO028:28:028MF250720:I:9,1,1,1,1,1,0,0,20250720,20251223
GNE:GOAO028:28:028MF250720:I:11,1,1,1,1,1,0,0,20250720,20251223
GNE:GOAO028:28:028MF250720:I:13,1,1,1,1,1,0,0,20250720,20251223
GNE:GOAO028:28:028MF250720:I:15,1,1,1,1,1,0,0,20250720,20251223
GNE:GOAO028:28:028MF250720:I:17,1,1,1,1,1,0,0,20250720,20251223
GNE:GOAO028:28:028MF250720:I:19,1,1,1,1,1,0,0,20250720,20251223
GNE:GOAO028:28:028MF250720:I:21,1,1,1,1,1,0,0,20250720,20251223
GNE:GOAO028:28:028MF250720:I:23,1,1,1,1,1,0,0,20250720,20251223
GNE:GOAO028:28:028MF250720:I:25,1,1,1,1,1,0,0,20250720,20251223
GNE:GOAO028:28:028SA250720:O:2,0,0,0,0,0,1,0,20250720,20251223
GNE:GOAO028:28:028SA250720:O:4,0,0,0,0,0,1,0,20250720,20251223
GNE:GOAO028:28:028SA250720:O:6,0,0,0,0,0,1,0,20250720,20251223
GNE:GOAO028:28:028SA250720:O:8,0,0,0,0,0,1,0,20250720,20251223
GNE:GOAO028:28:028SA250720:O:10,0,0,0,0,0,1,0,20250720,20251223
GNE:GOAO028:28:028SA250720:O:12,0,0,0,0,0,1,0,20250720,20251223
GNE:GOAO028:28:028SA250720:O:14,0,0,0,0,0,1,0,20250720,20251223
GNE:GOAO028:28:028SA250720:O:16,0,0,0,0,0,1,0,20250720,20251223
GNE:GOAO028:28:028SA250720:O:18,0,0,0,0,0,1,0,20250720,20251223
GNE:GOAO028:28:028SA250720:O:20,0,0,0,0,0,1,0,20250720,20251223
GNE:GOAO028:28:028SA250720:O:22,0,0,0,0,0,1,0,20250720,20251223
GNE:GOAO028:28:028SA250720:O:24,0,0,0,0,0,1,0,20250720,20251223
GNE:GOAO028:28:028SA250720:I:2,0,0,0,0,0,1,0,20250720,20251223
GNE:GOAO028:28:028SA250720:I:4,0,0,0,0,0,1,0,20250720,20251223
GNE:GOAO028:28:028SA250720:I:6,0,0,0,0,0,1,0,20250720,20251223
GNE:GOAO028:28:028SA250720:I:8,0,0,0,0,0,1,0,20250720,20251223
GNE:GOAO028:28:028SA250720:I:10,0,0,0,0,0,1,0,20250720,20251223
GNE:GOAO028:28:028SA250720:I:12,0,0,0,0,0,1,0,20250720,20251223
GNE:GOAO028:28:028SA250720:I:14,0,0,0,0,0,1,0,20250720,20251223
GNE:GOAO028:28:028SA250720:I:16,0,0,0,0,0,1,0,20250720,20251223
GNE:GOAO028:28:028SA250720:I:18,0,0,0,0,0,1,0,20250720,20251223
GNE:GOAO028:28:028SA250720:I:20,0,0,0,0,0,1,0,20250720,20251223
GNE:GOAO028:28:028SA250720:I:22,0,0,0,0,0,1,0,20250720,20251223
GNE:GOAO028:28:028SA250720:I:24,0,0,0,0,0,1,0,20250720,20251223
GNE:GOAO028:28:028SU250720:O:2,0,0,0,0,0,0,1,20250720,20251223
GNE:GOAO028:28:028SU250720:O:4,0,0,0,0,0,0,1,20250720,20251223
GNE:GOAO028:28:028SU250720:O:6,0,0,0,0,0,0,1,20250720,20251223
GNE:GOAO028:28:028SU250720:O:8,0,0,0,0,0,0,1,20250720,20251223
GNE:GOAO028:28:028SU250720:O:10,0,0,0,0,0,0,1,20250720,20251223
GNE:GOAO028:28:028SU250720:O:12,0,0,0,0,0,0,1,20250720,20251223
GNE:GOAO028:28:028SU250720:O:14,0,0,0,0,0,0,1,20250720,20251223
GNE:GOAO028:28:028SU250720:O:16,0,0,0,0,0,0,1,20250720,20251223
GNE:GOAO028:28:028SU250720:O:18,0,0,0,0,0,0,1,20250720,20251223
GNE:GOAO028:28:028SU250720:I:1,0,0,0,0,0,0,1,20250720,20251223
GNE:GOAO028:28:028SU250720:I:3,0,0,0,0,0,0,1,20250720,20251223
GNE:GOAO028:28:028SU250720:I:5,0,0,0,0,0,0,1,20250720,20251223
GNE:GOAO028:28:028SU250720:I:7,0,0,0,0,0,0,1,20250720,20251223
GNE:GOAO028:28:028SU250720:I:9,0,0,0,0,0,0,1,20250720,20251223
GNE:GOAO028:28:028SU250720:I:11,0,0,0,0,0,0,1,20250720,20251223
GNE:GOAO028:28:028SU250720:I:13,0,0,0,0,0,0,1,20250720,20251223
GNE:GOAO028:28:028SU250720:I:15,0,0,0,0,0,0,1,20250720,20251223
GNE:GOAO028:28:028SU250720:I:17,0,0,0,0,0,0,1,20250720,20251223
GNE:GOAO028:28:028SU250720:I:19,0,0,0,0,0,0,1,20250720,20251223
GNE:GOAO028B:28B:028MF250720:O:26,1,1,1,1,1,0,0,20250720,20251223
GNE:GOAO028B:28B:028MF250720:O:27,1,1,1,1,1,0,0,20250720,20251223
GNE:GOAO028B:28B:028MF250720:O:28,1,1,1,1,1,0,0,20250720,20251223
GNE:GOAO028B:28B:028MF250720:O:29,1,1,1,1,1,0,0,20250720,20251223
GNE:GOAO028B:28B:028MF250720:I:26,1,1,1,1,1,0,0,20250720,20251223
GNE:GOAO028B:28B:028MF250720:I:27,1,1,1,1,1,0,0,20250720,20251223
GNE:GOAO028B:28B:028MF250720:I:28,1,1,1,1,1,0,0,20250720,20251223
GNE:GOAO028B:28B:028MF250720:I:29,1,1,1,1,1,0,0,20250720,20251223
GNE:GOAO028B:28B:028MF250720:I:30,1,1,1,1,1,0,0,20250720,20251223
GNE:GOAO028B:28B:028MF250720:I:31,1,1,1,1,1,0,0,20250720,20251223
GNE:GOAO028B:28B:028SA250720:O:25,0,0,0,0,0,1,0,20250720,20251223
GNE:GOAO028B:28B:028SA250720:O:26,0,0,0,0,0,1,0,20250720,20251223
GNE:GOAO028B:28B:028SA250720:O:27,0,0,0,0,0,1,0,20250720,20251223
GNE:GOAO028B:28B:028SA250720:O:28,0,0,0,0,0,1,0,20250720,20251223
GNE:GOAO028B:28B:028SA250720:I:25,0,0,0,0,0,1,0,20250720,20251223
GNE:GOAO028B:28B:028SA250720:I:26,0,0,0,0,0,1,0,20250720,20251223
GNE:GOAO028B:28B:028SA250720:I:27,0,0,0,0,0,1,0,20250720,20251223
GNE:GOAO028B:28B:028SA250720:I:28,0,0,0,0,0,1,0,20250720,20251223
GNE:GOAO028B:28B:028SA250720:I:29,0,0,0,0,0,1,0,20250720,20251223
GNE:GOAO028B:28B:028SA250720:I:30,0,0,0,0,0,1,0,20250720,20251223
GNE:GOAO028B:28B:028SU250720:O:1,0,0,0,0,0,0,1,20250720,20251223
GNE:GOAO028B:28B:028SU250720:O:3,0,0,0,0,0,0,1,20250720,20251223
GNE:GOAO028B:28B:028SU250720:O:5,0,0,0,0,0,0,1,20250720,20251223
GNE:GOAO028B:28B:028SU250720:O:7,0,0,0,0,0,0,1,20250720,20251223
GNE:GOAO028B:28B:028SU250720:O:9,0,0,0,0,0,0,1,20250720,20251223
GNE:GOAO028B:28B:028SU250720:O:11,0,0,0,0,0,0,1,20250720,20251223
GNE:GOAO028B:28B:028SU250720:O:13,0,0,0,0,0,0,1,20250720,20251223
GNE:GOAO028B:28B:028SU250720:O:15,0,0,0,0,0,0,1,20250720,20251223
GNE:GOAO028B:28B:028SU250720:O:17,0,0,0,0,0,0,1,20250720,20251223
GNE:GOAO028B:28B:028SU250720:O:19,0,0,0,0,0,0,1,20250720,20251223
GNE:GOAO028B:28B:028SU250720:O:20,0,0,0,0,0,0,1,20250720,20251223
GNE:GOAO028B:28B:028SU250720:O:21,0,0,0,0,0,0,1,20250720,20251223
GNE:GOAO028B:28B:028SU250720:O:22,0,0,0,0,0,0,1,20250720,20251223
GNE:GOAO028B:28B:028SU250720:O:23,0,0,0,0,0,0,1,20250720,20251223
GNE:GOAO028B:28B:028SU250720:O:24,0,0,0,0,0,0,1,20250720,20251223
GNE:GOAO028B:28B:028SU250720:I:2,0,0,0,0,0,0,1,20250720,20251223
GNE:GOAO028B:28B:028SU250720:I:4,0,0,0,0,0,0,1,20250720,20251223
GNE:GOAO028B:28B:028SU250720:I:6,0,0,0,0,0,0,1,20250720,20251223
GNE:GOAO028B:28B:028SU250720:I:8,0,0,0,0,0,0,1,20250720,20251223
GNE:GOAO028B:28B:028SU250720:I:10,0,0,0,0,0,0,1,20250720,20251223
GNE:GOAO028B:28B:028SU250720:I:12,0,0,0,0,0,0,1,20250720,20251223
GNE:GOAO028B:28B:028SU250720:I:14,0,0,0,0,0,0,1,20250720,20251223
GNE:GOAO028B:28B:028SU250720:I:16,0,0,0,0,0,0,1,20250720,20251223
GNE:GOAO028B:28B:028SU250720:I:18,0,0,0,0,0,0,1,20250720,20251223
GNE:GOAO028B:28B:028SU250720:I:20,0,0,0,0,0,0,1,20250720,20251223
GNE:GOAO028B:28B:028SU250720:I:21,0,0,0,0,0,0,1,20250720,20251223
GNE:GOAO028B:28B:028SU250720:I:22,0,0,0,0,0,0,1,20250720,20251223
GNE:GOAO028B:28B:028SU250720:I:23,0,0,0,0,0,0,1,20250720,20251223
GNE:GOAO028B:28B:028SU250720:I:24,0,0,0,0,0,0,1,20250720,20251223
GNE:GOAO029:29:028MF250720:O:2,1,1,1,1,1,0,0,20250720,20251223
GNE:GOAO029:29:028MF250720:O:4,1,1,1,1,1,0,0,20250720,20251223
GNE:GOAO029:29:028MF250720:O:6,1,1,1,1,1,0,0,20250720,20251223
GNE:GOAO029:29:028MF250720:O:8,1,1,1,1,1,0,0,20250720,20251223
GNE:GOAO029:29:028MF250720:O:10,1,1,1,1,1,0,0,20250720,20251223
GNE:GOAO029:29:028MF250720:O:12,1,1,1,1,1,0,0,20250720,20251223
GNE:GOAO029:29:028MF250720:O:14,1,1,1,1,1,0,0,20250720,20251223
GNE:GOAO029:29:028MF250720:O:16,1,1,1,1,1,0,0,20250720,20251223
GNE:GOAO029:29:028MF250720:O:18,1,1,1,1,1,0,0,20250720,20251223
GNE:GOAO029:29:028MF250720:O:20,1,1,1,1,1,0,0,20250720,20251223
GNE:GOAO029:29:028MF250720:O:22,1,1,1,1,1,0,0,20250720,20251223
GNE:GOAO029:29:028MF250720:O:24,1,1,1,1,1,0,0,20250720,20251223
GNE:GOAO029:29:028MF250720:I:2,1,1,1,1,1,0,0,20250720,20251223
GNE:GOAO029:29:028MF250720:I:4,1,1,1,1,1,0,0,20250720,20251223
GNE:GOAO029:29:028MF250720:I:6,1,1,1,1,1,0,0,20250720,20251223
GNE:GOAO029:29:028MF250720:I:8,1,1,1,1,1,0,0,20250720,20251223
GNE:GOAO029:29:028MF250720:I:10,1,1,1,1,1,0,0,20250720,20251223
GNE:GOAO029:29:028MF250720:I:12,1,1,1,1,1,0,0,20250720,20251223
GNE:GOAO029:29:028MF250720:I:14,1,1,1,1,1,0,0,20250720,20251223
GNE:GOAO029:29:028MF250720:I:16,1,1,1,1,1,0,0,20250720,20251223
GNE:GOAO029:29:028MF250720:I:18,1,1,1,1,1,0,0,20250720,20251223
GNE:GOAO029:29:028MF250720:I:20,1,1,1,1,1,0,0,20250720,20251223
GNE:GOAO029:29:028MF250720:I:22,1,1,1,1,1,0,0,20250720,20251223
GNE:GOAO029:29:028MF250720:I:24,1,1,1,1,1,0,0,20250720,20251223
GNE:GOAO029:29:028SA250720:O:1,0,0,0,0,0,1,0,20250720,20251223
GNE:GOAO029:29:028SA250720:O:3,0,0,0,0,0,1,0,20250720,20251223
GNE:GOAO029:29:028SA250720:O:5,0,0,0,0,0,1,0,20250720,20251223
GNE:GOAO029:29:028SA250720:O:7,0,0,0,0,0,1,0,20250720,20251223
GNE:GOAO029:29:028SA250720:O:9,0,0,0,0,0,1,0,20250720,20251223
GNE:GOAO029:29:028SA250720:O:11,0,0,0,0,0,1,0,20250720,20251223
GNE:GOAO029:29:028SA250720:O:13,0,0,0,0,0,1,0,20250720,20251223
GNE:GOAO029:29:028SA250720:O:15,0,0,0,0,0,1,0,20250720,20251223
GNE:GOAO029:29:028SA250720:O:17,0,0,0,0,0,1,0,20250720,20251223
GNE:GOAO029:29:028SA250720:O:19,0,0,0,0,0,1,0,20250720,20251223
GNE:GOAO029:29:028SA250720:O:21,0,0,0,0,0,1,0,20250720,20251223
GNE:GOAO029:29:028SA250720:O:23,0,0,0,0,0,1,0,20250720,20251223
GNE:GOAO029:29:028SA250720:I:1,0,0,0,0,0,1,0,20250720,20251223
GNE:GOAO029:29:028SA250720:I:3,0,0,0,0,0,1,0,20250720,20251223
GNE:GOAO029:29:028SA250720:I:5,0,0,0,0,0,1,0,20250720,20251223
GNE:GOAO029:29:028SA250720:I:7,0,0,0,0,0,1,0,20250720,20251223
GNE:GOAO029:29:028SA250720:I:9,0,0,0,0,0,1,0,20250720,20251223
GNE:GOAO029:29:028SA250720:I:11,0,0,0,0,0,1,0,20250720,20251223
GNE:GOAO029:29:028SA250720:I:13,0,0,0,0,0,1,0,20250720,20251223
GNE:GOAO029:29:028SA250720:I:15,0,0,0,0,0,1,0,20250720,20251223
GNE:GOAO029:29:028SA250720:I:17,0,0,0,0,0,1,0,20250720,20251223
GNE:GOAO029:29:028SA250720:I:19,0,0,0,0,0,1,0,20250720,20251223
GNE:GOAO029:29:028SA250720:I:21,0,0,0,0,0,1,0,20250720,20251223
GNE:GOAO029:29:028SA250720:I:23,0,0,0,0,0,1,0,20250720,20251223
GNE:GOAO032:32:032MF250720:O:1,1,1,1,1,1,0,0,20250720,20251223
GNE:GOAO032:32:032MF250720:O:2,1,1,1,1,1,0,0,20250720,20251223
GNE:GOAO032:32:032MF250720:O:3,1,1,1,1,1,0,0,20250720,20251223
GNE:GOAO032:32:032MF250720:O:4,1,1,1,1,1,0,0,20250720,20251223
GNE:GOAO032:32:032MF250720:O:5,1,1,1,1,1,0,0,20250720,20251223
GNE:GOAO032:32:032MF250720:O:6,1,1,1,1,1,0,0,20250720,20251223
GNE:GOAO032:32:032MF250720:O:7,1,1,1,1,1,0,0,20250720,20251223
GNE:GOAO032:32:032MF250720:O:8,1,1,1,1,1,0,0,20250720,20251223
GNE:GOAO032:32:032MF250720:O:9,1,1,1,1,1,0,0,20250720,20251223
GNE:GOAO032:32:032MF250720:O:10,1,1,1,1,1,0,0,20250720,20251223
GNE:GOAO032:32:032MF250720:O:11,1,1,1,1,1,0,0,20250720,20251223
GNE:GOAO032:32:032MF250720:O:12,1,1,1,1,1,0,0,20250720,20251223
GNE:GOAO032:32:032MF250720:O:13,1,1,1,1,1,0,0,20250720,20251223
GNE:GOAO032:32:032MF250720:O:14,1,1,1,1,1,0,0,20250720,20251223
GNE:GOAO032:32:032MF250720:O:15,1,1,1,1,1,0,0,20250720,20251223
GNE:GOAO032:32:032MF250720:O:16,1,1,1,1,1,0,0,20250720,20251223
GNE:GOAO032:32:032MF250720:O:17,1,1,1,1,1,0,0,20250720,20251223
GNE:GOAO032:32:032MF250720:O:18,1,1,1,1,1,0,0,20250720,20251223
GNE:GOAO032:32:032MF250720:O:19,1,1,1,1,1,0,0,20250720,20251223
GNE:GOAO032:32:032MF250720:O:20,1,1,1,1,1,0,0,20250720,20251223
GNE:GOAO032:32:032MF250720:O:21,1,1,1,1,1,0,0,20250720,20251223
GNE:GOAO032:32:032MF250720:O:22,1,1,1,1,1,0,0,20250720,20251223
GNE:GOAO032:32:032MF250720:O:23,1,1,1,1,1,0,0,20250720,20251223
GNE:GOAO032:32:032MF250720:O:24,1,1,1,1,1,0,0,20250720,20251223
GNE:GOAO032:32:032MF250720:O:25,1,1,1,1,1,0,0,20250720,20251223
GNE:GOAO032:32:032MF250720:O:26,1,1,1,1,1,0,0,20250720,20251223
GNE:GOAO032:32:032MF250720:O:27,1,1,1,1,1,0,0,20250720,20251223
GNE:GOAO032:32:032MF250720:O:28,1,1,1,1,1,0,0,20250720,20251223
GNE:GOAO032:32:032MF250720:O:29,1,1,1,1,1,0,0,20250720,20251223
GNE:GOAO032:32:032MF250720:I:1,1,1,1,1,1,0,0,20250720,20251223
GNE:GOAO032:32:032MF250720:I:2,1,1,1,1,1,0,0,20250720,20251223
GNE:GOAO032:32:032MF250720:I:3,1,1,1,1,1,0,0,20250720,20251223
GNE:GOAO032:32:032MF250720:I:4,1,1,1,1,1,0,0,20250720,20251223
GNE:GOAO032:32:032MF250720:I:5,1,1,1,1,1,0,0,20250720,20251223
GNE:GOAO032:32:032MF250720:I:6,1,1,1,1,1,0,0,20250720,20251223
GNE:GOAO032:32:032MF250720:I:7,1,1,1,1,1,0,0,20250720,20251223
GNE:GOAO032:32:032MF250720:I:8,1,1,1,1,1,0,0,20250720,20251223
GNE:GOAO032:32:032MF250720:I:9,1,1,1,1,1,0,0,20250720,20251223
GNE:GOAO032:32:032MF250720:I:10,1,1,1,1,1,0,0,20250720,20251223
GNE:GOAO032:32:032MF250720:I:11,1,1,1,1,1,0,0,20250720,20251223
GNE:GOAO032:32:032MF250720:I:12,1,1,1,1,1,0,0,20250720,20251223
GNE:GOAO032:32:032MF250720:I:13,1,1,1,1,1,0,0,20250720,20251223
GNE:GOAO032:32:032MF250720:I:14,1,1,1,1,1,0,0,20250720,20251223
GNE:GOAO032:32:032MF250720:I:15,1,1,1,1,1,0,0,20250720,20251223
GNE:GOAO032:32:032MF250720:I:16,1,1,1,1,1,0,0,20250720,20251223
GNE:GOAO032:32:032MF250720:I:17,1,1,1,1,1,0,0,20250720,20251223
GNE:GOAO032:32:032MF250720:I:18,1,1,1,1,1,0,0,20250720,20251223
GNE:GOAO032:32:032MF250720:I:19,1,1,1,1,1,0,0,20250720,20251223
GNE:GOAO032:32:032MF250720:I:20,1,1,1,1,1,0,0,20250720,20251223
GNE:GOAO032:32:032MF250720:I:21,1,1,1,1,1,0,0,20250720,20251223
GNE:GOAO032:32:032MF250720:I:22,1,1,1,1,1,0,0,20250720,20251223
GNE:GOAO032:32:032MF250720:I:23,1,1,1,1,1,0,0,20250720,20251223
GNE:GOAO032:32:032MF250720:I:24,1,1,1,1,1,0,0,20250720,20251223
GNE:GOAO032:32:032MF250720:I:25,1,1,1,1,1,0,0,20250720,20251223
GNE:GOAO032:32:032MF250720:I:26,1,1,1,1,1,0,0,20250720,20251223
GNE:GOAO032:32:032MF250720:I:27,1,1,1,1,1,0,0,20250720,20251223
GNE:GOAO032:32:032MF250720:I:28,1,1,1,1,1,0,0,20250720,20251223
GNE:GOAO032:32:032MF250720:I:29,1,1,1,1,1,0,0,20250720,20251223
GNE:GOAO032:32:032MF250720:I:30,1,1,1,1,1,0,0,20250720,20251223
GNE:GOAO032:32:032MF250720:I:31,1,1,1,1,1,0,0,20250720,20251223
GNE:GOAO032:32:032MF250720:I:32,1,1,1,1,1,0,0,20250720,20251223
GNE:GOAO032:32:032SA250720:O:1,0,0,0,0,0,1,0,20250720,20251223
GNE:GOAO032:32:032SA250720:O:2,0,0,0,0,0,1,0,20250720,20251223
GNE:GOAO032:32:032SA250720:O:3,0,0,0,0,0,1,0,20250720,20251223
GNE:GOAO032:32:032SA250720:O:4,0,0,0,0,0,1,0,20250720,20251223
GNE:GOAO032:32:032SA250720:O:5,0,0,0,0,0,1,0,20250720,20251223
GNE:GOAO032:32:032SA250720:O:6,0,0,0,0,0,1,0,20250720,20251223
GNE:GOAO032:32:032SA250720:O:7,0,0,0,0,0,1,0,20250720,20251223
GNE:GOAO032:32:032SA250720:O:8,0,0,0,0,0,1,0,20250720,20251223
GNE:GOAO032:32:032SA250720:O:9,0,0,0,0,0,1,0,20250720,20251223
GNE:GOAO032:32:032SA250720:O:10,0,0,0,0,0,1,0,20250720,20251223
GNE:GOAO032:32:032SA250720:O:11,0,0,0,0,0,1,0,20250720,20251223
GNE:GOAO032:32:032SA250720:O:12,0,0,0,0,0,1,0,20250720,20251223
GNE:GOAO032:32:032SA250720:O:13,0,0,0,0,0,1,0,20250720,20251223
GNE:GOAO032:32:032SA250720:O:14,0,0,0,0,0,1,0,20250720,20251223
GNE:GOAO032:32:032SA250720:O:15,0,0,0,0,0,1,0,20250720,20251223
GNE:GOAO032:32:032SA250720:O:16,0,0,0,0,0,1,0,20250720,20251223
GNE:GOAO032:32:032SA250720:O:17,0,0,0,0,0,1,0,20250720,20251223
GNE:GOAO032:32:032SA250720:O:18,0,0,0,0,0,1,0,20250720,20251223
GNE:GOAO032:32:032SA250720:O:19,0,0,0,0,0,1,0,20250720,20251223
GNE:GOAO032:32:032SA250720:O:20,0,0,0,0,0,1,0,20250720,20251223
GNE:GOAO032:32:032SA250720:O:21,0,0,0,0,0,1,0,20250720,20251223
GNE:GOAO032:32:032SA250720:O:22,0,0,0,0,0,1,0,20250720,20251223
GNE:GOAO032:32:032SA250720:O:23,0,0,0,0,0,1,0,20250720,20251223
GNE:GOAO032:32:032SA250720:O:24,0,0,0,0,0,1,0,20250720,20251223
GNE:GOAO032:32:032SA250720:O:25,0,0,0,0,0,1,0,20250720,20251223
GNE:GOAO032:32:032SA250720:O:26,0,0,0,0,0,1,0,20250720,20251223
GNE:GOAO032:32:032SA250720:O:27,0,0,0,0,0,1,0,20250720,20251223
GNE:GOAO032:32:032SA250720:O:28,0,0,0,0,0,1,0,20250720,20251223
GNE:GOAO032:32:032SA250720:I:1,0,0,0,0,0,1,0,20250720,20251223
GNE:GOAO032:32:032SA250720:I:2,0,0,0,0,0,1,0,20250720,20251223
GNE:GOAO032:32:032SA250720:I:3,0,0,0,0,0,1,0,20250720,20251223
GNE:GOAO032:32:032SA250720:I:4,0,0,0,0,0,1,0,20250720,20251223
GNE:GOAO032:32:032SA250720:I:5,0,0,0,0,0,1,0,20250720,20251223
GNE:GOAO032:32:032SA250720:I:6,0,0,0,0,0,1,0,20250720,20251223
GNE:GOAO032:32:032SA250720:I:7,0,0,0,0,0,1,0,20250720,20251223
GNE:GOAO032:32:032SA250720:I:8,0,0,0,0,0,1,0,20250720,20251223
GNE:GOAO032:32:032SA250720:I:9,0,0,0,0,0,1,0,20250720,20251223
GNE:GOAO032:32:032SA250720:I:10,0,0,0,0,0,1,0,20250720,20251223
GNE:GOAO032:32:032SA250720:I:11,0,0,0,0,0,1,0,20250720,20251223
GNE:GOAO032:32:032SA250720:I:12,0,0,0,0,0,1,0,20250720,20251223
GNE:GOAO032:32:032SA250720:I:13,0,0,0,0,0,1,0,20250720,20251223
GNE:GOAO032:32:032SA250720:I:14,0,0,0,0,0,1,0,20250720,20251223
GNE:GOAO032:32:032SA250720:I:15,0,0,0,0,0,1,0,20250720,20251223
GNE:GOAO032:32:032SA250720:I:16,0,0,0,0,0,1,0,20250720,20251223
GNE:GOAO032:32:032SA250720:I:17,0,0,0,0,0,1,0,20250720,20251223
GNE:GOAO032:32:032SA250720:I:18,0,0,0,0,0,1,0,20250720,20251223
GNE:GOAO032:32:032SA250720:I:19,0,0,0,0,0,1,0,20250720,20251223
GNE:GOAO032:32:032SA250720:I:20,0,0,0,0,0,1,0,20250720,20251223
GNE:GOAO032:32:032SA250720:I:21,0,0,0,0,0,1,0,20250720,20251223
GNE:GOAO032:32:032SA250720:I:22,0,0,0,0,0,1,0,20250720,20251223
GNE:GOAO032:32:032SA250720:I:23,0,0,0,0,0,1,0,20250720,20251223
GNE:GOAO032:32:032SA250720:I:24,0,0,0,0,0,1,0,20250720,20251223
GNE:GOAO032:32:032SA250720:I:25,0,0,0,0,0,1,0,20250720,20251223
GNE:GOAO032:32:032SA250720:I:26,0,0,0,0,0,1,0,20250720,20251223
GNE:GOAO032:32:032SA250720:I:27,0,0,0,0,0,1,0,20250720,20251223
GNE:GOAO032:32:032SA250720:I:28,0,0,0,0,0,1,0,20250720,20251223
GNE:GOAO032:32:032SA250720:I:29,0,0,0,0,0,1,0,20250720,20251223
GNE:GOAO032:32:032SA250720:I:30,0,0,0,0,0,1,0,20250720,20251223
GNE:GOAO032:32:032SA250720:I:31,0,0,0,0,0,1,0,20250720,20251223
GNE:GOAO032:32:032SA250720:I:32,0,0,0,0,0,1,0,20250720,20251223
GNE:GOAO032:32:032SU250720:O:1,0,0,0,0,0,0,1,20250720,20251223
GNE:GOAO032:32:032SU250720:O:2,0,0,0,0,0,0,1,20250720,20251223
GNE:GOAO032:32:032SU250720:O:3,0,0,0,0,0,0,1,20250720,20251223
GNE:GOAO032:32:032SU250720:O:4,0,0,0,0,0,0,1,20250720,20251223
GNE:GOAO032:32:032SU250720:O:5,0,0,0,0,0,0,1,20250720,20251223
GNE:GOAO032:32:032SU250720:O:6,0,0,0,0,0,0,1,20250720,20251223
GNE:GOAO032:32:032SU250720:O:7,0,0,0,0,0,0,1,20250720,20251223
GNE:GOAO032:32:032SU250720:O:8,0,0,0,0,0,0,1,20250720,20251223
GNE:GOAO032:32:032SU250720:O:9,0,0,0,0,0,0,1,20250720,20251223
GNE:GOAO032:32:032SU250720:O:10,0,0,0,0,0,0,1,20250720,20251223
GNE:GOAO032:32:032SU250720:O:11,0,0,0,0,0,0,1,20250720,20251223
GNE:GOAO032:32:032SU250720:O:12,0,0,0,0,0,0,1,20250720,20251223
GNE:GOAO032:32:032SU250720:O:13,0,0,0,0,0,0,1,20250720,20251223
GNE:GOAO032:32:032SU250720:O:14,0,0,0,0,0,0,1,20250720,20251223
GNE:GOAO032:32:032SU250720:O:15,0,0,0,0,0,0,1,20250720,20251223
GNE:GOAO032:32:032SU250720:O:16,0,0,0,0,0,0,1,20250720,20251223
GNE:GOAO032:32:032SU250720:I:1,0,0,0,0,0,0,1,20250720,20251223
GNE:GOAO032:32:032SU250720:I:2,0,0,0,0,0,0,1,20250720,20251223
GNE:GOAO032:32:032SU250720:I:3,0,0,0,0,0,0,1,20250720,20251223
GNE:GOAO032:32:032SU250720:I:4,0,0,0,0,0,0,1,20250720,20251223
GNE:GOAO032:32:032SU250720:I:5,0,0,0,0,0,0,1,20250720,20251223
GNE:GOAO032:32:032SU250720:I:6,0,0,0,0,0,0,1,20250720,20251223
GNE:GOAO032:32:032SU250720:I:7,0,0,0,0,0,0,1,20250720,20251223
GNE:GOAO032:32:032SU250720:I:8,0,0,0,0,0,0,1,20250720,20251223
GNE:GOAO032:32:032SU250720:I:9,0,0,0,0,0,0,1,20250720,20251223
GNE:GOAO032:32:032SU250720:I:10,0,0,0,0,0,0,1,20250720,20251223
GNE:GOAO032:32:032SU250720:I:11,0,0,0,0,0,0,1,20250720,20251223
GNE:GOAO032:32:032SU250720:I:12,0,0,0,0,0,0,1,20250720,20251223
GNE:GOAO032:32:032SU250720:I:13,0,0,0,0,0,0,1,20250720,20251223
GNE:GOAO032:32:032SU250720:I:14,0,0,0,0,0,0,1,20250720,20251223
GNE:GOAO032:32:032SU250720:I:15,0,0,0,0,0,0,1,20250720,20251223
GNE:GOAO032:32:032SU250720:I:16,0,0,0,0,0,0,1,20250720,20251223
GNE:GOAO032:32:032SU250720:I:17,0,0,0,0,0,0,1,20250720,20251223
GNE:GOAO033:33:033MF250720:O:1,1,1,1,1,1,0,0,20250720,20251223
GNE:GOAO033:33:033MF250720:O:2,1,1,1,1,1,0,0,20250720,20251223
GNE:GOAO033:33:033MF250720:O:3,1,1,1,1,1,0,0,20250720,20251223
GNE:GOAO033:33:033MF250720:O:4,1,1,1,1,1,0,0,20250720,20251223
GNE:GOAO033:33:033MF250720:O:5,1,1,1,1,1,0,0,20250720,20251223
GNE:GOAO033:33:033MF250720:O:6,1,1,1,1,1,0,0,20250720,20251223
GNE:GOAO033:33:033MF250720:O:7,1,1,1,1,1,0,0,20250720,20251223
GNE:GOAO033:33:033MF250720:O:8,1,1,1,1,1,0,0,20250720,20251223
GNE:GOAO033:33:033MF250720:O:9,1,1,1,1,1,0,0,20250720,20251223
GNE:GOAO033:33:033MF250720:O:10,1,1,1,1,1,0,0,20250720,20251223
GNE:GOAO033:33:033MF250720:O:11,1,1,1,1,1,0,0,20250720,20251223
GNE:GOAO033:33:033MF250720:O:12,1,1,1,1,1,0,0,20250720,20251223
GNE:GOAO033:33:033MF250720:O:13,1,1,1,1,1,0,0,20250720,20251223
GNE:GOAO033:33:033MF250720:O:14,1,1,1,1,1,0,0,20250720,20251223
GNE:GOAO033:33:033MF250720:O:15,1,1,1,1,1,0,0,20250720,20251223
GNE:GOAO033:33:033MF250720:O:16,1,1,1,1,1,0,0,20250720,20251223
GNE:GOAO033:33:033MF250720:O:17,1,1,1,1,1,0,0,20250720,20251223
GNE:GOAO033:33:033MF250720:O:18,1,1,1,1,1,0,0,20250720,20251223
GNE:GOAO033:33:033MF250720:O:19,1,1,1,1,1,0,0,20250720,20251223
GNE:GOAO033:33:033MF250720:O:20,1,1,1,1,1,0,0,20250720,20251223
GNE:GOAO033:33:033MF250720:O:21,1,1,1,1,1,0,0,20250720,20251223
GNE:GOAO033:33:033MF250720:O:22,1,1,1,1,1,0,0,20250720,20251223
GNE:GOAO033:33:033MF250720:O:23,1,1,1,1,1,0,0,20250720,20251223
GNE:GOAO033:33:033MF250720:O:24,1,1,1,1,1,0,0,20250720,20251223
GNE:GOAO033:33:033MF250720:O:25,1,1,1,1,1,0,0,20250720,20251223
GNE:GOAO033:33:033MF250720:O:26,1,1,1,1,1,0,0,20250720,20251223
GNE:GOAO033:33:033MF250720:O:27,1,1,1,1,1,0,0,20250720,20251223
GNE:GOAO033:33:033MF250720:O:28,1,1,1,1,1,0,0,20250720,20251223
GNE:GOAO033:33:033MF250720:O:29,1,1,1,1,1,0,0,20250720,20251223
GNE:GOAO033:33:033MF250720:O:30,1,1,1,1,1,0,0,20250720,20251223
GNE:GOAO033:33:033MF250720:O:31,1,1,1,1,1,0,0,20250720,20251223
GNE:GOAO033:33:033MF250720:O:32,1,1,1,1,1,0,0,20250720,20251223
GNE:GOAO033:33:033MF250720:O:33,1,1,1,1,1,0,0,20250720,20251223
GNE:GOAO033:33:033MF250720:O:34,1,1,1,1,1,0,0,20250720,20251223
GNE:GOAO033:33:033MF250720:O:35,1,1,1,1,1,0,0,20250720,20251223
GNE:GOAO033:33:033MF250720:O:36,1,1,1,1,1,0,0,20250720,20251223
GNE:GOAO033:33:033MF250720:O:37,1,1,1,1,1,0,0,20250720,20251223
GNE:GOAO033:33:033MF250720:O:38,1,1,1,1,1,0,0,20250720,20251223
GNE:GOAO033:33:033MF250720:O:39,1,1,1,1,1,0,0,20250720,20251223
GNE:GOAO033:33:033MF250720:O:40,1,1,1,1,1,0,0,20250720,20251223
GNE:GOAO033:33:033MF250720:O:41,1,1,1,1,1,0,0,20250720,20251223
GNE:GOAO033:33:033MF250720:O:42,1,1,1,1,1,0,0,20250720,20251223
GNE:GOAO033:33:033MF250720:O:43,1,1,1,1,1,0,0,20250720,20251223
GNE:GOAO033:33:033MF250720:O:44,1,1,1,1,1,0,0,20250720,20251223
GNE:GOAO033:33:033MF250720:O:45,1,1,1,1,1,0,0,20250720,20251223
GNE:GOAO033:33:033MF250720:O:46,1,1,1,1,1,0,0,20250720,20251223
GNE:GOAO033:33:033MF250720:O:47,1,1,1,1,1,0,0,20250720,20251223
GNE:GOAO033:33:033MF250720:O:48,1,1,1,1,1,0,0,20250720,20251223
GNE:GOAO033:33:033MF250720:O:49,1,1,1,1,1,0,0,20250720,20251223
GNE:GOAO033:33:033MF250720:O:50,1,1,1,1,1,0,0,20250720,20251223
GNE:GOAO033:33:033MF250720:O:51,1,1,1,1,1,0,0,20250720,20251223
GNE:GOAO033:33:033MF250720:O:52,1,1,1,1,1,0,0,20250720,20251223
GNE:GOAO033:33:033MF250720:O:53,1,1,1,1,1,0,0,20250720,20251223
GNE:GOAO033:33:033MF250720:O:54,1,1,1,1,1,0,0,20250720,20251223
GNE:GOAO033:33:033MF250720:O:55,1,1,1,1,1,0,0,20250720,20251223
GNE:GOAO033:33:033MF250720:O:56,1,1,1,1,1,0,0,20250720,20251223
GNE:GOAO033:33:033MF250720:I:1,1,1,1,1,1,0,0,20250720,20251223
GNE:GOAO033:33:033MF250720:I:2,1,1,1,1,1,0,0,20250720,20251223
GNE:GOAO033:33:033MF250720:I:3,1,1,1,1,1,0,0,20250720,20251223
GNE:GOAO033:33:033MF250720:I:4,1,1,1,1,1,0,0,20250720,20251223
GNE:GOAO033:33:033MF250720:I:5,1,1,1,1,1,0,0,20250720,20251223
GNE:GOAO033:33:033MF250720:I:6,1,1,1,1,1,0,0,20250720,20251223
GNE:GOAO033:33:033MF250720:I:7,1,1,1,1,1,0,0,20250720,20251223
GNE:GOAO033:33:033MF250720:I:8,1,1,1,1,1,0,0,20250720,20251223
GNE:GOAO033:33:033MF250720:I:9,1,1,1,1,1,0,0,20250720,20251223
GNE:GOAO033:33:033MF250720:I:10,1,1,1,1,1,0,0,20250720,20251223
GNE:GOAO033:33:033MF250720:I:11,1,1,1,1,1,0,0,20250720,20251223
GNE:GOAO033:33:033MF250720:I:12,1,1,1,1,1,0,0,20250720,20251223
GNE:GOAO033:33:033MF250720:I:13,1,1,1,1,1,0,0,20250720,20251223
GNE:GOAO033:33:033MF250720:I:14,1,1,1,1,1,0,0,20250720,20251223
GNE:GOAO033:33:033MF250720:I:15,1,1,1,1,1,0,0,20250720,20251223
GNE:GOAO033:33:033MF250720:I:16,1,1,1,1,1,0,0,20250720,20251223
GNE:GOAO033:33:033MF250720:I:17,1,1,1,1,1,0,0,20250720,20251223
GNE:GOAO033:33:033MF250720:I:18,1,1,1,1,1,0,0,20250720,20251223
GNE:GOAO033:33:033MF250720:I:19,1,1,1,1,1,0,0,20250720,20251223
GNE:GOAO033:33:033MF250720:I:20,1,1,1,1,1,0,0,20250720,20251223
GNE:GOAO033:33:033MF250720:I:21,1,1,1,1,1,0,0,20250720,20251223
GNE:GOAO033:33:033MF250720:I:22,1,1,1,1,1,0,0,20250720,20251223
GNE:GOAO033:33:033MF250720:I:23,1,1,1,1,1,0,0,20250720,20251223
GNE:GOAO033:33:033MF250720:I:24,1,1,1,1,1,0,0,20250720,20251223
GNE:GOAO033:33:033MF250720:I:25,1,1,1,1,1,0,0,20250720,20251223
GNE:GOAO033:33:033MF250720:I:26,1,1,1,1,1,0,0,20250720,20251223
GNE:GOAO033:33:033MF250720:I:27,1,1,1,1,1,0,0,20250720,20251223
GNE:GOAO033:33:033MF250720:I:28,1,1,1,1,1,0,0,20250720,20251223
GNE:GOAO033:33:033MF250720:I:29,1,1,1,1,1,0,0,20250720,20251223
GNE:GOAO033:33:033MF250720:I:30,1,1,1,1,1,0,0,20250720,20251223
GNE:GOAO033:33:033MF250720:I:31,1,1,1,1,1,0,0,20250720,20251223
GNE:GOAO033:33:033MF250720:I:32,1,1,1,1,1,0,0,20250720,20251223
GNE:GOAO033:33:033MF250720:I:33,1,1,1,1,1,0,0,20250720,20251223
GNE:GOAO033:33:033MF250720:I:34,1,1,1,1,1,0,0,20250720,20251223
GNE:GOAO033:33:033MF250720:I:35,1,1,1,1,1,0,0,20250720,20251223
GNE:GOAO033:33:033MF250720:I:36,1,1,1,1,1,0,0,20250720,20251223
GNE:GOAO033:33:033MF250720:I:37,1,1,1,1,1,0,0,20250720,20251223
GNE:GOAO033:33:033MF250720:I:38,1,1,1,1,1,0,0,20250720,20251223
GNE:GOAO033:33:033MF250720:I:39,1,1,1,1,1,0,0,20250720,20251223
GNE:GOAO033:33:033MF250720:I:40,1,1,1,1,1,0,0,20250720,20251223
GNE:GOAO033:33:033MF250720:I:41,1,1,1,1,1,0,0,20250720,20251223
GNE:GOAO033:33:033MF250720:I:42,1,1,1,1,1,0,0,20250720,20251223
GNE:GOAO033:33:033MF250720:I:43,1,1,1,1,1,0,0,20250720,20251223
GNE:GOAO033:33:033MF250720:I:44,1,1,1,1,1,0,0,20250720,20251223
GNE:GOAO033:33:033MF250720:I:45,1,1,1,1,1,0,0,20250720,20251223
GNE:GOAO033:33:033MF250720:I:46,1,1,1,1,1,0,0,20250720,20251223
GNE:GOAO033:33:033MF250720:I:47,1,1,1,1,1,0,0,20250720,20251223
GNE:GOAO033:33:033MF250720:I:48,1,1,1,1,1,0,0,20250720,20251223
GNE:GOAO033:33:033MF250720:I:49,1,1,1,1,1,0,0,20250720,20251223
GNE:GOAO033:33:033MF250720:I:50,1,1,1,1,1,0,0,20250720,20251223
GNE:GOAO033:33:033MF250720:I:51,1,1,1,1,1,0,0,20250720,20251223
GNE:GOAO033:33:033MF250720:I:52,1,1,1,1,1,0,0,20250720,20251223
GNE:GOAO033:33:033MF250720:I:53,1,1,1,1,1,0,0,20250720,20251223
GNE:GOAO033:33:033SA250720:O:1,0,0,0,0,0,1,0,20250720,20251223
GNE:GOAO033:33:033SA250720:O:2,0,0,0,0,0,1,0,20250720,20251223
GNE:GOAO033:33:033SA250720:O:3,0,0,0,0,0,1,0,20250720,20251223
GNE:GOAO033:33:033SA250720:O:4,0,0,0,0,0,1,0,20250720,20251223
GNE:GOAO033:33:033SA250720:O:5,0,0,0,0,0,1,0,20250720,20251223
GNE:GOAO033:33:033SA250720:O:6,0,0,0,0,0,1,0,20250720,20251223
GNE:GOAO033:33:033SA250720:O:7,0,0,0,0,0,1,0,20250720,20251223
GNE:GOAO033:33:033SA250720:O:8,0,0,0,0,0,1,0,20250720,20251223
GNE:GOAO033:33:033SA250720:O:9,0,0,0,0,0,1,0,20250720,20251223
GNE:GOAO033:33:033SA250720:O:10,0,0,0,0,0,1,0,20250720,20251223
GNE:GOAO033:33:033SA250720:O:11,0,0,0,0,0,1,0,20250720,20251223
GNE:GOAO033:33:033SA250720:O:12,0,0,0,0,0,1,0,20250720,20251223
GNE:GOAO033:33:033SA250720:O:13,0,0,0,0,0,1,0,20250720,20251223
GNE:GOAO033:33:033SA250720:O:14,0,0,0,0,0,1,0,20250720,20251223
GNE:GOAO033:33:033SA250720:O:15,0,0,0,0,0,1,0,20250720,20251223
GNE:GOAO033:33:033SA250720:O:16,0,0,0,0,0,1,0,20250720,20251223
GNE:GOAO033:33:033SA250720:O:17,0,0,0,0,0,1,0,20250720,20251223
GNE:GOAO033:33:033SA250720:O:18,0,0,0,0,0,1,0,20250720,20251223
GNE:GOAO033:33:033SA250720:O:19,0,0,0,0,0,1,0,20250720,20251223
GNE:GOAO033:33:033SA250720:O:20,0,0,0,0,0,1,0,20250720,20251223
GNE:GOAO033:33:033SA250720:O:21,0,0,0,0,0,1,0,20250720,20251223
GNE:GOAO033:33:033SA250720:O:22,0,0,0,0,0,1,0,20250720,20251223
GNE:GOAO033:33:033SA250720:O:23,0,0,0,0,0,1,0,20250720,20251223
GNE:GOAO033:33:033SA250720:O:24,0,0,0,0,0,1,0,20250720,20251223
GNE:GOAO033:33:033SA250720:O:25,0,0,0,0,0,1,0,20250720,20251223
GNE:GOAO033:33:033SA250720:O:26,0,0,0,0,0,1,0,20250720,20251223
GNE:GOAO033:33:033SA250720:O:27,0,0,0,0,0,1,0,20250720,20251223
GNE:GOAO033:33:033SA250720:O:28,0,0,0,0,0,1,0,20250720,20251223
GNE:GOAO033:33:033SA250720:O:29,0,0,0,0,0,1,0,20250720,20251223
GNE:GOAO033:33:033SA250720:O:30,0,0,0,0,0,1,0,20250720,20251223
GNE:GOAO033:33:033SA250720:O:31,0,0,0,0,0,1,0,20250720,20251223
GNE:GOAO033:33:033SA250720:O:32,0,0,0,0,0,1,0,20250720,20251223
GNE:GOAO033:33:033SA250720:O:33,0,0,0,0,0,1,0,20250720,20251223
GNE:GOAO033:33:033SA250720:O:34,0,0,0,0,0,1,0,20250720,20251223
GNE:GOAO033:33:033SA250720:O:35,0,0,0,0,0,1,0,20250720,20251223
GNE:GOAO033:33:033SA250720:O:36,0,0,0,0,0,1,0,20250720,20251223
GNE:GOAO033:33:033SA250720:O:37,0,0,0,0,0,1,0,20250720,20251223
GNE:GOAO033:33:033SA250720:O:38,0,0,0,0,0,1,0,20250720,20251223
GNE:GOAO033:33:033SA250720:O:39,0,0,0,0,0,1,0,20250720,20251223
GNE:GOAO033:33:033SA250720:O:40,0,0,0,0,0,1,0,20250720,20251223
GNE:GOAO033:33:033SA250720:O:41,0,0,0,0,0,1,0,20250720,20251223
GNE:GOAO033:33:033SA250720:O:42,0,0,0,0,0,1,0,20250720,20251223
GNE:GOAO033:33:033SA250720:O:43,0,0,0,0,0,1,0,20250720,20251223
GNE:GOAO033:33:033SA250720:O:44,0,0,0,0,0,1,0,20250720,20251223
GNE:GOAO033:33:033SA250720:O:45,0,0,0,0,0,1,0,20250720,20251223
GNE:GOAO033:33:033SA250720:O:46,0,0,0,0,0,1,0,20250720,20251223
GNE:GOAO033:33:033SA250720:O:47,0,0,0,0,0,1,0,20250720,20251223
GNE:GOAO033:33:033SA250720:O:48,0,0,0,0,0,1,0,20250720,20251223
GNE:GOAO033:33:033SA250720:O:49,0,0,0,0,0,1,0,20250720,20251223
GNE:GOAO033:33:033SA250720:O:50,0,0,0,0,0,1,0,20250720,20251223
GNE:GOAO033:33:033SA250720:O:51,0,0,0,0,0,1,0,20250720,20251223
GNE:GOAO033:33:033SA250720:I:1,0,0,0,0,0,1,0,20250720,20251223
GNE:GOAO033:33:033SA250720:I:2,0,0,0,0,0,1,0,20250720,20251223
GNE:GOAO033:33:033SA250720:I:3,0,0,0,0,0,1,0,20250720,20251223
GNE:GOAO033:33:033SA250720:I:4,0,0,0,0,0,1,0,20250720,20251223
GNE:GOAO033:33:033SA250720:I:5,0,0,0,0,0,1,0,20250720,20251223
GNE:GOAO033:33:033SA250720:I:6,0,0,0,0,0,1,0,20250720,20251223
GNE:GOAO033:33:033SA250720:I:7,0,0,0,0,0,1,0,20250720,20251223
GNE:GOAO033:33:033SA250720:I:8,0,0,0,0,0,1,0,20250720,20251223
GNE:GOAO033:33:033SA250720:I:9,0,0,0,0,0,1,0,20250720,20251223
GNE:GOAO033:33:033SA250720:I:10,0,0,0,0,0,1,0,20250720,20251223
GNE:GOAO033:33:033SA250720:I:11,0,0,0,0,0,1,0,20250720,20251223
GNE:GOAO033:33:033SA250720:I:12,0,0,0,0,0,1,0,20250720,20251223
GNE:GOAO033:33:033SA250720:I:13,0,0,0,0,0,1,0,20250720,20251223
GNE:GOAO033:33:033SA250720:I:14,0,0,0,0,0,1,0,20250720,20251223
GNE:GOAO033:33:033SA250720:I:15,0,0,0,0,0,1,0,20250720,20251223
GNE:GOAO033:33:033SA250720:I:16,0,0,0,0,0,1,0,20250720,20251223
GNE:GOAO033:33:033SA250720:I:17,0,0,0,0,0,1,0,20250720,20251223
GNE:GOAO033:33:033SA250720:I:18,0,0,0,0,0,1,0,20250720,20251223
GNE:GOAO033:33:033SA250720:I:19,0,0,0,0,0,1,0,20250720,20251223
GNE:GOAO033:33:033SA250720:I:20,0,0,0,0,0,1,0,20250720,20251223
GNE:GOAO033:33:033SA250720:I:21,0,0,0,0,0,1,0,20250720,20251223
GNE:GOAO033:33:033SA250720:I:22,0,0,0,0,0,1,0,20250720,20251223
GNE:GOAO033:33:033SA250720:I:23,0,0,0,0,0,1,0,20250720,20251223
GNE:GOAO033:33:033SA250720:I:24,0,0,0,0,0,1,0,20250720,20251223
GNE:GOAO033:33:033SA250720:I:25,0,0,0,0,0,1,0,20250720,20251223
GNE:GOAO033:33:033SA250720:I:26,0,0,0,0,0,1,0,20250720,20251223
GNE:GOAO033:33:033SA250720:I:27,0,0,0,0,0,1,0,20250720,20251223
GNE:GOAO033:33:033SA250720:I:28,0,0,0,0,0,1,0,20250720,20251223
GNE:GOAO033:33:033SA250720:I:29,0,0,0,0,0,1,0,20250720,20251223
GNE:GOAO033:33:033SA250720:I:30,0,0,0,0,0,1,0,20250720,20251223
GNE:GOAO033:33:033SA250720:I:31,0,0,0,0,0,1,0,20250720,20251223
GNE:GOAO033:33:033SA250720:I:32,0,0,0,0,0,1,0,20250720,20251223
GNE:GOAO033:33:033SA250720:I:33,0,0,0,0,0,1,0,20250720,20251223
GNE:GOAO033:33:033SA250720:I:34,0,0,0,0,0,1,0,20250720,20251223
GNE:GOAO033:33:033SA250720:I:35,0,0,0,0,0,1,0,20250720,20251223
GNE:GOAO033:33:033SA250720:I:36,0,0,0,0,0,1,0,20250720,20251223
GNE:GOAO033:33:033SA250720:I:37,0,0,0,0,0,1,0,20250720,20251223
GNE:GOAO033:33:033SA250720:I:38,0,0,0,0,0,1,0,20250720,20251223
GNE:GOAO033:33:033SA250720:I:39,0,0,0,0,0,1,0,20250720,20251223
GNE:GOAO033:33:033SA250720:I:40,0,0,0,0,0,1,0,20250720,20251223
GNE:GOAO033:33:033SA250720:I:41,0,0,0,0,0,1,0,20250720,20251223
GNE:GOAO033:33:033SA250720:I:42,0,0,0,0,0,1,0,20250720,20251223
GNE:GOAO033:33:033SA250720:I:43,0,0,0,0,0,1,0,20250720,20251223
GNE:GOAO033:33:033SA250720:I:44,0,0,0,0,0,1,0,20250720,20251223
GNE:GOAO033:33:033SA250720:I:45,0,0,0,0,0,1,0,20250720,20251223
GNE:GOAO033:33:033SA250720:I:46,0,0,0,0,0,1,0,20250720,20251223
GNE:GOAO033:33:033SA250720:I:47,0,0,0,0,0,1,0,20250720,20251223
GNE:GOAO033:33:033SA250720:I:48,0,0,0,0,0,1,0,20250720,20251223
GNE:GOAO033:33:033SA250720:I:49,0,0,0,0,0,1,0,20250720,20251223
GNE:GOAO033:33:033SU250720:O:1,0,0,0,0,0,0,1,20250720,20251223
GNE:GOAO033:33:033SU250720:O:2,0,0,0,0,0,0,1,20250720,20251223
GNE:GOAO033:33:033SU250720:O:3,0,0,0,0,0,0,1,20250720,20251223
GNE:GOAO033:33:033SU250720:O:4,0,0,0,0,0,0,1,20250720,20251223
GNE:GOAO033:33:033SU250720:O:5,0,0,0,0,0,0,1,20250720,20251223
GNE:GOAO033:33:033SU250720:O:6,0,0,0,0,0,0,1,20250720,20251223
GNE:GOAO033:33:033SU250720:O:7,0,0,0,0,0,0,1,20250720,20251223
GNE:GOAO033:33:033SU250720:O:8,0,0,0,0,0,0,1,20250720,20251223
GNE:GOAO033:33:033SU250720:O:9,0,0,0,0,0,0,1,20250720,20251223
GNE:GOAO033:33:033SU250720:O:10,0,0,0,0,0,0,1,20250720,20251223
GNE:GOAO033:33:033SU250720:O:11,0,0,0,0,0,0,1,20250720,20251223
GNE:GOAO033:33:033SU250720:O:12,0,0,0,0,0,0,1,20250720,20251223
GNE:GOAO033:33:033SU250720:O:13,0,0,0,0,0,0,1,20250720,20251223
GNE:GOAO033:33:033SU250720:O:14,0,0,0,0,0,0,1,20250720,20251223
GNE:GOAO033:33:033SU250720:O:15,0,0,0,0,0,0,1,20250720,20251223
GNE:GOAO033:33:033SU250720:O:16,0,0,0,0,0,0,1,20250720,20251223
GNE:GOAO033:33:033SU250720:O:17,0,0,0,0,0,0,1,20250720,20251223
GNE:GOAO033:33:033SU250720:O:18,0,0,0,0,0,0,1,20250720,20251223
GNE:GOAO033:33:033SU250720:O:19,0,0,0,0,0,0,1,20250720,20251223
GNE:GOAO033:33:033SU250720:I:1,0,0,0,0,0,0,1,20250720,20251223
GNE:GOAO033:33:033SU250720:I:2,0,0,0,0,0,0,1,20250720,20251223
GNE:GOAO033:33:033SU250720:I:3,0,0,0,0,0,0,1,20250720,20251223
GNE:GOAO033:33:033SU250720:I:4,0,0,0,0,0,0,1,20250720,20251223
GNE:GOAO033:33:033SU250720:I:5,0,0,0,0,0,0,1,20250720,20251223
GNE:GOAO033:33:033SU250720:I:6,0,0,0,0,0,0,1,20250720,20251223
GNE:GOAO033:33:033SU250720:I:7,0,0,0,0,0,0,1,20250720,20251223
GNE:GOAO033:33:033SU250720:I:8,0,0,0,0,0,0,1,20250720,20251223
GNE:GOAO033:33:033SU250720:I:9,0,0,0,0,0,0,1,20250720,20251223
GNE:GOAO033:33:033SU250720:I:10,0,0,0,0,0,0,1,20250720,20251223
GNE:GOAO033:33:033SU250720:I:11,0,0,0,0,0,0,1,20250720,20251223
GNE:GOAO033:33:033SU250720:I:12,0,0,0,0,0,0,1,20250720,20251223
GNE:GOAO033:33:033SU250720:I:13,0,0,0,0,0,0,1,20250720,20251223
GNE:GOAO033:33:033SU250720:I:14,0,0,0,0,0,0,1,20250720,20251223
GNE:GOAO033:33:033SU250720:I:15,0,0,0,0,0,0,1,20250720,20251223
GNE:GOAO033:33:033SU250720:I:16,0,0,0,0,0,0,1,20250720,20251223
GNE:GOAO033:33:033SU250720:I:17,0,0,0,0,0,0,1,20250720,20251223
GNE:GOAO033:33:033SU250720:I:18,0,0,0,0,0,0,1,20250720,20251223
GNE:GOAO034:34:034MF250720:O:1,1,1,1,1,1,0,0,20250720,20251223
GNE:GOAO034:34:034MF250720:O:2,1,1,1,1,1,0,0,20250720,20251223
GNE:GOAO034:34:034MF250720:O:3,1,1,1,1,1,0,0,20250720,20251223
GNE:GOAO034:34:034MF250720:O:4,1,1,1,1,1,0,0,20250720,20251223
GNE:GOAO034:34:034MF250720:O:5,1,1,1,1,1,0,0,20250720,20251223
GNE:GOAO034:34:034MF250720:O:6,1,1,1,1,1,0,0,20250720,20251223
GNE:GOAO034:34:034MF250720:O:7,1,1,1,1,1,0,0,20250720,20251223
GNE:GOAO034:34:034MF250720:O:8,1,1,1,1,1,0,0,20250720,20251223
GNE:GOAO034:34:034MF250720:O:9,1,1,1,1,1,0,0,20250720,20251223
GNE:GOAO034:34:034MF250720:O:10,1,1,1,1,1,0,0,20250720,20251223
GNE:GOAO034:34:034MF250720:O:11,1,1,1,1,1,0,0,20250720,20251223
GNE:GOAO034:34:034MF250720:O:12,1,1,1,1,1,0,0,20250720,20251223
GNE:GOAO034:34:034MF250720:O:13,1,1,1,1,1,0,0,20250720,20251223
GNE:GOAO034:34:034MF250720:O:14,1,1,1,1,1,0,0,20250720,20251223
GNE:GOAO034:34:034MF250720:O:15,1,1,1,1,1,0,0,20250720,20251223
GNE:GOAO034:34:034MF250720:O:16,1,1,1,1,1,0,0,20250720,20251223
GNE:GOAO034:34:034MF250720:O:17,1,1,1,1,1,0,0,20250720,20251223
GNE:GOAO034:34:034MF250720:O:18,1,1,1,1,1,0,0,20250720,20251223
GNE:GOAO034:34:034MF250720:O:19,1,1,1,1,1,0,0,20250720,20251223
GNE:GOAO034:34:034MF250720:O:20,1,1,1,1,1,0,0,20250720,20251223
GNE:GOAO034:34:034MF250720:O:21,1,1,1,1,1,0,0,20250720,20251223
GNE:GOAO034:34:034MF250720:O:22,1,1,1,1,1,0,0,20250720,20251223
GNE:GOAO034:34:034MF250720:O:23,1,1,1,1,1,0,0,20250720,20251223
GNE:GOAO034:34:034MF250720:O:24,1,1,1,1,1,0,0,20250720,20251223
GNE:GOAO034:34:034MF250720:O:25,1,1,1,1,1,0,0,20250720,20251223
GNE:GOAO034:34:034MF250720:O:26,1,1,1,1,1,0,0,20250720,20251223
GNE:GOAO034:34:034MF250720:O:27,1,1,1,1,1,0,0,20250720,20251223
GNE:GOAO034:34:034MF250720:O:28,1,1,1,1,1,0,0,20250720,20251223
GNE:GOAO034:34:034MF250720:O:29,1,1,1,1,1,0,0,20250720,20251223
GNE:GOAO034:34:034MF250720:O:30,1,1,1,1,1,0,0,20250720,20251223
GNE:GOAO034:34:034MF250720:O:31,1,1,1,1,1,0,0,20250720,20251223
GNE:GOAO034:34:034MF250720:O:32,1,1,1,1,1,0,0,20250720,20251223
GNE:GOAO034:34:034MF250720:O:33,1,1,1,1,1,0,0,20250720,20251223
GNE:GOAO034:34:034MF250720:O:34,1,1,1,1,1,0,0,20250720,20251223
GNE:GOAO034:34:034MF250720:O:35,1,1,1,1,1,0,0,20250720,20251223
GNE:GOAO034:34:034MF250720:O:36,1,1,1,1,1,0,0,20250720,20251223
GNE:GOAO034:34:034MF250720:O:37,1,1,1,1,1,0,0,20250720,20251223
GNE:GOAO034:34:034MF250720:O:38,1,1,1,1,1,0,0,20250720,20251223
GNE:GOAO034:34:034MF250720:O:39,1,1,1,1,1,0,0,20250720,20251223
GNE:GOAO034:34:034MF250720:O:40,1,1,1,1,1,0,0,20250720,20251223
GNE:GOAO034:34:034MF250720:I:1,1,1,1,1,1,0,0,20250720,20251223
GNE:GOAO034:34:034MF250720:I:2,1,1,1,1,1,0,0,20250720,20251223
GNE:GOAO034:34:034MF250720:I:3,1,1,1,1,1,0,0,20250720,20251223
GNE:GOAO034:34:034MF250720:I:4,1,1,1,1,1,0,0,20250720,20251223
GNE:GOAO034:34:034MF250720:I:5,1,1,1,1,1,0,0,20250720,20251223
GNE:GOAO034:34:034MF250720:I:6,1,1,1,1,1,0,0,20250720,20251223
GNE:GOAO034:34:034MF250720:I:7,1,1,1,1,1,0,0,20250720,20251223
GNE:GOAO034:34:034MF250720:I:8,1,1,1,1,1,0,0,20250720,20251223
GNE:GOAO034:34:034MF250720:I:9,1,1,1,1,1,0,0,20250720,20251223
GNE:GOAO034:34:034MF250720:I:10,1,1,1,1,1,0,0,20250720,20251223
GNE:GOAO034:34:034MF250720:I:11,1,1,1,1,1,0,0,20250720,20251223
GNE:GOAO034:34:034MF250720:I:12,1,1,1,1,1,0,0,20250720,20251223
GNE:GOAO034:34:034MF250720:I:13,1,1,1,1,1,0,0,20250720,20251223
GNE:GOAO034:34:034MF250720:I:14,1,1,1,1,1,0,0,20250720,20251223
GNE:GOAO034:34:034MF250720:I:15,1,1,1,1,1,0,0,20250720,20251223
GNE:GOAO034:34:034MF250720:I:16,1,1,1,1,1,0,0,20250720,20251223
GNE:GOAO034:34:034MF250720:I:17,1,1,1,1,1,0,0,20250720,20251223
GNE:GOAO034:34:034MF250720:I:18,1,1,1,1,1,0,0,20250720,20251223
GNE:GOAO034:34:034MF250720:I:19,1,1,1,1,1,0,0,20250720,20251223
GNE:GOAO034:34:034MF250720:I:20,1,1,1,1,1,0,0,20250720,20251223
GNE:GOAO034:34:034MF250720:I:21,1,1,1,1,1,0,0,20250720,20251223
GNE:GOAO034:34:034MF250720:I:22,1,1,1,1,1,0,0,20250720,20251223
GNE:GOAO034:34:034MF250720:I:23,1,1,1,1,1,0,0,20250720,20251223
GNE:GOAO034:34:034MF250720:I:24,1,1,1,1,1,0,0,20250720,20251223
GNE:GOAO034:34:034MF250720:I:25,1,1,1,1,1,0,0,20250720,20251223
GNE:GOAO034:34:034MF250720:I:26,1,1,1,1,1,0,0,20250720,20251223
GNE:GOAO034:34:034MF250720:I:27,1,1,1,1,1,0,0,20250720,20251223
GNE:GOAO034:34:034MF250720:I:28,1,1,1,1,1,0,0,20250720,20251223
GNE:GOAO034:34:034MF250720:I:29,1,1,1,1,1,0,0,20250720,20251223
GNE:GOAO034:34:034MF250720:I:30,1,1,1,1,1,0,0,20250720,20251223
GNE:GOAO034:34:034MF250720:I:31,1,1,1,1,1,0,0,20250720,20251223
GNE:GOAO034:34:034MF250720:I:32,1,1,1,1,1,0,0,20250720,20251223
GNE:GOAO034:34:034MF250720:I:33,1,1,1,1,1,0,0,20250720,20251223
GNE:GOAO034:34:034MF250720:I:34,1,1,1,1,1,0,0,20250720,20251223
GNE:GOAO034:34:034MF250720:I:35,1,1,1,1,1,0,0,20250720,20251223
GNE:GOAO034:34:034MF250720:I:36,1,1,1,1,1,0,0,20250720,20251223
GNE:GOAO034:34:034MF250720:I:37,1,1,1,1,1,0,0,20250720,20251223
GNE:GOAO034:34:034MF250720:I:38,1,1,1,1,1,0,0,20250720,20251223
GNE:GOAO034:34:034MF250720:I:39,1,1,1,1,1,0,0,20250720,20251223
GNE:GOAO034:34:034MF250720:I:40,1,1,1,1,1,0,0,20250720,20251223
GNE:GOAO034:34:034SA250720:O:1,0,0,0,0,0,1,0,20250720,20251223
GNE:GOAO034:34:034SA250720:O:2,0,0,0,0,0,1,0,20250720,20251223
GNE:GOAO034:34:034SA250720:O:3,0,0,0,0,0,1,0,20250720,20251223
GNE:GOAO034:34:034SA250720:O:4,0,0,0,0,0,1,0,20250720,20251223
GNE:GOAO034:34:034SA250720:O:5,0,0,0,0,0,1,0,20250720,20251223
GNE:GOAO034:34:034SA250720:O:6,0,0,0,0,0,1,0,20250720,20251223
GNE:GOAO034:34:034SA250720:O:7,0,0,0,0,0,1,0,20250720,20251223
GNE:GOAO034:34:034SA250720:O:8,0,0,0,0,0,1,0,20250720,20251223
GNE:GOAO034:34:034SA250720:O:9,0,0,0,0,0,1,0,20250720,20251223
GNE:GOAO034:34:034SA250720:O:10,0,0,0,0,0,1,0,20250720,20251223
GNE:GOAO034:34:034SA250720:O:11,0,0,0,0,0,1,0,20250720,20251223
GNE:GOAO034:34:034SA250720:O:12,0,0,0,0,0,1,0,20250720,20251223
GNE:GOAO034:34:034SA250720:O:13,0,0,0,0,0,1,0,20250720,20251223
GNE:GOAO034:34:034SA250720:O:14,0,0,0,0,0,1,0,20250720,20251223
GNE:GOAO034:34:034SA250720:O:15,0,0,0,0,0,1,0,20250720,20251223
GNE:GOAO034:34:034SA250720:O:16,0,0,0,0,0,1,0,20250720,20251223
GNE:GOAO034:34:034SA250720:O:17,0,0,0,0,0,1,0,20250720,20251223
GNE:GOAO034:34:034SA250720:O:18,0,0,0,0,0,1,0,20250720,20251223
GNE:GOAO034:34:034SA250720:O:19,0,0,0,0,0,1,0,20250720,20251223
GNE:GOAO034:34:034SA250720:O:20,0,0,0,0,0,1,0,20250720,20251223
GNE:GOAO034:34:034SA250720:O:21,0,0,0,0,0,1,0,20250720,20251223
GNE:GOAO034:34:034SA250720:O:22,0,0,0,0,0,1,0,20250720,20251223
GNE:GOAO034:34:034SA250720:O:23,0,0,0,0,0,1,0,20250720,20251223
GNE:GOAO034:34:034SA250720:O:24,0,0,0,0,0,1,0,20250720,20251223
GNE:GOAO034:34:034SA250720:O:25,0,0,0,0,0,1,0,20250720,20251223
GNE:GOAO034:34:034SA250720:O:26,0,0,0,0,0,1,0,20250720,20251223
GNE:GOAO034:34:034SA250720:O:27,0,0,0,0,0,1,0,20250720,20251223
GNE:GOAO034:34:034SA250720:O:28,0,0,0,0,0,1,0,20250720,20251223
GNE:GOAO034:34:034SA250720:O:29,0,0,0,0,0,1,0,20250720,20251223
GNE:GOAO034:34:034SA250720:O:30,0,0,0,0,0,1,0,20250720,20251223
GNE:GOAO034:34:034SA250720:O:31,0,0,0,0,0,1,0,20250720,20251223
GNE:GOAO034:34:034SA250720:O:32,0,0,0,0,0,1,0,20250720,20251223
GNE:GOAO034:34:034SA250720:O:33,0,0,0,0,0,1,0,20250720,20251223
GNE:GOAO034:34:034SA250720:O:34,0,0,0,0,0,1,0,20250720,20251223
GNE:GOAO034:34:034SA250720:O:35,0,0,0,0,0,1,0,20250720,20251223
GNE:GOAO034:34:034SA250720:O:36,0,0,0,0,0,1,0,20250720,20251223
GNE:GOAO034:34:034SA250720:O:37,0,0,0,0,0,1,0,20250720,20251223
GNE:GOAO034:34:034SA250720:I:1,0,0,0,0,0,1,0,20250720,20251223
GNE:GOAO034:34:034SA250720:I:2,0,0,0,0,0,1,0,20250720,20251223
GNE:GOAO034:34:034SA250720:I:3,0,0,0,0,0,1,0,20250720,20251223
GNE:GOAO034:34:034SA250720:I:4,0,0,0,0,0,1,0,20250720,20251223
GNE:GOAO034:34:034SA250720:I:5,0,0,0,0,0,1,0,20250720,20251223
GNE:GOAO034:34:034SA250720:I:6,0,0,0,0,0,1,0,20250720,20251223
GNE:GOAO034:34:034SA250720:I:7,0,0,0,0,0,1,0,20250720,20251223
GNE:GOAO034:34:034SA250720:I:8,0,0,0,0,0,1,0,20250720,20251223
GNE:GOAO034:34:034SA250720:I:9,0,0,0,0,0,1,0,20250720,20251223
GNE:GOAO034:34:034SA250720:I:10,0,0,0,0,0,1,0,20250720,20251223
GNE:GOAO034:34:034SA250720:I:11,0,0,0,0,0,1,0,20250720,20251223
GNE:GOAO034:34:034SA250720:I:12,0,0,0,0,0,1,0,20250720,20251223
GNE:GOAO034:34:034SA250720:I:13,0,0,0,0,0,1,0,20250720,20251223
GNE:GOAO034:34:034SA250720:I:14,0,0,0,0,0,1,0,20250720,20251223
GNE:GOAO034:34:034SA250720:I:15,0,0,0,0,0,1,0,20250720,20251223
GNE:GOAO034:34:034SA250720:I:16,0,0,0,0,0,1,0,20250720,20251223
GNE:GOAO034:34:034SA250720:I:17,0,0,0,0,0,1,0,20250720,20251223
GNE:GOAO034:34:034SA250720:I:18,0,0,0,0,0,1,0,20250720,20251223
GNE:GOAO034:34:034SA250720:I:19,0,0,0,0,0,1,0,20250720,20251223
GNE:GOAO034:34:034SA250720:I:20,0,0,0,0,0,1,0,20250720,20251223
GNE:GOAO034:34:034SA250720:I:21,0,0,0,0,0,1,0,20250720,20251223
GNE:GOAO034:34:034SA250720:I:22,0,0,0,0,0,1,0,20250720,20251223
GNE:GOAO034:34:034SA250720:I:23,0,0,0,0,0,1,0,20250720,20251223
GNE:GOAO034:34:034SA250720:I:24,0,0,0,0,0,1,0,20250720,20251223
GNE:GOAO034:34:034SA250720:I:25,0,0,0,0,0,1,0,20250720,20251223
GNE:GOAO034:34:034SA250720:I:26,0,0,0,0,0,1,0,20250720,20251223
GNE:GOAO034:34:034SA250720:I:27,0,0,0,0,0,1,0,20250720,20251223
GNE:GOAO034:34:034SA250720:I:28,0,0,0,0,0,1,0,20250720,20251223
GNE:GOAO034:34:034SA250720:I:29,0,0,0,0,0,1,0,20250720,20251223
GNE:GOAO034:34:034SA250720:I:30,0,0,0,0,0,1,0,20250720,20251223
GNE:GOAO034:34:034SA250720:I:31,0,0,0,0,0,1,0,20250720,20251223
GNE:GOAO034:34:034SA250720:I:32,0,0,0,0,0,1,0,20250720,20251223
GNE:GOAO034:34:034SA250720:I:33,0,0,0,0,0,1,0,20250720,20251223
GNE:GOAO034:34:034SA250720:I:34,0,0,0,0,0,1,0,20250720,20251223
GNE:GOAO034:34:034SA250720:I:35,0,0,0,0,0,1,0,20250720,20251223
GNE:GOAO034:34:034SA250720:I:36,0,0,0,0,0,1,0,20250720,20251223
GNE:GOAO034:34:034SA250720:I:37,0,0,0,0,0,1,0,20250720,20251223
GNE:GOAO034:34:034SU250720:O:1,0,0,0,0,0,0,1,20250720,20251223
GNE:GOAO034:34:034SU250720:O:2,0,0,0,0,0,0,1,20250720,20251223
GNE:GOAO034:34:034SU250720:O:3,0,0,0,0,0,0,1,20250720,20251223
GNE:GOAO034:34:034SU250720:O:4,0,0,0,0,0,0,1,20250720,20251223
GNE:GOAO034:34:034SU250720:O:5,0,0,0,0,0,0,1,20250720,20251223
GNE:GOAO034:34:034SU250720:O:6,0,0,0,0,0,0,1,20250720,20251223
GNE:GOAO034:34:034SU250720:O:7,0,0,0,0,0,0,1,20250720,20251223
GNE:GOAO034:34:034SU250720:O:8,0,0,0,0,0,0,1,20250720,20251223
GNE:GOAO034:34:034SU250720:O:9,0,0,0,0,0,0,1,20250720,20251223
GNE:GOAO034:34:034SU250720:O:10,0,0,0,0,0,0,1,20250720,20251223
GNE:GOAO034:34:034SU250720:O:11,0,0,0,0,0,0,1,20250720,20251223
GNE:GOAO034:34:034SU250720:I:1,0,0,0,0,0,0,1,20250720,20251223
GNE:GOAO034:34:034SU250720:I:2,0,0,0,0,0,0,1,20250720,20251223
GNE:GOAO034:34:034SU250720:I:3,0,0,0,0,0,0,1,20250720,20251223
GNE:GOAO034:34:034SU250720:I:4,0,0,0,0,0,0,1,20250720,20251223
GNE:GOAO034:34:034SU250720:I:5,0,0,0,0,0,0,1,20250720,20251223
GNE:GOAO034:34:034SU250720:I:6,0,0,0,0,0,0,1,20250720,20251223
GNE:GOAO034:34:034SU250720:I:7,0,0,0,0,0,0,1,20250720,20251223
GNE:GOAO034:34:034SU250720:I:8,0,0,0,0,0,0,1,20250720,20251223
GNE:GOAO034:34:034SU250720:I:9,0,0,0,0,0,0,1,20250720,20251223
GNE:GOAO034:34:034SU250720:I:10,0,0,0,0,0,0,1,20250720,20251223
GNE:GOAO034:34:034SU250720:I:11,0,0,0,0,0,0,1,20250720,20251223
GNE:GOAO034:34:034SU250720:I:12,0,0,0,0,0,0,1,20250720,20251223
GNE:GOAO035:35:035MF250720:O:2,1,1,1,1,1,0,0,20250720,20251223
GNE:GOAO035:35:035MF250720:O:4,1,1,1,1,1,0,0,20250720,20251223
GNE:GOAO035:35:035MF250720:O:6,1,1,1,1,1,0,0,20250720,20251223
GNE:GOAO035:35:035MF250720:O:8,1,1,1,1,1,0,0,20250720,20251223
GNE:GOAO035:35:035MF250720:O:10,1,1,1,1,1,0,0,20250720,20251223
GNE:GOAO035:35:035MF250720:O:12,1,1,1,1,1,0,0,20250720,20251223
GNE:GOAO035:35:035MF250720:O:14,1,1,1,1,1,0,0,20250720,20251223
GNE:GOAO035:35:035MF250720:O:16,1,1,1,1,1,0,0,20250720,20251223
GNE:GOAO035:35:035MF250720:O:18,1,1,1,1,1,0,0,20250720,20251223
GNE:GOAO035:35:035MF250720:O:20,1,1,1,1,1,0,0,20250720,20251223
GNE:GOAO035:35:035MF250720:O:22,1,1,1,1,1,0,0,20250720,20251223
GNE:GOAO035:35:035MF250720:O:24,1,1,1,1,1,0,0,20250720,20251223
GNE:GOAO035:35:035MF250720:O:26,1,1,1,1,1,0,0,20250720,20251223
GNE:GOAO035:35:035MF250720:O:27,1,1,1,1,1,0,0,20250720,20251223
GNE:GOAO035:35:035MF250720:O:28,1,1,1,1,1,0,0,20250720,20251223
GNE:GOAO035:35:035MF250720:O:29,1,1,1,1,1,0,0,20250720,20251223
GNE:GOAO035:35:035MF250720:O:30,1,1,1,1,1,0,0,20250720,20251223
GNE:GOAO035:35:035MF250720:I:1,1,1,1,1,1,0,0,20250720,20251223
GNE:GOAO035:35:035MF250720:I:2,1,1,1,1,1,0,0,20250720,20251223
GNE:GOAO035:35:035MF250720:I:4,1,1,1,1,1,0,0,20250720,20251223
GNE:GOAO035:35:035MF250720:I:6,1,1,1,1,1,0,0,20250720,20251223
GNE:GOAO035:35:035MF250720:I:8,1,1,1,1,1,0,0,20250720,20251223
GNE:GOAO035:35:035MF250720:I:10,1,1,1,1,1,0,0,20250720,20251223
GNE:GOAO035:35:035MF250720:I:12,1,1,1,1,1,0,0,20250720,20251223
GNE:GOAO035:35:035MF250720:I:14,1,1,1,1,1,0,0,20250720,20251223
GNE:GOAO035:35:035MF250720:I:16,1,1,1,1,1,0,0,20250720,20251223
GNE:GOAO035:35:035MF250720:I:18,1,1,1,1,1,0,0,20250720,20251223
GNE:GOAO035:35:035MF250720:I:20,1,1,1,1,1,0,0,20250720,20251223
GNE:GOAO035:35:035MF250720:I:22,1,1,1,1,1,0,0,20250720,20251223
GNE:GOAO035:35:035MF250720:I:24,1,1,1,1,1,0,0,20250720,20251223
GNE:GOAO035:35:035MF250720:I:26,1,1,1,1,1,0,0,20250720,20251223
GNE:GOAO035:35:035MF250720:I:27,1,1,1,1,1,0,0,20250720,20251223
GNE:GOAO035:35:035MF250720:I:28,1,1,1,1,1,0,0,20250720,20251223
GNE:GOAO035:35:035MF250720:I:29,1,1,1,1,1,0,0,20250720,20251223
GNE:GOAO035:35:035MF250720:I:30,1,1,1,1,1,0,0,20250720,20251223
GNE:GOAO035:35:035SA250720:O:1,0,0,0,0,0,1,0,20250720,20251223
GNE:GOAO035:35:035SA250720:O:2,0,0,0,0,0,1,0,20250720,20251223
GNE:GOAO035:35:035SA250720:O:3,0,0,0,0,0,1,0,20250720,20251223
GNE:GOAO035:35:035SA250720:O:4,0,0,0,0,0,1,0,20250720,20251223
GNE:GOAO035:35:035SA250720:O:6,0,0,0,0,0,1,0,20250720,20251223
GNE:GOAO035:35:035SA250720:O:8,0,0,0,0,0,1,0,20250720,20251223
GNE:GOAO035:35:035SA250720:O:10,0,0,0,0,0,1,0,20250720,20251223
GNE:GOAO035:35:035SA250720:O:12,0,0,0,0,0,1,0,20250720,20251223
GNE:GOAO035:35:035SA250720:O:14,0,0,0,0,0,1,0,20250720,20251223
GNE:GOAO035:35:035SA250720:O:16,0,0,0,0,0,1,0,20250720,20251223
GNE:GOAO035:35:035SA250720:O:18,0,0,0,0,0,1,0,20250720,20251223
GNE:GOAO035:35:035SA250720:O:20,0,0,0,0,0,1,0,20250720,20251223
GNE:GOAO035:35:035SA250720:O:22,0,0,0,0,0,1,0,20250720,20251223
GNE:GOAO035:35:035SA250720:O:23,0,0,0,0,0,1,0,20250720,20251223
GNE:GOAO035:35:035SA250720:O:24,0,0,0,0,0,1,0,20250720,20251223
GNE:GOAO035:35:035SA250720:O:25,0,0,0,0,0,1,0,20250720,20251223
GNE:GOAO035:35:035SA250720:O:26,0,0,0,0,0,1,0,20250720,20251223
GNE:GOAO035:35:035SA250720:O:27,0,0,0,0,0,1,0,20250720,20251223
GNE:GOAO035:35:035SA250720:I:1,0,0,0,0,0,1,0,20250720,20251223
GNE:GOAO035:35:035SA250720:I:2,0,0,0,0,0,1,0,20250720,20251223
GNE:GOAO035:35:035SA250720:I:3,0,0,0,0,0,1,0,20250720,20251223
GNE:GOAO035:35:035SA250720:I:4,0,0,0,0,0,1,0,20250720,20251223
GNE:GOAO035:35:035SA250720:I:5,0,0,0,0,0,1,0,20250720,20251223
GNE:GOAO035:35:035SA250720:I:6,0,0,0,0,0,1,0,20250720,20251223
GNE:GOAO035:35:035SA250720:I:8,0,0,0,0,0,1,0,20250720,20251223
GNE:GOAO035:35:035SA250720:I:10,0,0,0,0,0,1,0,20250720,20251223
GNE:GOAO035:35:035SA250720:I:12,0,0,0,0,0,1,0,20250720,20251223
GNE:GOAO035:35:035SA250720:I:14,0,0,0,0,0,1,0,20250720,20251223
GNE:GOAO035:35:035SA250720:I:16,0,0,0,0,0,1,0,20250720,20251223
GNE:GOAO035:35:035SA250720:I:18,0,0,0,0,0,1,0,20250720,20251223
GNE:GOAO035:35:035SA250720:I:20,0,0,0,0,0,1,0,20250720,20251223
GNE:GOAO035:35:035SA250720:I:21,0,0,0,0,0,1,0,20250720,20251223
GNE:GOAO035:35:035SA250720:I:22,0,0,0,0,0,1,0,20250720,20251223
GNE:GOAO035:35:035SA250720:I:23,0,0,0,0,0,1,0,20250720,20251223
GNE:GOAO035:35:035SA250720:I:24,0,0,0,0,0,1,0,20250720,20251223
GNE:GOAO035:35:035SA250720:I:25,0,0,0,0,0,1,0,20250720,20251223
GNE:GOAO035:35:035SA250720:I:26,0,0,0,0,0,1,0,20250720,20251223
GNE:GOAO035:35:035SA250720:I:27,0,0,0,0,0,1,0,20250720,20251223
GNE:GOAO035:35:035SU250720:O:1,0,0,0,0,0,0,1,20250720,20251223
GNE:GOAO035:35:035SU250720:O:2,0,0,0,0,0,0,1,20250720,20251223
GNE:GOAO035:35:035SU250720:O:3,0,0,0,0,0,0,1,20250720,20251223
GNE:GOAO035:35:035SU250720:O:4,0,0,0,0,0,0,1,20250720,20251223
GNE:GOAO035:35:035SU250720:O:5,0,0,0,0,0,0,1,20250720,20251223
GNE:GOAO035:35:035SU250720:O:6,0,0,0,0,0,0,1,20250720,20251223
GNE:GOAO035:35:035SU250720:O:7,0,0,0,0,0,0,1,20250720,20251223
GNE:GOAO035:35:035SU250720:O:8,0,0,0,0,0,0,1,20250720,20251223
GNE:GOAO035:35:035SU250720:O:9,0,0,0,0,0,0,1,20250720,20251223
GNE:GOAO035:35:035SU250720:O:10,0,0,0,0,0,0,1,20250720,20251223
GNE:GOAO035:35:035SU250720:O:11,0,0,0,0,0,0,1,20250720,20251223
GNE:GOAO035:35:035SU250720:O:12,0,0,0,0,0,0,1,20250720,20251223
GNE:GOAO035:35:035SU250720:O:13,0,0,0,0,0,0,1,20250720,20251223
GNE:GOAO035:35:035SU250720:O:14,0,0,0,0,0,0,1,20250720,20251223
GNE:GOAO035:35:035SU250720:O:15,0,0,0,0,0,0,1,20250720,20251223
GNE:GOAO035:35:035SU250720:O:16,0,0,0,0,0,0,1,20250720,20251223
GNE:GOAO035:35:035SU250720:I:1,0,0,0,0,0,0,1,20250720,20251223
GNE:GOAO035:35:035SU250720:I:2,0,0,0,0,0,0,1,20250720,20251223
GNE:GOAO035:35:035SU250720:I:3,0,0,0,0,0,0,1,20250720,20251223
GNE:GOAO035:35:035SU250720:I:4,0,0,0,0,0,0,1,20250720,20251223
GNE:GOAO035:35:035SU250720:I:5,0,0,0,0,0,0,1,20250720,20251223
GNE:GOAO035:35:035SU250720:I:6,0,0,0,0,0,0,1,20250720,20251223
GNE:GOAO035:35:035SU250720:I:7,0,0,0,0,0,0,1,20250720,20251223
GNE:GOAO035:35:035SU250720:I:8,0,0,0,0,0,0,1,20250720,20251223
GNE:GOAO035:35:035SU250720:I:9,0,0,0,0,0,0,1,20250720,20251223
GNE:GOAO035:35:035SU250720:I:10,0,0,0,0,0,0,1,20250720,20251223
GNE:GOAO035:35:035SU250720:I:11,0,0,0,0,0,0,1,20250720,20251223
GNE:GOAO035:35:035SU250720:I:12,0,0,0,0,0,0,1,20250720,20251223
GNE:GOAO035:35:035SU250720:I:13,0,0,0,0,0,0,1,20250720,20251223
GNE:GOAO035:35:035SU250720:I:14,0,0,0,0,0,0,1,20250720,20251223
GNE:GOAO035:35:035SU250720:I:15,0,0,0,0,0,0,1,20250720,20251223
GNE:GOAO035:35:035SU250720:I:16,0,0,0,0,0,0,1,20250720,20251223
GNE:GOAO036:36:035MF250720:O:1,1,1,1,1,1,0,0,20250720,20251223
GNE:GOAO036:36:035MF250720:O:3,1,1,1,1,1,0,0,20250720,20251223
GNE:GOAO036:36:035MF250720:O:5,1,1,1,1,1,0,0,20250720,20251223
GNE:GOAO036:36:035MF250720:O:7,1,1,1,1,1,0,0,20250720,20251223
GNE:GOAO036:36:035MF250720:O:9,1,1,1,1,1,0,0,20250720,20251223
GNE:GOAO036:36:035MF250720:O:11,1,1,1,1,1,0,0,20250720,20251223
GNE:GOAO036:36:035MF250720:O:13,1,1,1,1,1,0,0,20250720,20251223
GNE:GOAO036:36:035MF250720:O:15,1,1,1,1,1,0,0,20250720,20251223
GNE:GOAO036:36:035MF250720:O:17,1,1,1,1,1,0,0,20250720,20251223
GNE:GOAO036:36:035MF250720:O:19,1,1,1,1,1,0,0,20250720,20251223
GNE:GOAO036:36:035MF250720:O:21,1,1,1,1,1,0,0,20250720,20251223
GNE:GOAO036:36:035MF250720:O:23,1,1,1,1,1,0,0,20250720,20251223
GNE:GOAO036:36:035MF250720:O:25,1,1,1,1,1,0,0,20250720,20251223
GNE:GOAO036:36:035MF250720:I:3,1,1,1,1,1,0,0,20250720,20251223
GNE:GOAO036:36:035MF250720:I:5,1,1,1,1,1,0,0,20250720,20251223
GNE:GOAO036:36:035MF250720:I:7,1,1,1,1,1,0,0,20250720,20251223
GNE:GOAO036:36:035MF250720:I:9,1,1,1,1,1,0,0,20250720,20251223
GNE:GOAO036:36:035MF250720:I:11,1,1,1,1,1,0,0,20250720,20251223
GNE:GOAO036:36:035MF250720:I:13,1,1,1,1,1,0,0,20250720,20251223
GNE:GOAO036:36:035MF250720:I:15,1,1,1,1,1,0,0,20250720,20251223
GNE:GOAO036:36:035MF250720:I:17,1,1,1,1,1,0,0,20250720,20251223
GNE:GOAO036:36:035MF250720:I:19,1,1,1,1,1,0,0,20250720,20251223
GNE:GOAO036:36:035MF250720:I:21,1,1,1,1,1,0,0,20250720,20251223
GNE:GOAO036:36:035MF250720:I:23,1,1,1,1,1,0,0,20250720,20251223
GNE:GOAO036:36:035MF250720:I:25,1,1,1,1,1,0,0,20250720,20251223
GNE:GOAO036:36:035SA250720:O:5,0,0,0,0,0,1,0,20250720,20251223
GNE:GOAO036:36:035SA250720:O:7,0,0,0,0,0,1,0,20250720,20251223
GNE:GOAO036:36:035SA250720:O:9,0,0,0,0,0,1,0,20250720,20251223
GNE:GOAO036:36:035SA250720:O:11,0,0,0,0,0,1,0,20250720,20251223
GNE:GOAO036:36:035SA250720:O:13,0,0,0,0,0,1,0,20250720,20251223
GNE:GOAO036:36:035SA250720:O:15,0,0,0,0,0,1,0,20250720,20251223
GNE:GOAO036:36:035SA250720:O:17,0,0,0,0,0,1,0,20250720,20251223
GNE:GOAO036:36:035SA250720:O:19,0,0,0,0,0,1,0,20250720,20251223
GNE:GOAO036:36:035SA250720:O:21,0,0,0,0,0,1,0,20250720,20251223
GNE:GOAO036:36:035SA250720:I:7,0,0,0,0,0,1,0,20250720,20251223
GNE:GOAO036:36:035SA250720:I:9,0,0,0,0,0,1,0,20250720,20251223
GNE:GOAO036:36:035SA250720:I:11,0,0,0,0,0,1,0,20250720,20251223
GNE:GOAO036:36:035SA250720:I:13,0,0,0,0,0,1,0,20250720,20251223
GNE:GOAO036:36:035SA250720:I:15,0,0,0,0,0,1,0,20250720,20251223
GNE:GOAO036:36:035SA250720:I:17,0,0,0,0,0,1,0,20250720,20251223
GNE:GOAO036:36:035SA250720:I:19,0,0,0,0,0,1,0,20250720,20251223
GNE:GOAO047:47:047MF250720:O:1,1,1,1,1,1,0,0,20250720,20251223
GNE:GOAO047:47:047MF250720:O:2,1,1,1,1,1,0,0,20250720,20251223
GNE:GOAO047:47:047MF250720:O:3,1,1,1,1,1,0,0,20250720,20251223
GNE:GOAO047:47:047MF250720:O:4,1,1,1,1,1,0,0,20250720,20251223
GNE:GOAO047:47:047MF250720:O:5,1,1,1,1,1,0,0,20250720,20251223
GNE:GOAO047:47:047MF250720:O:6,1,1,1,1,1,0,0,20250720,20251223
GNE:GOAO047:47:047MF250720:O:7,1,1,1,1,1,0,0,20250720,20251223
GNE:GOAO047:47:047MF250720:O:8,1,1,1,1,1,0,0,20250720,20251223
GNE:GOAO047:47:047MF250720:O:9,1,1,1,1,1,0,0,20250720,20251223
GNE:GOAO047:47:047MF250720:O:10,1,1,1,1,1,0,0,20250720,20251223
GNE:GOAO047:47:047MF250720:O:11,1,1,1,1,1,0,0,20250720,20251223
GNE:GOAO047:47:047MF250720:O:12,1,1,1,1,1,0,0,20250720,20251223
GNE:GOAO047:47:047MF250720:O:13,1,1,1,1,1,0,0,20250720,20251223
GNE:GOAO047:47:047MF250720:O:14,1,1,1,1,1,0,0,20250720,20251223
GNE:GOAO047:47:047MF250720:O:15,1,1,1,1,1,0,0,20250720,20251223
GNE:GOAO047:47:047MF250720:O:16,1,1,1,1,1,0,0,20250720,20251223
GNE:GOAO047:47:047MF250720:O:17,1,1,1,1,1,0,0,20250720,20251223
GNE:GOAO047:47:047MF250720:O:18,1,1,1,1,1,0,0,20250720,20251223
GNE:GOAO047:47:047MF250720:O:19,1,1,1,1,1,0,0,20250720,20251223
GNE:GOAO047:47:047MF250720:O:20,1,1,1,1,1,0,0,20250720,20251223
GNE:GOAO047:47:047MF250720:O:21,1,1,1,1,1,0,0,20250720,20251223
GNE:GOAO047:47:047MF250720:O:22,1,1,1,1,1,0,0,20250720,20251223
GNE:GOAO047:47:047MF250720:O:23,1,1,1,1,1,0,0,20250720,20251223
GNE:GOAO047:47:047MF250720:O:24,1,1,1,1,1,0,0,20250720,20251223
GNE:GOAO047:47:047MF250720:O:25,1,1,1,1,1,0,0,20250720,20251223
GNE:GOAO047:47:047MF250720:O:26,1,1,1,1,1,0,0,20250720,20251223
GNE:GOAO047:47:047MF250720:O:27,1,1,1,1,1,0,0,20250720,20251223
GNE:GOAO047:47:047MF250720:O:28,1,1,1,1,1,0,0,20250720,20251223
GNE:GOAO047:47:047MF250720:O:29,1,1,1,1,1,0,0,20250720,20251223
GNE:GOAO047:47:047MF250720:O:30,1,1,1,1,1,0,0,20250720,20251223
GNE:GOAO047:47:047MF250720:O:31,1,1,1,1,1,0,0,20250720,20251223
GNE:GOAO047:47:047MF250720:I:1,1,1,1,1,1,0,0,20250720,20251223
GNE:GOAO047:47:047MF250720:I:2,1,1,1,1,1,0,0,20250720,20251223
GNE:GOAO047:47:047MF250720:I:3,1,1,1,1,1,0,0,20250720,20251223
GNE:GOAO047:47:047MF250720:I:4,1,1,1,1,1,0,0,20250720,20251223
GNE:GOAO047:47:047MF250720:I:5,1,1,1,1,1,0,0,20250720,20251223
GNE:GOAO047:47:047MF250720:I:6,1,1,1,1,1,0,0,20250720,20251223
GNE:GOAO047:47:047MF250720:I:7,1,1,1,1,1,0,0,20250720,20251223
GNE:GOAO047:47:047MF250720:I:8,1,1,1,1,1,0,0,20250720,20251223
GNE:GOAO047:47:047MF250720:I:9,1,1,1,1,1,0,0,20250720,20251223
GNE:GOAO047:47:047MF250720:I:10,1,1,1,1,1,0,0,20250720,20251223
GNE:GOAO047:47:047MF250720:I:11,1,1,1,1,1,0,0,20250720,20251223
GNE:GOAO047:47:047MF250720:I:12,1,1,1,1,1,0,0,20250720,20251223
GNE:GOAO047:47:047MF250720:I:13,1,1,1,1,1,0,0,20250720,20251223
GNE:GOAO047:47:047MF250720:I:14,1,1,1,1,1,0,0,20250720,20251223
GNE:GOAO047:47:047MF250720:I:15,1,1,1,1,1,0,0,20250720,20251223
GNE:GOAO047:47:047MF250720:I:16,1,1,1,1,1,0,0,20250720,20251223
GNE:GOAO047:47:047MF250720:I:17,1,1,1,1,1,0,0,20250720,20251223
GNE:GOAO047:47:047MF250720:I:18,1,1,1,1,1,0,0,20250720,20251223
GNE:GOAO047:47:047MF250720:I:19,1,1,1,1,1,0,0,20250720,20251223
GNE:GOAO047:47:047MF250720:I:20,1,1,1,1,1,0,0,20250720,20251223
GNE:GOAO047:47:047MF250720:I:21,1,1,1,1,1,0,0,20250720,20251223
GNE:GOAO047:47:047MF250720:I:22,1,1,1,1,1,0,0,20250720,20251223
GNE:GOAO047:47:047MF250720:I:23,1,1,1,1,1,0,0,20250720,20251223
GNE:GOAO047:47:047MF250720:I:24,1,1,1,1,1,0,0,20250720,20251223
GNE:GOAO047:47:047MF250720:I:25,1,1,1,1,1,0,0,20250720,20251223
GNE:GOAO047:47:047MF250720:I:26,1,1,1,1,1,0,0,20250720,20251223
GNE:GOAO047:47:047MF250720:I:27,1,1,1,1,1,0,0,20250720,20251223
GNE:GOAO047:47:047MF250720:I:28,1,1,1,1,1,0,0,20250720,20251223
GNE:GOAO047:47:047MF250720:I:29,1,1,1,1,1,0,0,20250720,20251223
GNE:GOAO047:47:047SA250720:O:1,0,0,0,0,0,1,0,20250720,20251223
GNE:GOAO047:47:047SA250720:O:2,0,0,0,0,0,1,0,20250720,20251223
GNE:GOAO047:47:047SA250720:O:3,0,0,0,0,0,1,0,20250720,20251223
GNE:GOAO047:47:047SA250720:O:4,0,0,0,0,0,1,0,20250720,20251223
GNE:GOAO047:47:047SA250720:O:5,0,0,0,0,0,1,0,20250720,20251223
GNE:GOAO047:47:047SA250720:O:6,0,0,0,0,0,1,0,20250720,20251223
GNE:GOAO047:47:047SA250720:O:7,0,0,0,0,0,1,0,20250720,20251223
GNE:GOAO047:47:047SA250720:O:8,0,0,0,0,0,1,0,20250720,20251223
GNE:GOAO047:47:047SA250720:O:9,0,0,0,0,0,1,0,20250720,20251223
GNE:GOAO047:47:047SA250720:O:10,0,0,0,0,0,1,0,20250720,20251223
GNE:GOAO047:47:047SA250720:O:11,0,0,0,0,0,1,0,20250720,20251223
GNE:GOAO047:47:047SA250720:O:12,0,0,0,0,0,1,0,20250720,20251223
GNE:GOAO047:47:047SA250720:O:13,0,0,0,0,0,1,0,20250720,20251223
GNE:GOAO047:47:047SA250720:O:14,0,0,0,0,0,1,0,20250720,20251223
GNE:GOAO047:47:047SA250720:O:15,0,0,0,0,0,1,0,20250720,20251223
GNE:GOAO047:47:047SA250720:O:16,0,0,0,0,0,1,0,20250720,20251223
GNE:GOAO047:47:047SA250720:O:17,0,0,0,0,0,1,0,20250720,20251223
GNE:GOAO047:47:047SA250720:O:18,0,0,0,0,0,1,0,20250720,20251223
GNE:GOAO047:47:047SA250720:O:19,0,0,0,0,0,1,0,20250720,20251223
GNE:GOAO047:47:047SA250720:O:20,0,0,0,0,0,1,0,20250720,20251223
GNE:GOAO047:47:047SA250720:O:21,0,0,0,0,0,1,0,20250720,20251223
GNE:GOAO047:47:047SA250720:O:22,0,0,0,0,0,1,0,20250720,20251223
GNE:GOAO047:47:047SA250720:O:23,0,0,0,0,0,1,0,20250720,20251223
GNE:GOAO047:47:047SA250720:O:24,0,0,0,0,0,1,0,20250720,20251223
GNE:GOAO047:47:047SA250720:O:25,0,0,0,0,0,1,0,20250720,20251223
GNE:GOAO047:47:047SA250720:O:26,0,0,0,0,0,1,0,20250720,20251223
GNE:GOAO047:47:047SA250720:O:27,0,0,0,0,0,1,0,20250720,20251223
GNE:GOAO047:47:047SA250720:O:28,0,0,0,0,0,1,0,20250720,20251223
GNE:GOAO047:47:047SA250720:O:29,0,0,0,0,0,1,0,20250720,20251223
GNE:GOAO047:47:047SA250720:I:1,0,0,0,0,0,1,0,20250720,20251223
GNE:GOAO047:47:047SA250720:I:2,0,0,0,0,0,1,0,20250720,20251223
GNE:GOAO047:47:047SA250720:I:3,0,0,0,0,0,1,0,20250720,20251223
GNE:GOAO047:47:047SA250720:I:4,0,0,0,0,0,1,0,20250720,20251223
GNE:GOAO047:47:047SA250720:I:5,0,0,0,0,0,1,0,20250720,20251223
GNE:GOAO047:47:047SA250720:I:6,0,0,0,0,0,1,0,20250720,20251223
GNE:GOAO047:47:047SA250720:I:7,0,0,0,0,0,1,0,20250720,20251223
GNE:GOAO047:47:047SA250720:I:8,0,0,0,0,0,1,0,20250720,20251223
GNE:GOAO047:47:047SA250720:I:9,0,0,0,0,0,1,0,20250720,20251223
GNE:GOAO047:47:047SA250720:I:10,0,0,0,0,0,1,0,20250720,20251223
GNE:GOAO047:47:047SA250720:I:11,0,0,0,0,0,1,0,20250720,20251223
GNE:GOAO047:47:047SA250720:I:12,0,0,0,0,0,1,0,20250720,20251223
GNE:GOAO047:47:047SA250720:I:13,0,0,0,0,0,1,0,20250720,20251223
GNE:GOAO047:47:047SA250720:I:14,0,0,0,0,0,1,0,20250720,20251223
GNE:GOAO047:47:047SA250720:I:15,0,0,0,0,0,1,0,20250720,20251223
GNE:GOAO047:47:047SA250720:I:16,0,0,0,0,0,1,0,20250720,20251223
GNE:GOAO047:47:047SA250720:I:17,0,0,0,0,0,1,0,20250720,20251223
GNE:GOAO047:47:047SA250720:I:18,0,0,0,0,0,1,0,20250720,20251223
GNE:GOAO047:47:047SA250720:I:19,0,0,0,0,0,1,0,20250720,20251223
GNE:GOAO047:47:047SA250720:I:20,0,0,0,0,0,1,0,20250720,20251223
GNE:GOAO047:47:047SA250720:I:21,0,0,0,0,0,1,0,20250720,20251223
GNE:GOAO047:47:047SA250720:I:22,0,0,0,0,0,1,0,20250720,20251223
GNE:GOAO047:47:047SA250720:I:23,0,0,0,0,0,1,0,20250720,20251223
GNE:GOAO047:47:047SA250720:I:24,0,0,0,0,0,1,0,20250720,20251223
GNE:GOAO047:47:047SA250720:I:25,0,0,0,0,0,1,0,20250720,20251223
GNE:GOAO047:47:047SA250720:I:26,0,0,0,0,0,1,0,20250720,20251223
GNE:GOAO047:47:047SA250720:I:27,0,0,0,0,0,1,0,20250720,20251223
GNE:GOAO047:47:047SA250720:I:28,0,0,0,0,0,1,0,20250720,20251223
GNE:GOAO047:47:047SU250720:O:1,0,0,0,0,0,0,1,20250720,20251223
GNE:GOAO047:47:047SU250720:O:2,0,0,0,0,0,0,1,20250720,20251223
GNE:GOAO047:47:047SU250720:O:3,0,0,0,0,0,0,1,20250720,20251223
GNE:GOAO047:47:047SU250720:O:4,0,0,0,0,0,0,1,20250720,20251223
GNE:GOAO047:47:047SU250720:O:5,0,0,0,0,0,0,1,20250720,20251223
GNE:GOAO047:47:047SU250720:O:6,0,0,0,0,0,0,1,20250720,20251223
GNE:GOAO047:47:047SU250720:O:7,0,0,0,0,0,0,1,20250720,20251223
GNE:GOAO047:47:047SU250720:O:8,0,0,0,0,0,0,1,20250720,20251223
GNE:GOAO047:47:047SU250720:O:9,0,0,0,0,0,0,1,20250720,20251223
GNE:GOAO047:47:047SU250720:O:10,0,0,0,0,0,0,1,20250720,20251223
GNE:GOAO047:47:047SU250720:O:11,0,0,0,0,0,0,1,20250720,20251223
GNE:GOAO047:47:047SU250720:O:12,0,0,0,0,0,0,1,20250720,20251223
GNE:GOAO047:47:047SU250720:O:13,0,0,0,0,0,0,1,20250720,20251223
GNE:GOAO047:47:047SU250720:O:14,0,0,0,0,0,0,1,20250720,20251223
GNE:GOAO047:47:047SU250720:O:15,0,0,0,0,0,0,1,20250720,20251223
GNE:GOAO047:47:047SU250720:O:16,0,0,0,0,0,0,1,20250720,20251223
GNE:GOAO047:47:047SU250720:O:17,0,0,0,0,0,0,1,20250720,20251223
GNE:GOAO047:47:047SU250720:O:18,0,0,0,0,0,0,1,20250720,20251223
GNE:GOAO047:47:047SU250720:I:1,0,0,0,0,0,0,1,20250720,20251223
GNE:GOAO047:47:047SU250720:I:2,0,0,0,0,0,0,1,20250720,20251223
GNE:GOAO047:47:047SU250720:I:3,0,0,0,0,0,0,1,20250720,20251223
GNE:GOAO047:47:047SU250720:I:4,0,0,0,0,0,0,1,20250720,20251223
GNE:GOAO047:47:047SU250720:I:5,0,0,0,0,0,0,1,20250720,20251223
GNE:GOAO047:47:047SU250720:I:6,0,0,0,0,0,0,1,20250720,20251223
GNE:GOAO047:47:047SU250720:I:7,0,0,0,0,0,0,1,20250720,20251223
GNE:GOAO047:47:047SU250720:I:8,0,0,0,0,0,0,1,20250720,20251223
GNE:GOAO047:47:047SU250720:I:9,0,0,0,0,0,0,1,20250720,20251223
GNE:GOAO047:47:047SU250720:I:10,0,0,0,0,0,0,1,20250720,20251223
GNE:GOAO047:47:047SU250720:I:11,0,0,0,0,0,0,1,20250720,20251223
GNE:GOAO047:47:047SU250720:I:12,0,0,0,0,0,0,1,20250720,20251223
GNE:GOAO047:47:047SU250720:I:13,0,0,0,0,0,0,1,20250720,20251223
GNE:GOAO047:47:047SU250720:I:14,0,0,0,0,0,0,1,20250720,20251223
GNE:GOAO047:47:047SU250720:I:15,0,0,0,0,0,0,1,20250720,20251223
GNE:GOAO049:49:049MF250720:O:1,1,1,1,1,1,0,0,20250720,20251223
GNE:GOAO049:49:049MF250720:O:3,1,1,1,1,1,0,0,20250720,20251223
GNE:GOAO049:49:049MF250720:O:5,1,1,1,1,1,0,0,20250720,20251223
GNE:GOAO049:49:049MF250720:O:8,1,1,1,1,1,0,0,20250720,20251223
GNE:GOAO049:49:049MF250720:O:10,1,1,1,1,1,0,0,20250720,20251223
GNE:GOAO049:49:049MF250720:O:12,1,1,1,1,1,0,0,20250720,20251223
GNE:GOAO049:49:049MF250720:O:14,1,1,1,1,1,0,0,20250720,20251223
GNE:GOAO049:49:049MF250720:O:16,1,1,1,1,1,0,0,20250720,20251223
GNE:GOAO049:49:049MF250720:O:18,1,1,1,1,1,0,0,20250720,20251223
GNE:GOAO049:49:049MF250720:O:20,1,1,1,1,1,0,0,20250720,20251223
GNE:GOAO049:49:049MF250720:O:22,1,1,1,1,1,0,0,20250720,20251223
GNE:GOAO049:49:049MF250720:O:24,1,1,1,1,1,0,0,20250720,20251223
GNE:GOAO049:49:049MF250720:O:26,1,1,1,1,1,0,0,20250720,20251223
GNE:GOAO049:49:049MF250720:O:28,1,1,1,1,1,0,0,20250720,20251223
GNE:GOAO049:49:049MF250720:O:30,1,1,1,1,1,0,0,20250720,20251223
GNE:GOAO049:49:049MF250720:O:32,1,1,1,1,1,0,0,20250720,20251223
GNE:GOAO049:49:049MF250720:O:34,1,1,1,1,1,0,0,20250720,20251223
GNE:GOAO049:49:049MF250720:O:36,1,1,1,1,1,0,0,20250720,20251223
GNE:GOAO049:49:049MF250720:O:38,1,1,1,1,1,0,0,20250720,20251223
GNE:GOAO049:49:049MF250720:O:40,1,1,1,1,1,0,0,20250720,20251223
GNE:GOAO049:49:049MF250720:O:42,1,1,1,1,1,0,0,20250720,20251223
GNE:GOAO049:49:049MF250720:O:44,1,1,1,1,1,0,0,20250720,20251223
GNE:GOAO049:49:049MF250720:O:46,1,1,1,1,1,0,0,20250720,20251223
GNE:GOAO049:49:049MF250720:O:48,1,1,1,1,1,0,0,20250720,20251223
GNE:GOAO049:49:049MF250720:O:50,1,1,1,1,1,0,0,20250720,20251223
GNE:GOAO049:49:049MF250720:O:52,1,1,1,1,1,0,0,20250720,20251223
GNE:GOAO049:49:049MF250720:O:54,1,1,1,1,1,0,0,20250720,20251223
GNE:GOAO049:49:049MF250720:O:56,1,1,1,1,1,0,0,20250720,20251223
GNE:GOAO049:49:049MF250720:O:58,1,1,1,1,1,0,0,20250720,20251223
GNE:GOAO049:49:049MF250720:O:60,1,1,1,1,1,0,0,20250720,20251223
GNE:GOAO049:49:049MF250720:O:62,1,1,1,1,1,0,0,20250720,20251223
GNE:GOAO049:49:049MF250720:I:1,1,1,1,1,1,0,0,20250720,20251223
GNE:GOAO049:49:049MF250720:I:2,1,1,1,1,1,0,0,20250720,20251223
GNE:GOAO049:49:049MF250720:I:3,1,1,1,1,1,0,0,20250720,20251223
GNE:GOAO049:49:049MF250720:I:5,1,1,1,1,1,0,0,20250720,20251223
GNE:GOAO049:49:049MF250720:I:6,1,1,1,1,1,0,0,20250720,20251223
GNE:GOAO049:49:049MF250720:I:8,1,1,1,1,1,0,0,20250720,20251223
GNE:GOAO049:49:049MF250720:I:10,1,1,1,1,1,0,0,20250720,20251223
GNE:GOAO049:49:049MF250720:I:12,1,1,1,1,1,0,0,20250720,20251223
GNE:GOAO049:49:049MF250720:I:14,1,1,1,1,1,0,0,20250720,20251223
GNE:GOAO049:49:049MF250720:I:16,1,1,1,1,1,0,0,20250720,20251223
GNE:GOAO049:49:049MF250720:I:18,1,1,1,1,1,0,0,20250720,20251223
GNE:GOAO049:49:049MF250720:I:20,1,1,1,1,1,0,0,20250720,20251223
GNE:GOAO049:49:049MF250720:I:22,1,1,1,1,1,0,0,20250720,20251223
GNE:GOAO049:49:049MF250720:I:24,1,1,1,1,1,0,0,20250720,20251223
GNE:GOAO049:49:049MF250720:I:26,1,1,1,1,1,0,0,20250720,20251223
GNE:GOAO049:49:049MF250720:I:28,1,1,1,1,1,0,0,20250720,20251223
GNE:GOAO049:49:049MF250720:I:30,1,1,1,1,1,0,0,20250720,20251223
GNE:GOAO049:49:049MF250720:I:32,1,1,1,1,1,0,0,20250720,20251223
GNE:GOAO049:49:049MF250720:I:34,1,1,1,1,1,0,0,20250720,20251223
GNE:GOAO049:49:049MF250720:I:36,1,1,1,1,1,0,0,20250720,20251223
GNE:GOAO049:49:049MF250720:I:38,1,1,1,1,1,0,0,20250720,20251223
GNE:GOAO049:49:049MF250720:I:40,1,1,1,1,1,0,0,20250720,20251223
GNE:GOAO049:49:049MF250720:I:42,1,1,1,1,1,0,0,20250720,20251223
GNE:GOAO049:49:049MF250720:I:44,1,1,1,1,1,0,0,20250720,20251223
GNE:GOAO049:49:049MF250720:I:46,1,1,1,1,1,0,0,20250720,20251223
GNE:GOAO049:49:049MF250720:I:48,1,1,1,1,1,0,0,20250720,20251223
GNE:GOAO049:49:049MF250720:I:50,1,1,1,1,1,0,0,20250720,20251223
GNE:GOAO049:49:049MF250720:I:52,1,1,1,1,1,0,0,20250720,20251223
GNE:GOAO049:49:049MF250720:I:54,1,1,1,1,1,0,0,20250720,20251223
GNE:GOAO049:49:049MF250720:I:56,1,1,1,1,1,0,0,20250720,20251223
GNE:GOAO049:49:049MF250720:I:58,1,1,1,1,1,0,0,20250720,20251223
GNE:GOAO049:49:049MF250720:I:60,1,1,1,1,1,0,0,20250720,20251223
GNE:GOAO049:49:049MF250720:I:62,1,1,1,1,1,0,0,20250720,20251223
GNE:GOAO049:49:049MF250720:I:64,1,1,1,1,1,0,0,20250720,20251223
GNE:GOAO049:49:049SA250720:O:1,0,0,0,0,0,1,0,20250720,20251223
GNE:GOAO049:49:049SA250720:O:2,0,0,0,0,0,1,0,20250720,20251223
GNE:GOAO049:49:049SA250720:O:4,0,0,0,0,0,1,0,20250720,20251223
GNE:GOAO049:49:049SA250720:O:6,0,0,0,0,0,1,0,20250720,20251223
GNE:GOAO049:49:049SA250720:O:8,0,0,0,0,0,1,0,20250720,20251223
GNE:GOAO049:49:049SA250720:O:10,0,0,0,0,0,1,0,20250720,20251223
GNE:GOAO049:49:049SA250720:O:12,0,0,0,0,0,1,0,20250720,20251223
GNE:GOAO049:49:049SA250720:O:14,0,0,0,0,0,1,0,20250720,20251223
GNE:GOAO049:49:049SA250720:O:16,0,0,0,0,0,1,0,20250720,20251223
GNE:GOAO049:49:049SA250720:O:18,0,0,0,0,0,1,0,20250720,20251223
GNE:GOAO049:49:049SA250720:O:20,0,0,0,0,0,1,0,20250720,20251223
GNE:GOAO049:49:049SA250720:O:22,0,0,0,0,0,1,0,20250720,20251223
GNE:GOAO049:49:049SA250720:O:24,0,0,0,0,0,1,0,20250720,20251223
GNE:GOAO049:49:049SA250720:O:26,0,0,0,0,0,1,0,20250720,20251223
GNE:GOAO049:49:049SA250720:O:28,0,0,0,0,0,1,0,20250720,20251223
GNE:GOAO049:49:049SA250720:O:30,0,0,0,0,0,1,0,20250720,20251223
GNE:GOAO049:49:049SA250720:O:32,0,0,0,0,0,1,0,20250720,20251223
GNE:GOAO049:49:049SA250720:O:34,0,0,0,0,0,1,0,20250720,20251223
GNE:GOAO049:49:049SA250720:O:36,0,0,0,0,0,1,0,20250720,20251223
GNE:GOAO049:49:049SA250720:O:38,0,0,0,0,0,1,0,20250720,20251223
GNE:GOAO049:49:049SA250720:O:40,0,0,0,0,0,1,0,20250720,20251223
GNE:GOAO049:49:049SA250720:O:42,0,0,0,0,0,1,0,20250720,20251223
GNE:GOAO049:49:049SA250720:O:45,0,0,0,0,0,1,0,20250720,20251223
GNE:GOAO049:49:049SA250720:O:47,0,0,0,0,0,1,0,20250720,20251223
GNE:GOAO049:49:049SA250720:O:49,0,0,0,0,0,1,0,20250720,20251223
GNE:GOAO049:49:049SA250720:O:51,0,0,0,0,0,1,0,20250720,20251223
GNE:GOAO049:49:049SA250720:O:53,0,0,0,0,0,1,0,20250720,20251223
GNE:GOAO049:49:049SA250720:O:55,0,0,0,0,0,1,0,20250720,20251223
GNE:GOAO049:49:049SA250720:O:57,0,0,0,0,0,1,0,20250720,20251223
GNE:GOAO049:49:049SA250720:I:1,0,0,0,0,0,1,0,20250720,20251223
GNE:GOAO049:49:049SA250720:I:2,0,0,0,0,0,1,0,20250720,20251223
GNE:GOAO049:49:049SA250720:I:3,0,0,0,0,0,1,0,20250720,20251223
GNE:GOAO049:49:049SA250720:I:4,0,0,0,0,0,1,0,20250720,20251223
GNE:GOAO049:49:049SA250720:I:5,0,0,0,0,0,1,0,20250720,20251223
GNE:GOAO049:49:049SA250720:I:7,0,0,0,0,0,1,0,20250720,20251223
GNE:GOAO049:49:049SA250720:I:9,0,0,0,0,0,1,0,20250720,20251223
GNE:GOAO049:49:049SA250720:I:11,0,0,0,0,0,1,0,20250720,20251223
GNE:GOAO049:49:049SA250720:I:13,0,0,0,0,0,1,0,20250720,20251223
GNE:GOAO049:49:049SA250720:I:15,0,0,0,0,0,1,0,20250720,20251223
GNE:GOAO049:49:049SA250720:I:17,0,0,0,0,0,1,0,20250720,20251223
GNE:GOAO049:49:049SA250720:I:19,0,0,0,0,0,1,0,20250720,20251223
GNE:GOAO049:49:049SA250720:I:21,0,0,0,0,0,1,0,20250720,20251223
GNE:GOAO049:49:049SA250720:I:23,0,0,0,0,0,1,0,20250720,20251223
GNE:GOAO049:49:049SA250720:I:25,0,0,0,0,0,1,0,20250720,20251223
GNE:GOAO049:49:049SA250720:I:27,0,0,0,0,0,1,0,20250720,20251223
GNE:GOAO049:49:049SA250720:I:29,0,0,0,0,0,1,0,20250720,20251223
GNE:GOAO049:49:049SA250720:I:31,0,0,0,0,0,1,0,20250720,20251223
GNE:GOAO049:49:049SA250720:I:33,0,0,0,0,0,1,0,20250720,20251223
GNE:GOAO049:49:049SA250720:I:35,0,0,0,0,0,1,0,20250720,20251223
GNE:GOAO049:49:049SA250720:I:37,0,0,0,0,0,1,0,20250720,20251223
GNE:GOAO049:49:049SA250720:I:39,0,0,0,0,0,1,0,20250720,20251223
GNE:GOAO049:49:049SA250720:I:41,0,0,0,0,0,1,0,20250720,20251223
GNE:GOAO049:49:049SA250720:I:43,0,0,0,0,0,1,0,20250720,20251223
GNE:GOAO049:49:049SA250720:I:45,0,0,0,0,0,1,0,20250720,20251223
GNE:GOAO049:49:049SA250720:I:47,0,0,0,0,0,1,0,20250720,20251223
GNE:GOAO049:49:049SA250720:I:49,0,0,0,0,0,1,0,20250720,20251223
GNE:GOAO049:49:049SA250720:I:51,0,0,0,0,0,1,0,20250720,20251223
GNE:GOAO049:49:049SA250720:I:53,0,0,0,0,0,1,0,20250720,20251223
GNE:GOAO049:49:049SA250720:I:55,0,0,0,0,0,1,0,20250720,20251223
GNE:GOAO049:49:049SA250720:I:57,0,0,0,0,0,1,0,20250720,20251223
GNE:GOAO049:49:049SA250720:I:59,0,0,0,0,0,1,0,20250720,20251223
GNE:GOAO049:49:049SU250720:O:1,0,0,0,0,0,0,1,20250720,20251223
GNE:GOAO049:49:049SU250720:O:3,0,0,0,0,0,0,1,20250720,20251223
GNE:GOAO049:49:049SU250720:O:5,0,0,0,0,0,0,1,20250720,20251223
GNE:GOAO049:49:049SU250720:O:7,0,0,0,0,0,0,1,20250720,20251223
GNE:GOAO049:49:049SU250720:O:9,0,0,0,0,0,0,1,20250720,20251223
GNE:GOAO049:49:049SU250720:O:11,0,0,0,0,0,0,1,20250720,20251223
GNE:GOAO049:49:049SU250720:O:12,0,0,0,0,0,0,1,20250720,20251223
GNE:GOAO049:49:049SU250720:O:14,0,0,0,0,0,0,1,20250720,20251223
GNE:GOAO049:49:049SU250720:O:15,0,0,0,0,0,0,1,20250720,20251223
GNE:GOAO049:49:049SU250720:O:17,0,0,0,0,0,0,1,20250720,20251223
GNE:GOAO049:49:049SU250720:O:18,0,0,0,0,0,0,1,20250720,20251223
GNE:GOAO049:49:049SU250720:O:20,0,0,0,0,0,0,1,20250720,20251223
GNE:GOAO049:49:049SU250720:O:21,0,0,0,0,0,0,1,20250720,20251223
GNE:GOAO049:49:049SU250720:O:23,0,0,0,0,0,0,1,20250720,20251223
GNE:GOAO049:49:049SU250720:O:24,0,0,0,0,0,0,1,20250720,20251223
GNE:GOAO049:49:049SU250720:O:26,0,0,0,0,0,0,1,20250720,20251223
GNE:GOAO049:49:049SU250720:O:27,0,0,0,0,0,0,1,20250720,20251223
GNE:GOAO049:49:049SU250720:O:29,0,0,0,0,0,0,1,20250720,20251223
GNE:GOAO049:49:049SU250720:O:30,0,0,0,0,0,0,1,20250720,20251223
GNE:GOAO049:49:049SU250720:O:32,0,0,0,0,0,0,1,20250720,20251223
GNE:GOAO049:49:049SU250720:O:34,0,0,0,0,0,0,1,20250720,20251223
GNE:GOAO049:49:049SU250720:O:36,0,0,0,0,0,0,1,20250720,20251223
GNE:GOAO049:49:049SU250720:O:38,0,0,0,0,0,0,1,20250720,20251223
GNE:GOAO049:49:049SU250720:O:40,0,0,0,0,0,0,1,20250720,20251223
GNE:GOAO049:49:049SU250720:O:42,0,0,0,0,0,0,1,20250720,20251223
GNE:GOAO049:49:049SU250720:I:1,0,0,0,0,0,0,1,20250720,20251223
GNE:GOAO049:49:049SU250720:I:2,0,0,0,0,0,0,1,20250720,20251223
GNE:GOAO049:49:049SU250720:I:3,0,0,0,0,0,0,1,20250720,20251223
GNE:GOAO049:49:049SU250720:I:4,0,0,0,0,0,0,1,20250720,20251223
GNE:GOAO049:49:049SU250720:I:5,0,0,0,0,0,0,1,20250720,20251223
GNE:GOAO049:49:049SU250720:I:6,0,0,0,0,0,0,1,20250720,20251223
GNE:GOAO049:49:049SU250720:I:7,0,0,0,0,0,0,1,20250720,20251223
GNE:GOAO049:49:049SU250720:I:8,0,0,0,0,0,0,1,20250720,20251223
GNE:GOAO049:49:049SU250720:I:9,0,0,0,0,0,0,1,20250720,20251223
GNE:GOAO049:49:049SU250720:I:11,0,0,0,0,0,0,1,20250720,20251223
GNE:GOAO049:49:049SU250720:I:12,0,0,0,0,0,0,1,20250720,20251223
GNE:GOAO049:49:049SU250720:I:14,0,0,0,0,0,0,1,20250720,20251223
GNE:GOAO049:49:049SU250720:I:15,0,0,0,0,0,0,1,20250720,20251223
GNE:GOAO049:49:049SU250720:I:17,0,0,0,0,0,0,1,20250720,20251223
GNE:GOAO049:49:049SU250720:I:18,0,0,0,0,0,0,1,20250720,20251223
GNE:GOAO049:49:049SU250720:I:20,0,0,0,0,0,0,1,20250720,20251223
GNE:GOAO049:49:049SU250720:I:21,0,0,0,0,0,0,1,20250720,20251223
GNE:GOAO049:49:049SU250720:I:23,0,0,0,0,0,0,1,20250720,20251223
GNE:GOAO049:49:049SU250720:I:24,0,0,0,0,0,0,1,20250720,20251223
GNE:GOAO049:49:049SU250720:I:26,0,0,0,0,0,0,1,20250720,20251223
GNE:GOAO049:49:049SU250720:I:27,0,0,0,0,0,0,1,20250720,20251223
GNE:GOAO049:49:049SU250720:I:29,0,0,0,0,0,0,1,20250720,20251223
GNE:GOAO049:49:049SU250720:I:30,0,0,0,0,0,0,1,20250720,20251223
GNE:GOAO049:49:049SU250720:I:32,0,0,0,0,0,0,1,20250720,20251223
GNE:GOAO049:49:049SU250720:I:34,0,0,0,0,0,0,1,20250720,20251223
GNE:GOAO049:49:049SU250720:I:36,0,0,0,0,0,0,1,20250720,20251223
GNE:GOAO049:49:049SU250720:I:38,0,0,0,0,0,0,1,20250720,20251223
GNE:GOAO049:49:049SU250720:I:40,0,0,0,0,0,0,1,20250720,20251223
GNE:GOAO049:49:049SU250720:I:42,0,0,0,0,0,0,1,20250720,20251223
GNE:GOAO049A:49A:049MF250720:O:2,1,1,1,1,1,0,0,20250720,20251223
GNE:GOAO049A:49A:049MF250720:O:4,1,1,1,1,1,0,0,20250720,20251223
GNE:GOAO049A:49A:049MF250720:O:6,1,1,1,1,1,0,0,20250720,20251223
GNE:GOAO049A:49A:049MF250720:O:7,1,1,1,1,1,0,0,20250720,20251223
GNE:GOAO049A:49A:049MF250720:O:9,1,1,1,1,1,0,0,20250720,20251223
GNE:GOAO049A:49A:049MF250720:O:11,1,1,1,1,1,0,0,20250720,20251223
GNE:GOAO049A:49A:049MF250720:O:13,1,1,1,1,1,0,0,20250720,20251223
GNE:GOAO049A:49A:049MF250720:O:15,1,1,1,1,1,0,0,20250720,20251223
GNE:GOAO049A:49A:049MF250720:O:17,1,1,1,1,1,0,0,20250720,20251223
GNE:GOAO049A:49A:049MF250720:O:19,1,1,1,1,1,0,0,20250720,20251223
GNE:GOAO049A:49A:049MF250720:O:21,1,1,1,1,1,0,0,20250720,20251223
GNE:GOAO049A:49A:049MF250720:O:23,1,1,1,1,1,0,0,20250720,20251223
GNE:GOAO049A:49A:049MF250720:O:25,1,1,1,1,1,0,0,20250720,20251223
GNE:GOAO049A:49A:049MF250720:O:27,1,1,1,1,1,0,0,20250720,20251223
GNE:GOAO049A:49A:049MF250720:O:29,1,1,1,1,1,0,0,20250720,20251223
GNE:GOAO049A:49A:049MF250720:O:31,1,1,1,1,1,0,0,20250720,20251223
GNE:GOAO049A:49A:049MF250720:O:33,1,1,1,1,1,0,0,20250720,20251223
GNE:GOAO049A:49A:049MF250720:O:35,1,1,1,1,1,0,0,20250720,20251223
GNE:GOAO049A:49A:049MF250720:O:37,1,1,1,1,1,0,0,20250720,20251223
GNE:GOAO049A:49A:049MF250720:O:39,1,1,1,1,1,0,0,20250720,20251223
GNE:GOAO049A:49A:049MF250720:O:41,1,1,1,1,1,0,0,20250720,20251223
GNE:GOAO049A:49A:049MF250720:O:43,1,1,1,1,1,0,0,20250720,20251223
GNE:GOAO049A:49A:049MF250720:O:45,1,1,1,1,1,0,0,20250720,20251223
GNE:GOAO049A:49A:049MF250720:O:47,1,1,1,1,1,0,0,20250720,20251223
GNE:GOAO049A:49A:049MF250720:O:49,1,1,1,1,1,0,0,20250720,20251223
GNE:GOAO049A:49A:049MF250720:O:51,1,1,1,1,1,0,0,20250720,20251223
GNE:GOAO049A:49A:049MF250720:O:53,1,1,1,1,1,0,0,20250720,20251223
GNE:GOAO049A:49A:049MF250720:O:55,1,1,1,1,1,0,0,20250720,20251223
GNE:GOAO049A:49A:049MF250720:O:57,1,1,1,1,1,0,0,20250720,20251223
GNE:GOAO049A:49A:049MF250720:O:59,1,1,1,1,1,0,0,20250720,20251223
GNE:GOAO049A:49A:049MF250720:O:61,1,1,1,1,1,0,0,20250720,20251223
GNE:GOAO049A:49A:049MF250720:O:63,1,1,1,1,1,0,0,20250720,20251223
GNE:GOAO049A:49A:049MF250720:I:4,1,1,1,1,1,0,0,20250720,20251223
GNE:GOAO049A:49A:049MF250720:I:7,1,1,1,1,1,0,0,20250720,20251223
GNE:GOAO049A:49A:049MF250720:I:9,1,1,1,1,1,0,0,20250720,20251223
GNE:GOAO049A:49A:049MF250720:I:11,1,1,1,1,1,0,0,20250720,20251223
GNE:GOAO049A:49A:049MF250720:I:13,1,1,1,1,1,0,0,20250720,20251223
GNE:GOAO049A:49A:049MF250720:I:15,1,1,1,1,1,0,0,20250720,20251223
GNE:GOAO049A:49A:049MF250720:I:17,1,1,1,1,1,0,0,20250720,20251223
GNE:GOAO049A:49A:049MF250720:I:19,1,1,1,1,1,0,0,20250720,20251223
GNE:GOAO049A:49A:049MF250720:I:21,1,1,1,1,1,0,0,20250720,20251223
GNE:GOAO049A:49A:049MF250720:I:23,1,1,1,1,1,0,0,20250720,20251223
GNE:GOAO049A:49A:049MF250720:I:25,1,1,1,1,1,0,0,20250720,20251223
GNE:GOAO049A:49A:049MF250720:I:27,1,1,1,1,1,0,0,20250720,20251223
GNE:GOAO049A:49A:049MF250720:I:29,1,1,1,1,1,0,0,20250720,20251223
GNE:GOAO049A:49A:049MF250720:I:31,1,1,1,1,1,0,0,20250720,20251223
GNE:GOAO049A:49A:049MF250720:I:33,1,1,1,1,1,0,0,20250720,20251223
GNE:GOAO049A:49A:049MF250720:I:35,1,1,1,1,1,0,0,20250720,20251223
GNE:GOAO049A:49A:049MF250720:I:37,1,1,1,1,1,0,0,20250720,20251223
GNE:GOAO049A:49A:049MF250720:I:39,1,1,1,1,1,0,0,20250720,20251223
GNE:GOAO049A:49A:049MF250720:I:41,1,1,1,1,1,0,0,20250720,20251223
GNE:GOAO049A:49A:049MF250720:I:43,1,1,1,1,1,0,0,20250720,20251223
GNE:GOAO049A:49A:049MF250720:I:45,1,1,1,1,1,0,0,20250720,20251223
GNE:GOAO049A:49A:049MF250720:I:47,1,1,1,1,1,0,0,20250720,20251223
GNE:GOAO049A:49A:049MF250720:I:49,1,1,1,1,1,0,0,20250720,20251223
GNE:GOAO049A:49A:049MF250720:I:51,1,1,1,1,1,0,0,20250720,20251223
GNE:GOAO049A:49A:049MF250720:I:53,1,1,1,1,1,0,0,20250720,20251223
GNE:GOAO049A:49A:049MF250720:I:55,1,1,1,1,1,0,0,20250720,20251223
GNE:GOAO049A:49A:049MF250720:I:57,1,1,1,1,1,0,0,20250720,20251223
GNE:GOAO049A:49A:049MF250720:I:59,1,1,1,1,1,0,0,20250720,20251223
GNE:GOAO049A:49A:049MF250720:I:61,1,1,1,1,1,0,0,20250720,20251223
GNE:GOAO049A:49A:049MF250720:I:63,1,1,1,1,1,0,0,20250720,20251223
GNE:GOAO049A:49A:049SA250720:O:3,0,0,0,0,0,1,0,20250720,20251223
GNE:GOAO049A:49A:049SA250720:O:5,0,0,0,0,0,1,0,20250720,20251223
GNE:GOAO049A:49A:049SA250720:O:7,0,0,0,0,0,1,0,20250720,20251223
GNE:GOAO049A:49A:049SA250720:O:9,0,0,0,0,0,1,0,20250720,20251223
GNE:GOAO049A:49A:049SA250720:O:11,0,0,0,0,0,1,0,20250720,20251223
GNE:GOAO049A:49A:049SA250720:O:13,0,0,0,0,0,1,0,20250720,20251223
GNE:GOAO049A:49A:049SA250720:O:15,0,0,0,0,0,1,0,20250720,20251223
GNE:GOAO049A:49A:049SA250720:O:17,0,0,0,0,0,1,0,20250720,20251223
GNE:GOAO049A:49A:049SA250720:O:19,0,0,0,0,0,1,0,20250720,20251223
GNE:GOAO049A:49A:049SA250720:O:21,0,0,0,0,0,1,0,20250720,20251223
GNE:GOAO049A:49A:049SA250720:O:23,0,0,0,0,0,1,0,20250720,20251223
GNE:GOAO049A:49A:049SA250720:O:25,0,0,0,0,0,1,0,20250720,20251223
GNE:GOAO049A:49A:049SA250720:O:27,0,0,0,0,0,1,0,20250720,20251223
GNE:GOAO049A:49A:049SA250720:O:29,0,0,0,0,0,1,0,20250720,20251223
GNE:GOAO049A:49A:049SA250720:O:31,0,0,0,0,0,1,0,20250720,20251223
GNE:GOAO049A:49A:049SA250720:O:33,0,0,0,0,0,1,0,20250720,20251223
GNE:GOAO049A:49A:049SA250720:O:35,0,0,0,0,0,1,0,20250720,20251223
GNE:GOAO049A:49A:049SA250720:O:37,0,0,0,0,0,1,0,20250720,20251223
GNE:GOAO049A:49A:049SA250720:O:39,0,0,0,0,0,1,0,20250720,20251223
GNE:GOAO049A:49A:049SA250720:O:41,0,0,0,0,0,1,0,20250720,20251223
GNE:GOAO049A:49A:049SA250720:O:43,0,0,0,0,0,1,0,20250720,20251223
GNE:GOAO049A:49A:049SA250720:O:44,0,0,0,0,0,1,0,20250720,20251223
GNE:GOAO049A:49A:049SA250720:O:46,0,0,0,0,0,1,0,20250720,20251223
GNE:GOAO049A:49A:049SA250720:O:48,0,0,0,0,0,1,0,20250720,20251223
GNE:GOAO049A:49A:049SA250720:O:50,0,0,0,0,0,1,0,20250720,20251223
GNE:GOAO049A:49A:049SA250720:O:52,0,0,0,0,0,1,0,20250720,20251223
GNE:GOAO049A:49A:049SA250720:O:54,0,0,0,0,0,1,0,20250720,20251223
GNE:GOAO049A:49A:049SA250720:O:56,0,0,0,0,0,1,0,20250720,20251223
GNE:GOAO049A:49A:049SA250720:O:58,0,0,0,0,0,1,0,20250720,20251223
GNE:GOAO049A:49A:049SA250720:I:6,0,0,0,0,0,1,0,20250720,20251223
GNE:GOAO049A:49A:049SA250720:I:8,0,0,0,0,0,1,0,20250720,20251223
GNE:GOAO049A:49A:049SA250720:I:10,0,0,0,0,0,1,0,20250720,20251223
GNE:GOAO049A:49A:049SA250720:I:12,0,0,0,0,0,1,0,20250720,20251223
GNE:GOAO049A:49A:049SA250720:I:14,0,0,0,0,0,1,0,20250720,20251223
GNE:GOAO049A:49A:049SA250720:I:16,0,0,0,0,0,1,0,20250720,20251223
GNE:GOAO049A:49A:049SA250720:I:18,0,0,0,0,0,1,0,20250720,20251223
GNE:GOAO049A:49A:049SA250720:I:20,0,0,0,0,0,1,0,20250720,20251223
GNE:GOAO049A:49A:049SA250720:I:22,0,0,0,0,0,1,0,20250720,20251223
GNE:GOAO049A:49A:049SA250720:I:24,0,0,0,0,0,1,0,20250720,20251223
GNE:GOAO049A:49A:049SA250720:I:26,0,0,0,0,0,1,0,20250720,20251223
GNE:GOAO049A:49A:049SA250720:I:28,0,0,0,0,0,1,0,20250720,20251223
GNE:GOAO049A:49A:049SA250720:I:30,0,0,0,0,0,1,0,20250720,20251223
GNE:GOAO049A:49A:049SA250720:I:32,0,0,0,0,0,1,0,20250720,20251223
GNE:GOAO049A:49A:049SA250720:I:34,0,0,0,0,0,1,0,20250720,20251223
GNE:GOAO049A:49A:049SA250720:I:36,0,0,0,0,0,1,0,20250720,20251223
GNE:GOAO049A:49A:049SA250720:I:38,0,0,0,0,0,1,0,20250720,20251223
GNE:GOAO049A:49A:049SA250720:I:40,0,0,0,0,0,1,0,20250720,20251223
GNE:GOAO049A:49A:049SA250720:I:42,0,0,0,0,0,1,0,20250720,20251223
GNE:GOAO049A:49A:049SA250720:I:44,0,0,0,0,0,1,0,20250720,20251223
GNE:GOAO049A:49A:049SA250720:I:46,0,0,0,0,0,1,0,20250720,20251223
GNE:GOAO049A:49A:049SA250720:I:48,0,0,0,0,0,1,0,20250720,20251223
GNE:GOAO049A:49A:049SA250720:I:50,0,0,0,0,0,1,0,20250720,20251223
GNE:GOAO049A:49A:049SA250720:I:52,0,0,0,0,0,1,0,20250720,20251223
GNE:GOAO049A:49A:049SA250720:I:54,0,0,0,0,0,1,0,20250720,20251223
GNE:GOAO049A:49A:049SA250720:I:56,0,0,0,0,0,1,0,20250720,20251223
GNE:GOAO049A:49A:049SA250720:I:58,0,0,0,0,0,1,0,20250720,20251223
GNE:GOAO049A:49A:049SU250720:O:2,0,0,0,0,0,0,1,20250720,20251223
GNE:GOAO049A:49A:049SU250720:O:4,0,0,0,0,0,0,1,20250720,20251223
GNE:GOAO049A:49A:049SU250720:O:6,0,0,0,0,0,0,1,20250720,20251223
GNE:GOAO049A:49A:049SU250720:O:8,0,0,0,0,0,0,1,20250720,20251223
GNE:GOAO049A:49A:049SU250720:O:10,0,0,0,0,0,0,1,20250720,20251223
GNE:GOAO049A:49A:049SU250720:O:13,0,0,0,0,0,0,1,20250720,20251223
GNE:GOAO049A:49A:049SU250720:O:16,0,0,0,0,0,0,1,20250720,20251223
GNE:GOAO049A:49A:049SU250720:O:19,0,0,0,0,0,0,1,20250720,20251223
GNE:GOAO049A:49A:049SU250720:O:22,0,0,0,0,0,0,1,20250720,20251223
GNE:GOAO049A:49A:049SU250720:O:25,0,0,0,0,0,0,1,20250720,20251223
GNE:GOAO049A:49A:049SU250720:O:28,0,0,0,0,0,0,1,20250720,20251223
GNE:GOAO049A:49A:049SU250720:O:31,0,0,0,0,0,0,1,20250720,20251223
GNE:GOAO049A:49A:049SU250720:O:33,0,0,0,0,0,0,1,20250720,20251223
GNE:GOAO049A:49A:049SU250720:O:35,0,0,0,0,0,0,1,20250720,20251223
GNE:GOAO049A:49A:049SU250720:O:37,0,0,0,0,0,0,1,20250720,20251223
GNE:GOAO049A:49A:049SU250720:O:39,0,0,0,0,0,0,1,20250720,20251223
GNE:GOAO049A:49A:049SU250720:O:41,0,0,0,0,0,0,1,20250720,20251223
GNE:GOAO049A:49A:049SU250720:O:43,0,0,0,0,0,0,1,20250720,20251223
GNE:GOAO049A:49A:049SU250720:I:10,0,0,0,0,0,0,1,20250720,20251223
GNE:GOAO049A:49A:049SU250720:I:13,0,0,0,0,0,0,1,20250720,20251223
GNE:GOAO049A:49A:049SU250720:I:16,0,0,0,0,0,0,1,20250720,20251223
GNE:GOAO049A:49A:049SU250720:I:19,0,0,0,0,0,0,1,20250720,20251223
GNE:GOAO049A:49A:049SU250720:I:22,0,0,0,0,0,0,1,20250720,20251223
GNE:GOAO049A:49A:049SU250720:I:25,0,0,0,0,0,0,1,20250720,20251223
GNE:GOAO049A:49A:049SU250720:I:28,0,0,0,0,0,0,1,20250720,20251223
GNE:GOAO049A:49A:049SU250720:I:31,0,0,0,0,0,0,1,20250720,20251223
GNE:GOAO049A:49A:049SU250720:I:33,0,0,0,0,0,0,1,20250720,20251223
GNE:GOAO049A:49A:049SU250720:I:35,0,0,0,0,0,0,1,20250720,20251223
GNE:GOAO049A:49A:049SU250720:I:37,0,0,0,0,0,0,1,20250720,20251223
GNE:GOAO049A:49A:049SU250720:I:39,0,0,0,0,0,0,1,20250720,20251223
GNE:GOAO049A:49A:049SU250720:I:41,0,0,0,0,0,0,1,20250720,20251223
GNE:GOAO049A:49A:049SU250720:I:43,0,0,0,0,0,0,1,20250720,20251223
GNE:GOAO050:50:050MF250720:O:1,1,1,1,1,1,0,0,20250720,20251223
GNE:GOAO050:50:050MF250720:O:2,1,1,1,1,1,0,0,20250720,20251223
GNE:GOAO050:50:050MF250720:O:3,1,1,1,1,1,0,0,20250720,20251223
GNE:GOAO050:50:050MF250720:O:4,1,1,1,1,1,0,0,20250720,20251223
GNE:GOAO050:50:050MF250720:O:5,1,1,1,1,1,0,0,20250720,20251223
GNE:GOAO050:50:050MF250720:O:6,1,1,1,1,1,0,0,20250720,20251223
GNE:GOAO050:50:050MF250720:O:7,1,1,1,1,1,0,0,20250720,20251223
GNE:GOAO050:50:050MF250720:O:8,1,1,1,1,1,0,0,20250720,20251223
GNE:GOAO050:50:050MF250720:O:9,1,1,1,1,1,0,0,20250720,20251223
GNE:GOAO050:50:050MF250720:O:10,1,1,1,1,1,0,0,20250720,20251223
GNE:GOAO050:50:050MF250720:O:11,1,1,1,1,1,0,0,20250720,20251223
GNE:GOAO050:50:050MF250720:O:12,1,1,1,1,1,0,0,20250720,20251223
GNE:GOAO050:50:050MF250720:O:13,1,1,1,1,1,0,0,20250720,20251223
GNE:GOAO050:50:050MF250720:O:14,1,1,1,1,1,0,0,20250720,20251223
GNE:GOAO050:50:050MF250720:O:15,1,1,1,1,1,0,0,20250720,20251223
GNE:GOAO050:50:050MF250720:O:16,1,1,1,1,1,0,0,20250720,20251223
GNE:GOAO050:50:050MF250720:O:17,1,1,1,1,1,0,0,20250720,20251223
GNE:GOAO050:50:050MF250720:O:18,1,1,1,1,1,0,0,20250720,20251223
GNE:GOAO050:50:050MF250720:O:19,1,1,1,1,1,0,0,20250720,20251223
GNE:GOAO050:50:050MF250720:O:20,1,1,1,1,1,0,0,20250720,20251223
GNE:GOAO050:50:050MF250720:O:21,1,1,1,1,1,0,0,20250720,20251223
GNE:GOAO050:50:050MF250720:O:22,1,1,1,1,1,0,0,20250720,20251223
GNE:GOAO050:50:050MF250720:O:23,1,1,1,1,1,0,0,20250720,20251223
GNE:GOAO050:50:050MF250720:O:24,1,1,1,1,1,0,0,20250720,20251223
GNE:GOAO050:50:050MF250720:O:25,1,1,1,1,1,0,0,20250720,20251223
GNE:GOAO050:50:050MF250720:O:26,1,1,1,1,1,0,0,20250720,20251223
GNE:GOAO050:50:050MF250720:O:27,1,1,1,1,1,0,0,20250720,20251223
GNE:GOAO050:50:050MF250720:O:28,1,1,1,1,1,0,0,20250720,20251223
GNE:GOAO050:50:050MF250720:O:29,1,1,1,1,1,0,0,20250720,20251223
GNE:GOAO050:50:050MF250720:O:30,1,1,1,1,1,0,0,20250720,20251223
GNE:GOAO050:50:050MF250720:O:31,1,1,1,1,1,0,0,20250720,20251223
GNE:GOAO050:50:050MF250720:O:32,1,1,1,1,1,0,0,20250720,20251223
GNE:GOAO050:50:050MF250720:I:1,1,1,1,1,1,0,0,20250720,20251223
GNE:GOAO050:50:050MF250720:I:2,1,1,1,1,1,0,0,20250720,20251223
GNE:GOAO050:50:050MF250720:I:3,1,1,1,1,1,0,0,20250720,20251223
GNE:GOAO050:50:050MF250720:I:4,1,1,1,1,1,0,0,20250720,20251223
GNE:GOAO050:50:050MF250720:I:5,1,1,1,1,1,0,0,20250720,20251223
GNE:GOAO050:50:050MF250720:I:6,1,1,1,1,1,0,0,20250720,20251223
GNE:GOAO050:50:050MF250720:I:7,1,1,1,1,1,0,0,20250720,20251223
GNE:GOAO050:50:050MF250720:I:8,1,1,1,1,1,0,0,20250720,20251223
GNE:GOAO050:50:050MF250720:I:9,1,1,1,1,1,0,0,20250720,20251223
GNE:GOAO050:50:050MF250720:I:10,1,1,1,1,1,0,0,20250720,20251223
GNE:GOAO050:50:050MF250720:I:11,1,1,1,1,1,0,0,20250720,20251223
GNE:GOAO050:50:050MF250720:I:12,1,1,1,1,1,0,0,20250720,20251223
GNE:GOAO050:50:050MF250720:I:13,1,1,1,1,1,0,0,20250720,20251223
GNE:GOAO050:50:050MF250720:I:14,1,1,1,1,1,0,0,20250720,20251223
GNE:GOAO050:50:050MF250720:I:15,1,1,1,1,1,0,0,20250720,20251223
GNE:GOAO050:50:050MF250720:I:16,1,1,1,1,1,0,0,20250720,20251223
GNE:GOAO050:50:050MF250720:I:17,1,1,1,1,1,0,0,20250720,20251223
GNE:GOAO050:50:050MF250720:I:18,1,1,1,1,1,0,0,20250720,20251223
GNE:GOAO050:50:050MF250720:I:19,1,1,1,1,1,0,0,20250720,20251223
GNE:GOAO050:50:050MF250720:I:20,1,1,1,1,1,0,0,20250720,20251223
GNE:GOAO050:50:050MF250720:I:21,1,1,1,1,1,0,0,20250720,20251223
GNE:GOAO050:50:050MF250720:I:22,1,1,1,1,1,0,0,20250720,20251223
GNE:GOAO050:50:050MF250720:I:23,1,1,1,1,1,0,0,20250720,20251223
GNE:GOAO050:50:050MF250720:I:24,1,1,1,1,1,0,0,20250720,20251223
GNE:GOAO050:50:050MF250720:I:25,1,1,1,1,1,0,0,20250720,20251223
GNE:GOAO050:50:050MF250720:I:26,1,1,1,1,1,0,0,20250720,20251223
GNE:GOAO050:50:050MF250720:I:27,1,1,1,1,1,0,0,20250720,20251223
GNE:GOAO050:50:050MF250720:I:28,1,1,1,1,1,0,0,20250720,20251223
GNE:GOAO050:50:050MF250720:I:29,1,1,1,1,1,0,0,20250720,20251223
GNE:GOAO050:50:050MF250720:I:30,1,1,1,1,1,0,0,20250720,20251223
GNE:GOAO050:50:050MF250720:I:31,1,1,1,1,1,0,0,20250720,20251223
GNE:GOAO050:50:050SA250720:O:1,0,0,0,0,0,1,0,20250720,20251223
GNE:GOAO050:50:050SA250720:O:2,0,0,0,0,0,1,0,20250720,20251223
GNE:GOAO050:50:050SA250720:O:3,0,0,0,0,0,1,0,20250720,20251223
GNE:GOAO050:50:050SA250720:O:4,0,0,0,0,0,1,0,20250720,20251223
GNE:GOAO050:50:050SA250720:O:5,0,0,0,0,0,1,0,20250720,20251223
GNE:GOAO050:50:050SA250720:O:6,0,0,0,0,0,1,0,20250720,20251223
GNE:GOAO050:50:050SA250720:O:7,0,0,0,0,0,1,0,20250720,20251223
GNE:GOAO050:50:050SA250720:O:8,0,0,0,0,0,1,0,20250720,20251223
GNE:GOAO050:50:050SA250720:O:9,0,0,0,0,0,1,0,20250720,20251223
GNE:GOAO050:50:050SA250720:O:10,0,0,0,0,0,1,0,20250720,20251223
GNE:GOAO050:50:050SA250720:O:11,0,0,0,0,0,1,0,20250720,20251223
GNE:GOAO050:50:050SA250720:O:12,0,0,0,0,0,1,0,20250720,20251223
GNE:GOAO050:50:050SA250720:O:13,0,0,0,0,0,1,0,20250720,20251223
GNE:GOAO050:50:050SA250720:O:14,0,0,0,0,0,1,0,20250720,20251223
GNE:GOAO050:50:050SA250720:O:15,0,0,0,0,0,1,0,20250720,20251223
GNE:GOAO050:50:050SA250720:O:16,0,0,0,0,0,1,0,20250720,20251223
GNE:GOAO050:50:050SA250720:O:17,0,0,0,0,0,1,0,20250720,20251223
GNE:GOAO050:50:050SA250720:O:18,0,0,0,0,0,1,0,20250720,20251223
GNE:GOAO050:50:050SA250720:O:19,0,0,0,0,0,1,0,20250720,20251223
GNE:GOAO050:50:050SA250720:O:20,0,0,0,0,0,1,0,20250720,20251223
GNE:GOAO050:50:050SA250720:O:21,0,0,0,0,0,1,0,20250720,20251223
GNE:GOAO050:50:050SA250720:O:22,0,0,0,0,0,1,0,20250720,20251223
GNE:GOAO050:50:050SA250720:O:23,0,0,0,0,0,1,0,20250720,20251223
GNE:GOAO050:50:050SA250720:O:24,0,0,0,0,0,1,0,20250720,20251223
GNE:GOAO050:50:050SA250720:O:25,0,0,0,0,0,1,0,20250720,20251223
GNE:GOAO050:50:050SA250720:O:26,0,0,0,0,0,1,0,20250720,20251223
GNE:GOAO050:50:050SA250720:I:1,0,0,0,0,0,1,0,20250720,20251223
GNE:GOAO050:50:050SA250720:I:2,0,0,0,0,0,1,0,20250720,20251223
GNE:GOAO050:50:050SA250720:I:3,0,0,0,0,0,1,0,20250720,20251223
GNE:GOAO050:50:050SA250720:I:4,0,0,0,0,0,1,0,20250720,20251223
GNE:GOAO050:50:050SA250720:I:5,0,0,0,0,0,1,0,20250720,20251223
GNE:GOAO050:50:050SA250720:I:6,0,0,0,0,0,1,0,20250720,20251223
GNE:GOAO050:50:050SA250720:I:7,0,0,0,0,0,1,0,20250720,20251223
GNE:GOAO050:50:050SA250720:I:8,0,0,0,0,0,1,0,20250720,20251223
GNE:GOAO050:50:050SA250720:I:9,0,0,0,0,0,1,0,20250720,20251223
GNE:GOAO050:50:050SA250720:I:10,0,0,0,0,0,1,0,20250720,20251223
GNE:GOAO050:50:050SA250720:I:11,0,0,0,0,0,1,0,20250720,20251223
GNE:GOAO050:50:050SA250720:I:12,0,0,0,0,0,1,0,20250720,20251223
GNE:GOAO050:50:050SA250720:I:13,0,0,0,0,0,1,0,20250720,20251223
GNE:GOAO050:50:050SA250720:I:14,0,0,0,0,0,1,0,20250720,20251223
GNE:GOAO050:50:050SA250720:I:15,0,0,0,0,0,1,0,20250720,20251223
GNE:GOAO050:50:050SA250720:I:16,0,0,0,0,0,1,0,20250720,20251223
GNE:GOAO050:50:050SA250720:I:17,0,0,0,0,0,1,0,20250720,20251223
GNE:GOAO050:50:050SA250720:I:18,0,0,0,0,0,1,0,20250720,20251223
GNE:GOAO050:50:050SA250720:I:19,0,0,0,0,0,1,0,20250720,20251223
GNE:GOAO050:50:050SA250720:I:20,0,0,0,0,0,1,0,20250720,20251223
GNE:GOAO050:50:050SA250720:I:21,0,0,0,0,0,1,0,20250720,20251223
GNE:GOAO050:50:050SA250720:I:22,0,0,0,0,0,1,0,20250720,20251223
GNE:GOAO050:50:050SA250720:I:23,0,0,0,0,0,1,0,20250720,20251223
GNE:GOAO050:50:050SA250720:I:24,0,0,0,0,0,1,0,20250720,20251223
GNE:GOAO050:50:050SA250720:I:25,0,0,0,0,0,1,0,20250720,20251223
GNE:GOAO050:50:050SA250720:I:26,0,0,0,0,0,1,0,20250720,20251223
GNE:GOAO050:50:050SA250720:I:27,0,0,0,0,0,1,0,20250720,20251223
GNE:GOAO050:50:050SA250720:I:28,0,0,0,0,0,1,0,20250720,20251223
GNE:GOAO050:50:050SU250720:O:1,0,0,0,0,0,0,1,20250720,20251223
GNE:GOAO050:50:050SU250720:O:2,0,0,0,0,0,0,1,20250720,20251223
GNE:GOAO050:50:050SU250720:O:3,0,0,0,0,0,0,1,20250720,20251223
GNE:GOAO050:50:050SU250720:O:4,0,0,0,0,0,0,1,20250720,20251223
GNE:GOAO050:50:050SU250720:O:5,0,0,0,0,0,0,1,20250720,20251223
GNE:GOAO050:50:050SU250720:O:6,0,0,0,0,0,0,1,20250720,20251223
GNE:GOAO050:50:050SU250720:O:7,0,0,0,0,0,0,1,20250720,20251223
GNE:GOAO050:50:050SU250720:O:8,0,0,0,0,0,0,1,20250720,20251223
GNE:GOAO050:50:050SU250720:O:9,0,0,0,0,0,0,1,20250720,20251223
GNE:GOAO050:50:050SU250720:O:10,0,0,0,0,0,0,1,20250720,20251223
GNE:GOAO050:50:050SU250720:O:11,0,0,0,0,0,0,1,20250720,20251223
GNE:GOAO050:50:050SU250720:O:12,0,0,0,0,0,0,1,20250720,20251223
GNE:GOAO050:50:050SU250720:O:13,0,0,0,0,0,0,1,20250720,20251223
GNE:GOAO050:50:050SU250720:O:14,0,0,0,0,0,0,1,20250720,20251223
GNE:GOAO050:50:050SU250720:O:15,0,0,0,0,0,0,1,20250720,20251223
GNE:GOAO050:50:050SU250720:O:16,0,0,0,0,0,0,1,20250720,20251223
GNE:GOAO050:50:050SU250720:O:17,0,0,0,0,0,0,1,20250720,20251223
GNE:GOAO050:50:050SU250720:I:1,0,0,0,0,0,0,1,20250720,20251223
GNE:GOAO050:50:050SU250720:I:2,0,0,0,0,0,0,1,20250720,20251223
GNE:GOAO050:50:050SU250720:I:3,0,0,0,0,0,0,1,20250720,20251223
GNE:GOAO050:50:050SU250720:I:4,0,0,0,0,0,0,1,20250720,20251223
GNE:GOAO050:50:050SU250720:I:5,0,0,0,0,0,0,1,20250720,20251223
GNE:GOAO050:50:050SU250720:I:6,0,0,0,0,0,0,1,20250720,20251223
GNE:GOAO050:50:050SU250720:I:7,0,0,0,0,0,0,1,20250720,20251223
GNE:GOAO050:50:050SU250720:I:8,0,0,0,0,0,0,1,20250720,20251223
GNE:GOAO050:50:050SU250720:I:9,0,0,0,0,0,0,1,20250720,20251223
GNE:GOAO050:50:050SU250720:I:10,0,0,0,0,0,0,1,20250720,20251223
GNE:GOAO050:50:050SU250720:I:11,0,0,0,0,0,0,1,20250720,20251223
GNE:GOAO050:50:050SU250720:I:12,0,0,0,0,0,0,1,20250720,20251223
GNE:GOAO050:50:050SU250720:I:13,0,0,0,0,0,0,1,20250720,20251223
GNE:GOAO050:50:050SU250720:I:14,0,0,0,0,0,0,1,20250720,20251223
GNE:GOAO050:50:050SU250720:I:15,0,0,0,0,0,0,1,20250720,20251223
GNE:GOAO050:50:050SU250720:I:16,0,0,0,0,0,0,1,20250720,20251223
GNE:GOAO050:50:050SU250720:I:17,0,0,0,0,0,0,1,20250720,20251223
GNE:GOAO050:50:050SU250720:I:18,0,0,0,0,0,0,1,20250720,20251223
GNE:GOAO050:50:050SU250720:I:19,0,0,0,0,0,0,1,20250720,20251223
GNE:GOAO050S:50S:50SMF250720:I:1,0,0,0,0,0,0,0,20250720,20251223
GNE:GOAO051:51:051MF250720:O:1,1,1,1,1,1,0,0,20250720,20251223
GNE:GOAO051:51:051MF250720:O:2,1,1,1,1,1,0,0,20250720,20251223
GNE:GOAO051:51:051MF250720:O:3,1,1,1,1,1,0,0,20250720,20251223
GNE:GOAO051:51:051MF250720:O:4,1,1,1,1,1,0,0,20250720,20251223
GNE:GOAO051:51:051MF250720:O:5,1,1,1,1,1,0,0,20250720,20251223
GNE:GOAO051:51:051MF250720:O:6,1,1,1,1,1,0,0,20250720,20251223
GNE:GOAO051:51:051MF250720:O:7,1,1,1,1,1,0,0,20250720,20251223
GNE:GOAO051:51:051MF250720:O:8,1,1,1,1,1,0,0,20250720,20251223
GNE:GOAO051:51:051MF250720:O:9,1,1,1,1,1,0,0,20250720,20251223
GNE:GOAO051:51:051MF250720:O:10,1,1,1,1,1,0,0,20250720,20251223
GNE:GOAO051:51:051MF250720:O:11,1,1,1,1,1,0,0,20250720,20251223
GNE:GOAO051:51:051MF250720:O:12,1,1,1,1,1,0,0,20250720,20251223
GNE:GOAO051:51:051MF250720:O:13,1,1,1,1,1,0,0,20250720,20251223
GNE:GOAO051:51:051MF250720:O:14,1,1,1,1,1,0,0,20250720,20251223
GNE:GOAO051:51:051MF250720:O:15,1,1,1,1,1,0,0,20250720,20251223
GNE:GOAO051:51:051MF250720:O:16,1,1,1,1,1,0,0,20250720,20251223
GNE:GOAO051:51:051MF250720:O:17,1,1,1,1,1,0,0,20250720,20251223
GNE:GOAO051:51:051MF250720:O:18,1,1,1,1,1,0,0,20250720,20251223
GNE:GOAO051:51:051MF250720:O:19,1,1,1,1,1,0,0,20250720,20251223
GNE:GOAO051:51:051MF250720:O:20,1,1,1,1,1,0,0,20250720,20251223
GNE:GOAO051:51:051MF250720:O:21,1,1,1,1,1,0,0,20250720,20251223
GNE:GOAO051:51:051MF250720:O:22,1,1,1,1,1,0,0,20250720,20251223
GNE:GOAO051:51:051MF250720:O:23,1,1,1,1,1,0,0,20250720,20251223
GNE:GOAO051:51:051MF250720:O:24,1,1,1,1,1,0,0,20250720,20251223
GNE:GOAO051:51:051MF250720:O:25,1,1,1,1,1,0,0,20250720,20251223
GNE:GOAO051:51:051MF250720:O:26,1,1,1,1,1,0,0,20250720,20251223
GNE:GOAO051:51:051MF250720:O:27,1,1,1,1,1,0,0,20250720,20251223
GNE:GOAO051:51:051MF250720:O:28,1,1,1,1,1,0,0,20250720,20251223
GNE:GOAO051:51:051MF250720:O:29,1,1,1,1,1,0,0,20250720,20251223
GNE:GOAO051:51:051MF250720:O:30,1,1,1,1,1,0,0,20250720,20251223
GNE:GOAO051:51:051MF250720:O:31,1,1,1,1,1,0,0,20250720,20251223
GNE:GOAO051:51:051MF250720:O:32,1,1,1,1,1,0,0,20250720,20251223
GNE:GOAO051:51:051MF250720:O:33,1,1,1,1,1,0,0,20250720,20251223
GNE:GOAO051:51:051MF250720:O:34,1,1,1,1,1,0,0,20250720,20251223
GNE:GOAO051:51:051MF250720:O:35,1,1,1,1,1,0,0,20250720,20251223
GNE:GOAO051:51:051MF250720:O:36,1,1,1,1,1,0,0,20250720,20251223
GNE:GOAO051:51:051MF250720:O:37,1,1,1,1,1,0,0,20250720,20251223
GNE:GOAO051:51:051MF250720:O:38,1,1,1,1,1,0,0,20250720,20251223
GNE:GOAO051:51:051MF250720:O:39,1,1,1,1,1,0,0,20250720,20251223
GNE:GOAO051:51:051MF250720:O:40,1,1,1,1,1,0,0,20250720,20251223
GNE:GOAO051:51:051MF250720:O:41,1,1,1,1,1,0,0,20250720,20251223
GNE:GOAO051:51:051MF250720:O:42,1,1,1,1,1,0,0,20250720,20251223
GNE:GOAO051:51:051MF250720:O:43,1,1,1,1,1,0,0,20250720,20251223
GNE:GOAO051:51:051MF250720:O:44,1,1,1,1,1,0,0,20250720,20251223
GNE:GOAO051:51:051MF250720:O:45,1,1,1,1,1,0,0,20250720,20251223
GNE:GOAO051:51:051MF250720:O:46,1,1,1,1,1,0,0,20250720,20251223
GNE:GOAO051:51:051MF250720:O:47,1,1,1,1,1,0,0,20250720,20251223
GNE:GOAO051:51:051MF250720:O:48,1,1,1,1,1,0,0,20250720,20251223
GNE:GOAO051:51:051MF250720:O:49,1,1,1,1,1,0,0,20250720,20251223
GNE:GOAO051:51:051SA250720:O:1,0,0,0,0,0,1,0,20250720,20251223
GNE:GOAO051:51:051SA250720:O:2,0,0,0,0,0,1,0,20250720,20251223
GNE:GOAO051:51:051SA250720:O:3,0,0,0,0,0,1,0,20250720,20251223
GNE:GOAO051:51:051SA250720:O:4,0,0,0,0,0,1,0,20250720,20251223
GNE:GOAO051:51:051SA250720:O:5,0,0,0,0,0,1,0,20250720,20251223
GNE:GOAO051:51:051SA250720:O:6,0,0,0,0,0,1,0,20250720,20251223
GNE:GOAO051:51:051SA250720:O:7,0,0,0,0,0,1,0,20250720,20251223
GNE:GOAO051:51:051SA250720:O:8,0,0,0,0,0,1,0,20250720,20251223
GNE:GOAO051:51:051SA250720:O:9,0,0,0,0,0,1,0,20250720,20251223
GNE:GOAO051:51:051SA250720:O:10,0,0,0,0,0,1,0,20250720,20251223
GNE:GOAO051:51:051SA250720:O:11,0,0,0,0,0,1,0,20250720,20251223
GNE:GOAO051:51:051SA250720:O:12,0,0,0,0,0,1,0,20250720,20251223
GNE:GOAO051:51:051SA250720:O:13,0,0,0,0,0,1,0,20250720,20251223
GNE:GOAO051:51:051SA250720:O:14,0,0,0,0,0,1,0,20250720,20251223
GNE:GOAO051:51:051SA250720:O:15,0,0,0,0,0,1,0,20250720,20251223
GNE:GOAO051:51:051SA250720:O:16,0,0,0,0,0,1,0,20250720,20251223
GNE:GOAO051:51:051SA250720:O:17,0,0,0,0,0,1,0,20250720,20251223
GNE:GOAO051:51:051SA250720:O:18,0,0,0,0,0,1,0,20250720,20251223
GNE:GOAO051:51:051SA250720:O:19,0,0,0,0,0,1,0,20250720,20251223
GNE:GOAO051:51:051SA250720:O:20,0,0,0,0,0,1,0,20250720,20251223
GNE:GOAO051:51:051SA250720:O:21,0,0,0,0,0,1,0,20250720,20251223
GNE:GOAO051:51:051SA250720:O:22,0,0,0,0,0,1,0,20250720,20251223
GNE:GOAO051:51:051SA250720:O:23,0,0,0,0,0,1,0,20250720,20251223
GNE:GOAO051:51:051SA250720:O:24,0,0,0,0,0,1,0,20250720,20251223
GNE:GOAO051:51:051SA250720:O:25,0,0,0,0,0,1,0,20250720,20251223
GNE:GOAO051:51:051SA250720:O:26,0,0,0,0,0,1,0,20250720,20251223
GNE:GOAO051:51:051SA250720:O:27,0,0,0,0,0,1,0,20250720,20251223
GNE:GOAO051:51:051SA250720:O:28,0,0,0,0,0,1,0,20250720,20251223
GNE:GOAO051:51:051SA250720:O:29,0,0,0,0,0,1,0,20250720,20251223
GNE:GOAO051:51:051SA250720:O:30,0,0,0,0,0,1,0,20250720,20251223
GNE:GOAO051:51:051SA250720:O:31,0,0,0,0,0,1,0,20250720,20251223
GNE:GOAO051:51:051SA250720:O:32,0,0,0,0,0,1,0,20250720,20251223
GNE:GOAO051:51:051SA250720:O:33,0,0,0,0,0,1,0,20250720,20251223
GNE:GOAO051:51:051SA250720:O:34,0,0,0,0,0,1,0,20250720,20251223
GNE:GOAO051:51:051SA250720:O:35,0,0,0,0,0,1,0,20250720,20251223
GNE:GOAO051:51:051SA250720:O:36,0,0,0,0,0,1,0,20250720,20251223
GNE:GOAO051:51:051SA250720:O:37,0,0,0,0,0,1,0,20250720,20251223
GNE:GOAO051:51:051SA250720:O:38,0,0,0,0,0,1,0,20250720,20251223
GNE:GOAO051:51:051SA250720:O:39,0,0,0,0,0,1,0,20250720,20251223
GNE:GOAO051:51:051SA250720:O:40,0,0,0,0,0,1,0,20250720,20251223
GNE:GOAO051:51:051SA250720:O:41,0,0,0,0,0,1,0,20250720,20251223
GNE:GOAO051:51:051SA250720:O:42,0,0,0,0,0,1,0,20250720,20251223
GNE:GOAO051:51:051SA250720:O:43,0,0,0,0,0,1,0,20250720,20251223
GNE:GOAO051:51:051SA250720:O:44,0,0,0,0,0,1,0,20250720,20251223
GNE:GOAO051:51:051SA250720:O:45,0,0,0,0,0,1,0,20250720,20251223
GNE:GOAO051:51:051SA250720:O:46,0,0,0,0,0,1,0,20250720,20251223
GNE:GOAO051:51:051SU250720:O:1,0,0,0,0,0,0,1,20250720,20251223
GNE:GOAO051:51:051SU250720:O:2,0,0,0,0,0,0,1,20250720,20251223
GNE:GOAO051:51:051SU250720:O:3,0,0,0,0,0,0,1,20250720,20251223
GNE:GOAO051:51:051SU250720:O:4,0,0,0,0,0,0,1,20250720,20251223
GNE:GOAO051:51:051SU250720:O:5,0,0,0,0,0,0,1,20250720,20251223
GNE:GOAO051:51:051SU250720:O:6,0,0,0,0,0,0,1,20250720,20251223
GNE:GOAO051:51:051SU250720:O:7,0,0,0,0,0,0,1,20250720,20251223
GNE:GOAO051:51:051SU250720:O:8,0,0,0,0,0,0,1,20250720,20251223
GNE:GOAO051:51:051SU250720:O:9,0,0,0,0,0,0,1,20250720,20251223
GNE:GOAO051:51:051SU250720:O:10,0,0,0,0,0,0,1,20250720,20251223
GNE:GOAO051:51:051SU250720:O:11,0,0,0,0,0,0,1,20250720,20251223
GNE:GOAO051:51:051SU250720:O:12,0,0,0,0,0,0,1,20250720,20251223
GNE:GOAO051:51:051SU250720:O:13,0,0,0,0,0,0,1,20250720,20251223
GNE:GOAO051:51:051SU250720:O:14,0,0,0,0,0,0,1,20250720,20251223
GNE:GOAO051:51:051SU250720:O:15,0,0,0,0,0,0,1,20250720,20251223
GNE:GOAO051:51:051SU250720:O:16,0,0,0,0,0,0,1,20250720,20251223
GNE:GOAO051:51:051SU250720:O:17,0,0,0,0,0,0,1,20250720,20251223
GNE:GOAO051:51:051SU250720:O:18,0,0,0,0,0,0,1,20250720,20251223
GNE:GOAO051:51:051SU250720:O:19,0,0,0,0,0,0,1,20250720,20251223
GNE:GOAO051:51:051SU250720:O:20,0,0,0,0,0,0,1,20250720,20251223
GNE:GOAO051:51:051SU250720:O:21,0,0,0,0,0,0,1,20250720,20251223
GNE:GOAO051:51:051SU250720:O:22,0,0,0,0,0,0,1,20250720,20251223
GNE:GOAO051:51:051SU250720:O:23,0,0,0,0,0,0,1,20250720,20251223
GNE:GOAO051:51:051SU250720:O:24,0,0,0,0,0,0,1,20250720,20251223
GNE:GOAO051:51:051SU250720:O:25,0,0,0,0,0,0,1,20250720,20251223
GNE:GOAO051:51:051SU250720:O:26,0,0,0,0,0,0,1,20250720,20251223
GNE:GOAO051:51:051SU250720:O:27,0,0,0,0,0,0,1,20250720,20251223
GNE:GOAO051:51:051SU250720:O:28,0,0,0,0,0,0,1,20250720,20251223
GNE:GOAO051:51:051SU250720:O:29,0,0,0,0,0,0,1,20250720,20251223
GNE:GOAO051:51:051SU250720:O:30,0,0,0,0,0,0,1,20250720,20251223
GNE:GOAO051:51:051SU250720:O:31,0,0,0,0,0,0,1,20250720,20251223
GNE:GOAO051:51:051SU250720:O:32,0,0,0,0,0,0,1,20250720,20251223
GNE:GOAO051:51:051SU250720:O:33,0,0,0,0,0,0,1,20250720,20251223
GNE:GOAO051:51:051SU250720:O:34,0,0,0,0,0,0,1,20250720,20251223
GNE:GOAO051:51:051SU250720:O:35,0,0,0,0,0,0,1,20250720,20251223
GNE:GOAO051:51:051SU250720:O:36,0,0,0,0,0,0,1,20250720,20251223
GNE:GOAO052:52:051MF250720:I:1,1,1,1,1,1,0,0,20250720,20251223
GNE:GOAO052:52:051MF250720:I:2,1,1,1,1,1,0,0,20250720,20251223
GNE:GOAO052:52:051MF250720:I:3,1,1,1,1,1,0,0,20250720,20251223
GNE:GOAO052:52:051MF250720:I:4,1,1,1,1,1,0,0,20250720,20251223
GNE:GOAO052:52:051MF250720:I:5,1,1,1,1,1,0,0,20250720,20251223
GNE:GOAO052:52:051MF250720:I:6,1,1,1,1,1,0,0,20250720,20251223
GNE:GOAO052:52:051MF250720:I:7,1,1,1,1,1,0,0,20250720,20251223
GNE:GOAO052:52:051MF250720:I:8,1,1,1,1,1,0,0,20250720,20251223
GNE:GOAO052:52:051MF250720:I:9,1,1,1,1,1,0,0,20250720,20251223
GNE:GOAO052:52:051MF250720:I:10,1,1,1,1,1,0,0,20250720,20251223
GNE:GOAO052:52:051MF250720:I:11,1,1,1,1,1,0,0,20250720,20251223
GNE:GOAO052:52:051MF250720:I:12,1,1,1,1,1,0,0,20250720,20251223
GNE:GOAO052:52:051MF250720:I:13,1,1,1,1,1,0,0,20250720,20251223
GNE:GOAO052:52:051MF250720:I:14,1,1,1,1,1,0,0,20250720,20251223
GNE:GOAO052:52:051MF250720:I:15,1,1,1,1,1,0,0,20250720,20251223
GNE:GOAO052:52:051MF250720:I:16,1,1,1,1,1,0,0,20250720,20251223
GNE:GOAO052:52:051MF250720:I:17,1,1,1,1,1,0,0,20250720,20251223
GNE:GOAO052:52:051MF250720:I:18,1,1,1,1,1,0,0,20250720,20251223
GNE:GOAO052:52:051MF250720:I:19,1,1,1,1,1,0,0,20250720,20251223
GNE:GOAO052:52:051MF250720:I:20,1,1,1,1,1,0,0,20250720,20251223
GNE:GOAO052:52:051MF250720:I:21,1,1,1,1,1,0,0,20250720,20251223
GNE:GOAO052:52:051MF250720:I:22,1,1,1,1,1,0,0,20250720,20251223
GNE:GOAO052:52:051MF250720:I:23,1,1,1,1,1,0,0,20250720,20251223
GNE:GOAO052:52:051MF250720:I:24,1,1,1,1,1,0,0,20250720,20251223
GNE:GOAO052:52:051MF250720:I:25,1,1,1,1,1,0,0,20250720,20251223
GNE:GOAO052:52:051MF250720:I:26,1,1,1,1,1,0,0,20250720,20251223
GNE:GOAO052:52:051MF250720:I:27,1,1,1,1,1,0,0,20250720,20251223
GNE:GOAO052:52:051MF250720:I:28,1,1,1,1,1,0,0,20250720,20251223
GNE:GOAO052:52:051MF250720:I:29,1,1,1,1,1,0,0,20250720,20251223
GNE:GOAO052:52:051MF250720:I:30,1,1,1,1,1,0,0,20250720,20251223
GNE:GOAO052:52:051MF250720:I:31,1,1,1,1,1,0,0,20250720,20251223
GNE:GOAO052:52:051MF250720:I:32,1,1,1,1,1,0,0,20250720,20251223
GNE:GOAO052:52:051MF250720:I:33,1,1,1,1,1,0,0,20250720,20251223
GNE:GOAO052:52:051MF250720:I:34,1,1,1,1,1,0,0,20250720,20251223
GNE:GOAO052:52:051MF250720:I:35,1,1,1,1,1,0,0,20250720,20251223
GNE:GOAO052:52:051MF250720:I:36,1,1,1,1,1,0,0,20250720,20251223
GNE:GOAO052:52:051MF250720:I:37,1,1,1,1,1,0,0,20250720,20251223
GNE:GOAO052:52:051MF250720:I:38,1,1,1,1,1,0,0,20250720,20251223
GNE:GOAO052:52:051MF250720:I:39,1,1,1,1,1,0,0,20250720,20251223
GNE:GOAO052:52:051MF250720:I:40,1,1,1,1,1,0,0,20250720,20251223
GNE:GOAO052:52:051MF250720:I:41,1,1,1,1,1,0,0,20250720,20251223
GNE:GOAO052:52:051MF250720:I:42,1,1,1,1,1,0,0,20250720,20251223
GNE:GOAO052:52:051MF250720:I:43,1,1,1,1,1,0,0,20250720,20251223
GNE:GOAO052:52:051MF250720:I:44,1,1,1,1,1,0,0,20250720,20251223
GNE:GOAO052:52:051MF250720:I:45,1,1,1,1,1,0,0,20250720,20251223
GNE:GOAO052:52:051MF250720:I:46,1,1,1,1,1,0,0,20250720,20251223
GNE:GOAO052:52:051MF250720:I:47,1,1,1,1,1,0,0,20250720,20251223
GNE:GOAO052:52:051MF250720:I:48,1,1,1,1,1,0,0,20250720,20251223
GNE:GOAO052:52:051SA250720:I:1,0,0,0,0,0,1,0,20250720,20251223
GNE:GOAO052:52:051SA250720:I:2,0,0,0,0,0,1,0,20250720,20251223
GNE:GOAO052:52:051SA250720:I:3,0,0,0,0,0,1,0,20250720,20251223
GNE:GOAO052:52:051SA250720:I:4,0,0,0,0,0,1,0,20250720,20251223
GNE:GOAO052:52:051SA250720:I:5,0,0,0,0,0,1,0,20250720,20251223
GNE:GOAO052:52:051SA250720:I:6,0,0,0,0,0,1,0,20250720,20251223
GNE:GOAO052:52:051SA250720:I:7,0,0,0,0,0,1,0,20250720,20251223
GNE:GOAO052:52:051SA250720:I:8,0,0,0,0,0,1,0,20250720,20251223
GNE:GOAO052:52:051SA250720:I:9,0,0,0,0,0,1,0,20250720,20251223
GNE:GOAO052:52:051SA250720:I:10,0,0,0,0,0,1,0,20250720,20251223
GNE:GOAO052:52:051SA250720:I:11,0,0,0,0,0,1,0,20250720,20251223
GNE:GOAO052:52:051SA250720:I:12,0,0,0,0,0,1,0,20250720,20251223
GNE:GOAO052:52:051SA250720:I:13,0,0,0,0,0,1,0,20250720,20251223
GNE:GOAO052:52:051SA250720:I:14,0,0,0,0,0,1,0,20250720,20251223
GNE:GOAO052:52:051SA250720:I:15,0,0,0,0,0,1,0,20250720,20251223
GNE:GOAO052:52:051SA250720:I:16,0,0,0,0,0,1,0,20250720,20251223
GNE:GOAO052:52:051SA250720:I:17,0,0,0,0,0,1,0,20250720,20251223
GNE:GOAO052:52:051SA250720:I:18,0,0,0,0,0,1,0,20250720,20251223
GNE:GOAO052:52:051SA250720:I:19,0,0,0,0,0,1,0,20250720,20251223
GNE:GOAO052:52:051SA250720:I:20,0,0,0,0,0,1,0,20250720,20251223
GNE:GOAO052:52:051SA250720:I:21,0,0,0,0,0,1,0,20250720,20251223
GNE:GOAO052:52:051SA250720:I:22,0,0,0,0,0,1,0,20250720,20251223
GNE:GOAO052:52:051SA250720:I:23,0,0,0,0,0,1,0,20250720,20251223
GNE:GOAO052:52:051SA250720:I:24,0,0,0,0,0,1,0,20250720,20251223
GNE:GOAO052:52:051SA250720:I:25,0,0,0,0,0,1,0,20250720,20251223
GNE:GOAO052:52:051SA250720:I:26,0,0,0,0,0,1,0,20250720,20251223
GNE:GOAO052:52:051SA250720:I:27,0,0,0,0,0,1,0,20250720,20251223
GNE:GOAO052:52:051SA250720:I:28,0,0,0,0,0,1,0,20250720,20251223
GNE:GOAO052:52:051SA250720:I:29,0,0,0,0,0,1,0,20250720,20251223
GNE:GOAO052:52:051SA250720:I:30,0,0,0,0,0,1,0,20250720,20251223
GNE:GOAO052:52:051SA250720:I:31,0,0,0,0,0,1,0,20250720,20251223
GNE:GOAO052:52:051SA250720:I:32,0,0,0,0,0,1,0,20250720,20251223
GNE:GOAO052:52:051SA250720:I:33,0,0,0,0,0,1,0,20250720,20251223
GNE:GOAO052:52:051SA250720:I:34,0,0,0,0,0,1,0,20250720,20251223
GNE:GOAO052:52:051SA250720:I:35,0,0,0,0,0,1,0,20250720,20251223
GNE:GOAO052:52:051SA250720:I:36,0,0,0,0,0,1,0,20250720,20251223
GNE:GOAO052:52:051SA250720:I:37,0,0,0,0,0,1,0,20250720,20251223
GNE:GOAO052:52:051SA250720:I:38,0,0,0,0,0,1,0,20250720,20251223
GNE:GOAO052:52:051SA250720:I:39,0,0,0,0,0,1,0,20250720,20251223
GNE:GOAO052:52:051SA250720:I:40,0,0,0,0,0,1,0,20250720,20251223
GNE:GOAO052:52:051SA250720:I:41,0,0,0,0,0,1,0,20250720,20251223
GNE:GOAO052:52:051SA250720:I:42,0,0,0,0,0,1,0,20250720,20251223
GNE:GOAO052:52:051SA250720:I:43,0,0,0,0,0,1,0,20250720,20251223
GNE:GOAO052:52:051SA250720:I:44,0,0,0,0,0,1,0,20250720,20251223
GNE:GOAO052:52:051SA250720:I:45,0,0,0,0,0,1,0,20250720,20251223
GNE:GOAO052:52:051SA250720:I:46,0,0,0,0,0,1,0,20250720,20251223
GNE:GOAO052:52:051SU250720:I:1,0,0,0,0,0,0,1,20250720,20251223
GNE:GOAO052:52:051SU250720:I:2,0,0,0,0,0,0,1,20250720,20251223
GNE:GOAO052:52:051SU250720:I:3,0,0,0,0,0,0,1,20250720,20251223
GNE:GOAO052:52:051SU250720:I:4,0,0,0,0,0,0,1,20250720,20251223
GNE:GOAO052:52:051SU250720:I:5,0,0,0,0,0,0,1,20250720,20251223
GNE:GOAO052:52:051SU250720:I:6,0,0,0,0,0,0,1,20250720,20251223
GNE:GOAO052:52:051SU250720:I:7,0,0,0,0,0,0,1,20250720,20251223
GNE:GOAO052:52:051SU250720:I:8,0,0,0,0,0,0,1,20250720,20251223
GNE:GOAO052:52:051SU250720:I:9,0,0,0,0,0,0,1,20250720,20251223
GNE:GOAO052:52:051SU250720:I:10,0,0,0,0,0,0,1,20250720,20251223
GNE:GOAO052:52:051SU250720:I:11,0,0,0,0,0,0,1,20250720,20251223
GNE:GOAO052:52:051SU250720:I:12,0,0,0,0,0,0,1,20250720,20251223
GNE:GOAO052:52:051SU250720:I:13,0,0,0,0,0,0,1,20250720,20251223
GNE:GOAO052:52:051SU250720:I:14,0,0,0,0,0,0,1,20250720,20251223
GNE:GOAO052:52:051SU250720:I:15,0,0,0,0,0,0,1,20250720,20251223
GNE:GOAO052:52:051SU250720:I:16,0,0,0,0,0,0,1,20250720,20251223
GNE:GOAO052:52:051SU250720:I:17,0,0,0,0,0,0,1,20250720,20251223
GNE:GOAO052:52:051SU250720:I:18,0,0,0,0,0,0,1,20250720,20251223
GNE:GOAO052:52:051SU250720:I:19,0,0,0,0,0,0,1,20250720,20251223
GNE:GOAO052:52:051SU250720:I:20,0,0,0,0,0,0,1,20250720,20251223
GNE:GOAO052:52:051SU250720:I:21,0,0,0,0,0,0,1,20250720,20251223
GNE:GOAO052:52:051SU250720:I:22,0,0,0,0,0,0,1,20250720,20251223
GNE:GOAO052:52:051SU250720:I:23,0,0,0,0,0,0,1,20250720,20251223
GNE:GOAO052:52:051SU250720:I:24,0,0,0,0,0,0,1,20250720,20251223
GNE:GOAO052:52:051SU250720:I:25,0,0,0,0,0,0,1,20250720,20251223
GNE:GOAO052:52:051SU250720:I:26,0,0,0,0,0,0,1,20250720,20251223
GNE:GOAO052:52:051SU250720:I:27,0,0,0,0,0,0,1,20250720,20251223
GNE:GOAO052:52:051SU250720:I:28,0,0,0,0,0,0,1,20250720,20251223
GNE:GOAO052:52:051SU250720:I:29,0,0,0,0,0,0,1,20250720,20251223
GNE:GOAO052:52:051SU250720:I:30,0,0,0,0,0,0,1,20250720,20251223
GNE:GOAO052:52:051SU250720:I:31,0,0,0,0,0,0,1,20250720,20251223
GNE:GOAO052:52:051SU250720:I:32,0,0,0,0,0,0,1,20250720,20251223
GNE:GOAO052:52:051SU250720:I:33,0,0,0,0,0,0,1,20250720,20251223
GNE:GOAO052:52:051SU250720:I:34,0,0,0,0,0,0,1,20250720,20251223
GNE:GOAO052:52:051SU250720:I:35,0,0,0,0,0,0,1,20250720,20251223
GNE:GOAO053:53:053MF250720:O:1,1,1,1,1,1,0,0,20250720,20251223
GNE:GOAO053:53:053MF250720:O:2,1,1,1,1,1,0,0,20250720,20251223
GNE:GOAO053:53:053MF250720:O:3,1,1,1,1,1,0,0,20250720,20251223
GNE:GOAO053:53:053MF250720:O:4,1,1,1,1,1,0,0,20250720,20251223
GNE:GOAO053:53:053MF250720:O:5,1,1,1,1,1,0,0,20250720,20251223
GNE:GOAO053:53:053MF250720:O:6,1,1,1,1,1,0,0,20250720,20251223
GNE:GOAO053:53:053MF250720:O:7,1,1,1,1,1,0,0,20250720,20251223
GNE:GOAO053:53:053MF250720:O:8,1,1,1,1,1,0,0,20250720,20251223
GNE:GOAO053:53:053MF250720:O:9,1,1,1,1,1,0,0,20250720,20251223
GNE:GOAO053:53:053MF250720:O:10,1,1,1,1,1,0,0,20250720,20251223
GNE:GOAO053:53:053MF250720:O:11,1,1,1,1,1,0,0,20250720,20251223
GNE:GOAO053:53:053MF250720:O:12,1,1,1,1,1,0,0,20250720,20251223
GNE:GOAO053:53:053MF250720:O:13,1,1,1,1,1,0,0,20250720,20251223
GNE:GOAO053:53:053MF250720:O:14,1,1,1,1,1,0,0,20250720,20251223
GNE:GOAO053:53:053MF250720:O:15,1,1,1,1,1,0,0,20250720,20251223
GNE:GOAO053:53:053MF250720:O:16,1,1,1,1,1,0,0,20250720,20251223
GNE:GOAO053:53:053MF250720:O:17,1,1,1,1,1,0,0,20250720,20251223
GNE:GOAO053:53:053MF250720:O:18,1,1,1,1,1,0,0,20250720,20251223
GNE:GOAO053:53:053MF250720:O:19,1,1,1,1,1,0,0,20250720,20251223
GNE:GOAO053:53:053MF250720:O:20,1,1,1,1,1,0,0,20250720,20251223
GNE:GOAO053:53:053MF250720:O:21,1,1,1,1,1,0,0,20250720,20251223
GNE:GOAO053:53:053MF250720:O:22,1,1,1,1,1,0,0,20250720,20251223
GNE:GOAO053:53:053MF250720:O:23,1,1,1,1,1,0,0,20250720,20251223
GNE:GOAO053:53:053MF250720:O:24,1,1,1,1,1,0,0,20250720,20251223
GNE:GOAO053:53:053MF250720:O:25,1,1,1,1,1,0,0,20250720,20251223
GNE:GOAO053:53:053MF250720:O:26,1,1,1,1,1,0,0,20250720,20251223
GNE:GOAO053:53:053MF250720:O:27,1,1,1,1,1,0,0,20250720,20251223
GNE:GOAO053:53:053MF250720:O:28,1,1,1,1,1,0,0,20250720,20251223
GNE:GOAO053:53:053MF250720:O:29,1,1,1,1,1,0,0,20250720,20251223
GNE:GOAO053:53:053MF250720:O:30,1,1,1,1,1,0,0,20250720,20251223
GNE:GOAO053:53:053MF250720:O:31,1,1,1,1,1,0,0,20250720,20251223
GNE:GOAO053:53:053MF250720:O:32,1,1,1,1,1,0,0,20250720,20251223
GNE:GOAO053:53:053MF250720:O:33,1,1,1,1,1,0,0,20250720,20251223
GNE:GOAO053:53:053MF250720:O:34,1,1,1,1,1,0,0,20250720,20251223
GNE:GOAO053:53:053MF250720:O:35,1,1,1,1,1,0,0,20250720,20251223
GNE:GOAO053:53:053MF250720:O:36,1,1,1,1,1,0,0,20250720,20251223
GNE:GOAO053:53:053MF250720:O:37,1,1,1,1,1,0,0,20250720,20251223
GNE:GOAO053:53:053MF250720:O:38,1,1,1,1,1,0,0,20250720,20251223
GNE:GOAO053:53:053MF250720:O:39,1,1,1,1,1,0,0,20250720,20251223
GNE:GOAO053:53:053MF250720:O:40,1,1,1,1,1,0,0,20250720,20251223
GNE:GOAO053:53:053MF250720:O:41,1,1,1,1,1,0,0,20250720,20251223
GNE:GOAO053:53:053MF250720:O:42,1,1,1,1,1,0,0,20250720,20251223
GNE:GOAO053:53:053MF250720:O:43,1,1,1,1,1,0,0,20250720,20251223
GNE:GOAO053:53:053MF250720:O:44,1,1,1,1,1,0,0,20250720,20251223
GNE:GOAO053:53:053MF250720:O:45,1,1,1,1,1,0,0,20250720,20251223
GNE:GOAO053:53:053MF250720:O:46,1,1,1,1,1,0,0,20250720,20251223
GNE:GOAO053:53:053MF250720:O:47,1,1,1,1,1,0,0,20250720,20251223
GNE:GOAO053:53:053MF250720:O:48,1,1,1,1,1,0,0,20250720,20251223
GNE:GOAO053:53:053MF250720:O:49,1,1,1,1,1,0,0,20250720,20251223
GNE:GOAO053:53:053MF250720:O:50,1,1,1,1,1,0,0,20250720,20251223
GNE:GOAO053:53:053MF250720:O:51,1,1,1,1,1,0,0,20250720,20251223
GNE:GOAO053:53:053MF250720:O:52,1,1,1,1,1,0,0,20250720,20251223
GNE:GOAO053:53:053MF250720:O:53,1,1,1,1,1,0,0,20250720,20251223
GNE:GOAO053:53:053MF250720:O:54,1,1,1,1,1,0,0,20250720,20251223
GNE:GOAO053:53:053MF250720:O:55,1,1,1,1,1,0,0,20250720,20251223
GNE:GOAO053:53:053MF250720:O:56,1,1,1,1,1,0,0,20250720,20251223
GNE:GOAO053:53:053MF250720:O:57,1,1,1,1,1,0,0,20250720,20251223
GNE:GOAO053:53:053MF250720:O:58,1,1,1,1,1,0,0,20250720,20251223
GNE:GOAO053:53:053MF250720:O:59,1,1,1,1,1,0,0,20250720,20251223
GNE:GOAO053:53:053MF250720:O:60,1,1,1,1,1,0,0,20250720,20251223
GNE:GOAO053:53:053MF250720:O:61,1,1,1,1,1,0,0,20250720,20251223
GNE:GOAO053:53:053SA250720:O:1,0,0,0,0,0,1,0,20250720,20251223
GNE:GOAO053:53:053SA250720:O:2,0,0,0,0,0,1,0,20250720,20251223
GNE:GOAO053:53:053SA250720:O:3,0,0,0,0,0,1,0,20250720,20251223
GNE:GOAO053:53:053SA250720:O:4,0,0,0,0,0,1,0,20250720,20251223
GNE:GOAO053:53:053SA250720:O:5,0,0,0,0,0,1,0,20250720,20251223
GNE:GOAO053:53:053SA250720:O:6,0,0,0,0,0,1,0,20250720,20251223
GNE:GOAO053:53:053SA250720:O:7,0,0,0,0,0,1,0,20250720,20251223
GNE:GOAO053:53:053SA250720:O:8,0,0,0,0,0,1,0,20250720,20251223
GNE:GOAO053:53:053SA250720:O:9,0,0,0,0,0,1,0,20250720,20251223
GNE:GOAO053:53:053SA250720:O:10,0,0,0,0,0,1,0,20250720,20251223
GNE:GOAO053:53:053SA250720:O:11,0,0,0,0,0,1,0,20250720,20251223
GNE:GOAO053:53:053SA250720:O:12,0,0,0,0,0,1,0,20250720,20251223
GNE:GOAO053:53:053SA250720:O:13,0,0,0,0,0,1,0,20250720,20251223
GNE:GOAO053:53:053SA250720:O:14,0,0,0,0,0,1,0,20250720,20251223
GNE:GOAO053:53:053SA250720:O:15,0,0,0,0,0,1,0,20250720,20251223
GNE:GOAO053:53:053SA250720:O:16,0,0,0,0,0,1,0,20250720,20251223
GNE:GOAO053:53:053SA250720:O:17,0,0,0,0,0,1,0,20250720,20251223
GNE:GOAO053:53:053SA250720:O:18,0,0,0,0,0,1,0,20250720,20251223
GNE:GOAO053:53:053SA250720:O:19,0,0,0,0,0,1,0,20250720,20251223
GNE:GOAO053:53:053SA250720:O:20,0,0,0,0,0,1,0,20250720,20251223
GNE:GOAO053:53:053SA250720:O:21,0,0,0,0,0,1,0,20250720,20251223
GNE:GOAO053:53:053SA250720:O:22,0,0,0,0,0,1,0,20250720,20251223
GNE:GOAO053:53:053SA250720:O:23,0,0,0,0,0,1,0,20250720,20251223
GNE:GOAO053:53:053SA250720:O:24,0,0,0,0,0,1,0,20250720,20251223
GNE:GOAO053:53:053SA250720:O:25,0,0,0,0,0,1,0,20250720,20251223
GNE:GOAO053:53:053SA250720:O:26,0,0,0,0,0,1,0,20250720,20251223
GNE:GOAO053:53:053SA250720:O:27,0,0,0,0,0,1,0,20250720,20251223
GNE:GOAO053:53:053SA250720:O:28,0,0,0,0,0,1,0,20250720,20251223
GNE:GOAO053:53:053SA250720:O:29,0,0,0,0,0,1,0,20250720,20251223
GNE:GOAO053:53:053SA250720:O:30,0,0,0,0,0,1,0,20250720,20251223
GNE:GOAO053:53:053SA250720:O:31,0,0,0,0,0,1,0,20250720,20251223
GNE:GOAO053:53:053SA250720:O:32,0,0,0,0,0,1,0,20250720,20251223
GNE:GOAO053:53:053SA250720:O:33,0,0,0,0,0,1,0,20250720,20251223
GNE:GOAO053:53:053SA250720:O:34,0,0,0,0,0,1,0,20250720,20251223
GNE:GOAO053:53:053SA250720:O:35,0,0,0,0,0,1,0,20250720,20251223
GNE:GOAO053:53:053SA250720:O:36,0,0,0,0,0,1,0,20250720,20251223
GNE:GOAO053:53:053SA250720:O:37,0,0,0,0,0,1,0,20250720,20251223
GNE:GOAO053:53:053SA250720:O:38,0,0,0,0,0,1,0,20250720,20251223
GNE:GOAO053:53:053SA250720:O:39,0,0,0,0,0,1,0,20250720,20251223
GNE:GOAO053:53:053SA250720:O:40,0,0,0,0,0,1,0,20250720,20251223
GNE:GOAO053:53:053SA250720:O:41,0,0,0,0,0,1,0,20250720,20251223
GNE:GOAO053:53:053SA250720:O:42,0,0,0,0,0,1,0,20250720,20251223
GNE:GOAO053:53:053SA250720:O:43,0,0,0,0,0,1,0,20250720,20251223
GNE:GOAO053:53:053SA250720:O:44,0,0,0,0,0,1,0,20250720,20251223
GNE:GOAO053:53:053SA250720:O:45,0,0,0,0,0,1,0,20250720,20251223
GNE:GOAO053:53:053SA250720:O:46,0,0,0,0,0,1,0,20250720,20251223
GNE:GOAO053:53:053SA250720:O:47,0,0,0,0,0,1,0,20250720,20251223
GNE:GOAO053:53:053SA250720:O:48,0,0,0,0,0,1,0,20250720,20251223
GNE:GOAO053:53:053SA250720:O:49,0,0,0,0,0,1,0,20250720,20251223
GNE:GOAO053:53:053SA250720:O:50,0,0,0,0,0,1,0,20250720,20251223
GNE:GOAO053:53:053SA250720:O:51,0,0,0,0,0,1,0,20250720,20251223
GNE:GOAO053:53:053SA250720:O:52,0,0,0,0,0,1,0,20250720,20251223
GNE:GOAO053:53:053SA250720:O:53,0,0,0,0,0,1,0,20250720,20251223
GNE:GOAO053:53:053SA250720:O:54,0,0,0,0,0,1,0,20250720,20251223
GNE:GOAO053:53:053SA250720:O:55,0,0,0,0,0,1,0,20250720,20251223
GNE:GOAO053:53:053SA250720:O:56,0,0,0,0,0,1,0,20250720,20251223
GNE:GOAO053:53:053SA250720:O:57,0,0,0,0,0,1,0,20250720,20251223
GNE:GOAO053:53:053SU250720:O:1,0,0,0,0,0,0,1,20250720,20251223
GNE:GOAO053:53:053SU250720:O:2,0,0,0,0,0,0,1,20250720,20251223
GNE:GOAO053:53:053SU250720:O:3,0,0,0,0,0,0,1,20250720,20251223
GNE:GOAO053:53:053SU250720:O:4,0,0,0,0,0,0,1,20250720,20251223
GNE:GOAO053:53:053SU250720:O:5,0,0,0,0,0,0,1,20250720,20251223
GNE:GOAO053:53:053SU250720:O:6,0,0,0,0,0,0,1,20250720,20251223
GNE:GOAO053:53:053SU250720:O:7,0,0,0,0,0,0,1,20250720,20251223
GNE:GOAO053:53:053SU250720:O:8,0,0,0,0,0,0,1,20250720,20251223
GNE:GOAO053:53:053SU250720:O:9,0,0,0,0,0,0,1,20250720,20251223
GNE:GOAO053:53:053SU250720:O:10,0,0,0,0,0,0,1,20250720,20251223
GNE:GOAO053:53:053SU250720:O:11,0,0,0,0,0,0,1,20250720,20251223
GNE:GOAO053:53:053SU250720:O:12,0,0,0,0,0,0,1,20250720,20251223
GNE:GOAO053:53:053SU250720:O:13,0,0,0,0,0,0,1,20250720,20251223
GNE:GOAO053:53:053SU250720:O:14,0,0,0,0,0,0,1,20250720,20251223
GNE:GOAO053:53:053SU250720:O:15,0,0,0,0,0,0,1,20250720,20251223
GNE:GOAO053:53:053SU250720:O:16,0,0,0,0,0,0,1,20250720,20251223
GNE:GOAO053:53:053SU250720:O:17,0,0,0,0,0,0,1,20250720,20251223
GNE:GOAO053:53:053SU250720:O:18,0,0,0,0,0,0,1,20250720,20251223
GNE:GOAO053:53:053SU250720:O:19,0,0,0,0,0,0,1,20250720,20251223
GNE:GOAO053:53:053SU250720:O:20,0,0,0,0,0,0,1,20250720,20251223
GNE:GOAO053:53:053SU250720:O:21,0,0,0,0,0,0,1,20250720,20251223
GNE:GOAO053:53:053SU250720:O:22,0,0,0,0,0,0,1,20250720,20251223
GNE:GOAO053:53:053SU250720:O:23,0,0,0,0,0,0,1,20250720,20251223
GNE:GOAO053:53:053SU250720:O:24,0,0,0,0,0,0,1,20250720,20251223
GNE:GOAO053:53:053SU250720:O:25,0,0,0,0,0,0,1,20250720,20251223
GNE:GOAO053:53:053SU250720:O:26,0,0,0,0,0,0,1,20250720,20251223
GNE:GOAO053:53:053SU250720:O:27,0,0,0,0,0,0,1,20250720,20251223
GNE:GOAO053:53:053SU250720:O:28,0,0,0,0,0,0,1,20250720,20251223
GNE:GOAO053:53:053SU250720:O:29,0,0,0,0,0,0,1,20250720,20251223
GNE:GOAO053:53:053SU250720:O:30,0,0,0,0,0,0,1,20250720,20251223
GNE:GOAO053:53:053SU250720:O:31,0,0,0,0,0,0,1,20250720,20251223
GNE:GOAO053:53:053SU250720:O:32,0,0,0,0,0,0,1,20250720,20251223
GNE:GOAO053:53:053SU250720:O:33,0,0,0,0,0,0,1,20250720,20251223
GNE:GOAO053:53:053SU250720:O:34,0,0,0,0,0,0,1,20250720,20251223
GNE:GOAO053:53:053SU250720:O:35,0,0,0,0,0,0,1,20250720,20251223
GNE:GOAO053:53:053SU250720:O:36,0,0,0,0,0,0,1,20250720,20251223
GNE:GOAO053:53:053SU250720:O:37,0,0,0,0,0,0,1,20250720,20251223
GNE:GOAO053:53:053SU250720:O:38,0,0,0,0,0,0,1,20250720,20251223
GNE:GOAO053:53:053SU250720:O:39,0,0,0,0,0,0,1,20250720,20251223
GNE:GOAO053:53:053SU250720:O:40,0,0,0,0,0,0,1,20250720,20251223
GNE:GOAO054:54:053MF250720:I:1,1,1,1,1,1,0,0,20250720,20251223
GNE:GOAO054:54:053MF250720:I:2,1,1,1,1,1,0,0,20250720,20251223
GNE:GOAO054:54:053MF250720:I:3,1,1,1,1,1,0,0,20250720,20251223
GNE:GOAO054:54:053MF250720:I:4,1,1,1,1,1,0,0,20250720,20251223
GNE:GOAO054:54:053MF250720:I:5,1,1,1,1,1,0,0,20250720,20251223
GNE:GOAO054:54:053MF250720:I:6,1,1,1,1,1,0,0,20250720,20251223
GNE:GOAO054:54:053MF250720:I:7,1,1,1,1,1,0,0,20250720,20251223
GNE:GOAO054:54:053MF250720:I:8,1,1,1,1,1,0,0,20250720,20251223
GNE:GOAO054:54:053MF250720:I:9,1,1,1,1,1,0,0,20250720,20251223
GNE:GOAO054:54:053MF250720:I:10,1,1,1,1,1,0,0,20250720,20251223
GNE:GOAO054:54:053MF250720:I:11,1,1,1,1,1,0,0,20250720,20251223
GNE:GOAO054:54:053MF250720:I:12,1,1,1,1,1,0,0,20250720,20251223
GNE:GOAO054:54:053MF250720:I:13,1,1,1,1,1,0,0,20250720,20251223
GNE:GOAO054:54:053MF250720:I:14,1,1,1,1,1,0,0,20250720,20251223
GNE:GOAO054:54:053MF250720:I:15,1,1,1,1,1,0,0,20250720,20251223
GNE:GOAO054:54:053MF250720:I:16,1,1,1,1,1,0,0,20250720,20251223
GNE:GOAO054:54:053MF250720:I:17,1,1,1,1,1,0,0,20250720,20251223
GNE:GOAO054:54:053MF250720:I:18,1,1,1,1,1,0,0,20250720,20251223
GNE:GOAO054:54:053MF250720:I:19,1,1,1,1,1,0,0,20250720,20251223
GNE:GOAO054:54:053MF250720:I:20,1,1,1,1,1,0,0,20250720,20251223
GNE:GOAO054:54:053MF250720:I:21,1,1,1,1,1,0,0,20250720,20251223
GNE:GOAO054:54:053MF250720:I:22,1,1,1,1,1,0,0,20250720,20251223
GNE:GOAO054:54:053MF250720:I:23,1,1,1,1,1,0,0,20250720,20251223
GNE:GOAO054:54:053MF250720:I:24,1,1,1,1,1,0,0,20250720,20251223
GNE:GOAO054:54:053MF250720:I:25,1,1,1,1,1,0,0,20250720,20251223
GNE:GOAO054:54:053MF250720:I:26,1,1,1,1,1,0,0,20250720,20251223
GNE:GOAO054:54:053MF250720:I:27,1,1,1,1,1,0,0,20250720,20251223
GNE:GOAO054:54:053MF250720:I:28,1,1,1,1,1,0,0,20250720,20251223
GNE:GOAO054:54:053MF250720:I:29,1,1,1,1,1,0,0,20250720,20251223
GNE:GOAO054:54:053MF250720:I:30,1,1,1,1,1,0,0,20250720,20251223
GNE:GOAO054:54:053MF250720:I:31,1,1,1,1,1,0,0,20250720,20251223
GNE:GOAO054:54:053MF250720:I:32,1,1,1,1,1,0,0,20250720,20251223
GNE:GOAO054:54:053MF250720:I:33,1,1,1,1,1,0,0,20250720,20251223
GNE:GOAO054:54:053MF250720:I:34,1,1,1,1,1,0,0,20250720,20251223
GNE:GOAO054:54:053MF250720:I:35,1,1,1,1,1,0,0,20250720,20251223
GNE:GOAO054:54:053MF250720:I:36,1,1,1,1,1,0,0,20250720,20251223
GNE:GOAO054:54:053MF250720:I:37,1,1,1,1,1,0,0,20250720,20251223
GNE:GOAO054:54:053MF250720:I:38,1,1,1,1,1,0,0,20250720,20251223
GNE:GOAO054:54:053MF250720:I:39,1,1,1,1,1,0,0,20250720,20251223
GNE:GOAO054:54:053MF250720:I:40,1,1,1,1,1,0,0,20250720,20251223
GNE:GOAO054:54:053MF250720:I:41,1,1,1,1,1,0,0,20250720,20251223
GNE:GOAO054:54:053MF250720:I:42,1,1,1,1,1,0,0,20250720,20251223
GNE:GOAO054:54:053MF250720:I:43,1,1,1,1,1,0,0,20250720,20251223
GNE:GOAO054:54:053MF250720:I:44,1,1,1,1,1,0,0,20250720,20251223
GNE:GOAO054:54:053MF250720:I:45,1,1,1,1,1,0,0,20250720,20251223
GNE:GOAO054:54:053MF250720:I:46,1,1,1,1,1,0,0,20250720,20251223
GNE:GOAO054:54:053MF250720:I:47,1,1,1,1,1,0,0,20250720,20251223
GNE:GOAO054:54:053MF250720:I:48,1,1,1,1,1,0,0,20250720,20251223
GNE:GOAO054:54:053MF250720:I:49,1,1,1,1,1,0,0,20250720,20251223
GNE:GOAO054:54:053MF250720:I:50,1,1,1,1,1,0,0,20250720,20251223
GNE:GOAO054:54:053MF250720:I:51,1,1,1,1,1,0,0,20250720,20251223
GNE:GOAO054:54:053MF250720:I:52,1,1,1,1,1,0,0,20250720,20251223
GNE:GOAO054:54:053MF250720:I:53,1,1,1,1,1,0,0,20250720,20251223
GNE:GOAO054:54:053MF250720:I:54,1,1,1,1,1,0,0,20250720,20251223
GNE:GOAO054:54:053MF250720:I:55,1,1,1,1,1,0,0,20250720,20251223
GNE:GOAO054:54:053MF250720:I:56,1,1,1,1,1,0,0,20250720,20251223
GNE:GOAO054:54:053MF250720:I:57,1,1,1,1,1,0,0,20250720,20251223
GNE:GOAO054:54:053MF250720:I:58,1,1,1,1,1,0,0,20250720,20251223
GNE:GOAO054:54:053MF250720:I:59,1,1,1,1,1,0,0,20250720,20251223
GNE:GOAO054:54:053MF250720:I:60,1,1,1,1,1,0,0,20250720,20251223
GNE:GOAO054:54:053MF250720:I:61,1,1,1,1,1,0,0,20250720,20251223
GNE:GOAO054:54:053MF250720:I:62,1,1,1,1,1,0,0,20250720,20251223
GNE:GOAO054:54:053MF250720:I:63,1,1,1,1,1,0,0,20250720,20251223
GNE:GOAO054:54:053SA250720:I:1,0,0,0,0,0,1,0,20250720,20251223
GNE:GOAO054:54:053SA250720:I:2,0,0,0,0,0,1,0,20250720,20251223
GNE:GOAO054:54:053SA250720:I:3,0,0,0,0,0,1,0,20250720,20251223
GNE:GOAO054:54:053SA250720:I:4,0,0,0,0,0,1,0,20250720,20251223
GNE:GOAO054:54:053SA250720:I:5,0,0,0,0,0,1,0,20250720,20251223
GNE:GOAO054:54:053SA250720:I:6,0,0,0,0,0,1,0,20250720,20251223
GNE:GOAO054:54:053SA250720:I:7,0,0,0,0,0,1,0,20250720,20251223
GNE:GOAO054:54:053SA250720:I:8,0,0,0,0,0,1,0,20250720,20251223
GNE:GOAO054:54:053SA250720:I:9,0,0,0,0,0,1,0,20250720,20251223
GNE:GOAO054:54:053SA250720:I:10,0,0,0,0,0,1,0,20250720,20251223
GNE:GOAO054:54:053SA250720:I:11,0,0,0,0,0,1,0,20250720,20251223
GNE:GOAO054:54:053SA250720:I:12,0,0,0,0,0,1,0,20250720,20251223
GNE:GOAO054:54:053SA250720:I:13,0,0,0,0,0,1,0,20250720,20251223
GNE:GOAO054:54:053SA250720:I:14,0,0,0,0,0,1,0,20250720,20251223
GNE:GOAO054:54:053SA250720:I:15,0,0,0,0,0,1,0,20250720,20251223
GNE:GOAO054:54:053SA250720:I:16,0,0,0,0,0,1,0,20250720,20251223
GNE:GOAO054:54:053SA250720:I:17,0,0,0,0,0,1,0,20250720,20251223
GNE:GOAO054:54:053SA250720:I:18,0,0,0,0,0,1,0,20250720,20251223
GNE:GOAO054:54:053SA250720:I:19,0,0,0,0,0,1,0,20250720,20251223
GNE:GOAO054:54:053SA250720:I:20,0,0,0,0,0,1,0,20250720,20251223
GNE:GOAO054:54:053SA250720:I:21,0,0,0,0,0,1,0,20250720,20251223
GNE:GOAO054:54:053SA250720:I:22,0,0,0,0,0,1,0,20250720,20251223
GNE:GOAO054:54:053SA250720:I:23,0,0,0,0,0,1,0,20250720,20251223
GNE:GOAO054:54:053SA250720:I:24,0,0,0,0,0,1,0,20250720,20251223
GNE:GOAO054:54:053SA250720:I:25,0,0,0,0,0,1,0,20250720,20251223
GNE:GOAO054:54:053SA250720:I:26,0,0,0,0,0,1,0,20250720,20251223
GNE:GOAO054:54:053SA250720:I:27,0,0,0,0,0,1,0,20250720,20251223
GNE:GOAO054:54:053SA250720:I:28,0,0,0,0,0,1,0,20250720,20251223
GNE:GOAO054:54:053SA250720:I:29,0,0,0,0,0,1,0,20250720,20251223
GNE:GOAO054:54:053SA250720:I:30,0,0,0,0,0,1,0,20250720,20251223
GNE:GOAO054:54:053SA250720:I:31,0,0,0,0,0,1,0,20250720,20251223
GNE:GOAO054:54:053SA250720:I:32,0,0,0,0,0,1,0,20250720,20251223
GNE:GOAO054:54:053SA250720:I:33,0,0,0,0,0,1,0,20250720,20251223
GNE:GOAO054:54:053SA250720:I:34,0,0,0,0,0,1,0,20250720,20251223
GNE:GOAO054:54:053SA250720:I:35,0,0,0,0,0,1,0,20250720,20251223
GNE:GOAO054:54:053SA250720:I:36,0,0,0,0,0,1,0,20250720,20251223
GNE:GOAO054:54:053SA250720:I:37,0,0,0,0,0,1,0,20250720,20251223
GNE:GOAO054:54:053SA250720:I:38,0,0,0,0,0,1,0,20250720,20251223
GNE:GOAO054:54:053SA250720:I:39,0,0,0,0,0,1,0,20250720,20251223
GNE:GOAO054:54:053SA250720:I:40,0,0,0,0,0,1,0,20250720,20251223
GNE:GOAO054:54:053SA250720:I:41,0,0,0,0,0,1,0,20250720,20251223
GNE:GOAO054:54:053SA250720:I:42,0,0,0,0,0,1,0,20250720,20251223
GNE:GOAO054:54:053SA250720:I:43,0,0,0,0,0,1,0,20250720,20251223
GNE:GOAO054:54:053SA250720:I:44,0,0,0,0,0,1,0,20250720,20251223
GNE:GOAO054:54:053SA250720:I:45,0,0,0,0,0,1,0,20250720,20251223
GNE:GOAO054:54:053SA250720:I:46,0,0,0,0,0,1,0,20250720,20251223
GNE:GOAO054:54:053SA250720:I:47,0,0,0,0,0,1,0,20250720,20251223
GNE:GOAO054:54:053SA250720:I:48,0,0,0,0,0,1,0,20250720,20251223
GNE:GOAO054:54:053SA250720:I:49,0,0,0,0,0,1,0,20250720,20251223
GNE:GOAO054:54:053SA250720:I:50,0,0,0,0,0,1,0,20250720,20251223
GNE:GOAO054:54:053SA250720:I:51,0,0,0,0,0,1,0,20250720,20251223
GNE:GOAO054:54:053SA250720:I:52,0,0,0,0,0,1,0,20250720,20251223
GNE:GOAO054:54:053SA250720:I:53,0,0,0,0,0,1,0,20250720,20251223
GNE:GOAO054:54:053SA250720:I:54,0,0,0,0,0,1,0,20250720,20251223
GNE:GOAO054:54:053SA250720:I:55,0,0,0,0,0,1,0,20250720,20251223
GNE:GOAO054:54:053SA250720:I:56,0,0,0,0,0,1,0,20250720,20251223
GNE:GOAO054:54:053SA250720:I:57,0,0,0,0,0,1,0,20250720,20251223
GNE:GOAO054:54:053SA250720:I:58,0,0,0,0,0,1,0,20250720,20251223
GNE:GOAO054:54:053SU250720:I:1,0,0,0,0,0,0,1,20250720,20251223
GNE:GOAO054:54:053SU250720:I:2,0,0,0,0,0,0,1,20250720,20251223
GNE:GOAO054:54:053SU250720:I:3,0,0,0,0,0,0,1,20250720,20251223
GNE:GOAO054:54:053SU250720:I:4,0,0,0,0,0,0,1,20250720,20251223
GNE:GOAO054:54:053SU250720:I:5,0,0,0,0,0,0,1,20250720,20251223
GNE:GOAO054:54:053SU250720:I:6,0,0,0,0,0,0,1,20250720,20251223
GNE:GOAO054:54:053SU250720:I:7,0,0,0,0,0,0,1,20250720,20251223
GNE:GOAO054:54:053SU250720:I:8,0,0,0,0,0,0,1,20250720,20251223
GNE:GOAO054:54:053SU250720:I:9,0,0,0,0,0,0,1,20250720,20251223
GNE:GOAO054:54:053SU250720:I:10,0,0,0,0,0,0,1,20250720,20251223
GNE:GOAO054:54:053SU250720:I:11,0,0,0,0,0,0,1,20250720,20251223
GNE:GOAO054:54:053SU250720:I:12,0,0,0,0,0,0,1,20250720,20251223
GNE:GOAO054:54:053SU250720:I:13,0,0,0,0,0,0,1,20250720,20251223
GNE:GOAO054:54:053SU250720:I:14,0,0,0,0,0,0,1,20250720,20251223
GNE:GOAO054:54:053SU250720:I:15,0,0,0,0,0,0,1,20250720,20251223
GNE:GOAO054:54:053SU250720:I:16,0,0,0,0,0,0,1,20250720,20251223
GNE:GOAO054:54:053SU250720:I:17,0,0,0,0,0,0,1,20250720,20251223
GNE:GOAO054:54:053SU250720:I:18,0,0,0,0,0,0,1,20250720,20251223
GNE:GOAO054:54:053SU250720:I:19,0,0,0,0,0,0,1,20250720,20251223
GNE:GOAO054:54:053SU250720:I:20,0,0,0,0,0,0,1,20250720,20251223
GNE:GOAO054:54:053SU250720:I:21,0,0,0,0,0,0,1,20250720,20251223
GNE:GOAO054:54:053SU250720:I:22,0,0,0,0,0,0,1,20250720,20251223
GNE:GOAO054:54:053SU250720:I:23,0,0,0,0,0,0,1,20250720,20251223
GNE:GOAO054:54:053SU250720:I:24,0,0,0,0,0,0,1,20250720,20251223
GNE:GOAO054:54:053SU250720:I:25,0,0,0,0,0,0,1,20250720,20251223
GNE:GOAO054:54:053SU250720:I:26,0,0,0,0,0,0,1,20250720,20251223
GNE:GOAO054:54:053SU250720:I:27,0,0,0,0,0,0,1,20250720,20251223
GNE:GOAO054:54:053SU250720:I:28,0,0,0,0,0,0,1,20250720,20251223
GNE:GOAO054:54:053SU250720:I:29,0,0,0,0,0,0,1,20250720,20251223
GNE:GOAO054:54:053SU250720:I:30,0,0,0,0,0,0,1,20250720,20251223
GNE:GOAO054:54:053SU250720:I:31,0,0,0,0,0,0,1,20250720,20251223
GNE:GOAO054:54:053SU250720:I:32,0,0,0,0,0,0,1,20250720,20251223
GNE:GOAO054:54:053SU250720:I:33,0,0,0,0,0,0,1,20250720,20251223
GNE:GOAO054:54:053SU250720:I:34,0,0,0,0,0,0,1,20250720,20251223
GNE:GOAO054:54:053SU250720:I:35,0,0,0,0,0,0,1,20250720,20251223
GNE:GOAO054:54:053SU250720:I:36,0,0,0,0,0,0,1,20250720,20251223
GNE:GOAO054:54:053SU250720:I:37,0,0,0,0,0,0,1,20250720,20251223
GNE:GOAO054:54:053SU250720:I:38,0,0,0,0,0,0,1,20250720,20251223
GNE:GOAO054:54:053SU250720:I:39,0,0,0,0,0,0,1,20250720,20251223
GNE:GOAO054:54:053SU250720:I:40,0,0,0,0,0,0,1,20250720,20251223
GNE:GOAO054:54:053SU250720:I:41,0,0,0,0,0,0,1,20250720,20251223
GNE:GOAO054:54:053SU250720:I:42,0,0,0,0,0,0,1,20250720,20251223
GNE:GOAO054:54:053SU250720:I:43,0,0,0,0,0,0,1,20250720,20251223
GNE:GOAO054:54:053SU250720:I:44,0,0,0,0,0,0,1,20250720,20251223
GNE:GOAO054:54:053SU250720:I:45,0,0,0,0,0,0,1,20250720,20251223
GNE:GOAO054:54:053SU250720:I:46,0,0,0,0,0,0,1,20250720,20251223
GNE:GONO054:54N:54NMF250720:O:1,1,1,1,1,1,0,0,20250720,20251223
GNE:GONO054:54N:54NMF250720:O:2,1,1,1,1,1,0,0,20250720,20251223
GNE:GONO054:54N:54NMF250720:O:3,1,1,1,1,1,0,0,20250720,20251223
GNE:GONO054:54N:54NMF250720:O:4,1,1,1,1,1,0,0,20250720,20251223
GNE:GONO054:54N:54NMF250720:I:1,1,1,1,1,1,0,0,20250720,20251223
GNE:GONO054:54N:54NMF250720:I:2,1,1,1,1,1,0,0,20250720,20251223
GNE:GONO054:54N:54NMF250720:I:3,1,1,1,1,1,0,0,20250720,20251223
GNE:GONO054:54N:54NMF250720:I:4,1,1,1,1,1,0,0,20250720,20251223
GNE:GONO054:54N:54NSA250720:O:1,0,0,0,0,0,1,0,20250720,20251223
GNE:GONO054:54N:54NSA250720:O:2,0,0,0,0,0,1,0,20250720,20251223
GNE:GONO054:54N:54NSA250720:O:3,0,0,0,0,0,1,0,20250720,20251223
GNE:GONO054:54N:54NSA250720:O:4,0,0,0,0,0,1,0,20250720,20251223
GNE:GONO054:54N:54NSA250720:I:1,0,0,0,0,0,1,0,20250720,20251223
GNE:GONO054:54N:54NSA250720:I:2,0,0,0,0,0,1,0,20250720,20251223
GNE:GONO054:54N:54NSA250720:I:3,0,0,0,0,0,1,0,20250720,20251223
GNE:GONO054:54N:54NSA250720:I:4,0,0,0,0,0,1,0,20250720,20251223
GNE:GONO054:54N:54NSU250720:O:1,0,0,0,0,0,0,1,20250720,20251223
GNE:GONO054:54N:54NSU250720:O:2,0,0,0,0,0,0,1,20250720,20251223
GNE:GONO054:54N:54NSU250720:O:3,0,0,0,0,0,0,1,20250720,20251223
GNE:GONO054:54N:54NSU250720:O:4,0,0,0,0,0,0,1,20250720,20251223
GNE:GONO054:54N:54NSU250720:O:5,0,0,0,0,0,0,1,20250720,20251223
GNE:GONO054:54N:54NSU250720:O:6,0,0,0,0,0,0,1,20250720,20251223
GNE:GONO054:54N:54NSU250720:O:7,0,0,0,0,0,0,1,20250720,20251223
GNE:GONO054:54N:54NSU250720:O:8,0,0,0,0,0,0,1,20250720,20251223
GNE:GONO054:54N:54NSU250720:O:9,0,0,0,0,0,0,1,20250720,20251223
GNE:GONO054:54N:54NSU250720:O:10,0,0,0,0,0,0,1,20250720,20251223
GNE:GONO054:54N:54NSU250720:O:11,0,0,0,0,0,0,1,20250720,20251223
GNE:GONO054:54N:54NSU250720:I:1,0,0,0,0,0,0,1,20250720,20251223
GNE:GONO054:54N:54NSU250720:I:2,0,0,0,0,0,0,1,20250720,20251223
GNE:GONO054:54N:54NSU250720:I:3,0,0,0,0,0,0,1,20250720,20251223
GNE:GONO054:54N:54NSU250720:I:4,0,0,0,0,0,0,1,20250720,20251223
GNE:GONO054:54N:54NSU250720:I:5,0,0,0,0,0,0,1,20250720,20251223
GNE:GONO054:54N:54NSU250720:I:6,0,0,0,0,0,0,1,20250720,20251223
GNE:GONO054:54N:54NSU250720:I:7,0,0,0,0,0,0,1,20250720,20251223
GNE:GONO054:54N:54NSU250720:I:8,0,0,0,0,0,0,1,20250720,20251223
GNE:GONO054:54N:54NSU250720:I:9,0,0,0,0,0,0,1,20250720,20251223
GNE:GONO054:54N:54NSU250720:I:10,0,0,0,0,0,0,1,20250720,20251223
GNE:GONO054:54N:54NSU250720:I:11,0,0,0,0,0,0,1,20250720,20251223
GNE:GOAO056:56:056MF250720:O:1,1,1,1,1,1,0,0,20250720,20251223
GNE:GOAO056:56:056MF250720:O:2,1,1,1,1,1,0,0,20250720,20251223
GNE:GOAO056:56:056MF250720:O:3,1,1,1,1,1,0,0,20250720,20251223
GNE:GOAO056:56:056MF250720:O:4,1,1,1,1,1,0,0,20250720,20251223
GNE:GOAO056:56:056MF250720:O:5,1,1,1,1,1,0,0,20250720,20251223
GNE:GOAO056:56:056MF250720:O:6,1,1,1,1,1,0,0,20250720,20251223
GNE:GOAO056:56:056MF250720:O:7,1,1,1,1,1,0,0,20250720,20251223
GNE:GOAO056:56:056MF250720:O:8,1,1,1,1,1,0,0,20250720,20251223
GNE:GOAO056:56:056MF250720:O:9,1,1,1,1,1,0,0,20250720,20251223
GNE:GOAO056:56:056MF250720:O:10,1,1,1,1,1,0,0,20250720,20251223
GNE:GOAO056:56:056MF250720:O:11,1,1,1,1,1,0,0,20250720,20251223
GNE:GOAO056:56:056MF250720:O:12,1,1,1,1,1,0,0,20250720,20251223
GNE:GOAO056:56:056MF250720:O:13,1,1,1,1,1,0,0,20250720,20251223
GNE:GOAO056:56:056MF250720:O:14,1,1,1,1,1,0,0,20250720,20251223
GNE:GOAO056:56:056MF250720:O:15,1,1,1,1,1,0,0,20250720,20251223
GNE:GOAO056:56:056MF250720:O:16,1,1,1,1,1,0,0,20250720,20251223
GNE:GOAO056:56:056MF250720:O:17,1,1,1,1,1,0,0,20250720,20251223
GNE:GOAO056:56:056MF250720:O:18,1,1,1,1,1,0,0,20250720,20251223
GNE:GOAO056:56:056MF250720:O:19,1,1,1,1,1,0,0,20250720,20251223
GNE:GOAO056:56:056MF250720:O:20,1,1,1,1,1,0,0,20250720,20251223
GNE:GOAO056:56:056MF250720:O:21,1,1,1,1,1,0,0,20250720,20251223
GNE:GOAO056:56:056MF250720:O:22,1,1,1,1,1,0,0,20250720,20251223
GNE:GOAO056:56:056MF250720:O:23,1,1,1,1,1,0,0,20250720,20251223
GNE:GOAO056:56:056MF250720:O:24,1,1,1,1,1,0,0,20250720,20251223
GNE:GOAO056:56:056MF250720:O:25,1,1,1,1,1,0,0,20250720,20251223
GNE:GOAO056:56:056MF250720:O:26,1,1,1,1,1,0,0,20250720,20251223
GNE:GOAO056:56:056MF250720:O:27,1,1,1,1,1,0,0,20250720,20251223
GNE:GOAO056:56:056MF250720:O:28,1,1,1,1,1,0,0,20250720,20251223
GNE:GOAO056:56:056MF250720:O:29,1,1,1,1,1,0,0,20250720,20251223
GNE:GOAO056:56:056MF250720:O:30,1,1,1,1,1,0,0,20250720,20251223
GNE:GOAO056:56:056MF250720:O:31,1,1,1,1,1,0,0,20250720,20251223
GNE:GOAO056:56:056MF250720:O:32,1,1,1,1,1,0,0,20250720,20251223
GNE:GOAO056:56:056MF250720:O:33,1,1,1,1,1,0,0,20250720,20251223
GNE:GOAO056:56:056MF250720:O:34,1,1,1,1,1,0,0,20250720,20251223
GNE:GOAO056:56:056MF250720:O:35,1,1,1,1,1,0,0,20250720,20251223
GNE:GOAO056:56:056MF250720:O:36,1,1,1,1,1,0,0,20250720,20251223
GNE:GOAO056:56:056MF250720:O:37,1,1,1,1,1,0,0,20250720,20251223
GNE:GOAO056:56:056MF250720:O:38,1,1,1,1,1,0,0,20250720,20251223
GNE:GOAO056:56:056MF250720:O:39,1,1,1,1,1,0,0,20250720,20251223
GNE:GOAO056:56:056MF250720:O:40,1,1,1,1,1,0,0,20250720,20251223
GNE:GOAO056:56:056MF250720:O:41,1,1,1,1,1,0,0,20250720,20251223
GNE:GOAO056:56:056MF250720:O:42,1,1,1,1,1,0,0,20250720,20251223
GNE:GOAO056:56:056MF250720:O:43,1,1,1,1,1,0,0,20250720,20251223
GNE:GOAO056:56:056MF250720:O:44,1,1,1,1,1,0,0,20250720,20251223
GNE:GOAO056:56:056MF250720:O:45,1,1,1,1,1,0,0,20250720,20251223
GNE:GOAO056:56:056MF250720:O:46,1,1,1,1,1,0,0,20250720,20251223
GNE:GOAO056:56:056MF250720:O:47,1,1,1,1,1,0,0,20250720,20251223
GNE:GOAO056:56:056MF250720:O:48,1,1,1,1,1,0,0,20250720,20251223
GNE:GOAO056:56:056MF250720:O:49,1,1,1,1,1,0,0,20250720,20251223
GNE:GOAO056:56:056MF250720:O:50,1,1,1,1,1,0,0,20250720,20251223
GNE:GOAO056:56:056MF250720:O:51,1,1,1,1,1,0,0,20250720,20251223
GNE:GOAO056:56:056MF250720:O:52,1,1,1,1,1,0,0,20250720,20251223
GNE:GOAO056:56:056MF250720:O:53,1,1,1,1,1,0,0,20250720,20251223
GNE:GOAO056:56:056MF250720:O:54,1,1,1,1,1,0,0,20250720,20251223
GNE:GOAO056:56:056MF250720:O:55,1,1,1,1,1,0,0,20250720,20251223
GNE:GOAO056:56:056MF250720:O:56,1,1,1,1,1,0,0,20250720,20251223
GNE:GOAO056:56:056MF250720:O:57,1,1,1,1,1,0,0,20250720,20251223
GNE:GOAO056:56:056MF250720:O:58,1,1,1,1,1,0,0,20250720,20251223
GNE:GOAO056:56:056MF250720:O:59,1,1,1,1,1,0,0,20250720,20251223
GNE:GOAO056:56:056MF250720:O:60,1,1,1,1,1,0,0,20250720,20251223
GNE:GOAO056:56:056MF250720:O:61,1,1,1,1,1,0,0,20250720,20251223
GNE:GOAO056:56:056MF250720:O:62,1,1,1,1,1,0,0,20250720,20251223
GNE:GOAO056:56:056MF250720:O:63,1,1,1,1,1,0,0,20250720,20251223
GNE:GOAO056:56:056MF250720:O:64,1,1,1,1,1,0,0,20250720,20251223
GNE:GOAO056:56:056MF250720:O:65,1,1,1,1,1,0,0,20250720,20251223
GNE:GOAO056:56:056MF250720:O:66,1,1,1,1,1,0,0,20250720,20251223
GNE:GOAO056:56:056MF250720:O:67,1,1,1,1,1,0,0,20250720,20251223
GNE:GOAO056:56:056MF250720:O:68,1,1,1,1,1,0,0,20250720,20251223
GNE:GOAO056:56:056MF250720:O:69,1,1,1,1,1,0,0,20250720,20251223
GNE:GOAO056:56:056MF250720:O:70,1,1,1,1,1,0,0,20250720,20251223
GNE:GOAO056:56:056MF250720:O:71,1,1,1,1,1,0,0,20250720,20251223
GNE:GOAO056:56:056MF250720:O:72,1,1,1,1,1,0,0,20250720,20251223
GNE:GOAO056:56:056MF250720:O:73,1,1,1,1,1,0,0,20250720,20251223
GNE:GOAO056:56:056MF250720:O:74,1,1,1,1,1,0,0,20250720,20251223
GNE:GOAO056:56:056MF250720:O:75,1,1,1,1,1,0,0,20250720,20251223
GNE:GOAO056:56:056MF250720:I:1,1,1,1,1,1,0,0,20250720,20251223
GNE:GOAO056:56:056MF250720:I:2,1,1,1,1,1,0,0,20250720,20251223
GNE:GOAO056:56:056MF250720:I:3,1,1,1,1,1,0,0,20250720,20251223
GNE:GOAO056:56:056MF250720:I:4,1,1,1,1,1,0,0,20250720,20251223
GNE:GOAO056:56:056MF250720:I:5,1,1,1,1,1,0,0,20250720,20251223
GNE:GOAO056:56:056MF250720:I:6,1,1,1,1,1,0,0,20250720,20251223
GNE:GOAO056:56:056MF250720:I:7,1,1,1,1,1,0,0,20250720,20251223
GNE:GOAO056:56:056MF250720:I:8,1,1,1,1,1,0,0,20250720,20251223
GNE:GOAO056:56:056MF250720:I:9,1,1,1,1,1,0,0,20250720,20251223
GNE:GOAO056:56:056MF250720:I:10,1,1,1,1,1,0,0,20250720,20251223
GNE:GOAO056:56:056MF250720:I:11,1,1,1,1,1,0,0,20250720,20251223
GNE:GOAO056:56:056MF250720:I:12,1,1,1,1,1,0,0,20250720,20251223
GNE:GOAO056:56:056MF250720:I:13,1,1,1,1,1,0,0,20250720,20251223
GNE:GOAO056:56:056MF250720:I:14,1,1,1,1,1,0,0,20250720,20251223
GNE:GOAO056:56:056MF250720:I:15,1,1,1,1,1,0,0,20250720,20251223
GNE:GOAO056:56:056MF250720:I:16,1,1,1,1,1,0,0,20250720,20251223
GNE:GOAO056:56:056MF250720:I:17,1,1,1,1,1,0,0,20250720,20251223
GNE:GOAO056:56:056MF250720:I:18,1,1,1,1,1,0,0,20250720,20251223
GNE:GOAO056:56:056MF250720:I:19,1,1,1,1,1,0,0,20250720,20251223
GNE:GOAO056:56:056MF250720:I:20,1,1,1,1,1,0,0,20250720,20251223
GNE:GOAO056:56:056MF250720:I:21,1,1,1,1,1,0,0,20250720,20251223
GNE:GOAO056:56:056MF250720:I:22,1,1,1,1,1,0,0,20250720,20251223
GNE:GOAO056:56:056MF250720:I:23,1,1,1,1,1,0,0,20250720,20251223
GNE:GOAO056:56:056MF250720:I:24,1,1,1,1,1,0,0,20250720,20251223
GNE:GOAO056:56:056MF250720:I:25,1,1,1,1,1,0,0,20250720,20251223
GNE:GOAO056:56:056MF250720:I:26,1,1,1,1,1,0,0,20250720,20251223
GNE:GOAO056:56:056MF250720:I:27,1,1,1,1,1,0,0,20250720,20251223
GNE:GOAO056:56:056MF250720:I:28,1,1,1,1,1,0,0,20250720,20251223
GNE:GOAO056:56:056MF250720:I:29,1,1,1,1,1,0,0,20250720,20251223
GNE:GOAO056:56:056MF250720:I:30,1,1,1,1,1,0,0,20250720,20251223
GNE:GOAO056:56:056MF250720:I:31,1,1,1,1,1,0,0,20250720,20251223
GNE:GOAO056:56:056MF250720:I:32,1,1,1,1,1,0,0,20250720,20251223
GNE:GOAO056:56:056MF250720:I:33,1,1,1,1,1,0,0,20250720,20251223
GNE:GOAO056:56:056MF250720:I:34,1,1,1,1,1,0,0,20250720,20251223
GNE:GOAO056:56:056MF250720:I:35,1,1,1,1,1,0,0,20250720,20251223
GNE:GOAO056:56:056MF250720:I:36,1,1,1,1,1,0,0,20250720,20251223
GNE:GOAO056:56:056MF250720:I:37,1,1,1,1,1,0,0,20250720,20251223
GNE:GOAO056:56:056MF250720:I:38,1,1,1,1,1,0,0,20250720,20251223
GNE:GOAO056:56:056MF250720:I:39,1,1,1,1,1,0,0,20250720,20251223
GNE:GOAO056:56:056MF250720:I:40,1,1,1,1,1,0,0,20250720,20251223
GNE:GOAO056:56:056MF250720:I:41,1,1,1,1,1,0,0,20250720,20251223
GNE:GOAO056:56:056MF250720:I:42,1,1,1,1,1,0,0,20250720,20251223
GNE:GOAO056:56:056MF250720:I:43,1,1,1,1,1,0,0,20250720,20251223
GNE:GOAO056:56:056MF250720:I:44,1,1,1,1,1,0,0,20250720,20251223
GNE:GOAO056:56:056MF250720:I:45,1,1,1,1,1,0,0,20250720,20251223
GNE:GOAO056:56:056MF250720:I:46,1,1,1,1,1,0,0,20250720,20251223
GNE:GOAO056:56:056MF250720:I:47,1,1,1,1,1,0,0,20250720,20251223
GNE:GOAO056:56:056MF250720:I:48,1,1,1,1,1,0,0,20250720,20251223
GNE:GOAO056:56:056MF250720:I:49,1,1,1,1,1,0,0,20250720,20251223
GNE:GOAO056:56:056MF250720:I:50,1,1,1,1,1,0,0,20250720,20251223
GNE:GOAO056:56:056MF250720:I:51,1,1,1,1,1,0,0,20250720,20251223
GNE:GOAO056:56:056MF250720:I:52,1,1,1,1,1,0,0,20250720,20251223
GNE:GOAO056:56:056MF250720:I:53,1,1,1,1,1,0,0,20250720,20251223
GNE:GOAO056:56:056MF250720:I:54,1,1,1,1,1,0,0,20250720,20251223
GNE:GOAO056:56:056MF250720:I:55,1,1,1,1,1,0,0,20250720,20251223
GNE:GOAO056:56:056MF250720:I:56,1,1,1,1,1,0,0,20250720,20251223
GNE:GOAO056:56:056MF250720:I:57,1,1,1,1,1,0,0,20250720,20251223
GNE:GOAO056:56:056MF250720:I:58,1,1,1,1,1,0,0,20250720,20251223
GNE:GOAO056:56:056MF250720:I:59,1,1,1,1,1,0,0,20250720,20251223
GNE:GOAO056:56:056MF250720:I:60,1,1,1,1,1,0,0,20250720,20251223
GNE:GOAO056:56:056MF250720:I:61,1,1,1,1,1,0,0,20250720,20251223
GNE:GOAO056:56:056MF250720:I:62,1,1,1,1,1,0,0,20250720,20251223
GNE:GOAO056:56:056MF250720:I:63,1,1,1,1,1,0,0,20250720,20251223
GNE:GOAO056:56:056MF250720:I:64,1,1,1,1,1,0,0,20250720,20251223
GNE:GOAO056:56:056MF250720:I:65,1,1,1,1,1,0,0,20250720,20251223
GNE:GOAO056:56:056MF250720:I:66,1,1,1,1,1,0,0,20250720,20251223
GNE:GOAO056:56:056MF250720:I:67,1,1,1,1,1,0,0,20250720,20251223
GNE:GOAO056:56:056MF250720:I:68,1,1,1,1,1,0,0,20250720,20251223
GNE:GOAO056:56:056MF250720:I:69,1,1,1,1,1,0,0,20250720,20251223
GNE:GOAO056:56:056MF250720:I:70,1,1,1,1,1,0,0,20250720,20251223
GNE:GOAO056:56:056MF250720:I:71,1,1,1,1,1,0,0,20250720,20251223
GNE:GOAO056:56:056MF250720:I:72,1,1,1,1,1,0,0,20250720,20251223
GNE:GOAO056:56:056MF250720:I:73,1,1,1,1,1,0,0,20250720,20251223
GNE:GOAO056:56:056MF250720:I:74,1,1,1,1,1,0,0,20250720,20251223
GNE:GOAO056:56:056MF250720:I:75,1,1,1,1,1,0,0,20250720,20251223
GNE:GOAO056:56:056MF250720:I:76,1,1,1,1,1,0,0,20250720,20251223
GNE:GOAO056:56:056MF250720:I:77,1,1,1,1,1,0,0,20250720,20251223
GNE:GOAO056:56:056MF250720:I:78,1,1,1,1,1,0,0,20250720,20251223
GNE:GOAO056:56:056MF250720:I:79,1,1,1,1,1,0,0,20250720,20251223
GNE:GOAO056:56:056SA250720:O:1,0,0,0,0,0,1,0,20250720,20251223
GNE:GOAO056:56:056SA250720:O:2,0,0,0,0,0,1,0,20250720,20251223
GNE:GOAO056:56:056SA250720:O:3,0,0,0,0,0,1,0,20250720,20251223
GNE:GOAO056:56:056SA250720:O:4,0,0,0,0,0,1,0,20250720,20251223
GNE:GOAO056:56:056SA250720:O:5,0,0,0,0,0,1,0,20250720,20251223
GNE:GOAO056:56:056SA250720:O:6,0,0,0,0,0,1,0,20250720,20251223
GNE:GOAO056:56:056SA250720:O:7,0,0,0,0,0,1,0,20250720,20251223
GNE:GOAO056:56:056SA250720:O:8,0,0,0,0,0,1,0,20250720,20251223
GNE:GOAO056:56:056SA250720:O:9,0,0,0,0,0,1,0,20250720,20251223
GNE:GOAO056:56:056SA250720:O:10,0,0,0,0,0,1,0,20250720,20251223
GNE:GOAO056:56:056SA250720:O:11,0,0,0,0,0,1,0,20250720,20251223
GNE:GOAO056:56:056SA250720:O:12,0,0,0,0,0,1,0,20250720,20251223
GNE:GOAO056:56:056SA250720:O:13,0,0,0,0,0,1,0,20250720,20251223
GNE:GOAO056:56:056SA250720:O:14,0,0,0,0,0,1,0,20250720,20251223
GNE:GOAO056:56:056SA250720:O:15,0,0,0,0,0,1,0,20250720,20251223
GNE:GOAO056:56:056SA250720:O:16,0,0,0,0,0,1,0,20250720,20251223
GNE:GOAO056:56:056SA250720:O:17,0,0,0,0,0,1,0,20250720,20251223
GNE:GOAO056:56:056SA250720:O:18,0,0,0,0,0,1,0,20250720,20251223
GNE:GOAO056:56:056SA250720:O:19,0,0,0,0,0,1,0,20250720,20251223
GNE:GOAO056:56:056SA250720:O:20,0,0,0,0,0,1,0,20250720,20251223
GNE:GOAO056:56:056SA250720:O:21,0,0,0,0,0,1,0,20250720,20251223
GNE:GOAO056:56:056SA250720:O:22,0,0,0,0,0,1,0,20250720,20251223
GNE:GOAO056:56:056SA250720:O:23,0,0,0,0,0,1,0,20250720,20251223
GNE:GOAO056:56:056SA250720:O:24,0,0,0,0,0,1,0,20250720,20251223
GNE:GOAO056:56:056SA250720:O:25,0,0,0,0,0,1,0,20250720,20251223
GNE:GOAO056:56:056SA250720:O:26,0,0,0,0,0,1,0,20250720,20251223
GNE:GOAO056:56:056SA250720:O:27,0,0,0,0,0,1,0,20250720,20251223
GNE:GOAO056:56:056SA250720:O:28,0,0,0,0,0,1,0,20250720,20251223
GNE:GOAO056:56:056SA250720:O:29,0,0,0,0,0,1,0,20250720,20251223
GNE:GOAO056:56:056SA250720:O:30,0,0,0,0,0,1,0,20250720,20251223
GNE:GOAO056:56:056SA250720:O:31,0,0,0,0,0,1,0,20250720,20251223
GNE:GOAO056:56:056SA250720:O:32,0,0,0,0,0,1,0,20250720,20251223
GNE:GOAO056:56:056SA250720:O:33,0,0,0,0,0,1,0,20250720,20251223
GNE:GOAO056:56:056SA250720:O:34,0,0,0,0,0,1,0,20250720,20251223
GNE:GOAO056:56:056SA250720:O:35,0,0,0,0,0,1,0,20250720,20251223
GNE:GOAO056:56:056SA250720:O:36,0,0,0,0,0,1,0,20250720,20251223
GNE:GOAO056:56:056SA250720:O:37,0,0,0,0,0,1,0,20250720,20251223
GNE:GOAO056:56:056SA250720:O:38,0,0,0,0,0,1,0,20250720,20251223
GNE:GOAO056:56:056SA250720:O:39,0,0,0,0,0,1,0,20250720,20251223
GNE:GOAO056:56:056SA250720:O:40,0,0,0,0,0,1,0,20250720,20251223
GNE:GOAO056:56:056SA250720:O:41,0,0,0,0,0,1,0,20250720,20251223
GNE:GOAO056:56:056SA250720:O:42,0,0,0,0,0,1,0,20250720,20251223
GNE:GOAO056:56:056SA250720:O:43,0,0,0,0,0,1,0,20250720,20251223
GNE:GOAO056:56:056SA250720:O:44,0,0,0,0,0,1,0,20250720,20251223
GNE:GOAO056:56:056SA250720:O:45,0,0,0,0,0,1,0,20250720,20251223
GNE:GOAO056:56:056SA250720:O:46,0,0,0,0,0,1,0,20250720,20251223
GNE:GOAO056:56:056SA250720:O:47,0,0,0,0,0,1,0,20250720,20251223
GNE:GOAO056:56:056SA250720:O:48,0,0,0,0,0,1,0,20250720,20251223
GNE:GOAO056:56:056SA250720:O:49,0,0,0,0,0,1,0,20250720,20251223
GNE:GOAO056:56:056SA250720:O:50,0,0,0,0,0,1,0,20250720,20251223
GNE:GOAO056:56:056SA250720:O:51,0,0,0,0,0,1,0,20250720,20251223
GNE:GOAO056:56:056SA250720:O:52,0,0,0,0,0,1,0,20250720,20251223
GNE:GOAO056:56:056SA250720:O:53,0,0,0,0,0,1,0,20250720,20251223
GNE:GOAO056:56:056SA250720:O:54,0,0,0,0,0,1,0,20250720,20251223
GNE:GOAO056:56:056SA250720:O:55,0,0,0,0,0,1,0,20250720,20251223
GNE:GOAO056:56:056SA250720:O:56,0,0,0,0,0,1,0,20250720,20251223
GNE:GOAO056:56:056SA250720:O:57,0,0,0,0,0,1,0,20250720,20251223
GNE:GOAO056:56:056SA250720:O:58,0,0,0,0,0,1,0,20250720,20251223
GNE:GOAO056:56:056SA250720:O:59,0,0,0,0,0,1,0,20250720,20251223
GNE:GOAO056:56:056SA250720:O:60,0,0,0,0,0,1,0,20250720,20251223
GNE:GOAO056:56:056SA250720:O:61,0,0,0,0,0,1,0,20250720,20251223
GNE:GOAO056:56:056SA250720:O:62,0,0,0,0,0,1,0,20250720,20251223
GNE:GOAO056:56:056SA250720:O:63,0,0,0,0,0,1,0,20250720,20251223
GNE:GOAO056:56:056SA250720:O:64,0,0,0,0,0,1,0,20250720,20251223
GNE:GOAO056:56:056SA250720:O:65,0,0,0,0,0,1,0,20250720,20251223
GNE:GOAO056:56:056SA250720:O:66,0,0,0,0,0,1,0,20250720,20251223
GNE:GOAO056:56:056SA250720:O:67,0,0,0,0,0,1,0,20250720,20251223
GNE:GOAO056:56:056SA250720:O:68,0,0,0,0,0,1,0,20250720,20251223
GNE:GOAO056:56:056SA250720:O:69,0,0,0,0,0,1,0,20250720,20251223
GNE:GOAO056:56:056SA250720:O:70,0,0,0,0,0,1,0,20250720,20251223
GNE:GOAO056:56:056SA250720:I:1,0,0,0,0,0,1,0,20250720,20251223
GNE:GOAO056:56:056SA250720:I:2,0,0,0,0,0,1,0,20250720,20251223
GNE:GOAO056:56:056SA250720:I:3,0,0,0,0,0,1,0,20250720,20251223
GNE:GOAO056:56:056SA250720:I:4,0,0,0,0,0,1,0,20250720,20251223
GNE:GOAO056:56:056SA250720:I:5,0,0,0,0,0,1,0,20250720,20251223
GNE:GOAO056:56:056SA250720:I:6,0,0,0,0,0,1,0,20250720,20251223
GNE:GOAO056:56:056SA250720:I:7,0,0,0,0,0,1,0,20250720,20251223
GNE:GOAO056:56:056SA250720:I:8,0,0,0,0,0,1,0,20250720,20251223
GNE:GOAO056:56:056SA250720:I:9,0,0,0,0,0,1,0,20250720,20251223
GNE:GOAO056:56:056SA250720:I:10,0,0,0,0,0,1,0,20250720,20251223
GNE:GOAO056:56:056SA250720:I:11,0,0,0,0,0,1,0,20250720,20251223
GNE:GOAO056:56:056SA250720:I:12,0,0,0,0,0,1,0,20250720,20251223
GNE:GOAO056:56:056SA250720:I:13,0,0,0,0,0,1,0,20250720,20251223
GNE:GOAO056:56:056SA250720:I:14,0,0,0,0,0,1,0,20250720,20251223
GNE:GOAO056:56:056SA250720:I:15,0,0,0,0,0,1,0,20250720,20251223
GNE:GOAO056:56:056SA250720:I:16,0,0,0,0,0,1,0,20250720,20251223
GNE:GOAO056:56:056SA250720:I:17,0,0,0,0,0,1,0,20250720,20251223
GNE:GOAO056:56:056SA250720:I:18,0,0,0,0,0,1,0,20250720,20251223
GNE:GOAO056:56:056SA250720:I:19,0,0,0,0,0,1,0,20250720,20251223
GNE:GOAO056:56:056SA250720:I:20,0,0,0,0,0,1,0,20250720,20251223
GNE:GOAO056:56:056SA250720:I:21,0,0,0,0,0,1,0,20250720,20251223
GNE:GOAO056:56:056SA250720:I:22,0,0,0,0,0,1,0,20250720,20251223
GNE:GOAO056:56:056SA250720:I:23,0,0,0,0,0,1,0,20250720,20251223
GNE:GOAO056:56:056SA250720:I:24,0,0,0,0,0,1,0,20250720,20251223
GNE:GOAO056:56:056SA250720:I:25,0,0,0,0,0,1,0,20250720,20251223
GNE:GOAO056:56:056SA250720:I:26,0,0,0,0,0,1,0,20250720,20251223
GNE:GOAO056:56:056SA250720:I:27,0,0,0,0,0,1,0,20250720,20251223
GNE:GOAO056:56:056SA250720:I:28,0,0,0,0,0,1,0,20250720,20251223
GNE:GOAO056:56:056SA250720:I:29,0,0,0,0,0,1,0,20250720,20251223
GNE:GOAO056:56:056SA250720:I:30,0,0,0,0,0,1,0,20250720,20251223
GNE:GOAO056:56:056SA250720:I:31,0,0,0,0,0,1,0,20250720,20251223
GNE:GOAO056:56:056SA250720:I:32,0,0,0,0,0,1,0,20250720,20251223
GNE:GOAO056:56:056SA250720:I:33,0,0,0,0,0,1,0,20250720,20251223
GNE:GOAO056:56:056SA250720:I:34,0,0,0,0,0,1,0,20250720,20251223
GNE:GOAO056:56:056SA250720:I:35,0,0,0,0,0,1,0,20250720,20251223
GNE:GOAO056:56:056SA250720:I:36,0,0,0,0,0,1,0,20250720,20251223
GNE:GOAO056:56:056SA250720:I:37,0,0,0,0,0,1,0,20250720,20251223
GNE:GOAO056:56:056SA250720:I:38,0,0,0,0,0,1,0,20250720,20251223
GNE:GOAO056:56:056SA250720:I:39,0,0,0,0,0,1,0,20250720,20251223
GNE:GOAO056:56:056SA250720:I:40,0,0,0,0,0,1,0,20250720,20251223
GNE:GOAO056:56:056SA250720:I:41,0,0,0,0,0,1,0,20250720,20251223
GNE:GOAO056:56:056SA250720:I:42,0,0,0,0,0,1,0,20250720,20251223
GNE:GOAO056:56:056SA250720:I:43,0,0,0,0,0,1,0,20250720,20251223
GNE:GOAO056:56:056SA250720:I:44,0,0,0,0,0,1,0,20250720,20251223
GNE:GOAO056:56:056SA250720:I:45,0,0,0,0,0,1,0,20250720,20251223
GNE:GOAO056:56:056SA250720:I:46,0,0,0,0,0,1,0,20250720,20251223
GNE:GOAO056:56:056SA250720:I:47,0,0,0,0,0,1,0,20250720,20251223
GNE:GOAO056:56:056SA250720:I:48,0,0,0,0,0,1,0,20250720,20251223
GNE:GOAO056:56:056SA250720:I:49,0,0,0,0,0,1,0,20250720,20251223
GNE:GOAO056:56:056SA250720:I:50,0,0,0,0,0,1,0,20250720,20251223
GNE:GOAO056:56:056SA250720:I:51,0,0,0,0,0,1,0,20250720,20251223
GNE:GOAO056:56:056SA250720:I:52,0,0,0,0,0,1,0,20250720,20251223
GNE:GOAO056:56:056SA250720:I:53,0,0,0,0,0,1,0,20250720,20251223
GNE:GOAO056:56:056SA250720:I:54,0,0,0,0,0,1,0,20250720,20251223
GNE:GOAO056:56:056SA250720:I:55,0,0,0,0,0,1,0,20250720,20251223
GNE:GOAO056:56:056SA250720:I:56,0,0,0,0,0,1,0,20250720,20251223
GNE:GOAO056:56:056SA250720:I:57,0,0,0,0,0,1,0,20250720,20251223
GNE:GOAO056:56:056SA250720:I:58,0,0,0,0,0,1,0,20250720,20251223
GNE:GOAO056:56:056SA250720:I:59,0,0,0,0,0,1,0,20250720,20251223
GNE:GOAO056:56:056SA250720:I:60,0,0,0,0,0,1,0,20250720,20251223
GNE:GOAO056:56:056SA250720:I:61,0,0,0,0,0,1,0,20250720,20251223
GNE:GOAO056:56:056SA250720:I:62,0,0,0,0,0,1,0,20250720,20251223
GNE:GOAO056:56:056SA250720:I:63,0,0,0,0,0,1,0,20250720,20251223
GNE:GOAO056:56:056SA250720:I:64,0,0,0,0,0,1,0,20250720,20251223
GNE:GOAO056:56:056SA250720:I:65,0,0,0,0,0,1,0,20250720,20251223
GNE:GOAO056:56:056SA250720:I:66,0,0,0,0,0,1,0,20250720,20251223
GNE:GOAO056:56:056SA250720:I:67,0,0,0,0,0,1,0,20250720,20251223
GNE:GOAO056:56:056SA250720:I:68,0,0,0,0,0,1,0,20250720,20251223
GNE:GOAO056:56:056SA250720:I:69,0,0,0,0,0,1,0,20250720,20251223
GNE:GOAO056:56:056SA250720:I:70,0,0,0,0,0,1,0,20250720,20251223
GNE:GOAO056:56:056SA250720:I:71,0,0,0,0,0,1,0,20250720,20251223
GNE:GOAO056:56:056SA250720:I:72,0,0,0,0,0,1,0,20250720,20251223
GNE:GOAO056:56:056SU250720:O:1,0,0,0,0,0,0,1,20250720,20251223
GNE:GOAO056:56:056SU250720:O:2,0,0,0,0,0,0,1,20250720,20251223
GNE:GOAO056:56:056SU250720:O:3,0,0,0,0,0,0,1,20250720,20251223
GNE:GOAO056:56:056SU250720:O:4,0,0,0,0,0,0,1,20250720,20251223
GNE:GOAO056:56:056SU250720:O:5,0,0,0,0,0,0,1,20250720,20251223
GNE:GOAO056:56:056SU250720:O:6,0,0,0,0,0,0,1,20250720,20251223
GNE:GOAO056:56:056SU250720:O:7,0,0,0,0,0,0,1,20250720,20251223
GNE:GOAO056:56:056SU250720:O:8,0,0,0,0,0,0,1,20250720,20251223
GNE:GOAO056:56:056SU250720:O:9,0,0,0,0,0,0,1,20250720,20251223
GNE:GOAO056:56:056SU250720:O:10,0,0,0,0,0,0,1,20250720,20251223
GNE:GOAO056:56:056SU250720:O:11,0,0,0,0,0,0,1,20250720,20251223
GNE:GOAO056:56:056SU250720:O:12,0,0,0,0,0,0,1,20250720,20251223
GNE:GOAO056:56:056SU250720:O:13,0,0,0,0,0,0,1,20250720,20251223
GNE:GOAO056:56:056SU250720:O:14,0,0,0,0,0,0,1,20250720,20251223
GNE:GOAO056:56:056SU250720:O:15,0,0,0,0,0,0,1,20250720,20251223
GNE:GOAO056:56:056SU250720:O:16,0,0,0,0,0,0,1,20250720,20251223
GNE:GOAO056:56:056SU250720:O:17,0,0,0,0,0,0,1,20250720,20251223
GNE:GOAO056:56:056SU250720:O:18,0,0,0,0,0,0,1,20250720,20251223
GNE:GOAO056:56:056SU250720:O:19,0,0,0,0,0,0,1,20250720,20251223
GNE:GOAO056:56:056SU250720:O:20,0,0,0,0,0,0,1,20250720,20251223
GNE:GOAO056:56:056SU250720:O:21,0,0,0,0,0,0,1,20250720,20251223
GNE:GOAO056:56:056SU250720:O:22,0,0,0,0,0,0,1,20250720,20251223
GNE:GOAO056:56:056SU250720:O:23,0,0,0,0,0,0,1,20250720,20251223
GNE:GOAO056:56:056SU250720:O:24,0,0,0,0,0,0,1,20250720,20251223
GNE:GOAO056:56:056SU250720:O:25,0,0,0,0,0,0,1,20250720,20251223
GNE:GOAO056:56:056SU250720:O:26,0,0,0,0,0,0,1,20250720,20251223
GNE:GOAO056:56:056SU250720:O:27,0,0,0,0,0,0,1,20250720,20251223
GNE:GOAO056:56:056SU250720:O:28,0,0,0,0,0,0,1,20250720,20251223
GNE:GOAO056:56:056SU250720:O:29,0,0,0,0,0,0,1,20250720,20251223
GNE:GOAO056:56:056SU250720:O:30,0,0,0,0,0,0,1,20250720,20251223
GNE:GOAO056:56:056SU250720:O:31,0,0,0,0,0,0,1,20250720,20251223
GNE:GOAO056:56:056SU250720:O:32,0,0,0,0,0,0,1,20250720,20251223
GNE:GOAO056:56:056SU250720:O:33,0,0,0,0,0,0,1,20250720,20251223
GNE:GOAO056:56:056SU250720:O:34,0,0,0,0,0,0,1,20250720,20251223
GNE:GOAO056:56:056SU250720:O:35,0,0,0,0,0,0,1,20250720,20251223
GNE:GOAO056:56:056SU250720:O:36,0,0,0,0,0,0,1,20250720,20251223
GNE:GOAO056:56:056SU250720:O:37,0,0,0,0,0,0,1,20250720,20251223
GNE:GOAO056:56:056SU250720:O:38,0,0,0,0,0,0,1,20250720,20251223
GNE:GOAO056:56:056SU250720:O:39,0,0,0,0,0,0,1,20250720,20251223
GNE:GOAO056:56:056SU250720:O:40,0,0,0,0,0,0,1,20250720,20251223
GNE:GOAO056:56:056SU250720:O:41,0,0,0,0,0,0,1,20250720,20251223
GNE:GOAO056:56:056SU250720:O:42,0,0,0,0,0,0,1,20250720,20251223
GNE:GOAO056:56:056SU250720:O:43,0,0,0,0,0,0,1,20250720,20251223
GNE:GOAO056:56:056SU250720:O:44,0,0,0,0,0,0,1,20250720,20251223
GNE:GOAO056:56:056SU250720:O:45,0,0,0,0,0,0,1,20250720,20251223
GNE:GOAO056:56:056SU250720:O:46,0,0,0,0,0,0,1,20250720,20251223
GNE:GOAO056:56:056SU250720:O:47,0,0,0,0,0,0,1,20250720,20251223
GNE:GOAO056:56:056SU250720:O:48,0,0,0,0,0,0,1,20250720,20251223
GNE:GOAO056:56:056SU250720:I:1,0,0,0,0,0,0,1,20250720,20251223
GNE:GOAO056:56:056SU250720:I:2,0,0,0,0,0,0,1,20250720,20251223
GNE:GOAO056:56:056SU250720:I:3,0,0,0,0,0,0,1,20250720,20251223
GNE:GOAO056:56:056SU250720:I:4,0,0,0,0,0,0,1,20250720,20251223
GNE:GOAO056:56:056SU250720:I:5,0,0,0,0,0,0,1,20250720,20251223
GNE:GOAO056:56:056SU250720:I:6,0,0,0,0,0,0,1,20250720,20251223
GNE:GOAO056:56:056SU250720:I:7,0,0,0,0,0,0,1,20250720,20251223
GNE:GOAO056:56:056SU250720:I:8,0,0,0,0,0,0,1,20250720,20251223
GNE:GOAO056:56:056SU250720:I:9,0,0,0,0,0,0,1,20250720,20251223
GNE:GOAO056:56:056SU250720:I:10,0,0,0,0,0,0,1,20250720,20251223
GNE:GOAO056:56:056SU250720:I:11,0,0,0,0,0,0,1,20250720,20251223
GNE:GOAO056:56:056SU250720:I:12,0,0,0,0,0,0,1,20250720,20251223
GNE:GOAO056:56:056SU250720:I:13,0,0,0,0,0,0,1,20250720,20251223
GNE:GOAO056:56:056SU250720:I:14,0,0,0,0,0,0,1,20250720,20251223
GNE:GOAO056:56:056SU250720:I:15,0,0,0,0,0,0,1,20250720,20251223
GNE:GOAO056:56:056SU250720:I:16,0,0,0,0,0,0,1,20250720,20251223
GNE:GOAO056:56:056SU250720:I:17,0,0,0,0,0,0,1,20250720,20251223
GNE:GOAO056:56:056SU250720:I:18,0,0,0,0,0,0,1,20250720,20251223
GNE:GOAO056:56:056SU250720:I:19,0,0,0,0,0,0,1,20250720,20251223
GNE:GOAO056:56:056SU250720:I:20,0,0,0,0,0,0,1,20250720,20251223
GNE:GOAO056:56:056SU250720:I:21,0,0,0,0,0,0,1,20250720,20251223
GNE:GOAO056:56:056SU250720:I:22,0,0,0,0,0,0,1,20250720,20251223
GNE:GOAO056:56:056SU250720:I:23,0,0,0,0,0,0,1,20250720,20251223
GNE:GOAO056:56:056SU250720:I:24,0,0,0,0,0,0,1,20250720,20251223
GNE:GOAO056:56:056SU250720:I:25,0,0,0,0,0,0,1,20250720,20251223
GNE:GOAO056:56:056SU250720:I:26,0,0,0,0,0,0,1,20250720,20251223
GNE:GOAO056:56:056SU250720:I:27,0,0,0,0,0,0,1,20250720,20251223
GNE:GOAO056:56:056SU250720:I:28,0,0,0,0,0,0,1,20250720,20251223
GNE:GOAO056:56:056SU250720:I:29,0,0,0,0,0,0,1,20250720,20251223
GNE:GOAO056:56:056SU250720:I:30,0,0,0,0,0,0,1,20250720,20251223
GNE:GOAO056:56:056SU250720:I:31,0,0,0,0,0,0,1,20250720,20251223
GNE:GOAO056:56:056SU250720:I:32,0,0,0,0,0,0,1,20250720,20251223
GNE:GOAO056:56:056SU250720:I:33,0,0,0,0,0,0,1,20250720,20251223
GNE:GOAO056:56:056SU250720:I:34,0,0,0,0,0,0,1,20250720,20251223
GNE:GOAO056:56:056SU250720:I:35,0,0,0,0,0,0,1,20250720,20251223
GNE:GOAO056:56:056SU250720:I:36,0,0,0,0,0,0,1,20250720,20251223
GNE:GOAO056:56:056SU250720:I:37,0,0,0,0,0,0,1,20250720,20251223
GNE:GOAO056:56:056SU250720:I:38,0,0,0,0,0,0,1,20250720,20251223
GNE:GOAO056:56:056SU250720:I:39,0,0,0,0,0,0,1,20250720,20251223
GNE:GOAO056:56:056SU250720:I:40,0,0,0,0,0,0,1,20250720,20251223
GNE:GOAO056:56:056SU250720:I:41,0,0,0,0,0,0,1,20250720,20251223
GNE:GOAO056:56:056SU250720:I:42,0,0,0,0,0,0,1,20250720,20251223
GNE:GOAO056:56:056SU250720:I:43,0,0,0,0,0,0,1,20250720,20251223
GNE:GOAO056:56:056SU250720:I:44,0,0,0,0,0,0,1,20250720,20251223
GNE:GOAO056:56:056SU250720:I:45,0,0,0,0,0,0,1,20250720,20251223
GNE:GOAO056:56:056SU250720:I:46,0,0,0,0,0,0,1,20250720,20251223
GNE:GOAO056:56:056SU250720:I:47,0,0,0,0,0,0,1,20250720,20251223
GNE:GOAO056:56:056SU250720:I:48,0,0,0,0,0,0,1,20250720,20251223
GNE:GOAO056:56:056SU250720:I:49,0,0,0,0,0,0,1,20250720,20251223
GNE:GOAO057:57:057MF250720:O:1,1,1,1,1,1,0,0,20250720,20251223
GNE:GOAO057:57:057MF250720:O:2,1,1,1,1,1,0,0,20250720,20251223
GNE:GOAO057:57:057MF250720:O:3,1,1,1,1,1,0,0,20250720,20251223
GNE:GOAO057:57:057MF250720:O:4,1,1,1,1,1,0,0,20250720,20251223
GNE:GOAO057:57:057MF250720:O:5,1,1,1,1,1,0,0,20250720,20251223
GNE:GOAO057:57:057MF250720:O:6,1,1,1,1,1,0,0,20250720,20251223
GNE:GOAO057:57:057MF250720:O:7,1,1,1,1,1,0,0,20250720,20251223
GNE:GOAO057:57:057MF250720:O:8,1,1,1,1,1,0,0,20250720,20251223
GNE:GOAO057:57:057MF250720:O:9,1,1,1,1,1,0,0,20250720,20251223
GNE:GOAO057:57:057MF250720:O:10,1,1,1,1,1,0,0,20250720,20251223
GNE:GOAO057:57:057MF250720:O:11,1,1,1,1,1,0,0,20250720,20251223
GNE:GOAO057:57:057MF250720:O:12,1,1,1,1,1,0,0,20250720,20251223
GNE:GOAO057:57:057MF250720:O:13,1,1,1,1,1,0,0,20250720,20251223
GNE:GOAO057:57:057MF250720:O:14,1,1,1,1,1,0,0,20250720,20251223
GNE:GOAO057:57:057MF250720:O:15,1,1,1,1,1,0,0,20250720,20251223
GNE:GOAO057:57:057MF250720:O:16,1,1,1,1,1,0,0,20250720,20251223
GNE:GOAO057:57:057MF250720:O:17,1,1,1,1,1,0,0,20250720,20251223
GNE:GOAO057:57:057MF250720:O:18,1,1,1,1,1,0,0,20250720,20251223
GNE:GOAO057:57:057MF250720:O:19,1,1,1,1,1,0,0,20250720,20251223
GNE:GOAO057:57:057MF250720:O:20,1,1,1,1,1,0,0,20250720,20251223
GNE:GOAO057:57:057MF250720:O:21,1,1,1,1,1,0,0,20250720,20251223
GNE:GOAO057:57:057MF250720:O:22,1,1,1,1,1,0,0,20250720,20251223
GNE:GOAO057:57:057MF250720:O:23,1,1,1,1,1,0,0,20250720,20251223
GNE:GOAO057:57:057MF250720:O:24,1,1,1,1,1,0,0,20250720,20251223
GNE:GOAO057:57:057MF250720:O:25,1,1,1,1,1,0,0,20250720,20251223
GNE:GOAO057:57:057MF250720:O:26,1,1,1,1,1,0,0,20250720,20251223
GNE:GOAO057:57:057MF250720:O:27,1,1,1,1,1,0,0,20250720,20251223
GNE:GOAO057:57:057MF250720:O:28,1,1,1,1,1,0,0,20250720,20251223
GNE:GOAO057:57:057MF250720:O:29,1,1,1,1,1,0,0,20250720,20251223
GNE:GOAO057:57:057MF250720:O:30,1,1,1,1,1,0,0,20250720,20251223
GNE:GOAO057:57:057MF250720:O:31,1,1,1,1,1,0,0,20250720,20251223
GNE:GOAO057:57:057MF250720:O:32,1,1,1,1,1,0,0,20250720,20251223
GNE:GOAO057:57:057MF250720:O:33,1,1,1,1,1,0,0,20250720,20251223
GNE:GOAO057:57:057MF250720:O:34,1,1,1,1,1,0,0,20250720,20251223
GNE:GOAO057:57:057MF250720:O:35,1,1,1,1,1,0,0,20250720,20251223
GNE:GOAO057:57:057MF250720:I:1,1,1,1,1,1,0,0,20250720,20251223
GNE:GOAO057:57:057MF250720:I:2,1,1,1,1,1,0,0,20250720,20251223
GNE:GOAO057:57:057MF250720:I:3,1,1,1,1,1,0,0,20250720,20251223
GNE:GOAO057:57:057MF250720:I:4,1,1,1,1,1,0,0,20250720,20251223
GNE:GOAO057:57:057MF250720:I:5,1,1,1,1,1,0,0,20250720,20251223
GNE:GOAO057:57:057MF250720:I:6,1,1,1,1,1,0,0,20250720,20251223
GNE:GOAO057:57:057MF250720:I:7,1,1,1,1,1,0,0,20250720,20251223
GNE:GOAO057:57:057MF250720:I:8,1,1,1,1,1,0,0,20250720,20251223
GNE:GOAO057:57:057MF250720:I:9,1,1,1,1,1,0,0,20250720,20251223
GNE:GOAO057:57:057MF250720:I:10,1,1,1,1,1,0,0,20250720,20251223
GNE:GOAO057:57:057MF250720:I:11,1,1,1,1,1,0,0,20250720,20251223
GNE:GOAO057:57:057MF250720:I:12,1,1,1,1,1,0,0,20250720,20251223
GNE:GOAO057:57:057MF250720:I:13,1,1,1,1,1,0,0,20250720,20251223
GNE:GOAO057:57:057MF250720:I:14,1,1,1,1,1,0,0,20250720,20251223
GNE:GOAO057:57:057MF250720:I:15,1,1,1,1,1,0,0,20250720,20251223
GNE:GOAO057:57:057MF250720:I:16,1,1,1,1,1,0,0,20250720,20251223
GNE:GOAO057:57:057MF250720:I:17,1,1,1,1,1,0,0,20250720,20251223
GNE:GOAO057:57:057MF250720:I:18,1,1,1,1,1,0,0,20250720,20251223
GNE:GOAO057:57:057MF250720:I:19,1,1,1,1,1,0,0,20250720,20251223
GNE:GOAO057:57:057MF250720:I:20,1,1,1,1,1,0,0,20250720,20251223
GNE:GOAO057:57:057MF250720:I:21,1,1,1,1,1,0,0,20250720,20251223
GNE:GOAO057:57:057MF250720:I:22,1,1,1,1,1,0,0,20250720,20251223
GNE:GOAO057:57:057MF250720:I:23,1,1,1,1,1,0,0,20250720,20251223
GNE:GOAO057:57:057MF250720:I:24,1,1,1,1,1,0,0,20250720,20251223
GNE:GOAO057:57:057MF250720:I:25,1,1,1,1,1,0,0,20250720,20251223
GNE:GOAO057:57:057MF250720:I:26,1,1,1,1,1,0,0,20250720,20251223
GNE:GOAO057:57:057MF250720:I:27,1,1,1,1,1,0,0,20250720,20251223
GNE:GOAO057:57:057MF250720:I:28,1,1,1,1,1,0,0,20250720,20251223
GNE:GOAO057:57:057MF250720:I:29,1,1,1,1,1,0,0,20250720,20251223
GNE:GOAO057:57:057MF250720:I:30,1,1,1,1,1,0,0,20250720,20251223
GNE:GOAO057:57:057MF250720:I:31,1,1,1,1,1,0,0,20250720,20251223
GNE:GOAO057:57:057MF250720:I:32,1,1,1,1,1,0,0,20250720,20251223
GNE:GOAO057:57:057MF250720:I:33,1,1,1,1,1,0,0,20250720,20251223
GNE:GOAO057:57:057MF250720:I:34,1,1,1,1,1,0,0,20250720,20251223
GNE:GOAO057:57:057MF250720:I:35,1,1,1,1,1,0,0,20250720,20251223
GNE:GOAO057:57:057MF250720:I:36,1,1,1,1,1,0,0,20250720,20251223
GNE:GOAO057:57:057MF250720:I:37,1,1,1,1,1,0,0,20250720,20251223
GNE:GOAO057:57:057SA250720:O:1,0,0,0,0,0,1,0,20250720,20251223
GNE:GOAO057:57:057SA250720:O:2,0,0,0,0,0,1,0,20250720,20251223
GNE:GOAO057:57:057SA250720:O:3,0,0,0,0,0,1,0,20250720,20251223
GNE:GOAO057:57:057SA250720:O:4,0,0,0,0,0,1,0,20250720,20251223
GNE:GOAO057:57:057SA250720:O:5,0,0,0,0,0,1,0,20250720,20251223
GNE:GOAO057:57:057SA250720:O:6,0,0,0,0,0,1,0,20250720,20251223
GNE:GOAO057:57:057SA250720:O:7,0,0,0,0,0,1,0,20250720,20251223
GNE:GOAO057:57:057SA250720:O:8,0,0,0,0,0,1,0,20250720,20251223
GNE:GOAO057:57:057SA250720:O:9,0,0,0,0,0,1,0,20250720,20251223
GNE:GOAO057:57:057SA250720:O:10,0,0,0,0,0,1,0,20250720,20251223
GNE:GOAO057:57:057SA250720:O:11,0,0,0,0,0,1,0,20250720,20251223
GNE:GOAO057:57:057SA250720:O:12,0,0,0,0,0,1,0,20250720,20251223
GNE:GOAO057:57:057SA250720:O:13,0,0,0,0,0,1,0,20250720,20251223
GNE:GOAO057:57:057SA250720:O:14,0,0,0,0,0,1,0,20250720,20251223
GNE:GOAO057:57:057SA250720:O:15,0,0,0,0,0,1,0,20250720,20251223
GNE:GOAO057:57:057SA250720:O:16,0,0,0,0,0,1,0,20250720,20251223
GNE:GOAO057:57:057SA250720:O:17,0,0,0,0,0,1,0,20250720,20251223
GNE:GOAO057:57:057SA250720:O:18,0,0,0,0,0,1,0,20250720,20251223
GNE:GOAO057:57:057SA250720:O:19,0,0,0,0,0,1,0,20250720,20251223
GNE:GOAO057:57:057SA250720:O:20,0,0,0,0,0,1,0,20250720,20251223
GNE:GOAO057:57:057SA250720:O:21,0,0,0,0,0,1,0,20250720,20251223
GNE:GOAO057:57:057SA250720:O:22,0,0,0,0,0,1,0,20250720,20251223
GNE:GOAO057:57:057SA250720:O:23,0,0,0,0,0,1,0,20250720,20251223
GNE:GOAO057:57:057SA250720:O:24,0,0,0,0,0,1,0,20250720,20251223
GNE:GOAO057:57:057SA250720:O:25,0,0,0,0,0,1,0,20250720,20251223
GNE:GOAO057:57:057SA250720:O:26,0,0,0,0,0,1,0,20250720,20251223
GNE:GOAO057:57:057SA250720:O:27,0,0,0,0,0,1,0,20250720,20251223
GNE:GOAO057:57:057SA250720:O:28,0,0,0,0,0,1,0,20250720,20251223
GNE:GOAO057:57:057SA250720:O:29,0,0,0,0,0,1,0,20250720,20251223
GNE:GOAO057:57:057SA250720:O:30,0,0,0,0,0,1,0,20250720,20251223
GNE:GOAO057:57:057SA250720:O:31,0,0,0,0,0,1,0,20250720,20251223
GNE:GOAO057:57:057SA250720:O:32,0,0,0,0,0,1,0,20250720,20251223
GNE:GOAO057:57:057SA250720:O:33,0,0,0,0,0,1,0,20250720,20251223
GNE:GOAO057:57:057SA250720:O:34,0,0,0,0,0,1,0,20250720,20251223
GNE:GOAO057:57:057SA250720:I:1,0,0,0,0,0,1,0,20250720,20251223
GNE:GOAO057:57:057SA250720:I:2,0,0,0,0,0,1,0,20250720,20251223
GNE:GOAO057:57:057SA250720:I:3,0,0,0,0,0,1,0,20250720,20251223
GNE:GOAO057:57:057SA250720:I:4,0,0,0,0,0,1,0,20250720,20251223
GNE:GOAO057:57:057SA250720:I:5,0,0,0,0,0,1,0,20250720,20251223
GNE:GOAO057:57:057SA250720:I:6,0,0,0,0,0,1,0,20250720,20251223
GNE:GOAO057:57:057SA250720:I:7,0,0,0,0,0,1,0,20250720,20251223
GNE:GOAO057:57:057SA250720:I:8,0,0,0,0,0,1,0,20250720,20251223
GNE:GOAO057:57:057SA250720:I:9,0,0,0,0,0,1,0,20250720,20251223
GNE:GOAO057:57:057SA250720:I:10,0,0,0,0,0,1,0,20250720,20251223
GNE:GOAO057:57:057SA250720:I:11,0,0,0,0,0,1,0,20250720,20251223
GNE:GOAO057:57:057SA250720:I:12,0,0,0,0,0,1,0,20250720,20251223
GNE:GOAO057:57:057SA250720:I:13,0,0,0,0,0,1,0,20250720,20251223
GNE:GOAO057:57:057SA250720:I:14,0,0,0,0,0,1,0,20250720,20251223
GNE:GOAO057:57:057SA250720:I:15,0,0,0,0,0,1,0,20250720,20251223
GNE:GOAO057:57:057SA250720:I:16,0,0,0,0,0,1,0,20250720,20251223
GNE:GOAO057:57:057SA250720:I:17,0,0,0,0,0,1,0,20250720,20251223
GNE:GOAO057:57:057SA250720:I:18,0,0,0,0,0,1,0,20250720,20251223
GNE:GOAO057:57:057SA250720:I:19,0,0,0,0,0,1,0,20250720,20251223
GNE:GOAO057:57:057SA250720:I:20,0,0,0,0,0,1,0,20250720,20251223
GNE:GOAO057:57:057SA250720:I:21,0,0,0,0,0,1,0,20250720,20251223
GNE:GOAO057:57:057SA250720:I:22,0,0,0,0,0,1,0,20250720,20251223
GNE:GOAO057:57:057SA250720:I:23,0,0,0,0,0,1,0,20250720,20251223
GNE:GOAO057:57:057SA250720:I:24,0,0,0,0,0,1,0,20250720,20251223
GNE:GOAO057:57:057SA250720:I:25,0,0,0,0,0,1,0,20250720,20251223
GNE:GOAO057:57:057SA250720:I:26,0,0,0,0,0,1,0,20250720,20251223
GNE:GOAO057:57:057SA250720:I:27,0,0,0,0,0,1,0,20250720,20251223
GNE:GOAO057:57:057SA250720:I:28,0,0,0,0,0,1,0,20250720,20251223
GNE:GOAO057:57:057SA250720:I:29,0,0,0,0,0,1,0,20250720,20251223
GNE:GOAO057:57:057SA250720:I:30,0,0,0,0,0,1,0,20250720,20251223
GNE:GOAO057:57:057SA250720:I:31,0,0,0,0,0,1,0,20250720,20251223
GNE:GOAO057:57:057SA250720:I:32,0,0,0,0,0,1,0,20250720,20251223
GNE:GOAO057:57:057SA250720:I:33,0,0,0,0,0,1,0,20250720,20251223
GNE:GOAO057:57:057SA250720:I:34,0,0,0,0,0,1,0,20250720,20251223
GNE:GOAO057:57:057SA250720:I:35,0,0,0,0,0,1,0,20250720,20251223
GNE:GOAO057:57:057SA250720:I:36,0,0,0,0,0,1,0,20250720,20251223
GNE:GOAO057:57:057SU250720:O:1,0,0,0,0,0,0,1,20250720,20251223
GNE:GOAO057:57:057SU250720:O:2,0,0,0,0,0,0,1,20250720,20251223
GNE:GOAO057:57:057SU250720:O:3,0,0,0,0,0,0,1,20250720,20251223
GNE:GOAO057:57:057SU250720:O:4,0,0,0,0,0,0,1,20250720,20251223
GNE:GOAO057:57:057SU250720:O:5,0,0,0,0,0,0,1,20250720,20251223
GNE:GOAO057:57:057SU250720:O:6,0,0,0,0,0,0,1,20250720,20251223
GNE:GOAO057:57:057SU250720:O:7,0,0,0,0,0,0,1,20250720,20251223
GNE:GOAO057:57:057SU250720:O:8,0,0,0,0,0,0,1,20250720,20251223
GNE:GOAO057:57:057SU250720:O:9,0,0,0,0,0,0,1,20250720,20251223
GNE:GOAO057:57:057SU250720:O:10,0,0,0,0,0,0,1,20250720,20251223
GNE:GOAO057:57:057SU250720:O:11,0,0,0,0,0,0,1,20250720,20251223
GNE:GOAO057:57:057SU250720:O:12,0,0,0,0,0,0,1,20250720,20251223
GNE:GOAO057:57:057SU250720:O:13,0,0,0,0,0,0,1,20250720,20251223
GNE:GOAO057:57:057SU250720:O:14,0,0,0,0,0,0,1,20250720,20251223
GNE:GOAO057:57:057SU250720:O:15,0,0,0,0,0,0,1,20250720,20251223
GNE:GOAO057:57:057SU250720:O:16,0,0,0,0,0,0,1,20250720,20251223
GNE:GOAO057:57:057SU250720:O:17,0,0,0,0,0,0,1,20250720,20251223
GNE:GOAO057:57:057SU250720:O:18,0,0,0,0,0,0,1,20250720,20251223
GNE:GOAO057:57:057SU250720:O:19,0,0,0,0,0,0,1,20250720,20251223
GNE:GOAO057:57:057SU250720:O:20,0,0,0,0,0,0,1,20250720,20251223
GNE:GOAO057:57:057SU250720:O:21,0,0,0,0,0,0,1,20250720,20251223
GNE:GOAO057:57:057SU250720:O:22,0,0,0,0,0,0,1,20250720,20251223
GNE:GOAO057:57:057SU250720:O:23,0,0,0,0,0,0,1,20250720,20251223
GNE:GOAO057:57:057SU250720:O:24,0,0,0,0,0,0,1,20250720,20251223
GNE:GOAO057:57:057SU250720:O:25,0,0,0,0,0,0,1,20250720,20251223
GNE:GOAO057:57:057SU250720:O:26,0,0,0,0,0,0,1,20250720,20251223
GNE:GOAO057:57:057SU250720:O:27,0,0,0,0,0,0,1,20250720,20251223
GNE:GOAO057:57:057SU250720:O:28,0,0,0,0,0,0,1,20250720,20251223
GNE:GOAO057:57:057SU250720:O:29,0,0,0,0,0,0,1,20250720,20251223
GNE:GOAO057:57:057SU250720:O:30,0,0,0,0,0,0,1,20250720,20251223
GNE:GOAO057:57:057SU250720:O:31,0,0,0,0,0,0,1,20250720,20251223
GNE:GOAO057:57:057SU250720:O:32,0,0,0,0,0,0,1,20250720,20251223
GNE:GOAO057:57:057SU250720:O:33,0,0,0,0,0,0,1,20250720,20251223
GNE:GOAO057:57:057SU250720:O:34,0,0,0,0,0,0,1,20250720,20251223
GNE:GOAO057:57:057SU250720:I:1,0,0,0,0,0,0,1,20250720,20251223
GNE:GOAO057:57:057SU250720:I:2,0,0,0,0,0,0,1,20250720,20251223
GNE:GOAO057:57:057SU250720:I:3,0,0,0,0,0,0,1,20250720,20251223
GNE:GOAO057:57:057SU250720:I:4,0,0,0,0,0,0,1,20250720,20251223
GNE:GOAO057:57:057SU250720:I:5,0,0,0,0,0,0,1,20250720,20251223
GNE:GOAO057:57:057SU250720:I:6,0,0,0,0,0,0,1,20250720,20251223
GNE:GOAO057:57:057SU250720:I:7,0,0,0,0,0,0,1,20250720,20251223
GNE:GOAO057:57:057SU250720:I:8,0,0,0,0,0,0,1,20250720,20251223
GNE:GOAO057:57:057SU250720:I:9,0,0,0,0,0,0,1,20250720,20251223
GNE:GOAO057:57:057SU250720:I:10,0,0,0,0,0,0,1,20250720,20251223
GNE:GOAO057:57:057SU250720:I:11,0,0,0,0,0,0,1,20250720,20251223
GNE:GOAO057:57:057SU250720:I:12,0,0,0,0,0,0,1,20250720,20251223
GNE:GOAO057:57:057SU250720:I:13,0,0,0,0,0,0,1,20250720,20251223
GNE:GOAO057:57:057SU250720:I:14,0,0,0,0,0,0,1,20250720,20251223
GNE:GOAO057:57:057SU250720:I:15,0,0,0,0,0,0,1,20250720,20251223
GNE:GOAO057:57:057SU250720:I:16,0,0,0,0,0,0,1,20250720,20251223
GNE:GOAO057:57:057SU250720:I:17,0,0,0,0,0,0,1,20250720,20251223
GNE:GOAO057:57:057SU250720:I:18,0,0,0,0,0,0,1,20250720,20251223
GNE:GOAO057:57:057SU250720:I:19,0,0,0,0,0,0,1,20250720,20251223
GNE:GOAO057:57:057SU250720:I:20,0,0,0,0,0,0,1,20250720,20251223
GNE:GOAO057:57:057SU250720:I:21,0,0,0,0,0,0,1,20250720,20251223
GNE:GOAO057:57:057SU250720:I:22,0,0,0,0,0,0,1,20250720,20251223
GNE:GOAO057:57:057SU250720:I:23,0,0,0,0,0,0,1,20250720,20251223
GNE:GOAO057:57:057SU250720:I:24,0,0,0,0,0,0,1,20250720,20251223
GNE:GOAO057:57:057SU250720:I:25,0,0,0,0,0,0,1,20250720,20251223
GNE:GOAO057:57:057SU250720:I:26,0,0,0,0,0,0,1,20250720,20251223
GNE:GOAO057:57:057SU250720:I:27,0,0,0,0,0,0,1,20250720,20251223
GNE:GOAO057:57:057SU250720:I:28,0,0,0,0,0,0,1,20250720,20251223
GNE:GOAO057:57:057SU250720:I:29,0,0,0,0,0,0,1,20250720,20251223
GNE:GOAO057:57:057SU250720:I:30,0,0,0,0,0,0,1,20250720,20251223
GNE:GOAO057:57:057SU250720:I:31,0,0,0,0,0,0,1,20250720,20251223
GNE:GOAO057:57:057SU250720:I:32,0,0,0,0,0,0,1,20250720,20251223
GNE:GOAO057:57:057SU250720:I:33,0,0,0,0,0,0,1,20250720,20251223
GNE:GOAO057:57:057SU250720:I:34,0,0,0,0,0,0,1,20250720,20251223
GNE:GOAO057:57:057SU250720:I:35,0,0,0,0,0,0,1,20250720,20251223
GNE:GOAO058:58:058MF250720:O:1,1,1,1,1,1,0,0,20250720,20251223
GNE:GOAO058:58:058MF250720:O:2,1,1,1,1,1,0,0,20250720,20251223
GNE:GOAO058:58:058MF250720:O:3,1,1,1,1,1,0,0,20250720,20251223
GNE:GOAO058:58:058MF250720:O:4,1,1,1,1,1,0,0,20250720,20251223
GNE:GOAO058:58:058MF250720:O:5,1,1,1,1,1,0,0,20250720,20251223
GNE:GOAO058:58:058MF250720:O:6,1,1,1,1,1,0,0,20250720,20251223
GNE:GOAO058:58:058MF250720:O:7,1,1,1,1,1,0,0,20250720,20251223
GNE:GOAO058:58:058MF250720:O:8,1,1,1,1,1,0,0,20250720,20251223
GNE:GOAO058:58:058MF250720:O:9,1,1,1,1,1,0,0,20250720,20251223
GNE:GOAO058:58:058MF250720:O:10,1,1,1,1,1,0,0,20250720,20251223
GNE:GOAO058:58:058MF250720:O:11,1,1,1,1,1,0,0,20250720,20251223
GNE:GOAO058:58:058MF250720:O:12,1,1,1,1,1,0,0,20250720,20251223
GNE:GOAO058:58:058MF250720:O:13,1,1,1,1,1,0,0,20250720,20251223
GNE:GOAO058:58:058MF250720:O:14,1,1,1,1,1,0,0,20250720,20251223
GNE:GOAO058:58:058MF250720:O:15,1,1,1,1,1,0,0,20250720,20251223
GNE:GOAO058:58:058MF250720:O:16,1,1,1,1,1,0,0,20250720,20251223
GNE:GOAO058:58:058MF250720:O:17,1,1,1,1,1,0,0,20250720,20251223
GNE:GOAO058:58:058MF250720:O:18,1,1,1,1,1,0,0,20250720,20251223
GNE:GOAO058:58:058MF250720:O:19,1,1,1,1,1,0,0,20250720,20251223
GNE:GOAO058:58:058MF250720:O:20,1,1,1,1,1,0,0,20250720,20251223
GNE:GOAO058:58:058MF250720:O:21,1,1,1,1,1,0,0,20250720,20251223
GNE:GOAO058:58:058MF250720:O:22,1,1,1,1,1,0,0,20250720,20251223
GNE:GOAO058:58:058MF250720:O:23,1,1,1,1,1,0,0,20250720,20251223
GNE:GOAO058:58:058MF250720:O:24,1,1,1,1,1,0,0,20250720,20251223
GNE:GOAO058:58:058MF250720:O:25,1,1,1,1,1,0,0,20250720,20251223
GNE:GOAO058:58:058MF250720:O:26,1,1,1,1,1,0,0,20250720,20251223
GNE:GOAO058:58:058MF250720:O:27,1,1,1,1,1,0,0,20250720,20251223
GNE:GOAO058:58:058MF250720:O:28,1,1,1,1,1,0,0,20250720,20251223
GNE:GOAO058:58:058MF250720:O:29,1,1,1,1,1,0,0,20250720,20251223
GNE:GOAO058:58:058MF250720:O:30,1,1,1,1,1,0,0,20250720,20251223
GNE:GOAO058:58:058MF250720:O:31,1,1,1,1,1,0,0,20250720,20251223
GNE:GOAO058:58:058MF250720:O:32,1,1,1,1,1,0,0,20250720,20251223
GNE:GOAO058:58:058MF250720:O:33,1,1,1,1,1,0,0,20250720,20251223
GNE:GOAO058:58:058MF250720:O:34,1,1,1,1,1,0,0,20250720,20251223
GNE:GOAO058:58:058MF250720:O:35,1,1,1,1,1,0,0,20250720,20251223
GNE:GOAO058:58:058MF250720:O:36,1,1,1,1,1,0,0,20250720,20251223
GNE:GOAO058:58:058MF250720:O:37,1,1,1,1,1,0,0,20250720,20251223
GNE:GOAO058:58:058MF250720:O:38,1,1,1,1,1,0,0,20250720,20251223
GNE:GOAO058:58:058MF250720:O:39,1,1,1,1,1,0,0,20250720,20251223
GNE:GOAO058:58:058MF250720:O:40,1,1,1,1,1,0,0,20250720,20251223
GNE:GOAO058:58:058MF250720:O:41,1,1,1,1,1,0,0,20250720,20251223
GNE:GOAO058:58:058MF250720:O:42,1,1,1,1,1,0,0,20250720,20251223
GNE:GOAO058:58:058MF250720:O:43,1,1,1,1,1,0,0,20250720,20251223
GNE:GOAO058:58:058MF250720:O:44,1,1,1,1,1,0,0,20250720,20251223
GNE:GOAO058:58:058MF250720:O:45,1,1,1,1,1,0,0,20250720,20251223
GNE:GOAO058:58:058MF250720:O:46,1,1,1,1,1,0,0,20250720,20251223
GNE:GOAO058:58:058MF250720:O:47,1,1,1,1,1,0,0,20250720,20251223
GNE:GOAO058:58:058MF250720:O:48,1,1,1,1,1,0,0,20250720,20251223
GNE:GOAO058:58:058MF250720:O:50,1,1,1,1,1,0,0,20250720,20251223
GNE:GOAO058:58:058MF250720:O:51,1,1,1,1,1,0,0,20250720,20251223
GNE:GOAO058:58:058MF250720:O:52,1,1,1,1,1,0,0,20250720,20251223
GNE:GOAO058:58:058MF250720:O:53,1,1,1,1,1,0,0,20250720,20251223
GNE:GOAO058:58:058MF250720:O:54,1,1,1,1,1,0,0,20250720,20251223
GNE:GOAO058:58:058MF250720:O:55,1,1,1,1,1,0,0,20250720,20251223
GNE:GOAO058:58:058MF250720:O:56,1,1,1,1,1,0,0,20250720,20251223
GNE:GOAO058:58:058MF250720:O:57,1,1,1,1,1,0,0,20250720,20251223
GNE:GOAO058:58:058MF250720:O:58,1,1,1,1,1,0,0,20250720,20251223
GNE:GOAO058:58:058MF250720:O:59,1,1,1,1,1,0,0,20250720,20251223
GNE:GOAO058:58:058MF250720:O:60,1,1,1,1,1,0,0,20250720,20251223
GNE:GOAO058:58:058MF250720:O:61,1,1,1,1,1,0,0,20250720,20251223
GNE:GOAO058:58:058MF250720:I:1,1,1,1,1,1,0,0,20250720,20251223
GNE:GOAO058:58:058MF250720:I:2,1,1,1,1,1,0,0,20250720,20251223
GNE:GOAO058:58:058MF250720:I:3,1,1,1,1,1,0,0,20250720,20251223
GNE:GOAO058:58:058MF250720:I:5,0,0,0,0,0,0,0,20250720,20251223
GNE:GOAO058:58:058MF250720:I:6,1,1,1,1,1,0,0,20250720,20251223
GNE:GOAO058:58:058MF250720:I:8,0,0,0,0,0,0,0,20250720,20251223
GNE:GOAO058:58:058MF250720:I:9,1,1,1,1,1,0,0,20250720,20251223
GNE:GOAO058:58:058MF250720:I:10,1,1,1,1,1,0,0,20250720,20251223
GNE:GOAO058:58:058MF250720:I:11,1,1,1,1,1,0,0,20250720,20251223
GNE:GOAO058:58:058MF250720:I:12,1,1,1,1,1,0,0,20250720,20251223
GNE:GOAO058:58:058MF250720:I:13,1,1,1,1,1,0,0,20250720,20251223
GNE:GOAO058:58:058MF250720:I:14,1,1,1,1,1,0,0,20250720,20251223
GNE:GOAO058:58:058MF250720:I:15,1,1,1,1,1,0,0,20250720,20251223
GNE:GOAO058:58:058MF250720:I:16,1,1,1,1,1,0,0,20250720,20251223
GNE:GOAO058:58:058MF250720:I:17,1,1,1,1,1,0,0,20250720,20251223
GNE:GOAO058:58:058MF250720:I:18,1,1,1,1,1,0,0,20250720,20251223
GNE:GOAO058:58:058MF250720:I:19,1,1,1,1,1,0,0,20250720,20251223
GNE:GOAO058:58:058MF250720:I:20,1,1,1,1,1,0,0,20250720,20251223
GNE:GOAO058:58:058MF250720:I:21,1,1,1,1,1,0,0,20250720,20251223
GNE:GOAO058:58:058MF250720:I:22,1,1,1,1,1,0,0,20250720,20251223
GNE:GOAO058:58:058MF250720:I:23,1,1,1,1,1,0,0,20250720,20251223
GNE:GOAO058:58:058MF250720:I:24,1,1,1,1,1,0,0,20250720,20251223
GNE:GOAO058:58:058MF250720:I:25,1,1,1,1,1,0,0,20250720,20251223
GNE:GOAO058:58:058MF250720:I:26,1,1,1,1,1,0,0,20250720,20251223
GNE:GOAO058:58:058MF250720:I:27,1,1,1,1,1,0,0,20250720,20251223
GNE:GOAO058:58:058MF250720:I:28,1,1,1,1,1,0,0,20250720,20251223
GNE:GOAO058:58:058MF250720:I:29,1,1,1,1,1,0,0,20250720,20251223
GNE:GOAO058:58:058MF250720:I:30,1,1,1,1,1,0,0,20250720,20251223
GNE:GOAO058:58:058MF250720:I:31,1,1,1,1,1,0,0,20250720,20251223
GNE:GOAO058:58:058MF250720:I:32,1,1,1,1,1,0,0,20250720,20251223
GNE:GOAO058:58:058MF250720:I:33,1,1,1,1,1,0,0,20250720,20251223
GNE:GOAO058:58:058MF250720:I:34,1,1,1,1,1,0,0,20250720,20251223
GNE:GOAO058:58:058MF250720:I:35,1,1,1,1,1,0,0,20250720,20251223
GNE:GOAO058:58:058MF250720:I:36,1,1,1,1,1,0,0,20250720,20251223
GNE:GOAO058:58:058MF250720:I:37,1,1,1,1,1,0,0,20250720,20251223
GNE:GOAO058:58:058MF250720:I:38,1,1,1,1,1,0,0,20250720,20251223
GNE:GOAO058:58:058MF250720:I:39,1,1,1,1,1,0,0,20250720,20251223
GNE:GOAO058:58:058MF250720:I:40,1,1,1,1,1,0,0,20250720,20251223
GNE:GOAO058:58:058MF250720:I:41,1,1,1,1,1,0,0,20250720,20251223
GNE:GOAO058:58:058MF250720:I:42,1,1,1,1,1,0,0,20250720,20251223
GNE:GOAO058:58:058MF250720:I:43,1,1,1,1,1,0,0,20250720,20251223
GNE:GOAO058:58:058MF250720:I:44,1,1,1,1,1,0,0,20250720,20251223
GNE:GOAO058:58:058MF250720:I:45,1,1,1,1,1,0,0,20250720,20251223
GNE:GOAO058:58:058MF250720:I:46,1,1,1,1,1,0,0,20250720,20251223
GNE:GOAO058:58:058MF250720:I:47,1,1,1,1,1,0,0,20250720,20251223
GNE:GOAO058:58:058MF250720:I:48,1,1,1,1,1,0,0,20250720,20251223
GNE:GOAO058:58:058MF250720:I:49,1,1,1,1,1,0,0,20250720,20251223
GNE:GOAO058:58:058MF250720:I:50,1,1,1,1,1,0,0,20250720,20251223
GNE:GOAO058:58:058MF250720:I:51,1,1,1,1,1,0,0,20250720,20251223
GNE:GOAO058:58:058MF250720:I:52,1,1,1,1,1,0,0,20250720,20251223
GNE:GOAO058:58:058MF250720:I:53,1,1,1,1,1,0,0,20250720,20251223
GNE:GOAO058:58:058MF250720:I:54,1,1,1,1,1,0,0,20250720,20251223
GNE:GOAO058:58:058MF250720:I:55,1,1,1,1,1,0,0,20250720,20251223
GNE:GOAO058:58:058MF250720:I:56,1,1,1,1,1,0,0,20250720,20251223
GNE:GOAO058:58:058MF250720:I:57,1,1,1,1,1,0,0,20250720,20251223
GNE:GOAO058:58:058MF250720:I:58,1,1,1,1,1,0,0,20250720,20251223
GNE:GOAO058:58:058MF250720:I:59,1,1,1,1,1,0,0,20250720,20251223
GNE:GOAO058:58:058MF250720:I:60,1,1,1,1,1,0,0,20250720,20251223
GNE:GOAO058:58:058MF250720:I:61,1,1,1,1,1,0,0,20250720,20251223
GNE:GOAO058:58:058MF250720:I:62,1,1,1,1,1,0,0,20250720,20251223
GNE:GOAO058:58:058MF250720:I:63,1,1,1,1,1,0,0,20250720,20251223
GNE:GOAO058:58:058MF250720:I:64,1,1,1,1,1,0,0,20250720,20251223
GNE:GOAO058:58:058SA250720:O:1,0,0,0,0,0,1,0,20250720,20251223
GNE:GOAO058:58:058SA250720:O:2,0,0,0,0,0,1,0,20250720,20251223
GNE:GOAO058:58:058SA250720:O:3,0,0,0,0,0,1,0,20250720,20251223
GNE:GOAO058:58:058SA250720:O:4,0,0,0,0,0,1,0,20250720,20251223
GNE:GOAO058:58:058SA250720:O:5,0,0,0,0,0,1,0,20250720,20251223
GNE:GOAO058:58:058SA250720:O:6,0,0,0,0,0,1,0,20250720,20251223
GNE:GOAO058:58:058SA250720:O:7,0,0,0,0,0,1,0,20250720,20251223
GNE:GOAO058:58:058SA250720:O:8,0,0,0,0,0,1,0,20250720,20251223
GNE:GOAO058:58:058SA250720:O:9,0,0,0,0,0,1,0,20250720,20251223
GNE:GOAO058:58:058SA250720:O:10,0,0,0,0,0,1,0,20250720,20251223
GNE:GOAO058:58:058SA250720:O:11,0,0,0,0,0,1,0,20250720,20251223
GNE:GOAO058:58:058SA250720:O:12,0,0,0,0,0,1,0,20250720,20251223
GNE:GOAO058:58:058SA250720:O:13,0,0,0,0,0,1,0,20250720,20251223
GNE:GOAO058:58:058SA250720:O:14,0,0,0,0,0,1,0,20250720,20251223
GNE:GOAO058:58:058SA250720:O:15,0,0,0,0,0,1,0,20250720,20251223
GNE:GOAO058:58:058SA250720:O:16,0,0,0,0,0,1,0,20250720,20251223
GNE:GOAO058:58:058SA250720:O:17,0,0,0,0,0,1,0,20250720,20251223
GNE:GOAO058:58:058SA250720:O:18,0,0,0,0,0,1,0,20250720,20251223
GNE:GOAO058:58:058SA250720:O:19,0,0,0,0,0,1,0,20250720,20251223
GNE:GOAO058:58:058SA250720:O:20,0,0,0,0,0,1,0,20250720,20251223
GNE:GOAO058:58:058SA250720:O:21,0,0,0,0,0,1,0,20250720,20251223
GNE:GOAO058:58:058SA250720:O:22,0,0,0,0,0,1,0,20250720,20251223
GNE:GOAO058:58:058SA250720:O:23,0,0,0,0,0,1,0,20250720,20251223
GNE:GOAO058:58:058SA250720:O:24,0,0,0,0,0,1,0,20250720,20251223
GNE:GOAO058:58:058SA250720:O:25,0,0,0,0,0,1,0,20250720,20251223
GNE:GOAO058:58:058SA250720:O:26,0,0,0,0,0,1,0,20250720,20251223
GNE:GOAO058:58:058SA250720:O:27,0,0,0,0,0,1,0,20250720,20251223
GNE:GOAO058:58:058SA250720:O:28,0,0,0,0,0,1,0,20250720,20251223
GNE:GOAO058:58:058SA250720:O:29,0,0,0,0,0,1,0,20250720,20251223
GNE:GOAO058:58:058SA250720:O:30,0,0,0,0,0,1,0,20250720,20251223
GNE:GOAO058:58:058SA250720:O:31,0,0,0,0,0,1,0,20250720,20251223
GNE:GOAO058:58:058SA250720:O:32,0,0,0,0,0,1,0,20250720,20251223
GNE:GOAO058:58:058SA250720:O:33,0,0,0,0,0,1,0,20250720,20251223
GNE:GOAO058:58:058SA250720:O:34,0,0,0,0,0,1,0,20250720,20251223
GNE:GOAO058:58:058SA250720:O:35,0,0,0,0,0,1,0,20250720,20251223
GNE:GOAO058:58:058SA250720:O:36,0,0,0,0,0,1,0,20250720,20251223
GNE:GOAO058:58:058SA250720:O:37,0,0,0,0,0,1,0,20250720,20251223
GNE:GOAO058:58:058SA250720:O:38,0,0,0,0,0,1,0,20250720,20251223
GNE:GOAO058:58:058SA250720:O:39,0,0,0,0,0,1,0,20250720,20251223
GNE:GOAO058:58:058SA250720:O:40,0,0,0,0,0,1,0,20250720,20251223
GNE:GOAO058:58:058SA250720:O:41,0,0,0,0,0,1,0,20250720,20251223
GNE:GOAO058:58:058SA250720:O:42,0,0,0,0,0,1,0,20250720,20251223
GNE:GOAO058:58:058SA250720:O:43,0,0,0,0,0,1,0,20250720,20251223
GNE:GOAO058:58:058SA250720:O:44,0,0,0,0,0,1,0,20250720,20251223
GNE:GOAO058:58:058SA250720:O:45,0,0,0,0,0,1,0,20250720,20251223
GNE:GOAO058:58:058SA250720:O:46,0,0,0,0,0,1,0,20250720,20251223
GNE:GOAO058:58:058SA250720:O:48,0,0,0,0,0,1,0,20250720,20251223
GNE:GOAO058:58:058SA250720:O:49,0,0,0,0,0,1,0,20250720,20251223
GNE:GOAO058:58:058SA250720:O:50,0,0,0,0,0,1,0,20250720,20251223
GNE:GOAO058:58:058SA250720:O:51,0,0,0,0,0,1,0,20250720,20251223
GNE:GOAO058:58:058SA250720:O:52,0,0,0,0,0,1,0,20250720,20251223
GNE:GOAO058:58:058SA250720:O:53,0,0,0,0,0,1,0,20250720,20251223
GNE:GOAO058:58:058SA250720:O:54,0,0,0,0,0,1,0,20250720,20251223
GNE:GOAO058:58:058SA250720:O:55,0,0,0,0,0,1,0,20250720,20251223
GNE:GOAO058:58:058SA250720:O:56,0,0,0,0,0,1,0,20250720,20251223
GNE:GOAO058:58:058SA250720:O:57,0,0,0,0,0,1,0,20250720,20251223
GNE:GOAO058:58:058SA250720:O:58,0,0,0,0,0,1,0,20250720,20251223
GNE:GOAO058:58:058SA250720:O:59,0,0,0,0,0,1,0,20250720,20251223
GNE:GOAO058:58:058SA250720:I:3,0,0,0,0,0,1,0,20250720,20251223
GNE:GOAO058:58:058SA250720:I:4,0,0,0,0,0,1,0,20250720,20251223
GNE:GOAO058:58:058SA250720:I:5,0,0,0,0,0,1,0,20250720,20251223
GNE:GOAO058:58:058SA250720:I:6,0,0,0,0,0,1,0,20250720,20251223
GNE:GOAO058:58:058SA250720:I:7,0,0,0,0,0,1,0,20250720,20251223
GNE:GOAO058:58:058SA250720:I:8,0,0,0,0,0,1,0,20250720,20251223
GNE:GOAO058:58:058SA250720:I:9,0,0,0,0,0,1,0,20250720,20251223
GNE:GOAO058:58:058SA250720:I:10,0,0,0,0,0,1,0,20250720,20251223
GNE:GOAO058:58:058SA250720:I:11,0,0,0,0,0,1,0,20250720,20251223
GNE:GOAO058:58:058SA250720:I:12,0,0,0,0,0,1,0,20250720,20251223
GNE:GOAO058:58:058SA250720:I:13,0,0,0,0,0,1,0,20250720,20251223
GNE:GOAO058:58:058SA250720:I:14,0,0,0,0,0,1,0,20250720,20251223
GNE:GOAO058:58:058SA250720:I:15,0,0,0,0,0,1,0,20250720,20251223
GNE:GOAO058:58:058SA250720:I:16,0,0,0,0,0,1,0,20250720,20251223
GNE:GOAO058:58:058SA250720:I:17,0,0,0,0,0,1,0,20250720,20251223
GNE:GOAO058:58:058SA250720:I:18,0,0,0,0,0,1,0,20250720,20251223
GNE:GOAO058:58:058SA250720:I:19,0,0,0,0,0,1,0,20250720,20251223
GNE:GOAO058:58:058SA250720:I:20,0,0,0,0,0,1,0,20250720,20251223
GNE:GOAO058:58:058SA250720:I:21,0,0,0,0,0,1,0,20250720,20251223
GNE:GOAO058:58:058SA250720:I:22,0,0,0,0,0,1,0,20250720,20251223
GNE:GOAO058:58:058SA250720:I:23,0,0,0,0,0,1,0,20250720,20251223
GNE:GOAO058:58:058SA250720:I:24,0,0,0,0,0,1,0,20250720,20251223
GNE:GOAO058:58:058SA250720:I:25,0,0,0,0,0,1,0,20250720,20251223
GNE:GOAO058:58:058SA250720:I:26,0,0,0,0,0,1,0,20250720,20251223
GNE:GOAO058:58:058SA250720:I:27,0,0,0,0,0,1,0,20250720,20251223
GNE:GOAO058:58:058SA250720:I:28,0,0,0,0,0,1,0,20250720,20251223
GNE:GOAO058:58:058SA250720:I:29,0,0,0,0,0,1,0,20250720,20251223
GNE:GOAO058:58:058SA250720:I:30,0,0,0,0,0,1,0,20250720,20251223
GNE:GOAO058:58:058SA250720:I:31,0,0,0,0,0,1,0,20250720,20251223
GNE:GOAO058:58:058SA250720:I:32,0,0,0,0,0,1,0,20250720,20251223
GNE:GOAO058:58:058SA250720:I:33,0,0,0,0,0,1,0,20250720,20251223
GNE:GOAO058:58:058SA250720:I:34,0,0,0,0,0,1,0,20250720,20251223
GNE:GOAO058:58:058SA250720:I:35,0,0,0,0,0,1,0,20250720,20251223
GNE:GOAO058:58:058SA250720:I:36,0,0,0,0,0,1,0,20250720,20251223
GNE:GOAO058:58:058SA250720:I:37,0,0,0,0,0,1,0,20250720,20251223
GNE:GOAO058:58:058SA250720:I:38,0,0,0,0,0,1,0,20250720,20251223
GNE:GOAO058:58:058SA250720:I:39,0,0,0,0,0,1,0,20250720,20251223
GNE:GOAO058:58:058SA250720:I:40,0,0,0,0,0,1,0,20250720,20251223
GNE:GOAO058:58:058SA250720:I:41,0,0,0,0,0,1,0,20250720,20251223
GNE:GOAO058:58:058SA250720:I:42,0,0,0,0,0,1,0,20250720,20251223
GNE:GOAO058:58:058SA250720:I:43,0,0,0,0,0,1,0,20250720,20251223
GNE:GOAO058:58:058SA250720:I:44,0,0,0,0,0,1,0,20250720,20251223
GNE:GOAO058:58:058SA250720:I:45,0,0,0,0,0,1,0,20250720,20251223
GNE:GOAO058:58:058SA250720:I:46,0,0,0,0,0,1,0,20250720,20251223
GNE:GOAO058:58:058SA250720:I:47,0,0,0,0,0,1,0,20250720,20251223
GNE:GOAO058:58:058SA250720:I:48,0,0,0,0,0,1,0,20250720,20251223
GNE:GOAO058:58:058SA250720:I:49,0,0,0,0,0,1,0,20250720,20251223
GNE:GOAO058:58:058SA250720:I:50,0,0,0,0,0,1,0,20250720,20251223
GNE:GOAO058:58:058SA250720:I:51,0,0,0,0,0,1,0,20250720,20251223
GNE:GOAO058:58:058SA250720:I:52,0,0,0,0,0,1,0,20250720,20251223
GNE:GOAO058:58:058SA250720:I:53,0,0,0,0,0,1,0,20250720,20251223
GNE:GOAO058:58:058SA250720:I:54,0,0,0,0,0,1,0,20250720,20251223
GNE:GOAO058:58:058SA250720:I:55,0,0,0,0,0,1,0,20250720,20251223
GNE:GOAO058:58:058SA250720:I:56,0,0,0,0,0,1,0,20250720,20251223
GNE:GOAO058:58:058SA250720:I:57,0,0,0,0,0,1,0,20250720,20251223
GNE:GOAO058:58:058SA250720:I:58,0,0,0,0,0,1,0,20250720,20251223
GNE:GOAO058:58:058SU250720:O:1,0,0,0,0,0,0,1,20250720,20251223
GNE:GOAO058:58:058SU250720:O:2,0,0,0,0,0,0,1,20250720,20251223
GNE:GOAO058:58:058SU250720:O:3,0,0,0,0,0,0,1,20250720,20251223
GNE:GOAO058:58:058SU250720:O:4,0,0,0,0,0,0,1,20250720,20251223
GNE:GOAO058:58:058SU250720:O:5,0,0,0,0,0,0,1,20250720,20251223
GNE:GOAO058:58:058SU250720:O:6,0,0,0,0,0,0,1,20250720,20251223
GNE:GOAO058:58:058SU250720:O:7,0,0,0,0,0,0,1,20250720,20251223
GNE:GOAO058:58:058SU250720:O:8,0,0,0,0,0,0,1,20250720,20251223
GNE:GOAO058:58:058SU250720:O:9,0,0,0,0,0,0,1,20250720,20251223
GNE:GOAO058:58:058SU250720:O:10,0,0,0,0,0,0,1,20250720,20251223
GNE:GOAO058:58:058SU250720:O:11,0,0,0,0,0,0,1,20250720,20251223
GNE:GOAO058:58:058SU250720:O:12,0,0,0,0,0,0,1,20250720,20251223
GNE:GOAO058:58:058SU250720:O:13,0,0,0,0,0,0,1,20250720,20251223
GNE:GOAO058:58:058SU250720:O:14,0,0,0,0,0,0,1,20250720,20251223
GNE:GOAO058:58:058SU250720:O:15,0,0,0,0,0,0,1,20250720,20251223
GNE:GOAO058:58:058SU250720:O:16,0,0,0,0,0,0,1,20250720,20251223
GNE:GOAO058:58:058SU250720:O:17,0,0,0,0,0,0,1,20250720,20251223
GNE:GOAO058:58:058SU250720:O:18,0,0,0,0,0,0,1,20250720,20251223
GNE:GOAO058:58:058SU250720:O:19,0,0,0,0,0,0,1,20250720,20251223
GNE:GOAO058:58:058SU250720:O:20,0,0,0,0,0,0,1,20250720,20251223
GNE:GOAO058:58:058SU250720:O:21,0,0,0,0,0,0,1,20250720,20251223
GNE:GOAO058:58:058SU250720:O:22,0,0,0,0,0,0,1,20250720,20251223
GNE:GOAO058:58:058SU250720:O:23,0,0,0,0,0,0,1,20250720,20251223
GNE:GOAO058:58:058SU250720:O:24,0,0,0,0,0,0,1,20250720,20251223
GNE:GOAO058:58:058SU250720:O:26,0,0,0,0,0,0,1,20250720,20251223
GNE:GOAO058:58:058SU250720:O:27,0,0,0,0,0,0,1,20250720,20251223
GNE:GOAO058:58:058SU250720:O:28,0,0,0,0,0,0,1,20250720,20251223
GNE:GOAO058:58:058SU250720:O:29,0,0,0,0,0,0,1,20250720,20251223
GNE:GOAO058:58:058SU250720:O:30,0,0,0,0,0,0,1,20250720,20251223
GNE:GOAO058:58:058SU250720:O:31,0,0,0,0,0,0,1,20250720,20251223
GNE:GOAO058:58:058SU250720:O:32,0,0,0,0,0,0,1,20250720,20251223
GNE:GOAO058:58:058SU250720:O:33,0,0,0,0,0,0,1,20250720,20251223
GNE:GOAO058:58:058SU250720:O:34,0,0,0,0,0,0,1,20250720,20251223
GNE:GOAO058:58:058SU250720:I:3,0,0,0,0,0,0,1,20250720,20251223
GNE:GOAO058:58:058SU250720:I:4,0,0,0,0,0,0,1,20250720,20251223
GNE:GOAO058:58:058SU250720:I:5,0,0,0,0,0,0,1,20250720,20251223
GNE:GOAO058:58:058SU250720:I:6,0,0,0,0,0,0,1,20250720,20251223
GNE:GOAO058:58:058SU250720:I:7,0,0,0,0,0,0,1,20250720,20251223
GNE:GOAO058:58:058SU250720:I:8,0,0,0,0,0,0,1,20250720,20251223
GNE:GOAO058:58:058SU250720:I:9,0,0,0,0,0,0,1,20250720,20251223
GNE:GOAO058:58:058SU250720:I:10,0,0,0,0,0,0,1,20250720,20251223
GNE:GOAO058:58:058SU250720:I:11,0,0,0,0,0,0,1,20250720,20251223
GNE:GOAO058:58:058SU250720:I:12,0,0,0,0,0,0,1,20250720,20251223
GNE:GOAO058:58:058SU250720:I:13,0,0,0,0,0,0,1,20250720,20251223
GNE:GOAO058:58:058SU250720:I:14,0,0,0,0,0,0,1,20250720,20251223
GNE:GOAO058:58:058SU250720:I:15,0,0,0,0,0,0,1,20250720,20251223
GNE:GOAO058:58:058SU250720:I:16,0,0,0,0,0,0,1,20250720,20251223
GNE:GOAO058:58:058SU250720:I:17,0,0,0,0,0,0,1,20250720,20251223
GNE:GOAO058:58:058SU250720:I:18,0,0,0,0,0,0,1,20250720,20251223
GNE:GOAO058:58:058SU250720:I:19,0,0,0,0,0,0,1,20250720,20251223
GNE:GOAO058:58:058SU250720:I:20,0,0,0,0,0,0,1,20250720,20251223
GNE:GOAO058:58:058SU250720:I:21,0,0,0,0,0,0,1,20250720,20251223
GNE:GOAO058:58:058SU250720:I:22,0,0,0,0,0,0,1,20250720,20251223
GNE:GOAO058:58:058SU250720:I:23,0,0,0,0,0,0,1,20250720,20251223
GNE:GOAO058:58:058SU250720:I:24,0,0,0,0,0,0,1,20250720,20251223
GNE:GOAO058:58:058SU250720:I:25,0,0,0,0,0,0,1,20250720,20251223
GNE:GOAO058:58:058SU250720:I:26,0,0,0,0,0,0,1,20250720,20251223
GNE:GOAO058:58:058SU250720:I:27,0,0,0,0,0,0,1,20250720,20251223
GNE:GOAO058:58:058SU250720:I:28,0,0,0,0,0,0,1,20250720,20251223
GNE:GOAO058:58:058SU250720:I:29,0,0,0,0,0,0,1,20250720,20251223
GNE:GOAO058:58:058SU250720:I:30,0,0,0,0,0,0,1,20250720,20251223
GNE:GOAO058:58:058SU250720:I:31,0,0,0,0,0,0,1,20250720,20251223
GNE:GOAO058:58:058SU250720:I:32,0,0,0,0,0,0,1,20250720,20251223
GNE:GOAO058:58:058SU250720:I:33,0,0,0,0,0,0,1,20250720,20251223
GNE:GOAO058:58:058SU250720:I:34,0,0,0,0,0,0,1,20250720,20251223
GNE:GOAO060:60:060MF250720:O:1,1,1,1,1,1,0,0,20250720,20251223
GNE:GOAO060:60:060MF250720:O:2,1,1,1,1,1,0,0,20250720,20251223
GNE:GOAO060:60:060MF250720:O:3,1,1,1,1,1,0,0,20250720,20251223
GNE:GOAO060:60:060MF250720:O:4,1,1,1,1,1,0,0,20250720,20251223
GNE:GOAO060:60:060MF250720:O:5,1,1,1,1,1,0,0,20250720,20251223
GNE:GOAO060:60:060MF250720:O:6,1,1,1,1,1,0,0,20250720,20251223
GNE:GOAO060:60:060MF250720:O:7,1,1,1,1,1,0,0,20250720,20251223
GNE:GOAO060:60:060MF250720:O:8,1,1,1,1,1,0,0,20250720,20251223
GNE:GOAO060:60:060MF250720:O:9,1,1,1,1,1,0,0,20250720,20251223
GNE:GOAO060:60:060MF250720:O:10,1,1,1,1,1,0,0,20250720,20251223
GNE:GOAO060:60:060MF250720:O:11,1,1,1,1,1,0,0,20250720,20251223
GNE:GOAO060:60:060MF250720:O:12,1,1,1,1,1,0,0,20250720,20251223
GNE:GOAO060:60:060MF250720:O:13,1,1,1,1,1,0,0,20250720,20251223
GNE:GOAO060:60:060MF250720:O:14,1,1,1,1,1,0,0,20250720,20251223
GNE:GOAO060:60:060MF250720:O:15,1,1,1,1,1,0,0,20250720,20251223
GNE:GOAO060:60:060MF250720:O:16,1,1,1,1,1,0,0,20250720,20251223
GNE:GOAO060:60:060MF250720:O:17,1,1,1,1,1,0,0,20250720,20251223
GNE:GOAO060:60:060MF250720:O:18,1,1,1,1,1,0,0,20250720,20251223
GNE:GOAO060:60:060MF250720:O:19,1,1,1,1,1,0,0,20250720,20251223
GNE:GOAO060:60:060MF250720:O:20,1,1,1,1,1,0,0,20250720,20251223
GNE:GOAO060:60:060MF250720:O:21,1,1,1,1,1,0,0,20250720,20251223
GNE:GOAO060:60:060MF250720:O:22,1,1,1,1,1,0,0,20250720,20251223
GNE:GOAO060:60:060MF250720:O:23,1,1,1,1,1,0,0,20250720,20251223
GNE:GOAO060:60:060MF250720:O:24,1,1,1,1,1,0,0,20250720,20251223
GNE:GOAO060:60:060MF250720:O:25,1,1,1,1,1,0,0,20250720,20251223
GNE:GOAO060:60:060MF250720:O:26,1,1,1,1,1,0,0,20250720,20251223
GNE:GOAO060:60:060MF250720:O:27,1,1,1,1,1,0,0,20250720,20251223
GNE:GOAO060:60:060MF250720:O:28,1,1,1,1,1,0,0,20250720,20251223
GNE:GOAO060:60:060MF250720:O:29,1,1,1,1,1,0,0,20250720,20251223
GNE:GOAO060:60:060MF250720:O:30,1,1,1,1,1,0,0,20250720,20251223
GNE:GOAO060:60:060MF250720:O:31,1,1,1,1,1,0,0,20250720,20251223
GNE:GOAO060:60:060MF250720:O:32,1,1,1,1,1,0,0,20250720,20251223
GNE:GOAO060:60:060MF250720:O:33,1,1,1,1,1,0,0,20250720,20251223
GNE:GOAO060:60:060MF250720:O:34,1,1,1,1,1,0,0,20250720,20251223
GNE:GOAO060:60:060MF250720:O:35,1,1,1,1,1,0,0,20250720,20251223
GNE:GOAO060:60:060MF250720:O:36,1,1,1,1,1,0,0,20250720,20251223
GNE:GOAO060:60:060MF250720:O:37,1,1,1,1,1,0,0,20250720,20251223
GNE:GOAO060:60:060MF250720:O:38,1,1,1,1,1,0,0,20250720,20251223
GNE:GOAO060:60:060MF250720:O:39,1,1,1,1,1,0,0,20250720,20251223
GNE:GOAO060:60:060MF250720:O:40,1,1,1,1,1,0,0,20250720,20251223
GNE:GOAO060:60:060MF250720:O:41,1,1,1,1,1,0,0,20250720,20251223
GNE:GOAO060:60:060MF250720:O:42,1,1,1,1,1,0,0,20250720,20251223
GNE:GOAO060:60:060MF250720:O:43,1,1,1,1,1,0,0,20250720,20251223
GNE:GOAO060:60:060MF250720:O:44,1,1,1,1,1,0,0,20250720,20251223
GNE:GOAO060:60:060MF250720:O:45,1,1,1,1,1,0,0,20250720,20251223
GNE:GOAO060:60:060MF250720:O:46,1,1,1,1,1,0,0,20250720,20251223
GNE:GOAO060:60:060MF250720:O:47,1,1,1,1,1,0,0,20250720,20251223
GNE:GOAO060:60:060MF250720:O:48,1,1,1,1,1,0,0,20250720,20251223
GNE:GOAO060:60:060MF250720:O:49,1,1,1,1,1,0,0,20250720,20251223
GNE:GOAO060:60:060MF250720:O:50,1,1,1,1,1,0,0,20250720,20251223
GNE:GOAO060:60:060MF250720:O:51,1,1,1,1,1,0,0,20250720,20251223
GNE:GOAO060:60:060MF250720:O:52,1,1,1,1,1,0,0,20250720,20251223
GNE:GOAO060:60:060MF250720:O:53,1,1,1,1,1,0,0,20250720,20251223
GNE:GOAO060:60:060MF250720:O:54,1,1,1,1,1,0,0,20250720,20251223
GNE:GOAO060:60:060MF250720:O:55,1,1,1,1,1,0,0,20250720,20251223
GNE:GOAO060:60:060MF250720:O:56,1,1,1,1,1,0,0,20250720,20251223
GNE:GOAO060:60:060MF250720:O:57,1,1,1,1,1,0,0,20250720,20251223
GNE:GOAO060:60:060MF250720:O:58,1,1,1,1,1,0,0,20250720,20251223
GNE:GOAO060:60:060MF250720:O:59,1,1,1,1,1,0,0,20250720,20251223
GNE:GOAO060:60:060MF250720:I:1,1,1,1,1,1,0,0,20250720,20251223
GNE:GOAO060:60:060MF250720:I:2,1,1,1,1,1,0,0,20250720,20251223
GNE:GOAO060:60:060MF250720:I:3,1,1,1,1,1,0,0,20250720,20251223
GNE:GOAO060:60:060MF250720:I:4,1,1,1,1,1,0,0,20250720,20251223
GNE:GOAO060:60:060MF250720:I:5,1,1,1,1,1,0,0,20250720,20251223
GNE:GOAO060:60:060MF250720:I:6,1,1,1,1,1,0,0,20250720,20251223
GNE:GOAO060:60:060MF250720:I:7,1,1,1,1,1,0,0,20250720,20251223
GNE:GOAO060:60:060MF250720:I:8,1,1,1,1,1,0,0,20250720,20251223
GNE:GOAO060:60:060MF250720:I:9,1,1,1,1,1,0,0,20250720,20251223
GNE:GOAO060:60:060MF250720:I:10,1,1,1,1,1,0,0,20250720,20251223
GNE:GOAO060:60:060MF250720:I:11,1,1,1,1,1,0,0,20250720,20251223
GNE:GOAO060:60:060MF250720:I:12,1,1,1,1,1,0,0,20250720,20251223
GNE:GOAO060:60:060MF250720:I:13,1,1,1,1,1,0,0,20250720,20251223
GNE:GOAO060:60:060MF250720:I:14,1,1,1,1,1,0,0,20250720,20251223
GNE:GOAO060:60:060MF250720:I:15,1,1,1,1,1,0,0,20250720,20251223
GNE:GOAO060:60:060MF250720:I:16,1,1,1,1,1,0,0,20250720,20251223
GNE:GOAO060:60:060MF250720:I:17,1,1,1,1,1,0,0,20250720,20251223
GNE:GOAO060:60:060MF250720:I:18,1,1,1,1,1,0,0,20250720,20251223
GNE:GOAO060:60:060MF250720:I:19,1,1,1,1,1,0,0,20250720,20251223
GNE:GOAO060:60:060MF250720:I:20,1,1,1,1,1,0,0,20250720,20251223
GNE:GOAO060:60:060MF250720:I:21,1,1,1,1,1,0,0,20250720,20251223
GNE:GOAO060:60:060MF250720:I:22,1,1,1,1,1,0,0,20250720,20251223
GNE:GOAO060:60:060MF250720:I:23,1,1,1,1,1,0,0,20250720,20251223
GNE:GOAO060:60:060MF250720:I:24,1,1,1,1,1,0,0,20250720,20251223
GNE:GOAO060:60:060MF250720:I:25,1,1,1,1,1,0,0,20250720,20251223
GNE:GOAO060:60:060MF250720:I:26,1,1,1,1,1,0,0,20250720,20251223
GNE:GOAO060:60:060MF250720:I:27,1,1,1,1,1,0,0,20250720,20251223
GNE:GOAO060:60:060MF250720:I:28,1,1,1,1,1,0,0,20250720,20251223
GNE:GOAO060:60:060MF250720:I:29,1,1,1,1,1,0,0,20250720,20251223
GNE:GOAO060:60:060MF250720:I:30,1,1,1,1,1,0,0,20250720,20251223
GNE:GOAO060:60:060MF250720:I:31,1,1,1,1,1,0,0,20250720,20251223
GNE:GOAO060:60:060MF250720:I:32,1,1,1,1,1,0,0,20250720,20251223
GNE:GOAO060:60:060MF250720:I:33,1,1,1,1,1,0,0,20250720,20251223
GNE:GOAO060:60:060MF250720:I:34,1,1,1,1,1,0,0,20250720,20251223
GNE:GOAO060:60:060MF250720:I:35,1,1,1,1,1,0,0,20250720,20251223
GNE:GOAO060:60:060MF250720:I:36,1,1,1,1,1,0,0,20250720,20251223
GNE:GOAO060:60:060MF250720:I:37,1,1,1,1,1,0,0,20250720,20251223
GNE:GOAO060:60:060MF250720:I:38,1,1,1,1,1,0,0,20250720,20251223
GNE:GOAO060:60:060MF250720:I:39,1,1,1,1,1,0,0,20250720,20251223
GNE:GOAO060:60:060MF250720:I:40,1,1,1,1,1,0,0,20250720,20251223
GNE:GOAO060:60:060MF250720:I:41,1,1,1,1,1,0,0,20250720,20251223
GNE:GOAO060:60:060MF250720:I:42,1,1,1,1,1,0,0,20250720,20251223
GNE:GOAO060:60:060MF250720:I:43,1,1,1,1,1,0,0,20250720,20251223
GNE:GOAO060:60:060MF250720:I:44,1,1,1,1,1,0,0,20250720,20251223
GNE:GOAO060:60:060MF250720:I:45,1,1,1,1,1,0,0,20250720,20251223
GNE:GOAO060:60:060MF250720:I:46,1,1,1,1,1,0,0,20250720,20251223
GNE:GOAO060:60:060MF250720:I:47,1,1,1,1,1,0,0,20250720,20251223
GNE:GOAO060:60:060MF250720:I:48,1,1,1,1,1,0,0,20250720,20251223
GNE:GOAO060:60:060MF250720:I:49,1,1,1,1,1,0,0,20250720,20251223
GNE:GOAO060:60:060MF250720:I:50,1,1,1,1,1,0,0,20250720,20251223
GNE:GOAO060:60:060MF250720:I:51,1,1,1,1,1,0,0,20250720,20251223
GNE:GOAO060:60:060MF250720:I:52,1,1,1,1,1,0,0,20250720,20251223
GNE:GOAO060:60:060MF250720:I:53,1,1,1,1,1,0,0,20250720,20251223
GNE:GOAO060:60:060MF250720:I:54,1,1,1,1,1,0,0,20250720,20251223
GNE:GOAO060:60:060MF250720:I:55,1,1,1,1,1,0,0,20250720,20251223
GNE:GOAO060:60:060MF250720:I:56,1,1,1,1,1,0,0,20250720,20251223
GNE:GOAO060:60:060MF250720:I:57,1,1,1,1,1,0,0,20250720,20251223
GNE:GOAO060:60:060MF250720:I:58,1,1,1,1,1,0,0,20250720,20251223
GNE:GOAO060:60:060MF250720:I:59,1,1,1,1,1,0,0,20250720,20251223
GNE:GOAO060:60:060MF250720:I:60,1,1,1,1,1,0,0,20250720,20251223
GNE:GOAO060:60:060SA250720:O:1,0,0,0,0,0,1,0,20250720,20251223
GNE:GOAO060:60:060SA250720:O:2,0,0,0,0,0,1,0,20250720,20251223
GNE:GOAO060:60:060SA250720:O:3,0,0,0,0,0,1,0,20250720,20251223
GNE:GOAO060:60:060SA250720:O:4,0,0,0,0,0,1,0,20250720,20251223
GNE:GOAO060:60:060SA250720:O:5,0,0,0,0,0,1,0,20250720,20251223
GNE:GOAO060:60:060SA250720:O:6,0,0,0,0,0,1,0,20250720,20251223
GNE:GOAO060:60:060SA250720:O:7,0,0,0,0,0,1,0,20250720,20251223
GNE:GOAO060:60:060SA250720:O:8,0,0,0,0,0,1,0,20250720,20251223
GNE:GOAO060:60:060SA250720:O:9,0,0,0,0,0,1,0,20250720,20251223
GNE:GOAO060:60:060SA250720:O:10,0,0,0,0,0,1,0,20250720,20251223
GNE:GOAO060:60:060SA250720:O:11,0,0,0,0,0,1,0,20250720,20251223
GNE:GOAO060:60:060SA250720:O:12,0,0,0,0,0,1,0,20250720,20251223
GNE:GOAO060:60:060SA250720:O:13,0,0,0,0,0,1,0,20250720,20251223
GNE:GOAO060:60:060SA250720:O:14,0,0,0,0,0,1,0,20250720,20251223
GNE:GOAO060:60:060SA250720:O:15,0,0,0,0,0,1,0,20250720,20251223
GNE:GOAO060:60:060SA250720:O:16,0,0,0,0,0,1,0,20250720,20251223
GNE:GOAO060:60:060SA250720:O:17,0,0,0,0,0,1,0,20250720,20251223
GNE:GOAO060:60:060SA250720:O:18,0,0,0,0,0,1,0,20250720,20251223
GNE:GOAO060:60:060SA250720:O:19,0,0,0,0,0,1,0,20250720,20251223
GNE:GOAO060:60:060SA250720:O:20,0,0,0,0,0,1,0,20250720,20251223
GNE:GOAO060:60:060SA250720:O:21,0,0,0,0,0,1,0,20250720,20251223
GNE:GOAO060:60:060SA250720:O:22,0,0,0,0,0,1,0,20250720,20251223
GNE:GOAO060:60:060SA250720:O:23,0,0,0,0,0,1,0,20250720,20251223
GNE:GOAO060:60:060SA250720:O:24,0,0,0,0,0,1,0,20250720,20251223
GNE:GOAO060:60:060SA250720:O:25,0,0,0,0,0,1,0,20250720,20251223
GNE:GOAO060:60:060SA250720:O:26,0,0,0,0,0,1,0,20250720,20251223
GNE:GOAO060:60:060SA250720:O:27,0,0,0,0,0,1,0,20250720,20251223
GNE:GOAO060:60:060SA250720:O:28,0,0,0,0,0,1,0,20250720,20251223
GNE:GOAO060:60:060SA250720:O:29,0,0,0,0,0,1,0,20250720,20251223
GNE:GOAO060:60:060SA250720:O:30,0,0,0,0,0,1,0,20250720,20251223
GNE:GOAO060:60:060SA250720:O:31,0,0,0,0,0,1,0,20250720,20251223
GNE:GOAO060:60:060SA250720:O:32,0,0,0,0,0,1,0,20250720,20251223
GNE:GOAO060:60:060SA250720:O:33,0,0,0,0,0,1,0,20250720,20251223
GNE:GOAO060:60:060SA250720:O:34,0,0,0,0,0,1,0,20250720,20251223
GNE:GOAO060:60:060SA250720:O:35,0,0,0,0,0,1,0,20250720,20251223
GNE:GOAO060:60:060SA250720:O:36,0,0,0,0,0,1,0,20250720,20251223
GNE:GOAO060:60:060SA250720:O:37,0,0,0,0,0,1,0,20250720,20251223
GNE:GOAO060:60:060SA250720:O:38,0,0,0,0,0,1,0,20250720,20251223
GNE:GOAO060:60:060SA250720:O:39,0,0,0,0,0,1,0,20250720,20251223
GNE:GOAO060:60:060SA250720:O:40,0,0,0,0,0,1,0,20250720,20251223
GNE:GOAO060:60:060SA250720:O:41,0,0,0,0,0,1,0,20250720,20251223
GNE:GOAO060:60:060SA250720:O:42,0,0,0,0,0,1,0,20250720,20251223
GNE:GOAO060:60:060SA250720:O:43,0,0,0,0,0,1,0,20250720,20251223
GNE:GOAO060:60:060SA250720:O:44,0,0,0,0,0,1,0,20250720,20251223
GNE:GOAO060:60:060SA250720:O:45,0,0,0,0,0,1,0,20250720,20251223
GNE:GOAO060:60:060SA250720:O:46,0,0,0,0,0,1,0,20250720,20251223
GNE:GOAO060:60:060SA250720:O:47,0,0,0,0,0,1,0,20250720,20251223
GNE:GOAO060:60:060SA250720:O:48,0,0,0,0,0,1,0,20250720,20251223
GNE:GOAO060:60:060SA250720:O:49,0,0,0,0,0,1,0,20250720,20251223
GNE:GOAO060:60:060SA250720:O:50,0,0,0,0,0,1,0,20250720,20251223
GNE:GOAO060:60:060SA250720:O:51,0,0,0,0,0,1,0,20250720,20251223
GNE:GOAO060:60:060SA250720:O:52,0,0,0,0,0,1,0,20250720,20251223
GNE:GOAO060:60:060SA250720:O:53,0,0,0,0,0,1,0,20250720,20251223
GNE:GOAO060:60:060SA250720:O:54,0,0,0,0,0,1,0,20250720,20251223
GNE:GOAO060:60:060SA250720:O:55,0,0,0,0,0,1,0,20250720,20251223
GNE:GOAO060:60:060SA250720:O:56,0,0,0,0,0,1,0,20250720,20251223
GNE:GOAO060:60:060SA250720:I:1,0,0,0,0,0,1,0,20250720,20251223
GNE:GOAO060:60:060SA250720:I:2,0,0,0,0,0,1,0,20250720,20251223
GNE:GOAO060:60:060SA250720:I:3,0,0,0,0,0,1,0,20250720,20251223
GNE:GOAO060:60:060SA250720:I:4,0,0,0,0,0,1,0,20250720,20251223
GNE:GOAO060:60:060SA250720:I:5,0,0,0,0,0,1,0,20250720,20251223
GNE:GOAO060:60:060SA250720:I:6,0,0,0,0,0,1,0,20250720,20251223
GNE:GOAO060:60:060SA250720:I:7,0,0,0,0,0,1,0,20250720,20251223
GNE:GOAO060:60:060SA250720:I:8,0,0,0,0,0,1,0,20250720,20251223
GNE:GOAO060:60:060SA250720:I:9,0,0,0,0,0,1,0,20250720,20251223
GNE:GOAO060:60:060SA250720:I:10,0,0,0,0,0,1,0,20250720,20251223
GNE:GOAO060:60:060SA250720:I:11,0,0,0,0,0,1,0,20250720,20251223
GNE:GOAO060:60:060SA250720:I:12,0,0,0,0,0,1,0,20250720,20251223
GNE:GOAO060:60:060SA250720:I:13,0,0,0,0,0,1,0,20250720,20251223
GNE:GOAO060:60:060SA250720:I:14,0,0,0,0,0,1,0,20250720,20251223
GNE:GOAO060:60:060SA250720:I:15,0,0,0,0,0,1,0,20250720,20251223
GNE:GOAO060:60:060SA250720:I:16,0,0,0,0,0,1,0,20250720,20251223
GNE:GOAO060:60:060SA250720:I:17,0,0,0,0,0,1,0,20250720,20251223
GNE:GOAO060:60:060SA250720:I:18,0,0,0,0,0,1,0,20250720,20251223
GNE:GOAO060:60:060SA250720:I:19,0,0,0,0,0,1,0,20250720,20251223
GNE:GOAO060:60:060SA250720:I:20,0,0,0,0,0,1,0,20250720,20251223
GNE:GOAO060:60:060SA250720:I:21,0,0,0,0,0,1,0,20250720,20251223
GNE:GOAO060:60:060SA250720:I:22,0,0,0,0,0,1,0,20250720,20251223
GNE:GOAO060:60:060SA250720:I:23,0,0,0,0,0,1,0,20250720,20251223
GNE:GOAO060:60:060SA250720:I:24,0,0,0,0,0,1,0,20250720,20251223
GNE:GOAO060:60:060SA250720:I:25,0,0,0,0,0,1,0,20250720,20251223
GNE:GOAO060:60:060SA250720:I:26,0,0,0,0,0,1,0,20250720,20251223
GNE:GOAO060:60:060SA250720:I:27,0,0,0,0,0,1,0,20250720,20251223
GNE:GOAO060:60:060SA250720:I:28,0,0,0,0,0,1,0,20250720,20251223
GNE:GOAO060:60:060SA250720:I:29,0,0,0,0,0,1,0,20250720,20251223
GNE:GOAO060:60:060SA250720:I:30,0,0,0,0,0,1,0,20250720,20251223
GNE:GOAO060:60:060SA250720:I:31,0,0,0,0,0,1,0,20250720,20251223
GNE:GOAO060:60:060SA250720:I:32,0,0,0,0,0,1,0,20250720,20251223
GNE:GOAO060:60:060SA250720:I:33,0,0,0,0,0,1,0,20250720,20251223
GNE:GOAO060:60:060SA250720:I:34,0,0,0,0,0,1,0,20250720,20251223
GNE:GOAO060:60:060SA250720:I:35,0,0,0,0,0,1,0,20250720,20251223
GNE:GOAO060:60:060SA250720:I:36,0,0,0,0,0,1,0,20250720,20251223
GNE:GOAO060:60:060SA250720:I:37,0,0,0,0,0,1,0,20250720,20251223
GNE:GOAO060:60:060SA250720:I:38,0,0,0,0,0,1,0,20250720,20251223
GNE:GOAO060:60:060SA250720:I:39,0,0,0,0,0,1,0,20250720,20251223
GNE:GOAO060:60:060SA250720:I:40,0,0,0,0,0,1,0,20250720,20251223
GNE:GOAO060:60:060SA250720:I:41,0,0,0,0,0,1,0,20250720,20251223
GNE:GOAO060:60:060SA250720:I:42,0,0,0,0,0,1,0,20250720,20251223
GNE:GOAO060:60:060SA250720:I:43,0,0,0,0,0,1,0,20250720,20251223
GNE:GOAO060:60:060SA250720:I:44,0,0,0,0,0,1,0,20250720,20251223
GNE:GOAO060:60:060SA250720:I:45,0,0,0,0,0,1,0,20250720,20251223
GNE:GOAO060:60:060SA250720:I:46,0,0,0,0,0,1,0,20250720,20251223
GNE:GOAO060:60:060SA250720:I:47,0,0,0,0,0,1,0,20250720,20251223
GNE:GOAO060:60:060SA250720:I:48,0,0,0,0,0,1,0,20250720,20251223
GNE:GOAO060:60:060SA250720:I:49,0,0,0,0,0,1,0,20250720,20251223
GNE:GOAO060:60:060SA250720:I:50,0,0,0,0,0,1,0,20250720,20251223
GNE:GOAO060:60:060SA250720:I:51,0,0,0,0,0,1,0,20250720,20251223
GNE:GOAO060:60:060SA250720:I:52,0,0,0,0,0,1,0,20250720,20251223
GNE:GOAO060:60:060SA250720:I:53,0,0,0,0,0,1,0,20250720,20251223
GNE:GOAO060:60:060SA250720:I:54,0,0,0,0,0,1,0,20250720,20251223
GNE:GOAO060:60:060SA250720:I:55,0,0,0,0,0,1,0,20250720,20251223
GNE:GOAO060:60:060SA250720:I:56,0,0,0,0,0,1,0,20250720,20251223
GNE:GOAO060:60:060SU250720:O:1,0,0,0,0,0,0,1,20250720,20251223
GNE:GOAO060:60:060SU250720:O:2,0,0,0,0,0,0,1,20250720,20251223
GNE:GOAO060:60:060SU250720:O:3,0,0,0,0,0,0,1,20250720,20251223
GNE:GOAO060:60:060SU250720:O:4,0,0,0,0,0,0,1,20250720,20251223
GNE:GOAO060:60:060SU250720:O:5,0,0,0,0,0,0,1,20250720,20251223
GNE:GOAO060:60:060SU250720:O:6,0,0,0,0,0,0,1,20250720,20251223
GNE:GOAO060:60:060SU250720:O:7,0,0,0,0,0,0,1,20250720,20251223
GNE:GOAO060:60:060SU250720:O:8,0,0,0,0,0,0,1,20250720,20251223
GNE:GOAO060:60:060SU250720:O:9,0,0,0,0,0,0,1,20250720,20251223
GNE:GOAO060:60:060SU250720:O:10,0,0,0,0,0,0,1,20250720,20251223
GNE:GOAO060:60:060SU250720:O:11,0,0,0,0,0,0,1,20250720,20251223
GNE:GOAO060:60:060SU250720:O:12,0,0,0,0,0,0,1,20250720,20251223
GNE:GOAO060:60:060SU250720:O:13,0,0,0,0,0,0,1,20250720,20251223
GNE:GOAO060:60:060SU250720:O:14,0,0,0,0,0,0,1,20250720,20251223
GNE:GOAO060:60:060SU250720:O:15,0,0,0,0,0,0,1,20250720,20251223
GNE:GOAO060:60:060SU250720:O:16,0,0,0,0,0,0,1,20250720,20251223
GNE:GOAO060:60:060SU250720:O:17,0,0,0,0,0,0,1,20250720,20251223
GNE:GOAO060:60:060SU250720:O:18,0,0,0,0,0,0,1,20250720,20251223
GNE:GOAO060:60:060SU250720:O:19,0,0,0,0,0,0,1,20250720,20251223
GNE:GOAO060:60:060SU250720:O:20,0,0,0,0,0,0,1,20250720,20251223
GNE:GOAO060:60:060SU250720:O:21,0,0,0,0,0,0,1,20250720,20251223
GNE:GOAO060:60:060SU250720:O:22,0,0,0,0,0,0,1,20250720,20251223
GNE:GOAO060:60:060SU250720:O:23,0,0,0,0,0,0,1,20250720,20251223
GNE:GOAO060:60:060SU250720:O:24,0,0,0,0,0,0,1,20250720,20251223
GNE:GOAO060:60:060SU250720:O:25,0,0,0,0,0,0,1,20250720,20251223
GNE:GOAO060:60:060SU250720:O:26,0,0,0,0,0,0,1,20250720,20251223
GNE:GOAO060:60:060SU250720:O:27,0,0,0,0,0,0,1,20250720,20251223
GNE:GOAO060:60:060SU250720:O:28,0,0,0,0,0,0,1,20250720,20251223
GNE:GOAO060:60:060SU250720:O:29,0,0,0,0,0,0,1,20250720,20251223
GNE:GOAO060:60:060SU250720:O:30,0,0,0,0,0,0,1,20250720,20251223
GNE:GOAO060:60:060SU250720:O:31,0,0,0,0,0,0,1,20250720,20251223
GNE:GOAO060:60:060SU250720:O:32,0,0,0,0,0,0,1,20250720,20251223
GNE:GOAO060:60:060SU250720:O:33,0,0,0,0,0,0,1,20250720,20251223
GNE:GOAO060:60:060SU250720:O:34,0,0,0,0,0,0,1,20250720,20251223
GNE:GOAO060:60:060SU250720:O:35,0,0,0,0,0,0,1,20250720,20251223
GNE:GOAO060:60:060SU250720:O:36,0,0,0,0,0,0,1,20250720,20251223
GNE:GOAO060:60:060SU250720:O:37,0,0,0,0,0,0,1,20250720,20251223
GNE:GOAO060:60:060SU250720:O:38,0,0,0,0,0,0,1,20250720,20251223
GNE:GOAO060:60:060SU250720:I:1,0,0,0,0,0,0,1,20250720,20251223
GNE:GOAO060:60:060SU250720:I:2,0,0,0,0,0,0,1,20250720,20251223
GNE:GOAO060:60:060SU250720:I:3,0,0,0,0,0,0,1,20250720,20251223
GNE:GOAO060:60:060SU250720:I:4,0,0,0,0,0,0,1,20250720,20251223
GNE:GOAO060:60:060SU250720:I:5,0,0,0,0,0,0,1,20250720,20251223
GNE:GOAO060:60:060SU250720:I:6,0,0,0,0,0,0,1,20250720,20251223
GNE:GOAO060:60:060SU250720:I:7,0,0,0,0,0,0,1,20250720,20251223
GNE:GOAO060:60:060SU250720:I:8,0,0,0,0,0,0,1,20250720,20251223
GNE:GOAO060:60:060SU250720:I:9,0,0,0,0,0,0,1,20250720,20251223
GNE:GOAO060:60:060SU250720:I:10,0,0,0,0,0,0,1,20250720,20251223
GNE:GOAO060:60:060SU250720:I:11,0,0,0,0,0,0,1,20250720,20251223
GNE:GOAO060:60:060SU250720:I:12,0,0,0,0,0,0,1,20250720,20251223
GNE:GOAO060:60:060SU250720:I:13,0,0,0,0,0,0,1,20250720,20251223
GNE:GOAO060:60:060SU250720:I:14,0,0,0,0,0,0,1,20250720,20251223
GNE:GOAO060:60:060SU250720:I:15,0,0,0,0,0,0,1,20250720,20251223
GNE:GOAO060:60:060SU250720:I:16,0,0,0,0,0,0,1,20250720,20251223
GNE:GOAO060:60:060SU250720:I:17,0,0,0,0,0,0,1,20250720,20251223
GNE:GOAO060:60:060SU250720:I:18,0,0,0,0,0,0,1,20250720,20251223
GNE:GOAO060:60:060SU250720:I:19,0,0,0,0,0,0,1,20250720,20251223
GNE:GOAO060:60:060SU250720:I:20,0,0,0,0,0,0,1,20250720,20251223
GNE:GOAO060:60:060SU250720:I:21,0,0,0,0,0,0,1,20250720,20251223
GNE:GOAO060:60:060SU250720:I:22,0,0,0,0,0,0,1,20250720,20251223
GNE:GOAO060:60:060SU250720:I:23,0,0,0,0,0,0,1,20250720,20251223
GNE:GOAO060:60:060SU250720:I:24,0,0,0,0,0,0,1,20250720,20251223
GNE:GOAO060:60:060SU250720:I:25,0,0,0,0,0,0,1,20250720,20251223
GNE:GOAO060:60:060SU250720:I:26,0,0,0,0,0,0,1,20250720,20251223
GNE:GOAO060:60:060SU250720:I:27,0,0,0,0,0,0,1,20250720,20251223
GNE:GOAO060:60:060SU250720:I:28,0,0,0,0,0,0,1,20250720,20251223
GNE:GOAO060:60:060SU250720:I:29,0,0,0,0,0,0,1,20250720,20251223
GNE:GOAO060:60:060SU250720:I:30,0,0,0,0,0,0,1,20250720,20251223
GNE:GOAO060:60:060SU250720:I:31,0,0,0,0,0,0,1,20250720,20251223
GNE:GOAO060:60:060SU250720:I:32,0,0,0,0,0,0,1,20250720,20251223
GNE:GOAO060:60:060SU250720:I:33,0,0,0,0,0,0,1,20250720,20251223
GNE:GOAO060:60:060SU250720:I:34,0,0,0,0,0,0,1,20250720,20251223
GNE:GOAO060:60:060SU250720:I:35,0,0,0,0,0,0,1,20250720,20251223
GNE:GOAO060:60:060SU250720:I:36,0,0,0,0,0,0,1,20250720,20251223
GNE:GOAO060:60:060SU250720:I:37,0,0,0,0,0,0,1,20250720,20251223
GNE:GOAO060:60:060SU250720:I:38,0,0,0,0,0,0,1,20250720,20251223
GNE:GOAO060:60:060SU250720:I:39,0,0,0,0,0,0,1,20250720,20251223
GNE:GOAO060:60:060SU250720:I:40,0,0,0,0,0,0,1,20250720,20251223
GNE:GOAO061:61:061MF250720:O:1,1,1,1,1,1,0,0,20250720,20251223
GNE:GOAO061:61:061MF250720:O:2,1,1,1,1,1,0,0,20250720,20251223
GNE:GOAO061:61:061MF250720:O:4,1,1,1,1,1,0,0,20250720,20251223
GNE:GOAO061:61:061MF250720:O:6,1,1,1,1,1,0,0,20250720,20251223
GNE:GOAO061:61:061MF250720:O:8,1,1,1,1,1,0,0,20250720,20251223
GNE:GOAO061:61:061MF250720:O:10,1,1,1,1,1,0,0,20250720,20251223
GNE:GOAO061:61:061MF250720:O:12,1,1,1,1,1,0,0,20250720,20251223
GNE:GOAO061:61:061MF250720:O:14,1,1,1,1,1,0,0,20250720,20251223
GNE:GOAO061:61:061MF250720:O:16,1,1,1,1,1,0,0,20250720,20251223
GNE:GOAO061:61:061MF250720:O:18,1,1,1,1,1,0,0,20250720,20251223
GNE:GOAO061:61:061MF250720:O:20,1,1,1,1,1,0,0,20250720,20251223
GNE:GOAO061:61:061MF250720:O:22,1,1,1,1,1,0,0,20250720,20251223
GNE:GOAO061:61:061MF250720:O:24,1,1,1,1,1,0,0,20250720,20251223
GNE:GOAO061:61:061MF250720:O:26,1,1,1,1,1,0,0,20250720,20251223
GNE:GOAO061:61:061MF250720:O:28,1,1,1,1,1,0,0,20250720,20251223
GNE:GOAO061:61:061MF250720:O:30,1,1,1,1,1,0,0,20250720,20251223
GNE:GOAO061:61:061MF250720:O:32,1,1,1,1,1,0,0,20250720,20251223
GNE:GOAO061:61:061MF250720:O:34,1,1,1,1,1,0,0,20250720,20251223
GNE:GOAO061:61:061MF250720:O:36,1,1,1,1,1,0,0,20250720,20251223
GNE:GOAO061:61:061MF250720:O:38,1,1,1,1,1,0,0,20250720,20251223
GNE:GOAO061:61:061MF250720:O:40,1,1,1,1,1,0,0,20250720,20251223
GNE:GOAO061:61:061MF250720:O:42,1,1,1,1,1,0,0,20250720,20251223
GNE:GOAO061:61:061MF250720:O:44,1,1,1,1,1,0,0,20250720,20251223
GNE:GOAO061:61:061MF250720:O:46,1,1,1,1,1,0,0,20250720,20251223
GNE:GOAO061:61:061MF250720:O:48,1,1,1,1,1,0,0,20250720,20251223
GNE:GOAO061:61:061MF250720:O:50,1,1,1,1,1,0,0,20250720,20251223
GNE:GOAO061:61:061MF250720:O:52,1,1,1,1,1,0,0,20250720,20251223
GNE:GOAO061:61:061MF250720:O:54,1,1,1,1,1,0,0,20250720,20251223
GNE:GOAO061:61:061MF250720:O:56,1,1,1,1,1,0,0,20250720,20251223
GNE:GOAO061:61:061MF250720:O:58,1,1,1,1,1,0,0,20250720,20251223
GNE:GOAO061:61:061MF250720:O:60,1,1,1,1,1,0,0,20250720,20251223
GNE:GOAO061:61:061MF250720:O:62,1,1,1,1,1,0,0,20250720,20251223
GNE:GOAO061:61:061MF250720:I:3,1,1,1,1,1,0,0,20250720,20251223
GNE:GOAO061:61:061MF250720:I:5,1,1,1,1,1,0,0,20250720,20251223
GNE:GOAO061:61:061MF250720:I:7,1,1,1,1,1,0,0,20250720,20251223
GNE:GOAO061:61:061MF250720:I:9,1,1,1,1,1,0,0,20250720,20251223
GNE:GOAO061:61:061MF250720:I:11,1,1,1,1,1,0,0,20250720,20251223
GNE:GOAO061:61:061MF250720:I:13,1,1,1,1,1,0,0,20250720,20251223
GNE:GOAO061:61:061MF250720:I:15,1,1,1,1,1,0,0,20250720,20251223
GNE:GOAO061:61:061MF250720:I:17,1,1,1,1,1,0,0,20250720,20251223
GNE:GOAO061:61:061MF250720:I:19,1,1,1,1,1,0,0,20250720,20251223
GNE:GOAO061:61:061MF250720:I:21,1,1,1,1,1,0,0,20250720,20251223
GNE:GOAO061:61:061MF250720:I:23,1,1,1,1,1,0,0,20250720,20251223
GNE:GOAO061:61:061MF250720:I:25,1,1,1,1,1,0,0,20250720,20251223
GNE:GOAO061:61:061MF250720:I:27,1,1,1,1,1,0,0,20250720,20251223
GNE:GOAO061:61:061MF250720:I:29,1,1,1,1,1,0,0,20250720,20251223
GNE:GOAO061:61:061MF250720:I:31,1,1,1,1,1,0,0,20250720,20251223
GNE:GOAO061:61:061MF250720:I:33,1,1,1,1,1,0,0,20250720,20251223
GNE:GOAO061:61:061MF250720:I:35,1,1,1,1,1,0,0,20250720,20251223
GNE:GOAO061:61:061MF250720:I:37,1,1,1,1,1,0,0,20250720,20251223
GNE:GOAO061:61:061MF250720:I:39,1,1,1,1,1,0,0,20250720,20251223
GNE:GOAO061:61:061MF250720:I:41,1,1,1,1,1,0,0,20250720,20251223
GNE:GOAO061:61:061MF250720:I:43,1,1,1,1,1,0,0,20250720,20251223
GNE:GOAO061:61:061MF250720:I:45,1,1,1,1,1,0,0,20250720,20251223
GNE:GOAO061:61:061MF250720:I:47,1,1,1,1,1,0,0,20250720,20251223
GNE:GOAO061:61:061MF250720:I:49,1,1,1,1,1,0,0,20250720,20251223
GNE:GOAO061:61:061MF250720:I:51,1,1,1,1,1,0,0,20250720,20251223
GNE:GOAO061:61:061MF250720:I:53,1,1,1,1,1,0,0,20250720,20251223
GNE:GOAO061:61:061MF250720:I:54,1,1,1,1,1,0,0,20250720,20251223
GNE:GOAO061:61:061MF250720:I:56,1,1,1,1,1,0,0,20250720,20251223
GNE:GOAO061:61:061MF250720:I:58,1,1,1,1,1,0,0,20250720,20251223
GNE:GOAO061:61:061MF250720:I:60,1,1,1,1,1,0,0,20250720,20251223
GNE:GOAO061:61:061MF250720:I:62,1,1,1,1,1,0,0,20250720,20251223
GNE:GOAO061:61:061MF250720:I:63,1,1,1,1,1,0,0,20250720,20251223
GNE:GOAO061:61:061SA250720:O:1,0,0,0,0,0,1,0,20250720,20251223
GNE:GOAO061:61:061SA250720:O:3,0,0,0,0,0,1,0,20250720,20251223
GNE:GOAO061:61:061SA250720:O:6,0,0,0,0,0,1,0,20250720,20251223
GNE:GOAO061:61:061SA250720:O:8,0,0,0,0,0,1,0,20250720,20251223
GNE:GOAO061:61:061SA250720:O:10,0,0,0,0,0,1,0,20250720,20251223
GNE:GOAO061:61:061SA250720:O:12,0,0,0,0,0,1,0,20250720,20251223
GNE:GOAO061:61:061SA250720:O:14,0,0,0,0,0,1,0,20250720,20251223
GNE:GOAO061:61:061SA250720:O:16,0,0,0,0,0,1,0,20250720,20251223
GNE:GOAO061:61:061SA250720:O:18,0,0,0,0,0,1,0,20250720,20251223
GNE:GOAO061:61:061SA250720:O:20,0,0,0,0,0,1,0,20250720,20251223
GNE:GOAO061:61:061SA250720:O:22,0,0,0,0,0,1,0,20250720,20251223
GNE:GOAO061:61:061SA250720:O:24,0,0,0,0,0,1,0,20250720,20251223
GNE:GOAO061:61:061SA250720:O:26,0,0,0,0,0,1,0,20250720,20251223
GNE:GOAO061:61:061SA250720:O:28,0,0,0,0,0,1,0,20250720,20251223
GNE:GOAO061:61:061SA250720:O:30,0,0,0,0,0,1,0,20250720,20251223
GNE:GOAO061:61:061SA250720:O:32,0,0,0,0,0,1,0,20250720,20251223
GNE:GOAO061:61:061SA250720:O:34,0,0,0,0,0,1,0,20250720,20251223
GNE:GOAO061:61:061SA250720:O:36,0,0,0,0,0,1,0,20250720,20251223
GNE:GOAO061:61:061SA250720:O:38,0,0,0,0,0,1,0,20250720,20251223
GNE:GOAO061:61:061SA250720:O:40,0,0,0,0,0,1,0,20250720,20251223
GNE:GOAO061:61:061SA250720:O:42,0,0,0,0,0,1,0,20250720,20251223
GNE:GOAO061:61:061SA250720:O:44,0,0,0,0,0,1,0,20250720,20251223
GNE:GOAO061:61:061SA250720:O:46,0,0,0,0,0,1,0,20250720,20251223
GNE:GOAO061:61:061SA250720:O:48,0,0,0,0,0,1,0,20250720,20251223
GNE:GOAO061:61:061SA250720:O:51,0,0,0,0,0,1,0,20250720,20251223
GNE:GOAO061:61:061SA250720:O:53,0,0,0,0,0,1,0,20250720,20251223
GNE:GOAO061:61:061SA250720:O:55,0,0,0,0,0,1,0,20250720,20251223
GNE:GOAO061:61:061SA250720:O:57,0,0,0,0,0,1,0,20250720,20251223
GNE:GOAO061:61:061SA250720:O:59,0,0,0,0,0,1,0,20250720,20251223
GNE:GOAO061:61:061SA250720:I:2,0,0,0,0,0,1,0,20250720,20251223
GNE:GOAO061:61:061SA250720:I:4,0,0,0,0,0,1,0,20250720,20251223
GNE:GOAO061:61:061SA250720:I:6,0,0,0,0,0,1,0,20250720,20251223
GNE:GOAO061:61:061SA250720:I:8,0,0,0,0,0,1,0,20250720,20251223
GNE:GOAO061:61:061SA250720:I:10,0,0,0,0,0,1,0,20250720,20251223
GNE:GOAO061:61:061SA250720:I:12,0,0,0,0,0,1,0,20250720,20251223
GNE:GOAO061:61:061SA250720:I:14,0,0,0,0,0,1,0,20250720,20251223
GNE:GOAO061:61:061SA250720:I:16,0,0,0,0,0,1,0,20250720,20251223
GNE:GOAO061:61:061SA250720:I:18,0,0,0,0,0,1,0,20250720,20251223
GNE:GOAO061:61:061SA250720:I:20,0,0,0,0,0,1,0,20250720,20251223
GNE:GOAO061:61:061SA250720:I:22,0,0,0,0,0,1,0,20250720,20251223
GNE:GOAO061:61:061SA250720:I:24,0,0,0,0,0,1,0,20250720,20251223
GNE:GOAO061:61:061SA250720:I:26,0,0,0,0,0,1,0,20250720,20251223
GNE:GOAO061:61:061SA250720:I:28,0,0,0,0,0,1,0,20250720,20251223
GNE:GOAO061:61:061SA250720:I:30,0,0,0,0,0,1,0,20250720,20251223
GNE:GOAO061:61:061SA250720:I:32,0,0,0,0,0,1,0,20250720,20251223
GNE:GOAO061:61:061SA250720:I:34,0,0,0,0,0,1,0,20250720,20251223
GNE:GOAO061:61:061SA250720:I:36,0,0,0,0,0,1,0,20250720,20251223
GNE:GOAO061:61:061SA250720:I:38,0,0,0,0,0,1,0,20250720,20251223
GNE:GOAO061:61:061SA250720:I:40,0,0,0,0,0,1,0,20250720,20251223
GNE:GOAO061:61:061SA250720:I:42,0,0,0,0,0,1,0,20250720,20251223
GNE:GOAO061:61:061SA250720:I:44,0,0,0,0,0,1,0,20250720,20251223
GNE:GOAO061:61:061SA250720:I:46,0,0,0,0,0,1,0,20250720,20251223
GNE:GOAO061:61:061SA250720:I:48,0,0,0,0,0,1,0,20250720,20251223
GNE:GOAO061:61:061SA250720:I:50,0,0,0,0,0,1,0,20250720,20251223
GNE:GOAO061:61:061SA250720:I:51,0,0,0,0,0,1,0,20250720,20251223
GNE:GOAO061:61:061SA250720:I:53,0,0,0,0,0,1,0,20250720,20251223
GNE:GOAO061:61:061SA250720:I:55,0,0,0,0,0,1,0,20250720,20251223
GNE:GOAO061:61:061SA250720:I:57,0,0,0,0,0,1,0,20250720,20251223
GNE:GOAO061:61:061SA250720:I:59,0,0,0,0,0,1,0,20250720,20251223
GNE:GOAO061:61:061SA250720:I:60,0,0,0,0,0,1,0,20250720,20251223
GNE:GOAO061:61:061SU250720:O:1,0,0,0,0,0,0,1,20250720,20251223
GNE:GOAO061:61:061SU250720:O:4,0,0,0,0,0,0,1,20250720,20251223
GNE:GOAO061:61:061SU250720:O:6,0,0,0,0,0,0,1,20250720,20251223
GNE:GOAO061:61:061SU250720:O:8,0,0,0,0,0,0,1,20250720,20251223
GNE:GOAO061:61:061SU250720:O:10,0,0,0,0,0,0,1,20250720,20251223
GNE:GOAO061:61:061SU250720:O:12,0,0,0,0,0,0,1,20250720,20251223
GNE:GOAO061:61:061SU250720:O:14,0,0,0,0,0,0,1,20250720,20251223
GNE:GOAO061:61:061SU250720:O:16,0,0,0,0,0,0,1,20250720,20251223
GNE:GOAO061:61:061SU250720:O:18,0,0,0,0,0,0,1,20250720,20251223
GNE:GOAO061:61:061SU250720:O:20,0,0,0,0,0,0,1,20250720,20251223
GNE:GOAO061:61:061SU250720:O:22,0,0,0,0,0,0,1,20250720,20251223
GNE:GOAO061:61:061SU250720:O:24,0,0,0,0,0,0,1,20250720,20251223
GNE:GOAO061:61:061SU250720:O:26,0,0,0,0,0,0,1,20250720,20251223
GNE:GOAO061:61:061SU250720:O:28,0,0,0,0,0,0,1,20250720,20251223
GNE:GOAO061:61:061SU250720:I:2,0,0,0,0,0,0,1,20250720,20251223
GNE:GOAO061:61:061SU250720:I:5,0,0,0,0,0,0,1,20250720,20251223
GNE:GOAO061:61:061SU250720:I:7,0,0,0,0,0,0,1,20250720,20251223
GNE:GOAO061:61:061SU250720:I:9,0,0,0,0,0,0,1,20250720,20251223
GNE:GOAO061:61:061SU250720:I:11,0,0,0,0,0,0,1,20250720,20251223
GNE:GOAO061:61:061SU250720:I:13,0,0,0,0,0,0,1,20250720,20251223
GNE:GOAO061:61:061SU250720:I:15,0,0,0,0,0,0,1,20250720,20251223
GNE:GOAO061:61:061SU250720:I:17,0,0,0,0,0,0,1,20250720,20251223
GNE:GOAO061:61:061SU250720:I:19,0,0,0,0,0,0,1,20250720,20251223
GNE:GOAO061:61:061SU250720:I:21,0,0,0,0,0,0,1,20250720,20251223
GNE:GOAO061:61:061SU250720:I:23,0,0,0,0,0,0,1,20250720,20251223
GNE:GOAO061:61:061SU250720:I:25,0,0,0,0,0,0,1,20250720,20251223
GNE:GOAO061:61:061SU250720:I:27,0,0,0,0,0,0,1,20250720,20251223
GNE:GOAO061:61:061SU250720:I:29,0,0,0,0,0,0,1,20250720,20251223
GNE:GOAO062:62:061MF250720:O:5,1,1,1,1,1,0,0,20250720,20251223
GNE:GOAO062:62:061MF250720:O:9,1,1,1,1,1,0,0,20250720,20251223
GNE:GOAO062:62:061MF250720:O:13,1,1,1,1,1,0,0,20250720,20251223
GNE:GOAO062:62:061MF250720:O:17,1,1,1,1,1,0,0,20250720,20251223
GNE:GOAO062:62:061MF250720:O:21,1,1,1,1,1,0,0,20250720,20251223
GNE:GOAO062:62:061MF250720:O:25,1,1,1,1,1,0,0,20250720,20251223
GNE:GOAO062:62:061MF250720:O:29,1,1,1,1,1,0,0,20250720,20251223
GNE:GOAO062:62:061MF250720:O:33,1,1,1,1,1,0,0,20250720,20251223
GNE:GOAO062:62:061MF250720:O:37,1,1,1,1,1,0,0,20250720,20251223
GNE:GOAO062:62:061MF250720:O:41,1,1,1,1,1,0,0,20250720,20251223
GNE:GOAO062:62:061MF250720:O:45,1,1,1,1,1,0,0,20250720,20251223
GNE:GOAO062:62:061MF250720:O:49,1,1,1,1,1,0,0,20250720,20251223
GNE:GOAO062:62:061MF250720:O:53,1,1,1,1,1,0,0,20250720,20251223
GNE:GOAO062:62:061MF250720:O:55,1,1,1,1,1,0,0,20250720,20251223
GNE:GOAO062:62:061MF250720:O:57,1,1,1,1,1,0,0,20250720,20251223
GNE:GOAO062:62:061MF250720:O:59,1,1,1,1,1,0,0,20250720,20251223
GNE:GOAO062:62:061MF250720:O:61,1,1,1,1,1,0,0,20250720,20251223
GNE:GOAO062:62:061MF250720:O:63,1,1,1,1,1,0,0,20250720,20251223
GNE:GOAO062:62:061MF250720:I:1,1,1,1,1,1,0,0,20250720,20251223
GNE:GOAO062:62:061MF250720:I:2,1,1,1,1,1,0,0,20250720,20251223
GNE:GOAO062:62:061MF250720:I:6,1,1,1,1,1,0,0,20250720,20251223
GNE:GOAO062:62:061MF250720:I:10,1,1,1,1,1,0,0,20250720,20251223
GNE:GOAO062:62:061MF250720:I:14,1,1,1,1,1,0,0,20250720,20251223
GNE:GOAO062:62:061MF250720:I:18,1,1,1,1,1,0,0,20250720,20251223
GNE:GOAO062:62:061MF250720:I:22,1,1,1,1,1,0,0,20250720,20251223
GNE:GOAO062:62:061MF250720:I:26,1,1,1,1,1,0,0,20250720,20251223
GNE:GOAO062:62:061MF250720:I:30,1,1,1,1,1,0,0,20250720,20251223
GNE:GOAO062:62:061MF250720:I:34,1,1,1,1,1,0,0,20250720,20251223
GNE:GOAO062:62:061MF250720:I:38,1,1,1,1,1,0,0,20250720,20251223
GNE:GOAO062:62:061MF250720:I:42,1,1,1,1,1,0,0,20250720,20251223
GNE:GOAO062:62:061MF250720:I:46,1,1,1,1,1,0,0,20250720,20251223
GNE:GOAO062:62:061MF250720:I:50,1,1,1,1,1,0,0,20250720,20251223
GNE:GOAO062:62:061MF250720:I:52,1,1,1,1,1,0,0,20250720,20251223
GNE:GOAO062:62:061MF250720:I:55,1,1,1,1,1,0,0,20250720,20251223
GNE:GOAO062:62:061MF250720:I:57,1,1,1,1,1,0,0,20250720,20251223
GNE:GOAO062:62:061MF250720:I:59,1,1,1,1,1,0,0,20250720,20251223
GNE:GOAO062:62:061MF250720:I:61,1,1,1,1,1,0,0,20250720,20251223
GNE:GOAO062:62:061SA250720:O:4,0,0,0,0,0,1,0,20250720,20251223
GNE:GOAO062:62:061SA250720:O:7,0,0,0,0,0,1,0,20250720,20251223
GNE:GOAO062:62:061SA250720:O:11,0,0,0,0,0,1,0,20250720,20251223
GNE:GOAO062:62:061SA250720:O:15,0,0,0,0,0,1,0,20250720,20251223
GNE:GOAO062:62:061SA250720:O:19,0,0,0,0,0,1,0,20250720,20251223
GNE:GOAO062:62:061SA250720:O:23,0,0,0,0,0,1,0,20250720,20251223
GNE:GOAO062:62:061SA250720:O:27,0,0,0,0,0,1,0,20250720,20251223
GNE:GOAO062:62:061SA250720:O:31,0,0,0,0,0,1,0,20250720,20251223
GNE:GOAO062:62:061SA250720:O:35,0,0,0,0,0,1,0,20250720,20251223
GNE:GOAO062:62:061SA250720:O:39,0,0,0,0,0,1,0,20250720,20251223
GNE:GOAO062:62:061SA250720:O:43,0,0,0,0,0,1,0,20250720,20251223
GNE:GOAO062:62:061SA250720:O:47,0,0,0,0,0,1,0,20250720,20251223
GNE:GOAO062:62:061SA250720:O:50,0,0,0,0,0,1,0,20250720,20251223
GNE:GOAO062:62:061SA250720:O:52,0,0,0,0,0,1,0,20250720,20251223
GNE:GOAO062:62:061SA250720:O:54,0,0,0,0,0,1,0,20250720,20251223
GNE:GOAO062:62:061SA250720:O:56,0,0,0,0,0,1,0,20250720,20251223
GNE:GOAO062:62:061SA250720:O:58,0,0,0,0,0,1,0,20250720,20251223
GNE:GOAO062:62:061SA250720:O:60,0,0,0,0,0,1,0,20250720,20251223
GNE:GOAO062:62:061SA250720:I:1,0,0,0,0,0,1,0,20250720,20251223
GNE:GOAO062:62:061SA250720:I:3,0,0,0,0,0,1,0,20250720,20251223
GNE:GOAO062:62:061SA250720:I:7,0,0,0,0,0,1,0,20250720,20251223
GNE:GOAO062:62:061SA250720:I:11,0,0,0,0,0,1,0,20250720,20251223
GNE:GOAO062:62:061SA250720:I:15,0,0,0,0,0,1,0,20250720,20251223
GNE:GOAO062:62:061SA250720:I:19,0,0,0,0,0,1,0,20250720,20251223
GNE:GOAO062:62:061SA250720:I:23,0,0,0,0,0,1,0,20250720,20251223
GNE:GOAO062:62:061SA250720:I:27,0,0,0,0,0,1,0,20250720,20251223
GNE:GOAO062:62:061SA250720:I:31,0,0,0,0,0,1,0,20250720,20251223
GNE:GOAO062:62:061SA250720:I:35,0,0,0,0,0,1,0,20250720,20251223
GNE:GOAO062:62:061SA250720:I:39,0,0,0,0,0,1,0,20250720,20251223
GNE:GOAO062:62:061SA250720:I:43,0,0,0,0,0,1,0,20250720,20251223
GNE:GOAO062:62:061SA250720:I:47,0,0,0,0,0,1,0,20250720,20251223
GNE:GOAO062:62:061SA250720:I:49,0,0,0,0,0,1,0,20250720,20251223
GNE:GOAO062:62:061SA250720:I:52,0,0,0,0,0,1,0,20250720,20251223
GNE:GOAO062:62:061SA250720:I:54,0,0,0,0,0,1,0,20250720,20251223
GNE:GOAO062:62:061SA250720:I:56,0,0,0,0,0,1,0,20250720,20251223
GNE:GOAO062:62:061SA250720:I:58,0,0,0,0,0,1,0,20250720,20251223
GNE:GOAO062:62:061SU250720:O:2,0,0,0,0,0,0,1,20250720,20251223
GNE:GOAO062:62:061SU250720:O:3,0,0,0,0,0,0,1,20250720,20251223
GNE:GOAO062:62:061SU250720:O:5,0,0,0,0,0,0,1,20250720,20251223
GNE:GOAO062:62:061SU250720:O:7,0,0,0,0,0,0,1,20250720,20251223
GNE:GOAO062:62:061SU250720:O:9,0,0,0,0,0,0,1,20250720,20251223
GNE:GOAO062:62:061SU250720:O:11,0,0,0,0,0,0,1,20250720,20251223
GNE:GOAO062:62:061SU250720:O:13,0,0,0,0,0,0,1,20250720,20251223
GNE:GOAO062:62:061SU250720:O:15,0,0,0,0,0,0,1,20250720,20251223
GNE:GOAO062:62:061SU250720:O:17,0,0,0,0,0,0,1,20250720,20251223
GNE:GOAO062:62:061SU250720:O:19,0,0,0,0,0,0,1,20250720,20251223
GNE:GOAO062:62:061SU250720:O:21,0,0,0,0,0,0,1,20250720,20251223
GNE:GOAO062:62:061SU250720:O:23,0,0,0,0,0,0,1,20250720,20251223
GNE:GOAO062:62:061SU250720:O:25,0,0,0,0,0,0,1,20250720,20251223
GNE:GOAO062:62:061SU250720:O:27,0,0,0,0,0,0,1,20250720,20251223
GNE:GOAO062:62:061SU250720:O:29,0,0,0,0,0,0,1,20250720,20251223
GNE:GOAO062:62:061SU250720:O:30,0,0,0,0,0,0,1,20250720,20251223
GNE:GOAO062:62:061SU250720:O:31,0,0,0,0,0,0,1,20250720,20251223
GNE:GOAO062:62:061SU250720:O:32,0,0,0,0,0,0,1,20250720,20251223
GNE:GOAO062:62:061SU250720:I:1,0,0,0,0,0,0,1,20250720,20251223
GNE:GOAO062:62:061SU250720:I:3,0,0,0,0,0,0,1,20250720,20251223
GNE:GOAO062:62:061SU250720:I:4,0,0,0,0,0,0,1,20250720,20251223
GNE:GOAO062:62:061SU250720:I:6,0,0,0,0,0,0,1,20250720,20251223
GNE:GOAO062:62:061SU250720:I:8,0,0,0,0,0,0,1,20250720,20251223
GNE:GOAO062:62:061SU250720:I:10,0,0,0,0,0,0,1,20250720,20251223
GNE:GOAO062:62:061SU250720:I:12,0,0,0,0,0,0,1,20250720,20251223
GNE:GOAO062:62:061SU250720:I:14,0,0,0,0,0,0,1,20250720,20251223
GNE:GOAO062:62:061SU250720:I:16,0,0,0,0,0,0,1,20250720,20251223
GNE:GOAO062:62:061SU250720:I:18,0,0,0,0,0,0,1,20250720,20251223
GNE:GOAO062:62:061SU250720:I:20,0,0,0,0,0,0,1,20250720,20251223
GNE:GOAO062:62:061SU250720:I:22,0,0,0,0,0,0,1,20250720,20251223
GNE:GOAO062:62:061SU250720:I:24,0,0,0,0,0,0,1,20250720,20251223
GNE:GOAO062:62:061SU250720:I:26,0,0,0,0,0,0,1,20250720,20251223
GNE:GOAO062:62:061SU250720:I:28,0,0,0,0,0,0,1,20250720,20251223
GNE:GOAO062:62:061SU250720:I:30,0,0,0,0,0,0,1,20250720,20251223
GNE:GOAO062:62:061SU250720:I:31,0,0,0,0,0,0,1,20250720,20251223
GNE:GOAO062:62:061SU250720:I:32,0,0,0,0,0,0,1,20250720,20251223
GNE:GOAO062A:62A:061MF250720:O:3,1,1,1,1,1,0,0,20250720,20251223
GNE:GOAO062A:62A:061MF250720:O:7,1,1,1,1,1,0,0,20250720,20251223
GNE:GOAO062A:62A:061MF250720:O:11,1,1,1,1,1,0,0,20250720,20251223
GNE:GOAO062A:62A:061MF250720:O:15,1,1,1,1,1,0,0,20250720,20251223
GNE:GOAO062A:62A:061MF250720:O:19,1,1,1,1,1,0,0,20250720,20251223
GNE:GOAO062A:62A:061MF250720:O:23,1,1,1,1,1,0,0,20250720,20251223
GNE:GOAO062A:62A:061MF250720:O:27,1,1,1,1,1,0,0,20250720,20251223
GNE:GOAO062A:62A:061MF250720:O:31,1,1,1,1,1,0,0,20250720,20251223
GNE:GOAO062A:62A:061MF250720:O:35,1,1,1,1,1,0,0,20250720,20251223
GNE:GOAO062A:62A:061MF250720:O:39,1,1,1,1,1,0,0,20250720,20251223
GNE:GOAO062A:62A:061MF250720:O:43,1,1,1,1,1,0,0,20250720,20251223
GNE:GOAO062A:62A:061MF250720:O:47,1,1,1,1,1,0,0,20250720,20251223
GNE:GOAO062A:62A:061MF250720:O:51,1,1,1,1,1,0,0,20250720,20251223
GNE:GOAO062A:62A:061MF250720:I:4,1,1,1,1,1,0,0,20250720,20251223
GNE:GOAO062A:62A:061MF250720:I:8,1,1,1,1,1,0,0,20250720,20251223
GNE:GOAO062A:62A:061MF250720:I:12,1,1,1,1,1,0,0,20250720,20251223
GNE:GOAO062A:62A:061MF250720:I:16,1,1,1,1,1,0,0,20250720,20251223
GNE:GOAO062A:62A:061MF250720:I:20,1,1,1,1,1,0,0,20250720,20251223
GNE:GOAO062A:62A:061MF250720:I:24,1,1,1,1,1,0,0,20250720,20251223
GNE:GOAO062A:62A:061MF250720:I:28,1,1,1,1,1,0,0,20250720,20251223
GNE:GOAO062A:62A:061MF250720:I:32,1,1,1,1,1,0,0,20250720,20251223
GNE:GOAO062A:62A:061MF250720:I:36,1,1,1,1,1,0,0,20250720,20251223
GNE:GOAO062A:62A:061MF250720:I:40,1,1,1,1,1,0,0,20250720,20251223
GNE:GOAO062A:62A:061MF250720:I:44,1,1,1,1,1,0,0,20250720,20251223
GNE:GOAO062A:62A:061MF250720:I:48,1,1,1,1,1,0,0,20250720,20251223
GNE:GOAO062A:62A:061SA250720:O:2,0,0,0,0,0,1,0,20250720,20251223
GNE:GOAO062A:62A:061SA250720:O:5,0,0,0,0,0,1,0,20250720,20251223
GNE:GOAO062A:62A:061SA250720:O:9,0,0,0,0,0,1,0,20250720,20251223
GNE:GOAO062A:62A:061SA250720:O:13,0,0,0,0,0,1,0,20250720,20251223
GNE:GOAO062A:62A:061SA250720:O:17,0,0,0,0,0,1,0,20250720,20251223
GNE:GOAO062A:62A:061SA250720:O:21,0,0,0,0,0,1,0,20250720,20251223
GNE:GOAO062A:62A:061SA250720:O:25,0,0,0,0,0,1,0,20250720,20251223
GNE:GOAO062A:62A:061SA250720:O:29,0,0,0,0,0,1,0,20250720,20251223
GNE:GOAO062A:62A:061SA250720:O:33,0,0,0,0,0,1,0,20250720,20251223
GNE:GOAO062A:62A:061SA250720:O:37,0,0,0,0,0,1,0,20250720,20251223
GNE:GOAO062A:62A:061SA250720:O:41,0,0,0,0,0,1,0,20250720,20251223
GNE:GOAO062A:62A:061SA250720:O:45,0,0,0,0,0,1,0,20250720,20251223
GNE:GOAO062A:62A:061SA250720:O:49,0,0,0,0,0,1,0,20250720,20251223
GNE:GOAO062A:62A:061SA250720:I:5,0,0,0,0,0,1,0,20250720,20251223
GNE:GOAO062A:62A:061SA250720:I:9,0,0,0,0,0,1,0,20250720,20251223
GNE:GOAO062A:62A:061SA250720:I:13,0,0,0,0,0,1,0,20250720,20251223
GNE:GOAO062A:62A:061SA250720:I:17,0,0,0,0,0,1,0,20250720,20251223
GNE:GOAO062A:62A:061SA250720:I:21,0,0,0,0,0,1,0,20250720,20251223
GNE:GOAO062A:62A:061SA250720:I:25,0,0,0,0,0,1,0,20250720,20251223
GNE:GOAO062A:62A:061SA250720:I:29,0,0,0,0,0,1,0,20250720,20251223
GNE:GOAO062A:62A:061SA250720:I:33,0,0,0,0,0,1,0,20250720,20251223
GNE:GOAO062A:62A:061SA250720:I:37,0,0,0,0,0,1,0,20250720,20251223
GNE:GOAO062A:62A:061SA250720:I:41,0,0,0,0,0,1,0,20250720,20251223
GNE:GOAO062A:62A:061SA250720:I:45,0,0,0,0,0,1,0,20250720,20251223
GNE:GOAO063:63:063MF250720:O:1,1,1,1,1,1,0,0,20250720,20251223
GNE:GOAO063:63:063MF250720:O:2,1,1,1,1,1,0,0,20250720,20251223
GNE:GOAO063:63:063MF250720:O:3,1,1,1,1,1,0,0,20250720,20251223
GNE:GOAO063:63:063MF250720:O:4,1,1,1,1,1,0,0,20250720,20251223
GNE:GOAO063:63:063MF250720:O:5,1,1,1,1,1,0,0,20250720,20251223
GNE:GOAO063:63:063MF250720:O:6,1,1,1,1,1,0,0,20250720,20251223
GNE:GOAO063:63:063MF250720:O:7,1,1,1,1,1,0,0,20250720,20251223
GNE:GOAO063:63:063MF250720:O:8,1,1,1,1,1,0,0,20250720,20251223
GNE:GOAO063:63:063MF250720:O:9,1,1,1,1,1,0,0,20250720,20251223
GNE:GOAO063:63:063MF250720:O:10,1,1,1,1,1,0,0,20250720,20251223
GNE:GOAO063:63:063MF250720:O:11,1,1,1,1,1,0,0,20250720,20251223
GNE:GOAO063:63:063MF250720:O:12,1,1,1,1,1,0,0,20250720,20251223
GNE:GOAO063:63:063MF250720:O:13,1,1,1,1,1,0,0,20250720,20251223
GNE:GOAO063:63:063MF250720:O:14,1,1,1,1,1,0,0,20250720,20251223
GNE:GOAO063:63:063MF250720:O:15,1,1,1,1,1,0,0,20250720,20251223
GNE:GOAO063:63:063MF250720:O:16,1,1,1,1,1,0,0,20250720,20251223
GNE:GOAO063:63:063MF250720:O:17,1,1,1,1,1,0,0,20250720,20251223
GNE:GOAO063:63:063MF250720:O:18,1,1,1,1,1,0,0,20250720,20251223
GNE:GOAO063:63:063MF250720:O:19,1,1,1,1,1,0,0,20250720,20251223
GNE:GOAO063:63:063MF250720:O:20,1,1,1,1,1,0,0,20250720,20251223
GNE:GOAO063:63:063MF250720:O:21,1,1,1,1,1,0,0,20250720,20251223
GNE:GOAO063:63:063MF250720:O:22,1,1,1,1,1,0,0,20250720,20251223
GNE:GOAO063:63:063MF250720:O:23,1,1,1,1,1,0,0,20250720,20251223
GNE:GOAO063:63:063MF250720:O:24,1,1,1,1,1,0,0,20250720,20251223
GNE:GOAO063:63:063MF250720:O:25,1,1,1,1,1,0,0,20250720,20251223
GNE:GOAO063:63:063MF250720:O:26,1,1,1,1,1,0,0,20250720,20251223
GNE:GOAO063:63:063MF250720:O:27,1,1,1,1,1,0,0,20250720,20251223
GNE:GOAO063:63:063MF250720:O:28,1,1,1,1,1,0,0,20250720,20251223
GNE:GOAO063:63:063MF250720:O:29,1,1,1,1,1,0,0,20250720,20251223
GNE:GOAO063:63:063MF250720:O:30,1,1,1,1,1,0,0,20250720,20251223
GNE:GOAO063:63:063MF250720:O:31,1,1,1,1,1,0,0,20250720,20251223
GNE:GOAO063:63:063MF250720:O:32,1,1,1,1,1,0,0,20250720,20251223
GNE:GOAO063:63:063MF250720:O:33,1,1,1,1,1,0,0,20250720,20251223
GNE:GOAO063:63:063MF250720:O:34,1,1,1,1,1,0,0,20250720,20251223
GNE:GOAO063:63:063MF250720:O:35,1,1,1,1,1,0,0,20250720,20251223
GNE:GOAO063:63:063MF250720:O:36,1,1,1,1,1,0,0,20250720,20251223
GNE:GOAO063:63:063MF250720:O:37,1,1,1,1,1,0,0,20250720,20251223
GNE:GOAO063:63:063MF250720:O:38,1,1,1,1,1,0,0,20250720,20251223
GNE:GOAO063:63:063MF250720:O:39,1,1,1,1,1,0,0,20250720,20251223
GNE:GOAO063:63:063MF250720:O:40,1,1,1,1,1,0,0,20250720,20251223
GNE:GOAO063:63:063MF250720:O:41,1,1,1,1,1,0,0,20250720,20251223
GNE:GOAO063:63:063MF250720:O:42,1,1,1,1,1,0,0,20250720,20251223
GNE:GOAO063:63:063MF250720:O:43,1,1,1,1,1,0,0,20250720,20251223
GNE:GOAO063:63:063MF250720:O:44,1,1,1,1,1,0,0,20250720,20251223
GNE:GOAO063:63:063MF250720:O:45,1,1,1,1,1,0,0,20250720,20251223
GNE:GOAO063:63:063MF250720:O:46,1,1,1,1,1,0,0,20250720,20251223
GNE:GOAO063:63:063MF250720:O:47,1,1,1,1,1,0,0,20250720,20251223
GNE:GOAO063:63:063MF250720:O:48,1,1,1,1,1,0,0,20250720,20251223
GNE:GOAO063:63:063MF250720:O:49,1,1,1,1,1,0,0,20250720,20251223
GNE:GOAO063:63:063MF250720:O:50,1,1,1,1,1,0,0,20250720,20251223
GNE:GOAO063:63:063MF250720:O:51,1,1,1,1,1,0,0,20250720,20251223
GNE:GOAO063:63:063MF250720:O:52,1,1,1,1,1,0,0,20250720,20251223
GNE:GOAO063:63:063MF250720:O:53,1,1,1,1,1,0,0,20250720,20251223
GNE:GOAO063:63:063MF250720:O:54,1,1,1,1,1,0,0,20250720,20251223
GNE:GOAO063:63:063MF250720:I:1,1,1,1,1,1,0,0,20250720,20251223
GNE:GOAO063:63:063MF250720:I:2,1,1,1,1,1,0,0,20250720,20251223
GNE:GOAO063:63:063MF250720:I:3,1,1,1,1,1,0,0,20250720,20251223
GNE:GOAO063:63:063MF250720:I:4,1,1,1,1,1,0,0,20250720,20251223
GNE:GOAO063:63:063MF250720:I:5,1,1,1,1,1,0,0,20250720,20251223
GNE:GOAO063:63:063MF250720:I:6,1,1,1,1,1,0,0,20250720,20251223
GNE:GOAO063:63:063MF250720:I:7,1,1,1,1,1,0,0,20250720,20251223
GNE:GOAO063:63:063MF250720:I:8,1,1,1,1,1,0,0,20250720,20251223
GNE:GOAO063:63:063MF250720:I:9,1,1,1,1,1,0,0,20250720,20251223
GNE:GOAO063:63:063MF250720:I:10,1,1,1,1,1,0,0,20250720,20251223
GNE:GOAO063:63:063MF250720:I:11,1,1,1,1,1,0,0,20250720,20251223
GNE:GOAO063:63:063MF250720:I:12,1,1,1,1,1,0,0,20250720,20251223
GNE:GOAO063:63:063MF250720:I:13,1,1,1,1,1,0,0,20250720,20251223
GNE:GOAO063:63:063MF250720:I:14,1,1,1,1,1,0,0,20250720,20251223
GNE:GOAO063:63:063MF250720:I:15,1,1,1,1,1,0,0,20250720,20251223
GNE:GOAO063:63:063MF250720:I:16,1,1,1,1,1,0,0,20250720,20251223
GNE:GOAO063:63:063MF250720:I:17,1,1,1,1,1,0,0,20250720,20251223
GNE:GOAO063:63:063MF250720:I:18,1,1,1,1,1,0,0,20250720,20251223
GNE:GOAO063:63:063MF250720:I:19,1,1,1,1,1,0,0,20250720,20251223
GNE:GOAO063:63:063MF250720:I:20,1,1,1,1,1,0,0,20250720,20251223
GNE:GOAO063:63:063MF250720:I:21,1,1,1,1,1,0,0,20250720,20251223
GNE:GOAO063:63:063MF250720:I:22,1,1,1,1,1,0,0,20250720,20251223
GNE:GOAO063:63:063MF250720:I:23,1,1,1,1,1,0,0,20250720,20251223
GNE:GOAO063:63:063MF250720:I:24,1,1,1,1,1,0,0,20250720,20251223
GNE:GOAO063:63:063MF250720:I:25,1,1,1,1,1,0,0,20250720,20251223
GNE:GOAO063:63:063MF250720:I:26,1,1,1,1,1,0,0,20250720,20251223
GNE:GOAO063:63:063MF250720:I:27,1,1,1,1,1,0,0,20250720,20251223
GNE:GOAO063:63:063MF250720:I:28,1,1,1,1,1,0,0,20250720,20251223
GNE:GOAO063:63:063MF250720:I:29,1,1,1,1,1,0,0,20250720,20251223
GNE:GOAO063:63:063MF250720:I:30,1,1,1,1,1,0,0,20250720,20251223
GNE:GOAO063:63:063MF250720:I:31,1,1,1,1,1,0,0,20250720,20251223
GNE:GOAO063:63:063MF250720:I:32,1,1,1,1,1,0,0,20250720,20251223
GNE:GOAO063:63:063MF250720:I:33,1,1,1,1,1,0,0,20250720,20251223
GNE:GOAO063:63:063MF250720:I:34,1,1,1,1,1,0,0,20250720,20251223
GNE:GOAO063:63:063MF250720:I:35,1,1,1,1,1,0,0,20250720,20251223
GNE:GOAO063:63:063MF250720:I:36,1,1,1,1,1,0,0,20250720,20251223
GNE:GOAO063:63:063MF250720:I:37,1,1,1,1,1,0,0,20250720,20251223
GNE:GOAO063:63:063MF250720:I:38,1,1,1,1,1,0,0,20250720,20251223
GNE:GOAO063:63:063MF250720:I:39,1,1,1,1,1,0,0,20250720,20251223
GNE:GOAO063:63:063MF250720:I:40,1,1,1,1,1,0,0,20250720,20251223
GNE:GOAO063:63:063MF250720:I:41,1,1,1,1,1,0,0,20250720,20251223
GNE:GOAO063:63:063MF250720:I:42,1,1,1,1,1,0,0,20250720,20251223
GNE:GOAO063:63:063MF250720:I:43,1,1,1,1,1,0,0,20250720,20251223
GNE:GOAO063:63:063MF250720:I:44,1,1,1,1,1,0,0,20250720,20251223
GNE:GOAO063:63:063MF250720:I:45,1,1,1,1,1,0,0,20250720,20251223
GNE:GOAO063:63:063MF250720:I:46,1,1,1,1,1,0,0,20250720,20251223
GNE:GOAO063:63:063MF250720:I:47,1,1,1,1,1,0,0,20250720,20251223
GNE:GOAO063:63:063MF250720:I:48,1,1,1,1,1,0,0,20250720,20251223
GNE:GOAO063:63:063MF250720:I:49,1,1,1,1,1,0,0,20250720,20251223
GNE:GOAO063:63:063MF250720:I:50,1,1,1,1,1,0,0,20250720,20251223
GNE:GOAO063:63:063MF250720:I:51,1,1,1,1,1,0,0,20250720,20251223
GNE:GOAO063:63:063MF250720:I:52,1,1,1,1,1,0,0,20250720,20251223
GNE:GOAO063:63:063MF250720:I:53,1,1,1,1,1,0,0,20250720,20251223
GNE:GOAO063:63:063MF250720:I:54,1,1,1,1,1,0,0,20250720,20251223
GNE:GOAO063:63:063MF250720:I:55,1,1,1,1,1,0,0,20250720,20251223
GNE:GOAO063:63:063SA250720:O:1,0,0,0,0,0,1,0,20250720,20251223
GNE:GOAO063:63:063SA250720:O:2,0,0,0,0,0,1,0,20250720,20251223
GNE:GOAO063:63:063SA250720:O:3,0,0,0,0,0,1,0,20250720,20251223
GNE:GOAO063:63:063SA250720:O:4,0,0,0,0,0,1,0,20250720,20251223
GNE:GOAO063:63:063SA250720:O:5,0,0,0,0,0,1,0,20250720,20251223
GNE:GOAO063:63:063SA250720:O:6,0,0,0,0,0,1,0,20250720,20251223
GNE:GOAO063:63:063SA250720:O:7,0,0,0,0,0,1,0,20250720,20251223
GNE:GOAO063:63:063SA250720:O:8,0,0,0,0,0,1,0,20250720,20251223
GNE:GOAO063:63:063SA250720:O:9,0,0,0,0,0,1,0,20250720,20251223
GNE:GOAO063:63:063SA250720:O:10,0,0,0,0,0,1,0,20250720,20251223
GNE:GOAO063:63:063SA250720:O:11,0,0,0,0,0,1,0,20250720,20251223
GNE:GOAO063:63:063SA250720:O:12,0,0,0,0,0,1,0,20250720,20251223
GNE:GOAO063:63:063SA250720:O:13,0,0,0,0,0,1,0,20250720,20251223
GNE:GOAO063:63:063SA250720:O:14,0,0,0,0,0,1,0,20250720,20251223
GNE:GOAO063:63:063SA250720:O:15,0,0,0,0,0,1,0,20250720,20251223
GNE:GOAO063:63:063SA250720:O:16,0,0,0,0,0,1,0,20250720,20251223
GNE:GOAO063:63:063SA250720:O:17,0,0,0,0,0,1,0,20250720,20251223
GNE:GOAO063:63:063SA250720:O:18,0,0,0,0,0,1,0,20250720,20251223
GNE:GOAO063:63:063SA250720:O:19,0,0,0,0,0,1,0,20250720,20251223
GNE:GOAO063:63:063SA250720:O:20,0,0,0,0,0,1,0,20250720,20251223
GNE:GOAO063:63:063SA250720:O:21,0,0,0,0,0,1,0,20250720,20251223
GNE:GOAO063:63:063SA250720:O:22,0,0,0,0,0,1,0,20250720,20251223
GNE:GOAO063:63:063SA250720:O:23,0,0,0,0,0,1,0,20250720,20251223
GNE:GOAO063:63:063SA250720:O:24,0,0,0,0,0,1,0,20250720,20251223
GNE:GOAO063:63:063SA250720:O:25,0,0,0,0,0,1,0,20250720,20251223
GNE:GOAO063:63:063SA250720:O:26,0,0,0,0,0,1,0,20250720,20251223
GNE:GOAO063:63:063SA250720:O:27,0,0,0,0,0,1,0,20250720,20251223
GNE:GOAO063:63:063SA250720:O:28,0,0,0,0,0,1,0,20250720,20251223
GNE:GOAO063:63:063SA250720:O:29,0,0,0,0,0,1,0,20250720,20251223
GNE:GOAO063:63:063SA250720:O:30,0,0,0,0,0,1,0,20250720,20251223
GNE:GOAO063:63:063SA250720:O:31,0,0,0,0,0,1,0,20250720,20251223
GNE:GOAO063:63:063SA250720:O:32,0,0,0,0,0,1,0,20250720,20251223
GNE:GOAO063:63:063SA250720:O:33,0,0,0,0,0,1,0,20250720,20251223
GNE:GOAO063:63:063SA250720:O:34,0,0,0,0,0,1,0,20250720,20251223
GNE:GOAO063:63:063SA250720:O:35,0,0,0,0,0,1,0,20250720,20251223
GNE:GOAO063:63:063SA250720:O:36,0,0,0,0,0,1,0,20250720,20251223
GNE:GOAO063:63:063SA250720:O:37,0,0,0,0,0,1,0,20250720,20251223
GNE:GOAO063:63:063SA250720:O:38,0,0,0,0,0,1,0,20250720,20251223
GNE:GOAO063:63:063SA250720:O:39,0,0,0,0,0,1,0,20250720,20251223
GNE:GOAO063:63:063SA250720:O:40,0,0,0,0,0,1,0,20250720,20251223
GNE:GOAO063:63:063SA250720:O:41,0,0,0,0,0,1,0,20250720,20251223
GNE:GOAO063:63:063SA250720:O:42,0,0,0,0,0,1,0,20250720,20251223
GNE:GOAO063:63:063SA250720:O:43,0,0,0,0,0,1,0,20250720,20251223
GNE:GOAO063:63:063SA250720:O:44,0,0,0,0,0,1,0,20250720,20251223
GNE:GOAO063:63:063SA250720:O:45,0,0,0,0,0,1,0,20250720,20251223
GNE:GOAO063:63:063SA250720:O:46,0,0,0,0,0,1,0,20250720,20251223
GNE:GOAO063:63:063SA250720:O:47,0,0,0,0,0,1,0,20250720,20251223
GNE:GOAO063:63:063SA250720:O:48,0,0,0,0,0,1,0,20250720,20251223
GNE:GOAO063:63:063SA250720:O:49,0,0,0,0,0,1,0,20250720,20251223
GNE:GOAO063:63:063SA250720:O:50,0,0,0,0,0,1,0,20250720,20251223
GNE:GOAO063:63:063SA250720:O:51,0,0,0,0,0,1,0,20250720,20251223
GNE:GOAO063:63:063SA250720:I:1,0,0,0,0,0,1,0,20250720,20251223
GNE:GOAO063:63:063SA250720:I:2,0,0,0,0,0,1,0,20250720,20251223
GNE:GOAO063:63:063SA250720:I:3,0,0,0,0,0,1,0,20250720,20251223
GNE:GOAO063:63:063SA250720:I:4,0,0,0,0,0,1,0,20250720,20251223
GNE:GOAO063:63:063SA250720:I:5,0,0,0,0,0,1,0,20250720,20251223
GNE:GOAO063:63:063SA250720:I:6,0,0,0,0,0,1,0,20250720,20251223
GNE:GOAO063:63:063SA250720:I:7,0,0,0,0,0,1,0,20250720,20251223
GNE:GOAO063:63:063SA250720:I:8,0,0,0,0,0,1,0,20250720,20251223
GNE:GOAO063:63:063SA250720:I:9,0,0,0,0,0,1,0,20250720,20251223
GNE:GOAO063:63:063SA250720:I:10,0,0,0,0,0,1,0,20250720,20251223
GNE:GOAO063:63:063SA250720:I:11,0,0,0,0,0,1,0,20250720,20251223
GNE:GOAO063:63:063SA250720:I:12,0,0,0,0,0,1,0,20250720,20251223
GNE:GOAO063:63:063SA250720:I:13,0,0,0,0,0,1,0,20250720,20251223
GNE:GOAO063:63:063SA250720:I:14,0,0,0,0,0,1,0,20250720,20251223
GNE:GOAO063:63:063SA250720:I:15,0,0,0,0,0,1,0,20250720,20251223
GNE:GOAO063:63:063SA250720:I:16,0,0,0,0,0,1,0,20250720,20251223
GNE:GOAO063:63:063SA250720:I:17,0,0,0,0,0,1,0,20250720,20251223
GNE:GOAO063:63:063SA250720:I:18,0,0,0,0,0,1,0,20250720,20251223
GNE:GOAO063:63:063SA250720:I:19,0,0,0,0,0,1,0,20250720,20251223
GNE:GOAO063:63:063SA250720:I:20,0,0,0,0,0,1,0,20250720,20251223
GNE:GOAO063:63:063SA250720:I:21,0,0,0,0,0,1,0,20250720,20251223
GNE:GOAO063:63:063SA250720:I:22,0,0,0,0,0,1,0,20250720,20251223
GNE:GOAO063:63:063SA250720:I:23,0,0,0,0,0,1,0,20250720,20251223
GNE:GOAO063:63:063SA250720:I:24,0,0,0,0,0,1,0,20250720,20251223
GNE:GOAO063:63:063SA250720:I:25,0,0,0,0,0,1,0,20250720,20251223
GNE:GOAO063:63:063SA250720:I:26,0,0,0,0,0,1,0,20250720,20251223
GNE:GOAO063:63:063SA250720:I:27,0,0,0,0,0,1,0,20250720,20251223
GNE:GOAO063:63:063SA250720:I:28,0,0,0,0,0,1,0,20250720,20251223
GNE:GOAO063:63:063SA250720:I:29,0,0,0,0,0,1,0,20250720,20251223
GNE:GOAO063:63:063SA250720:I:30,0,0,0,0,0,1,0,20250720,20251223
GNE:GOAO063:63:063SA250720:I:31,0,0,0,0,0,1,0,20250720,20251223
GNE:GOAO063:63:063SA250720:I:32,0,0,0,0,0,1,0,20250720,20251223
GNE:GOAO063:63:063SA250720:I:33,0,0,0,0,0,1,0,20250720,20251223
GNE:GOAO063:63:063SA250720:I:34,0,0,0,0,0,1,0,20250720,20251223
GNE:GOAO063:63:063SA250720:I:35,0,0,0,0,0,1,0,20250720,20251223
GNE:GOAO063:63:063SA250720:I:36,0,0,0,0,0,1,0,20250720,20251223
GNE:GOAO063:63:063SA250720:I:37,0,0,0,0,0,1,0,20250720,20251223
GNE:GOAO063:63:063SA250720:I:38,0,0,0,0,0,1,0,20250720,20251223
GNE:GOAO063:63:063SA250720:I:39,0,0,0,0,0,1,0,20250720,20251223
GNE:GOAO063:63:063SA250720:I:40,0,0,0,0,0,1,0,20250720,20251223
GNE:GOAO063:63:063SA250720:I:41,0,0,0,0,0,1,0,20250720,20251223
GNE:GOAO063:63:063SA250720:I:42,0,0,0,0,0,1,0,20250720,20251223
GNE:GOAO063:63:063SA250720:I:43,0,0,0,0,0,1,0,20250720,20251223
GNE:GOAO063:63:063SA250720:I:44,0,0,0,0,0,1,0,20250720,20251223
GNE:GOAO063:63:063SA250720:I:45,0,0,0,0,0,1,0,20250720,20251223
GNE:GOAO063:63:063SA250720:I:46,0,0,0,0,0,1,0,20250720,20251223
GNE:GOAO063:63:063SA250720:I:47,0,0,0,0,0,1,0,20250720,20251223
GNE:GOAO063:63:063SA250720:I:48,0,0,0,0,0,1,0,20250720,20251223
GNE:GOAO063:63:063SA250720:I:49,0,0,0,0,0,1,0,20250720,20251223
GNE:GOAO063:63:063SA250720:I:50,0,0,0,0,0,1,0,20250720,20251223
GNE:GOAO063:63:063SA250720:I:51,0,0,0,0,0,1,0,20250720,20251223
GNE:GOAO063:63:063SU250720:O:1,0,0,0,0,0,0,1,20250720,20251223
GNE:GOAO063:63:063SU250720:O:2,0,0,0,0,0,0,1,20250720,20251223
GNE:GOAO063:63:063SU250720:O:3,0,0,0,0,0,0,1,20250720,20251223
GNE:GOAO063:63:063SU250720:O:4,0,0,0,0,0,0,1,20250720,20251223
GNE:GOAO063:63:063SU250720:O:5,0,0,0,0,0,0,1,20250720,20251223
GNE:GOAO063:63:063SU250720:O:6,0,0,0,0,0,0,1,20250720,20251223
GNE:GOAO063:63:063SU250720:O:7,0,0,0,0,0,0,1,20250720,20251223
GNE:GOAO063:63:063SU250720:O:8,0,0,0,0,0,0,1,20250720,20251223
GNE:GOAO063:63:063SU250720:O:9,0,0,0,0,0,0,1,20250720,20251223
GNE:GOAO063:63:063SU250720:O:10,0,0,0,0,0,0,1,20250720,20251223
GNE:GOAO063:63:063SU250720:O:11,0,0,0,0,0,0,1,20250720,20251223
GNE:GOAO063:63:063SU250720:O:12,0,0,0,0,0,0,1,20250720,20251223
GNE:GOAO063:63:063SU250720:O:13,0,0,0,0,0,0,1,20250720,20251223
GNE:GOAO063:63:063SU250720:O:14,0,0,0,0,0,0,1,20250720,20251223
GNE:GOAO063:63:063SU250720:O:15,0,0,0,0,0,0,1,20250720,20251223
GNE:GOAO063:63:063SU250720:O:16,0,0,0,0,0,0,1,20250720,20251223
GNE:GOAO063:63:063SU250720:O:17,0,0,0,0,0,0,1,20250720,20251223
GNE:GOAO063:63:063SU250720:O:18,0,0,0,0,0,0,1,20250720,20251223
GNE:GOAO063:63:063SU250720:O:19,0,0,0,0,0,0,1,20250720,20251223
GNE:GOAO063:63:063SU250720:O:20,0,0,0,0,0,0,1,20250720,20251223
GNE:GOAO063:63:063SU250720:O:21,0,0,0,0,0,0,1,20250720,20251223
GNE:GOAO063:63:063SU250720:O:22,0,0,0,0,0,0,1,20250720,20251223
GNE:GOAO063:63:063SU250720:O:23,0,0,0,0,0,0,1,20250720,20251223
GNE:GOAO063:63:063SU250720:O:24,0,0,0,0,0,0,1,20250720,20251223
GNE:GOAO063:63:063SU250720:O:25,0,0,0,0,0,0,1,20250720,20251223
GNE:GOAO063:63:063SU250720:O:26,0,0,0,0,0,0,1,20250720,20251223
GNE:GOAO063:63:063SU250720:O:27,0,0,0,0,0,0,1,20250720,20251223
GNE:GOAO063:63:063SU250720:I:1,0,0,0,0,0,0,1,20250720,20251223
GNE:GOAO063:63:063SU250720:I:2,0,0,0,0,0,0,1,20250720,20251223
GNE:GOAO063:63:063SU250720:I:3,0,0,0,0,0,0,1,20250720,20251223
GNE:GOAO063:63:063SU250720:I:4,0,0,0,0,0,0,1,20250720,20251223
GNE:GOAO063:63:063SU250720:I:5,0,0,0,0,0,0,1,20250720,20251223
GNE:GOAO063:63:063SU250720:I:6,0,0,0,0,0,0,1,20250720,20251223
GNE:GOAO063:63:063SU250720:I:7,0,0,0,0,0,0,1,20250720,20251223
GNE:GOAO063:63:063SU250720:I:8,0,0,0,0,0,0,1,20250720,20251223
GNE:GOAO063:63:063SU250720:I:9,0,0,0,0,0,0,1,20250720,20251223
GNE:GOAO063:63:063SU250720:I:10,0,0,0,0,0,0,1,20250720,20251223
GNE:GOAO063:63:063SU250720:I:11,0,0,0,0,0,0,1,20250720,20251223
GNE:GOAO063:63:063SU250720:I:12,0,0,0,0,0,0,1,20250720,20251223
GNE:GOAO063:63:063SU250720:I:13,0,0,0,0,0,0,1,20250720,20251223
GNE:GOAO063:63:063SU250720:I:14,0,0,0,0,0,0,1,20250720,20251223
GNE:GOAO063:63:063SU250720:I:15,0,0,0,0,0,0,1,20250720,20251223
GNE:GOAO063:63:063SU250720:I:16,0,0,0,0,0,0,1,20250720,20251223
GNE:GOAO063:63:063SU250720:I:17,0,0,0,0,0,0,1,20250720,20251223
GNE:GOAO063:63:063SU250720:I:18,0,0,0,0,0,0,1,20250720,20251223
GNE:GOAO063:63:063SU250720:I:19,0,0,0,0,0,0,1,20250720,20251223
GNE:GOAO063:63:063SU250720:I:20,0,0,0,0,0,0,1,20250720,20251223
GNE:GOAO063:63:063SU250720:I:21,0,0,0,0,0,0,1,20250720,20251223
GNE:GOAO063:63:063SU250720:I:22,0,0,0,0,0,0,1,20250720,20251223
GNE:GOAO063:63:063SU250720:I:23,0,0,0,0,0,0,1,20250720,20251223
GNE:GOAO063:63:063SU250720:I:24,0,0,0,0,0,0,1,20250720,20251223
GNE:GOAO063:63:063SU250720:I:25,0,0,0,0,0,0,1,20250720,20251223
GNE:GOAO063:63:063SU250720:I:26,0,0,0,0,0,0,1,20250720,20251223
GNE:GOAO065:65:065MF250720:O:1,1,1,1,1,1,0,0,20250720,20251223
GNE:GOAO065:65:065MF250720:O:2,1,1,1,1,1,0,0,20250720,20251223
GNE:GOAO065:65:065MF250720:O:3,1,1,1,1,1,0,0,20250720,20251223
GNE:GOAO065:65:065MF250720:O:4,1,1,1,1,1,0,0,20250720,20251223
GNE:GOAO065:65:065MF250720:O:5,1,1,1,1,1,0,0,20250720,20251223
GNE:GOAO065:65:065MF250720:O:6,1,1,1,1,1,0,0,20250720,20251223
GNE:GOAO065:65:065MF250720:O:7,1,1,1,1,1,0,0,20250720,20251223
GNE:GOAO065:65:065MF250720:O:8,1,1,1,1,1,0,0,20250720,20251223
GNE:GOAO065:65:065MF250720:O:9,1,1,1,1,1,0,0,20250720,20251223
GNE:GOAO065:65:065MF250720:O:10,1,1,1,1,1,0,0,20250720,20251223
GNE:GOAO065:65:065MF250720:O:11,1,1,1,1,1,0,0,20250720,20251223
GNE:GOAO065:65:065MF250720:O:12,1,1,1,1,1,0,0,20250720,20251223
GNE:GOAO065:65:065MF250720:O:13,1,1,1,1,1,0,0,20250720,20251223
GNE:GOAO065:65:065MF250720:O:14,1,1,1,1,1,0,0,20250720,20251223
GNE:GOAO065:65:065MF250720:O:15,1,1,1,1,1,0,0,20250720,20251223
GNE:GOAO065:65:065MF250720:O:16,1,1,1,1,1,0,0,20250720,20251223
GNE:GOAO065:65:065MF250720:O:17,1,1,1,1,1,0,0,20250720,20251223
GNE:GOAO065:65:065MF250720:O:18,1,1,1,1,1,0,0,20250720,20251223
GNE:GOAO065:65:065MF250720:O:19,1,1,1,1,1,0,0,20250720,20251223
GNE:GOAO065:65:065MF250720:O:20,1,1,1,1,1,0,0,20250720,20251223
GNE:GOAO065:65:065MF250720:O:21,1,1,1,1,1,0,0,20250720,20251223
GNE:GOAO065:65:065MF250720:O:22,1,1,1,1,1,0,0,20250720,20251223
GNE:GOAO065:65:065MF250720:O:23,1,1,1,1,1,0,0,20250720,20251223
GNE:GOAO065:65:065MF250720:O:24,1,1,1,1,1,0,0,20250720,20251223
GNE:GOAO065:65:065MF250720:I:1,1,1,1,1,1,0,0,20250720,20251223
GNE:GOAO065:65:065MF250720:I:2,1,1,1,1,1,0,0,20250720,20251223
GNE:GOAO065:65:065MF250720:I:3,1,1,1,1,1,0,0,20250720,20251223
GNE:GOAO065:65:065MF250720:I:4,1,1,1,1,1,0,0,20250720,20251223
GNE:GOAO065:65:065MF250720:I:5,1,1,1,1,1,0,0,20250720,20251223
GNE:GOAO065:65:065MF250720:I:6,1,1,1,1,1,0,0,20250720,20251223
GNE:GOAO065:65:065MF250720:I:7,1,1,1,1,1,0,0,20250720,20251223
GNE:GOAO065:65:065MF250720:I:8,1,1,1,1,1,0,0,20250720,20251223
GNE:GOAO065:65:065MF250720:I:9,1,1,1,1,1,0,0,20250720,20251223
GNE:GOAO065:65:065MF250720:I:10,1,1,1,1,1,0,0,20250720,20251223
GNE:GOAO065:65:065MF250720:I:11,1,1,1,1,1,0,0,20250720,20251223
GNE:GOAO065:65:065MF250720:I:12,1,1,1,1,1,0,0,20250720,20251223
GNE:GOAO065:65:065MF250720:I:13,1,1,1,1,1,0,0,20250720,20251223
GNE:GOAO065:65:065MF250720:I:14,1,1,1,1,1,0,0,20250720,20251223
GNE:GOAO065:65:065MF250720:I:15,1,1,1,1,1,0,0,20250720,20251223
GNE:GOAO065:65:065MF250720:I:16,1,1,1,1,1,0,0,20250720,20251223
GNE:GOAO065:65:065MF250720:I:17,1,1,1,1,1,0,0,20250720,20251223
GNE:GOAO065:65:065MF250720:I:18,1,1,1,1,1,0,0,20250720,20251223
GNE:GOAO065:65:065MF250720:I:19,1,1,1,1,1,0,0,20250720,20251223
GNE:GOAO065:65:065MF250720:I:20,1,1,1,1,1,0,0,20250720,20251223
GNE:GOAO065:65:065MF250720:I:21,1,1,1,1,1,0,0,20250720,20251223
GNE:GOAO065:65:065MF250720:I:22,1,1,1,1,1,0,0,20250720,20251223
GNE:GOAO065:65:065MF250720:I:23,1,1,1,1,1,0,0,20250720,20251223
GNE:GOAO065:65:065MF250720:I:24,1,1,1,1,1,0,0,20250720,20251223
GNE:GOAO065:65:065SA250720:O:1,0,0,0,0,0,1,0,20250720,20251223
GNE:GOAO065:65:065SA250720:O:2,0,0,0,0,0,1,0,20250720,20251223
GNE:GOAO065:65:065SA250720:O:3,0,0,0,0,0,1,0,20250720,20251223
GNE:GOAO065:65:065SA250720:O:4,0,0,0,0,0,1,0,20250720,20251223
GNE:GOAO065:65:065SA250720:O:5,0,0,0,0,0,1,0,20250720,20251223
GNE:GOAO065:65:065SA250720:O:6,0,0,0,0,0,1,0,20250720,20251223
GNE:GOAO065:65:065SA250720:O:7,0,0,0,0,0,1,0,20250720,20251223
GNE:GOAO065:65:065SA250720:O:8,0,0,0,0,0,1,0,20250720,20251223
GNE:GOAO065:65:065SA250720:O:9,0,0,0,0,0,1,0,20250720,20251223
GNE:GOAO065:65:065SA250720:O:10,0,0,0,0,0,1,0,20250720,20251223
GNE:GOAO065:65:065SA250720:O:11,0,0,0,0,0,1,0,20250720,20251223
GNE:GOAO065:65:065SA250720:O:12,0,0,0,0,0,1,0,20250720,20251223
GNE:GOAO065:65:065SA250720:O:13,0,0,0,0,0,1,0,20250720,20251223
GNE:GOAO065:65:065SA250720:O:14,0,0,0,0,0,1,0,20250720,20251223
GNE:GOAO065:65:065SA250720:O:15,0,0,0,0,0,1,0,20250720,20251223
GNE:GOAO065:65:065SA250720:O:16,0,0,0,0,0,1,0,20250720,20251223
GNE:GOAO065:65:065SA250720:O:17,0,0,0,0,0,1,0,20250720,20251223
GNE:GOAO065:65:065SA250720:O:18,0,0,0,0,0,1,0,20250720,20251223
GNE:GOAO065:65:065SA250720:O:19,0,0,0,0,0,1,0,20250720,20251223
GNE:GOAO065:65:065SA250720:O:20,0,0,0,0,0,1,0,20250720,20251223
GNE:GOAO065:65:065SA250720:O:21,0,0,0,0,0,1,0,20250720,20251223
GNE:GOAO065:65:065SA250720:I:1,0,0,0,0,0,1,0,20250720,20251223
GNE:GOAO065:65:065SA250720:I:2,0,0,0,0,0,1,0,20250720,20251223
GNE:GOAO065:65:065SA250720:I:3,0,0,0,0,0,1,0,20250720,20251223
GNE:GOAO065:65:065SA250720:I:4,0,0,0,0,0,1,0,20250720,20251223
GNE:GOAO065:65:065SA250720:I:5,0,0,0,0,0,1,0,20250720,20251223
GNE:GOAO065:65:065SA250720:I:6,0,0,0,0,0,1,0,20250720,20251223
GNE:GOAO065:65:065SA250720:I:7,0,0,0,0,0,1,0,20250720,20251223
GNE:GOAO065:65:065SA250720:I:8,0,0,0,0,0,1,0,20250720,20251223
GNE:GOAO065:65:065SA250720:I:9,0,0,0,0,0,1,0,20250720,20251223
GNE:GOAO065:65:065SA250720:I:10,0,0,0,0,0,1,0,20250720,20251223
GNE:GOAO065:65:065SA250720:I:11,0,0,0,0,0,1,0,20250720,20251223
GNE:GOAO065:65:065SA250720:I:12,0,0,0,0,0,1,0,20250720,20251223
GNE:GOAO065:65:065SA250720:I:13,0,0,0,0,0,1,0,20250720,20251223
GNE:GOAO065:65:065SA250720:I:14,0,0,0,0,0,1,0,20250720,20251223
GNE:GOAO065:65:065SA250720:I:15,0,0,0,0,0,1,0,20250720,20251223
GNE:GOAO065:65:065SA250720:I:16,0,0,0,0,0,1,0,20250720,20251223
GNE:GOAO065:65:065SA250720:I:17,0,0,0,0,0,1,0,20250720,20251223
GNE:GOAO065:65:065SA250720:I:18,0,0,0,0,0,1,0,20250720,20251223
GNE:GOAO065:65:065SA250720:I:19,0,0,0,0,0,1,0,20250720,20251223
GNE:GOAO065:65:065SA250720:I:20,0,0,0,0,0,1,0,20250720,20251223
GNE:GOAO065:65:065SA250720:I:21,0,0,0,0,0,1,0,20250720,20251223
GNE:GOAO065:65:065SA250720:I:22,0,0,0,0,0,1,0,20250720,20251223
GNE:GOAO065:65:065SU250720:O:1,0,0,0,0,0,0,1,20250720,20251223
GNE:GOAO065:65:065SU250720:O:2,0,0,0,0,0,0,1,20250720,20251223
GNE:GOAO065:65:065SU250720:O:3,0,0,0,0,0,0,1,20250720,20251223
GNE:GOAO065:65:065SU250720:O:4,0,0,0,0,0,0,1,20250720,20251223
GNE:GOAO065:65:065SU250720:O:5,0,0,0,0,0,0,1,20250720,20251223
GNE:GOAO065:65:065SU250720:O:6,0,0,0,0,0,0,1,20250720,20251223
GNE:GOAO065:65:065SU250720:O:7,0,0,0,0,0,0,1,20250720,20251223
GNE:GOAO065:65:065SU250720:O:8,0,0,0,0,0,0,1,20250720,20251223
GNE:GOAO065:65:065SU250720:O:9,0,0,0,0,0,0,1,20250720,20251223
GNE:GOAO065:65:065SU250720:O:10,0,0,0,0,0,0,1,20250720,20251223
GNE:GOAO065:65:065SU250720:I:1,0,0,0,0,0,0,1,20250720,20251223
GNE:GOAO065:65:065SU250720:I:2,0,0,0,0,0,0,1,20250720,20251223
GNE:GOAO065:65:065SU250720:I:3,0,0,0,0,0,0,1,20250720,20251223
GNE:GOAO065:65:065SU250720:I:4,0,0,0,0,0,0,1,20250720,20251223
GNE:GOAO065:65:065SU250720:I:5,0,0,0,0,0,0,1,20250720,20251223
GNE:GOAO065:65:065SU250720:I:6,0,0,0,0,0,0,1,20250720,20251223
GNE:GOAO065:65:065SU250720:I:7,0,0,0,0,0,0,1,20250720,20251223
GNE:GOAO065:65:065SU250720:I:8,0,0,0,0,0,0,1,20250720,20251223
GNE:GOAO065:65:065SU250720:I:9,0,0,0,0,0,0,1,20250720,20251223
GNE:GOAO065:65:065SU250720:I:10,0,0,0,0,0,0,1,20250720,20251223
GNE:GOAO067:67:067MF250720:O:1,1,1,1,1,1,0,0,20250720,20251223
GNE:GOAO067:67:067MF250720:O:2,1,1,1,1,1,0,0,20250720,20251223
GNE:GOAO067:67:067MF250720:O:3,1,1,1,1,1,0,0,20250720,20251223
GNE:GOAO067:67:067MF250720:O:4,1,1,1,1,1,0,0,20250720,20251223
GNE:GOAO067:67:067MF250720:O:5,1,1,1,1,1,0,0,20250720,20251223
GNE:GOAO067:67:067MF250720:O:6,1,1,1,1,1,0,0,20250720,20251223
GNE:GOAO067:67:067MF250720:O:7,1,1,1,1,1,0,0,20250720,20251223
GNE:GOAO067:67:067MF250720:O:8,1,1,1,1,1,0,0,20250720,20251223
GNE:GOAO067:67:067MF250720:O:9,1,1,1,1,1,0,0,20250720,20251223
GNE:GOAO067:67:067MF250720:O:10,1,1,1,1,1,0,0,20250720,20251223
GNE:GOAO067:67:067MF250720:O:11,1,1,1,1,1,0,0,20250720,20251223
GNE:GOAO067:67:067MF250720:O:12,1,1,1,1,1,0,0,20250720,20251223
GNE:GOAO067:67:067MF250720:O:13,1,1,1,1,1,0,0,20250720,20251223
GNE:GOAO067:67:067MF250720:O:14,1,1,1,1,1,0,0,20250720,20251223
GNE:GOAO067:67:067MF250720:O:15,1,1,1,1,1,0,0,20250720,20251223
GNE:GOAO067:67:067MF250720:O:16,1,1,1,1,1,0,0,20250720,20251223
GNE:GOAO067:67:067MF250720:O:17,1,1,1,1,1,0,0,20250720,20251223
GNE:GOAO067:67:067MF250720:I:1,1,1,1,1,1,0,0,20250720,20251223
GNE:GOAO067:67:067MF250720:I:2,1,1,1,1,1,0,0,20250720,20251223
GNE:GOAO067:67:067MF250720:I:3,1,1,1,1,1,0,0,20250720,20251223
GNE:GOAO067:67:067MF250720:I:4,1,1,1,1,1,0,0,20250720,20251223
GNE:GOAO067:67:067MF250720:I:5,1,1,1,1,1,0,0,20250720,20251223
GNE:GOAO067:67:067MF250720:I:6,1,1,1,1,1,0,0,20250720,20251223
GNE:GOAO067:67:067MF250720:I:7,1,1,1,1,1,0,0,20250720,20251223
GNE:GOAO067:67:067MF250720:I:8,1,1,1,1,1,0,0,20250720,20251223
GNE:GOAO067:67:067MF250720:I:9,1,1,1,1,1,0,0,20250720,20251223
GNE:GOAO067:67:067MF250720:I:10,1,1,1,1,1,0,0,20250720,20251223
GNE:GOAO067:67:067MF250720:I:11,1,1,1,1,1,0,0,20250720,20251223
GNE:GOAO067:67:067MF250720:I:12,1,1,1,1,1,0,0,20250720,20251223
GNE:GOAO067:67:067MF250720:I:13,1,1,1,1,1,0,0,20250720,20251223
GNE:GOAO067:67:067MF250720:I:14,1,1,1,1,1,0,0,20250720,20251223
GNE:GOAO067:67:067MF250720:I:15,1,1,1,1,1,0,0,20250720,20251223
GNE:GOAO067:67:067MF250720:I:16,1,1,1,1,1,0,0,20250720,20251223
GNE:GOAO067:67:067SA250720:O:1,0,0,0,0,0,1,0,20250720,20251223
GNE:GOAO067:67:067SA250720:O:2,0,0,0,0,0,1,0,20250720,20251223
GNE:GOAO067:67:067SA250720:O:3,0,0,0,0,0,1,0,20250720,20251223
GNE:GOAO067:67:067SA250720:O:4,0,0,0,0,0,1,0,20250720,20251223
GNE:GOAO067:67:067SA250720:O:5,0,0,0,0,0,1,0,20250720,20251223
GNE:GOAO067:67:067SA250720:O:6,0,0,0,0,0,1,0,20250720,20251223
GNE:GOAO067:67:067SA250720:O:7,0,0,0,0,0,1,0,20250720,20251223
GNE:GOAO067:67:067SA250720:O:8,0,0,0,0,0,1,0,20250720,20251223
GNE:GOAO067:67:067SA250720:O:9,0,0,0,0,0,1,0,20250720,20251223
GNE:GOAO067:67:067SA250720:O:10,0,0,0,0,0,1,0,20250720,20251223
GNE:GOAO067:67:067SA250720:O:11,0,0,0,0,0,1,0,20250720,20251223
GNE:GOAO067:67:067SA250720:O:12,0,0,0,0,0,1,0,20250720,20251223
GNE:GOAO067:67:067SA250720:O:13,0,0,0,0,0,1,0,20250720,20251223
GNE:GOAO067:67:067SA250720:O:14,0,0,0,0,0,1,0,20250720,20251223
GNE:GOAO067:67:067SA250720:O:15,0,0,0,0,0,1,0,20250720,20251223
GNE:GOAO067:67:067SA250720:O:16,0,0,0,0,0,1,0,20250720,20251223
GNE:GOAO067:67:067SA250720:O:17,0,0,0,0,0,1,0,20250720,20251223
GNE:GOAO067:67:067SA250720:I:1,0,0,0,0,0,1,0,20250720,20251223
GNE:GOAO067:67:067SA250720:I:2,0,0,0,0,0,1,0,20250720,20251223
GNE:GOAO067:67:067SA250720:I:3,0,0,0,0,0,1,0,20250720,20251223
GNE:GOAO067:67:067SA250720:I:4,0,0,0,0,0,1,0,20250720,20251223
GNE:GOAO067:67:067SA250720:I:5,0,0,0,0,0,1,0,20250720,20251223
GNE:GOAO067:67:067SA250720:I:6,0,0,0,0,0,1,0,20250720,20251223
GNE:GOAO067:67:067SA250720:I:7,0,0,0,0,0,1,0,20250720,20251223
GNE:GOAO067:67:067SA250720:I:8,0,0,0,0,0,1,0,20250720,20251223
GNE:GOAO067:67:067SA250720:I:9,0,0,0,0,0,1,0,20250720,20251223
GNE:GOAO067:67:067SA250720:I:10,0,0,0,0,0,1,0,20250720,20251223
GNE:GOAO067:67:067SA250720:I:11,0,0,0,0,0,1,0,20250720,20251223
GNE:GOAO067:67:067SA250720:I:12,0,0,0,0,0,1,0,20250720,20251223
GNE:GOAO067:67:067SA250720:I:13,0,0,0,0,0,1,0,20250720,20251223
GNE:GOAO067:67:067SA250720:I:14,0,0,0,0,0,1,0,20250720,20251223
GNE:GOAO067:67:067SA250720:I:15,0,0,0,0,0,1,0,20250720,20251223
GNE:GOAO067:67:067SA250720:I:16,0,0,0,0,0,1,0,20250720,20251223
GNE:GOAO067:67:067SU250720:O:1,0,0,0,0,0,0,1,20250720,20251223
GNE:GOAO067:67:067SU250720:O:2,0,0,0,0,0,0,1,20250720,20251223
GNE:GOAO067:67:067SU250720:O:3,0,0,0,0,0,0,1,20250720,20251223
GNE:GOAO067:67:067SU250720:O:4,0,0,0,0,0,0,1,20250720,20251223
GNE:GOAO067:67:067SU250720:O:5,0,0,0,0,0,0,1,20250720,20251223
GNE:GOAO067:67:067SU250720:O:6,0,0,0,0,0,0,1,20250720,20251223
GNE:GOAO067:67:067SU250720:O:7,0,0,0,0,0,0,1,20250720,20251223
GNE:GOAO067:67:067SU250720:O:8,0,0,0,0,0,0,1,20250720,20251223
GNE:GOAO067:67:067SU250720:O:9,0,0,0,0,0,0,1,20250720,20251223
GNE:GOAO067:67:067SU250720:O:10,0,0,0,0,0,0,1,20250720,20251223
GNE:GOAO067:67:067SU250720:O:11,0,0,0,0,0,0,1,20250720,20251223
GNE:GOAO067:67:067SU250720:O:12,0,0,0,0,0,0,1,20250720,20251223
GNE:GOAO067:67:067SU250720:O:13,0,0,0,0,0,0,1,20250720,20251223
GNE:GOAO067:67:067SU250720:O:14,0,0,0,0,0,0,1,20250720,20251223
GNE:GOAO067:67:067SU250720:O:15,0,0,0,0,0,0,1,20250720,20251223
GNE:GOAO067:67:067SU250720:O:16,0,0,0,0,0,0,1,20250720,20251223
GNE:GOAO067:67:067SU250720:O:17,0,0,0,0,0,0,1,20250720,20251223
GNE:GOAO067:67:067SU250720:I:1,0,0,0,0,0,0,1,20250720,20251223
GNE:GOAO067:67:067SU250720:I:2,0,0,0,0,0,0,1,20250720,20251223
GNE:GOAO067:67:067SU250720:I:3,0,0,0,0,0,0,1,20250720,20251223
GNE:GOAO067:67:067SU250720:I:4,0,0,0,0,0,0,1,20250720,20251223
GNE:GOAO067:67:067SU250720:I:5,0,0,0,0,0,0,1,20250720,20251223
GNE:GOAO067:67:067SU250720:I:6,0,0,0,0,0,0,1,20250720,20251223
GNE:GOAO067:67:067SU250720:I:7,0,0,0,0,0,0,1,20250720,20251223
GNE:GOAO067:67:067SU250720:I:8,0,0,0,0,0,0,1,20250720,20251223
GNE:GOAO067:67:067SU250720:I:9,0,0,0,0,0,0,1,20250720,20251223
GNE:GOAO067:67:067SU250720:I:10,0,0,0,0,0,0,1,20250720,20251223
GNE:GOAO067:67:067SU250720:I:11,0,0,0,0,0,0,1,20250720,20251223
GNE:GOAO067:67:067SU250720:I:12,0,0,0,0,0,0,1,20250720,20251223
GNE:GOAO067:67:067SU250720:I:13,0,0,0,0,0,0,1,20250720,20251223
GNE:GOAO067:67:067SU250720:I:14,0,0,0,0,0,0,1,20250720,20251223
GNE:GOAO067:67:067SU250720:I:15,0,0,0,0,0,0,1,20250720,20251223
GNE:GOAO067:67:067SU250720:I:16,0,0,0,0,0,0,1,20250720,20251223
GNE:GOAO069:69:069MF250720:O:1,1,1,1,1,1,0,0,20250720,20251223
GNE:GOAO069:69:069MF250720:O:2,1,1,1,1,1,0,0,20250720,20251223
GNE:GOAO069:69:069MF250720:O:3,1,1,1,1,1,0,0,20250720,20251223
GNE:GOAO069:69:069MF250720:O:4,1,1,1,1,1,0,0,20250720,20251223
GNE:GOAO069:69:069MF250720:O:5,1,1,1,1,1,0,0,20250720,20251223
GNE:GOAO069:69:069MF250720:O:6,1,1,1,1,1,0,0,20250720,20251223
GNE:GOAO069:69:069MF250720:O:7,1,1,1,1,1,0,0,20250720,20251223
GNE:GOAO069:69:069MF250720:O:8,1,1,1,1,1,0,0,20250720,20251223
GNE:GOAO069:69:069MF250720:O:9,1,1,1,1,1,0,0,20250720,20251223
GNE:GOAO069:69:069MF250720:O:10,1,1,1,1,1,0,0,20250720,20251223
GNE:GOAO069:69:069MF250720:O:11,1,1,1,1,1,0,0,20250720,20251223
GNE:GOAO069:69:069MF250720:O:12,1,1,1,1,1,0,0,20250720,20251223
GNE:GOAO069:69:069MF250720:O:13,1,1,1,1,1,0,0,20250720,20251223
GNE:GOAO069:69:069MF250720:O:14,1,1,1,1,1,0,0,20250720,20251223
GNE:GOAO069:69:069MF250720:O:15,1,1,1,1,1,0,0,20250720,20251223
GNE:GOAO069:69:069MF250720:O:16,1,1,1,1,1,0,0,20250720,20251223
GNE:GOAO069:69:069MF250720:O:17,1,1,1,1,1,0,0,20250720,20251223
GNE:GOAO069:69:069MF250720:I:1,1,1,1,1,1,0,0,20250720,20251223
GNE:GOAO069:69:069MF250720:I:2,1,1,1,1,1,0,0,20250720,20251223
GNE:GOAO069:69:069MF250720:I:3,1,1,1,1,1,0,0,20250720,20251223
GNE:GOAO069:69:069MF250720:I:4,1,1,1,1,1,0,0,20250720,20251223
GNE:GOAO069:69:069MF250720:I:5,1,1,1,1,1,0,0,20250720,20251223
GNE:GOAO069:69:069MF250720:I:6,1,1,1,1,1,0,0,20250720,20251223
GNE:GOAO069:69:069MF250720:I:7,1,1,1,1,1,0,0,20250720,20251223
GNE:GOAO069:69:069MF250720:I:8,1,1,1,1,1,0,0,20250720,20251223
GNE:GOAO069:69:069MF250720:I:9,1,1,1,1,1,0,0,20250720,20251223
GNE:GOAO069:69:069MF250720:I:10,1,1,1,1,1,0,0,20250720,20251223
GNE:GOAO069:69:069MF250720:I:11,1,1,1,1,1,0,0,20250720,20251223
GNE:GOAO069:69:069MF250720:I:12,1,1,1,1,1,0,0,20250720,20251223
GNE:GOAO069:69:069MF250720:I:13,1,1,1,1,1,0,0,20250720,20251223
GNE:GOAO069:69:069MF250720:I:14,1,1,1,1,1,0,0,20250720,20251223
GNE:GOAO069:69:069MF250720:I:15,1,1,1,1,1,0,0,20250720,20251223
GNE:GOAO069:69:069MF250720:I:16,1,1,1,1,1,0,0,20250720,20251223
GNE:GOAO069:69:069MF250720:I:17,1,1,1,1,1,0,0,20250720,20251223
GNE:GOAO069:69:069SA250720:O:1,0,0,0,0,0,1,0,20250720,20251223
GNE:GOAO069:69:069SA250720:O:2,0,0,0,0,0,1,0,20250720,20251223
GNE:GOAO069:69:069SA250720:O:3,0,0,0,0,0,1,0,20250720,20251223
GNE:GOAO069:69:069SA250720:O:4,0,0,0,0,0,1,0,20250720,20251223
GNE:GOAO069:69:069SA250720:O:5,0,0,0,0,0,1,0,20250720,20251223
GNE:GOAO069:69:069SA250720:O:6,0,0,0,0,0,1,0,20250720,20251223
GNE:GOAO069:69:069SA250720:O:7,0,0,0,0,0,1,0,20250720,20251223
GNE:GOAO069:69:069SA250720:O:8,0,0,0,0,0,1,0,20250720,20251223
GNE:GOAO069:69:069SA250720:O:9,0,0,0,0,0,1,0,20250720,20251223
GNE:GOAO069:69:069SA250720:O:10,0,0,0,0,0,1,0,20250720,20251223
GNE:GOAO069:69:069SA250720:O:11,0,0,0,0,0,1,0,20250720,20251223
GNE:GOAO069:69:069SA250720:O:12,0,0,0,0,0,1,0,20250720,20251223
GNE:GOAO069:69:069SA250720:O:13,0,0,0,0,0,1,0,20250720,20251223
GNE:GOAO069:69:069SA250720:O:14,0,0,0,0,0,1,0,20250720,20251223
GNE:GOAO069:69:069SA250720:O:15,0,0,0,0,0,1,0,20250720,20251223
GNE:GOAO069:69:069SA250720:O:16,0,0,0,0,0,1,0,20250720,20251223
GNE:GOAO069:69:069SA250720:O:17,0,0,0,0,0,1,0,20250720,20251223
GNE:GOAO069:69:069SA250720:I:1,0,0,0,0,0,1,0,20250720,20251223
GNE:GOAO069:69:069SA250720:I:2,0,0,0,0,0,1,0,20250720,20251223
GNE:GOAO069:69:069SA250720:I:3,0,0,0,0,0,1,0,20250720,20251223
GNE:GOAO069:69:069SA250720:I:4,0,0,0,0,0,1,0,20250720,20251223
GNE:GOAO069:69:069SA250720:I:5,0,0,0,0,0,1,0,20250720,20251223
GNE:GOAO069:69:069SA250720:I:6,0,0,0,0,0,1,0,20250720,20251223
GNE:GOAO069:69:069SA250720:I:7,0,0,0,0,0,1,0,20250720,20251223
GNE:GOAO069:69:069SA250720:I:8,0,0,0,0,0,1,0,20250720,20251223
GNE:GOAO069:69:069SA250720:I:9,0,0,0,0,0,1,0,20250720,20251223
GNE:GOAO069:69:069SA250720:I:10,0,0,0,0,0,1,0,20250720,20251223
GNE:GOAO069:69:069SA250720:I:11,0,0,0,0,0,1,0,20250720,20251223
GNE:GOAO069:69:069SA250720:I:12,0,0,0,0,0,1,0,20250720,20251223
GNE:GOAO069:69:069SA250720:I:13,0,0,0,0,0,1,0,20250720,20251223
GNE:GOAO069:69:069SA250720:I:14,0,0,0,0,0,1,0,20250720,20251223
GNE:GOAO069:69:069SA250720:I:15,0,0,0,0,0,1,0,20250720,20251223
GNE:GOAO069:69:069SA250720:I:16,0,0,0,0,0,1,0,20250720,20251223
GNE:GOAO069:69:069SA250720:I:17,0,0,0,0,0,1,0,20250720,20251223
GNE:GOAO069:69:069SU250720:O:1,0,0,0,0,0,0,1,20250720,20251223
GNE:GOAO069:69:069SU250720:O:2,0,0,0,0,0,0,1,20250720,20251223
GNE:GOAO069:69:069SU250720:O:3,0,0,0,0,0,0,1,20250720,20251223
GNE:GOAO069:69:069SU250720:O:4,0,0,0,0,0,0,1,20250720,20251223
GNE:GOAO069:69:069SU250720:O:5,0,0,0,0,0,0,1,20250720,20251223
GNE:GOAO069:69:069SU250720:O:6,0,0,0,0,0,0,1,20250720,20251223
GNE:GOAO069:69:069SU250720:O:7,0,0,0,0,0,0,1,20250720,20251223
GNE:GOAO069:69:069SU250720:O:8,0,0,0,0,0,0,1,20250720,20251223
GNE:GOAO069:69:069SU250720:O:9,0,0,0,0,0,0,1,20250720,20251223
GNE:GOAO069:69:069SU250720:O:10,0,0,0,0,0,0,1,20250720,20251223
GNE:GOAO069:69:069SU250720:O:11,0,0,0,0,0,0,1,20250720,20251223
GNE:GOAO069:69:069SU250720:O:12,0,0,0,0,0,0,1,20250720,20251223
GNE:GOAO069:69:069SU250720:O:13,0,0,0,0,0,0,1,20250720,20251223
GNE:GOAO069:69:069SU250720:O:14,0,0,0,0,0,0,1,20250720,20251223
GNE:GOAO069:69:069SU250720:O:15,0,0,0,0,0,0,1,20250720,20251223
GNE:GOAO069:69:069SU250720:O:16,0,0,0,0,0,0,1,20250720,20251223
GNE:GOAO069:69:069SU250720:O:17,0,0,0,0,0,0,1,20250720,20251223
GNE:GOAO069:69:069SU250720:I:1,0,0,0,0,0,0,1,20250720,20251223
GNE:GOAO069:69:069SU250720:I:2,0,0,0,0,0,0,1,20250720,20251223
GNE:GOAO069:69:069SU250720:I:3,0,0,0,0,0,0,1,20250720,20251223
GNE:GOAO069:69:069SU250720:I:4,0,0,0,0,0,0,1,20250720,20251223
GNE:GOAO069:69:069SU250720:I:5,0,0,0,0,0,0,1,20250720,20251223
GNE:GOAO069:69:069SU250720:I:6,0,0,0,0,0,0,1,20250720,20251223
GNE:GOAO069:69:069SU250720:I:7,0,0,0,0,0,0,1,20250720,20251223
GNE:GOAO069:69:069SU250720:I:8,0,0,0,0,0,0,1,20250720,20251223
GNE:GOAO069:69:069SU250720:I:9,0,0,0,0,0,0,1,20250720,20251223
GNE:GOAO069:69:069SU250720:I:10,0,0,0,0,0,0,1,20250720,20251223
GNE:GOAO069:69:069SU250720:I:11,0,0,0,0,0,0,1,20250720,20251223
GNE:GOAO069:69:069SU250720:I:12,0,0,0,0,0,0,1,20250720,20251223
GNE:GOAO069:69:069SU250720:I:13,0,0,0,0,0,0,1,20250720,20251223
GNE:GOAO069:69:069SU250720:I:14,0,0,0,0,0,0,1,20250720,20251223
GNE:GOAO069:69:069SU250720:I:15,0,0,0,0,0,0,1,20250720,20251223
GNE:GOAO069:69:069SU250720:I:16,0,0,0,0,0,0,1,20250720,20251223
GNE:GOAO069:69:069SU250720:I:17,0,0,0,0,0,0,1,20250720,20251223
GNE:GOAO074:74:074MF250720:O:1,1,1,1,1,1,0,0,20250720,20251223
GNE:GOAO074:74:074MF250720:O:2,1,1,1,1,1,0,0,20250720,20251223
GNE:GOAO074:74:074MF250720:O:3,1,1,1,1,1,0,0,20250720,20251223
GNE:GOAO074:74:074MF250720:O:4,1,1,1,1,1,0,0,20250720,20251223
GNE:GOAO074:74:074MF250720:I:1,1,1,1,1,1,0,0,20250720,20251223
GNE:GOAO074:74:074MF250720:I:2,1,1,1,1,1,0,0,20250720,20251223
GNE:GOAO074:74:074MF250720:I:3,1,1,1,1,1,0,0,20250720,20251223
GNE:GOAO074:74:074MF250720:I:4,1,1,1,1,1,0,0,20250720,20251223
GNE:GOAO074:74:074SA250720:O:1,0,0,0,0,0,1,0,20250720,20251223
GNE:GOAO074:74:074SA250720:O:2,0,0,0,0,0,1,0,20250720,20251223
GNE:GOAO074:74:074SA250720:O:3,0,0,0,0,0,1,0,20250720,20251223
GNE:GOAO074:74:074SA250720:O:4,0,0,0,0,0,1,0,20250720,20251223
GNE:GOAO074:74:074SA250720:O:5,0,0,0,0,0,1,0,20250720,20251223
GNE:GOAO074:74:074SA250720:O:6,0,0,0,0,0,1,0,20250720,20251223
GNE:GOAO074:74:074SA250720:I:1,0,0,0,0,0,1,0,20250720,20251223
GNE:GOAO074:74:074SA250720:I:2,0,0,0,0,0,1,0,20250720,20251223
GNE:GOAO074:74:074SA250720:I:3,0,0,0,0,0,1,0,20250720,20251223
GNE:GOAO074:74:074SA250720:I:4,0,0,0,0,0,1,0,20250720,20251223
GNE:GOAO074:74:074SA250720:I:5,0,0,0,0,0,1,0,20250720,20251223
GNE:GOAO074:74:074SA250720:I:6,0,0,0,0,0,1,0,20250720,20251223
GNE:GOAO078:78:078MF250907:O:1,1,1,1,1,1,0,0,20250720,20251223
GNE:GOAO078:78:078MF250907:O:2,1,1,1,1,1,0,0,20250720,20251223
GNE:GOAO078:78:078MF250907:O:3,1,1,1,1,1,0,0,20250720,20251223
GNE:GOAO078:78:078MF250907:O:4,1,1,1,1,1,0,0,20250720,20251223
GNE:GOAO078:78:078MF250907:O:5,1,1,1,1,1,0,0,20250720,20251223
GNE:GOAO078:78:078MF250907:O:6,1,1,1,1,1,0,0,20250720,20251223
GNE:GOAO078:78:078MF250907:O:7,1,1,1,1,1,0,0,20250720,20251223
GNE:GOAO078:78:078MF250907:O:8,1,1,1,1,1,0,0,20250720,20251223
GNE:GOAO078:78:078MF250907:O:9,1,1,1,1,1,0,0,20250720,20251223
GNE:GOAO078:78:078MF250907:O:10,1,1,1,1,1,0,0,20250720,20251223
GNE:GOAO078:78:078MF250907:O:11,1,1,1,1,1,0,0,20250720,20251223
GNE:GOAO078:78:078MF250907:O:12,1,1,1,1,1,0,0,20250720,20251223
GNE:GOAO078:78:078MF250907:O:13,1,1,1,1,1,0,0,20250720,20251223
GNE:GOAO078:78:078MF250907:O:14,1,1,1,1,1,0,0,20250720,20251223
GNE:GOAO078:78:078MF250907:O:15,1,1,1,1,1,0,0,20250720,20251223
GNE:GOAO078:78:078MF250907:O:16,1,1,1,1,1,0,0,20250720,20251223
GNE:GOAO078:78:078MF250907:O:17,1,1,1,1,1,0,0,20250720,20251223
GNE:GOAO078:78:078MF250907:O:18,1,1,1,1,1,0,0,20250720,20251223
GNE:GOAO078:78:078MF250907:O:19,1,1,1,1,1,0,0,20250720,20251223
GNE:GOAO078:78:078MF250907:O:20,1,1,1,1,1,0,0,20250720,20251223
GNE:GOAO078:78:078MF250907:O:21,1,1,1,1,1,0,0,20250720,20251223
GNE:GOAO078:78:078MF250907:O:22,1,1,1,1,1,0,0,20250720,20251223
GNE:GOAO078:78:078MF250907:O:23,1,1,1,1,1,0,0,20250720,20251223
GNE:GOAO078:78:078MF250907:O:24,1,1,1,1,1,0,0,20250720,20251223
GNE:GOAO078:78:078MF250907:O:25,1,1,1,1,1,0,0,20250720,20251223
GNE:GOAO078:78:078MF250907:O:26,1,1,1,1,1,0,0,20250720,20251223
GNE:GOAO078:78:078MF250907:O:27,1,1,1,1,1,0,0,20250720,20251223
GNE:GOAO078:78:078MF250907:O:28,1,1,1,1,1,0,0,20250720,20251223
GNE:GOAO078:78:078MF250907:O:29,1,1,1,1,1,0,0,20250720,20251223
GNE:GOAO078:78:078MF250907:O:30,1,1,1,1,1,0,0,20250720,20251223
GNE:GOAO078:78:078MF250907:I:1,1,1,1,1,1,0,0,20250720,20251223
GNE:GOAO078:78:078MF250907:I:2,1,1,1,1,1,0,0,20250720,20251223
GNE:GOAO078:78:078MF250907:I:3,1,1,1,1,1,0,0,20250720,20251223
GNE:GOAO078:78:078MF250907:I:4,1,1,1,1,1,0,0,20250720,20251223
GNE:GOAO078:78:078MF250907:I:5,1,1,1,1,1,0,0,20250720,20251223
GNE:GOAO078:78:078MF250907:I:6,1,1,1,1,1,0,0,20250720,20251223
GNE:GOAO078:78:078MF250907:I:7,1,1,1,1,1,0,0,20250720,20251223
GNE:GOAO078:78:078MF250907:I:8,1,1,1,1,1,0,0,20250720,20251223
GNE:GOAO078:78:078MF250907:I:9,1,1,1,1,1,0,0,20250720,20251223
GNE:GOAO078:78:078MF250907:I:10,1,1,1,1,1,0,0,20250720,20251223
GNE:GOAO078:78:078MF250907:I:11,1,1,1,1,1,0,0,20250720,20251223
GNE:GOAO078:78:078MF250907:I:12,1,1,1,1,1,0,0,20250720,20251223
GNE:GOAO078:78:078MF250907:I:13,1,1,1,1,1,0,0,20250720,20251223
GNE:GOAO078:78:078MF250907:I:14,1,1,1,1,1,0,0,20250720,20251223
GNE:GOAO078:78:078MF250907:I:15,1,1,1,1,1,0,0,20250720,20251223
GNE:GOAO078:78:078MF250907:I:16,1,1,1,1,1,0,0,20250720,20251223
GNE:GOAO078:78:078MF250907:I:17,1,1,1,1,1,0,0,20250720,20251223
GNE:GOAO078:78:078MF250907:I:18,1,1,1,1,1,0,0,20250720,20251223
GNE:GOAO078:78:078MF250907:I:19,1,1,1,1,1,0,0,20250720,20251223
GNE:GOAO078:78:078MF250907:I:20,1,1,1,1,1,0,0,20250720,20251223
GNE:GOAO078:78:078MF250907:I:21,1,1,1,1,1,0,0,20250720,20251223
GNE:GOAO078:78:078MF250907:I:22,1,1,1,1,1,0,0,20250720,20251223
GNE:GOAO078:78:078MF250907:I:23,1,1,1,1,1,0,0,20250720,20251223
GNE:GOAO078:78:078MF250907:I:24,1,1,1,1,1,0,0,20250720,20251223
GNE:GOAO078:78:078MF250907:I:25,1,1,1,1,1,0,0,20250720,20251223
GNE:GOAO078:78:078MF250907:I:26,1,1,1,1,1,0,0,20250720,20251223
GNE:GOAO078:78:078MF250907:I:27,1,1,1,1,1,0,0,20250720,20251223
GNE:GOAO078:78:078MF250907:I:28,1,1,1,1,1,0,0,20250720,20251223
GNE:GOAO078:78:078MF250907:I:29,1,1,1,1,1,0,0,20250720,20251223
GNE:GOAO078:78:078MF250907:I:30,1,1,1,1,1,0,0,20250720,20251223
GNE:GOAO078:78:078MF250907:I:31,1,1,1,1,1,0,0,20250720,20251223
GNE:GOAO078:78:078SA250907:O:1,0,0,0,0,0,1,0,20250720,20251223
GNE:GOAO078:78:078SA250907:O:2,0,0,0,0,0,1,0,20250720,20251223
GNE:GOAO078:78:078SA250907:O:3,0,0,0,0,0,1,0,20250720,20251223
GNE:GOAO078:78:078SA250907:O:4,0,0,0,0,0,1,0,20250720,20251223
GNE:GOAO078:78:078SA250907:O:5,0,0,0,0,0,1,0,20250720,20251223
GNE:GOAO078:78:078SA250907:O:6,0,0,0,0,0,1,0,20250720,20251223
GNE:GOAO078:78:078SA250907:O:7,0,0,0,0,0,1,0,20250720,20251223
GNE:GOAO078:78:078SA250907:O:8,0,0,0,0,0,1,0,20250720,20251223
GNE:GOAO078:78:078SA250907:O:9,0,0,0,0,0,1,0,20250720,20251223
GNE:GOAO078:78:078SA250907:O:10,0,0,0,0,0,1,0,20250720,20251223
GNE:GOAO078:78:078SA250907:O:11,0,0,0,0,0,1,0,20250720,20251223
GNE:GOAO078:78:078SA250907:O:12,0,0,0,0,0,1,0,20250720,20251223
GNE:GOAO078:78:078SA250907:O:13,0,0,0,0,0,1,0,20250720,20251223
GNE:GOAO078:78:078SA250907:O:14,0,0,0,0,0,1,0,20250720,20251223
GNE:GOAO078:78:078SA250907:O:15,0,0,0,0,0,1,0,20250720,20251223
GNE:GOAO078:78:078SA250907:O:16,0,0,0,0,0,1,0,20250720,20251223
GNE:GOAO078:78:078SA250907:O:17,0,0,0,0,0,1,0,20250720,20251223
GNE:GOAO078:78:078SA250907:O:18,0,0,0,0,0,1,0,20250720,20251223
GNE:GOAO078:78:078SA250907:O:19,0,0,0,0,0,1,0,20250720,20251223
GNE:GOAO078:78:078SA250907:O:20,0,0,0,0,0,1,0,20250720,20251223
GNE:GOAO078:78:078SA250907:O:21,0,0,0,0,0,1,0,20250720,20251223
GNE:GOAO078:78:078SA250907:O:22,0,0,0,0,0,1,0,20250720,20251223
GNE:GOAO078:78:078SA250907:O:23,0,0,0,0,0,1,0,20250720,20251223
GNE:GOAO078:78:078SA250907:O:24,0,0,0,0,0,1,0,20250720,20251223
GNE:GOAO078:78:078SA250907:O:25,0,0,0,0,0,1,0,20250720,20251223
GNE:GOAO078:78:078SA250907:O:26,0,0,0,0,0,1,0,20250720,20251223
GNE:GOAO078:78:078SA250907:O:27,0,0,0,0,0,1,0,20250720,20251223
GNE:GOAO078:78:078SA250907:I:1,0,0,0,0,0,1,0,20250720,20251223
GNE:GOAO078:78:078SA250907:I:2,0,0,0,0,0,1,0,20250720,20251223
GNE:GOAO078:78:078SA250907:I:3,0,0,0,0,0,1,0,20250720,20251223
GNE:GOAO078:78:078SA250907:I:4,0,0,0,0,0,1,0,20250720,20251223
GNE:GOAO078:78:078SA250907:I:5,0,0,0,0,0,1,0,20250720,20251223
GNE:GOAO078:78:078SA250907:I:6,0,0,0,0,0,1,0,20250720,20251223
GNE:GOAO078:78:078SA250907:I:7,0,0,0,0,0,1,0,20250720,20251223
GNE:GOAO078:78:078SA250907:I:8,0,0,0,0,0,1,0,20250720,20251223
GNE:GOAO078:78:078SA250907:I:9,0,0,0,0,0,1,0,20250720,20251223
GNE:GOAO078:78:078SA250907:I:10,0,0,0,0,0,1,0,20250720,20251223
GNE:GOAO078:78:078SA250907:I:11,0,0,0,0,0,1,0,20250720,20251223
GNE:GOAO078:78:078SA250907:I:12,0,0,0,0,0,1,0,20250720,20251223
GNE:GOAO078:78:078SA250907:I:13,0,0,0,0,0,1,0,20250720,20251223
GNE:GOAO078:78:078SA250907:I:14,0,0,0,0,0,1,0,20250720,20251223
GNE:GOAO078:78:078SA250907:I:15,0,0,0,0,0,1,0,20250720,20251223
GNE:GOAO078:78:078SA250907:I:16,0,0,0,0,0,1,0,20250720,20251223
GNE:GOAO078:78:078SA250907:I:17,0,0,0,0,0,1,0,20250720,20251223
GNE:GOAO078:78:078SA250907:I:18,0,0,0,0,0,1,0,20250720,20251223
GNE:GOAO078:78:078SA250907:I:19,0,0,0,0,0,1,0,20250720,20251223
GNE:GOAO078:78:078SA250907:I:20,0,0,0,0,0,1,0,20250720,20251223
GNE:GOAO078:78:078SA250907:I:21,0,0,0,0,0,1,0,20250720,20251223
GNE:GOAO078:78:078SA250907:I:22,0,0,0,0,0,1,0,20250720,20251223
GNE:GOAO078:78:078SA250907:I:23,0,0,0,0,0,1,0,20250720,20251223
GNE:GOAO078:78:078SA250907:I:24,0,0,0,0,0,1,0,20250720,20251223
GNE:GOAO078:78:078SA250907:I:25,0,0,0,0,0,1,0,20250720,20251223
GNE:GOAO078:78:078SA250907:I:26,0,0,0,0,0,1,0,20250720,20251223
GNE:GOAO078:78:078SA250907:I:27,0,0,0,0,0,1,0,20250720,20251223
GNE:GOAO078:78:078SA250907:I:28,0,0,0,0,0,1,0,20250720,20251223
GNE:GOAO078:78:078SA250907:I:29,0,0,0,0,0,1,0,20250720,20251223
GNE:GOAO078:78:078SU250907:O:1,0,0,0,0,0,0,1,20250720,20251223
GNE:GOAO078:78:078SU250907:O:2,0,0,0,0,0,0,1,20250720,20251223
GNE:GOAO078:78:078SU250907:O:3,0,0,0,0,0,0,1,20250720,20251223
GNE:GOAO078:78:078SU250907:O:4,0,0,0,0,0,0,1,20250720,20251223
GNE:GOAO078:78:078SU250907:O:5,0,0,0,0,0,0,1,20250720,20251223
GNE:GOAO078:78:078SU250907:O:6,0,0,0,0,0,0,1,20250720,20251223
GNE:GOAO078:78:078SU250907:O:7,0,0,0,0,0,0,1,20250720,20251223
GNE:GOAO078:78:078SU250907:O:8,0,0,0,0,0,0,1,20250720,20251223
GNE:GOAO078:78:078SU250907:O:9,0,0,0,0,0,0,1,20250720,20251223
GNE:GOAO078:78:078SU250907:O:10,0,0,0,0,0,0,1,20250720,20251223
GNE:GOAO078:78:078SU250907:O:11,0,0,0,0,0,0,1,20250720,20251223
GNE:GOAO078:78:078SU250907:O:12,0,0,0,0,0,0,1,20250720,20251223
GNE:GOAO078:78:078SU250907:O:13,0,0,0,0,0,0,1,20250720,20251223
GNE:GOAO078:78:078SU250907:O:14,0,0,0,0,0,0,1,20250720,20251223
GNE:GOAO078:78:078SU250907:O:15,0,0,0,0,0,0,1,20250720,20251223
GNE:GOAO078:78:078SU250907:O:16,0,0,0,0,0,0,1,20250720,20251223
GNE:GOAO078:78:078SU250907:I:1,0,0,0,0,0,0,1,20250720,20251223
GNE:GOAO078:78:078SU250907:I:2,0,0,0,0,0,0,1,20250720,20251223
GNE:GOAO078:78:078SU250907:I:3,0,0,0,0,0,0,1,20250720,20251223
GNE:GOAO078:78:078SU250907:I:4,0,0,0,0,0,0,1,20250720,20251223
GNE:GOAO078:78:078SU250907:I:5,0,0,0,0,0,0,1,20250720,20251223
GNE:GOAO078:78:078SU250907:I:6,0,0,0,0,0,0,1,20250720,20251223
GNE:GOAO078:78:078SU250907:I:7,0,0,0,0,0,0,1,20250720,20251223
GNE:GOAO078:78:078SU250907:I:8,0,0,0,0,0,0,1,20250720,20251223
GNE:GOAO078:78:078SU250907:I:9,0,0,0,0,0,0,1,20250720,20251223
GNE:GOAO078:78:078SU250907:I:10,0,0,0,0,0,0,1,20250720,20251223
GNE:GOAO078:78:078SU250907:I:11,0,0,0,0,0,0,1,20250720,20251223
GNE:GOAO078:78:078SU250907:I:12,0,0,0,0,0,0,1,20250720,20251223
GNE:GOAO078:78:078SU250907:I:13,0,0,0,0,0,0,1,20250720,20251223
GNE:GOAO078:78:078SU250907:I:14,0,0,0,0,0,0,1,20250720,20251223
GNE:GOAO078:78:078SU250907:I:15,0,0,0,0,0,0,1,20250720,20251223
GNE:GOAO078:78:078SU250907:I:16,0,0,0,0,0,0,1,20250720,20251223
GNE:GOAO081:81:081MF250720:O:1,1,1,1,1,1,0,0,20250720,20251223
GNE:GOAO081:81:081MF250720:O:2,1,1,1,1,1,0,0,20250720,20251223
GNE:GOAO081:81:081MF250720:O:3,1,1,1,1,1,0,0,20250720,20251223
GNE:GOAO081:81:081MF250720:O:4,1,1,1,1,1,0,0,20250720,20251223
GNE:GOAO081:81:081MF250720:O:5,1,1,1,1,1,0,0,20250720,20251223
GNE:GOAO081:81:081MF250720:O:6,1,1,1,1,1,0,0,20250720,20251223
GNE:GOAO081:81:081MF250720:O:7,1,1,1,1,1,0,0,20250720,20251223
GNE:GOAO081:81:081MF250720:O:8,1,1,1,1,1,0,0,20250720,20251223
GNE:GOAO081:81:081MF250720:O:9,1,1,1,1,1,0,0,20250720,20251223
GNE:GOAO081:81:081MF250720:O:10,1,1,1,1,1,0,0,20250720,20251223
GNE:GOAO081:81:081MF250720:O:11,1,1,1,1,1,0,0,20250720,20251223
GNE:GOAO081:81:081MF250720:I:1,1,1,1,1,1,0,0,20250720,20251223
GNE:GOAO081:81:081MF250720:I:2,1,1,1,1,1,0,0,20250720,20251223
GNE:GOAO081:81:081MF250720:I:3,1,1,1,1,1,0,0,20250720,20251223
GNE:GOAO081:81:081MF250720:I:4,1,1,1,1,1,0,0,20250720,20251223
GNE:GOAO081:81:081MF250720:I:5,1,1,1,1,1,0,0,20250720,20251223
GNE:GOAO081:81:081SA250720:O:1,0,0,0,0,0,1,0,20250720,20251223
GNE:GOAO081:81:081SA250720:O:2,0,0,0,0,0,1,0,20250720,20251223
GNE:GOAO081:81:081SA250720:O:3,0,0,0,0,0,1,0,20250720,20251223
GNE:GOAO081:81:081SA250720:O:4,0,0,0,0,0,1,0,20250720,20251223
GNE:GOAO081:81:081SA250720:O:5,0,0,0,0,0,1,0,20250720,20251223
GNE:GOAO081:81:081SA250720:O:6,0,0,0,0,0,1,0,20250720,20251223
GNE:GOAO081:81:081SA250720:O:7,0,0,0,0,0,1,0,20250720,20251223
GNE:GOAO081:81:081SA250720:O:8,0,0,0,0,0,1,0,20250720,20251223
GNE:GOAO081:81:081SA250720:O:9,0,0,0,0,0,1,0,20250720,20251223
GNE:GOAO081:81:081SA250720:O:10,0,0,0,0,0,1,0,20250720,20251223
GNE:GOAO081:81:081SA250720:O:11,0,0,0,0,0,1,0,20250720,20251223
GNE:GOAO081:81:081SA250720:I:1,0,0,0,0,0,1,0,20250720,20251223
GNE:GOAO081:81:081SA250720:I:2,0,0,0,0,0,1,0,20250720,20251223
GNE:GOAO081:81:081SA250720:I:3,0,0,0,0,0,1,0,20250720,20251223
GNE:GOAO081:81:081SA250720:I:4,0,0,0,0,0,1,0,20250720,20251223
GNE:GOAO081:81:081SA250720:I:5,0,0,0,0,0,1,0,20250720,20251223
GNE:GOAO081:81:081SU250720:O:1,0,0,0,0,0,0,1,20250720,20251223
GNE:GOAO081:81:081SU250720:O:2,0,0,0,0,0,0,1,20250720,20251223
GNE:GOAO081:81:081SU250720:O:3,0,0,0,0,0,0,1,20250720,20251223
GNE:GOAO081:81:081SU250720:O:4,0,0,0,0,0,0,1,20250720,20251223
GNE:GOAO081:81:081SU250720:O:5,0,0,0,0,0,0,1,20250720,20251223
GNE:GOAO081:81:081SU250720:O:6,0,0,0,0,0,0,1,20250720,20251223
GNE:GOAO081:81:081SU250720:O:7,0,0,0,0,0,0,1,20250720,20251223
GNE:GOAO081:81:081SU250720:O:8,0,0,0,0,0,0,1,20250720,20251223
GNE:GOAO081:81:081SU250720:O:9,0,0,0,0,0,0,1,20250720,20251223
GNE:GOAO081:81:081SU250720:O:10,0,0,0,0,0,0,1,20250720,20251223
GNE:GOAO081:81:081SU250720:O:11,0,0,0,0,0,0,1,20250720,20251223
GNE:GOAO081:81:081SU250720:O:12,0,0,0,0,0,0,1,20250720,20251223
GNE:GOAO081:81:081SU250720:O:13,0,0,0,0,0,0,1,20250720,20251223
GNE:GOAO081:81:081SU250720:O:14,0,0,0,0,0,0,1,20250720,20251223
GNE:GOAO081:81:081SU250720:O:15,0,0,0,0,0,0,1,20250720,20251223
GNE:GOAO081:81:081SU250720:O:16,0,0,0,0,0,0,1,20250720,20251223
GNE:GOAO081:81:081SU250720:O:17,0,0,0,0,0,0,1,20250720,20251223
GNE:GOAO081:81:081SU250720:O:18,0,0,0,0,0,0,1,20250720,20251223
GNE:GOAO081:81:081SU250720:O:19,0,0,0,0,0,0,1,20250720,20251223
GNE:GOAO081:81:081SU250720:O:20,0,0,0,0,0,0,1,20250720,20251223
GNE:GOAO081:81:081SU250720:O:21,0,0,0,0,0,0,1,20250720,20251223
GNE:GOAO081:81:081SU250720:O:22,0,0,0,0,0,0,1,20250720,20251223
GNE:GOAO081:81:081SU250720:O:23,0,0,0,0,0,0,1,20250720,20251223
GNE:GOAO081:81:081SU250720:I:1,0,0,0,0,0,0,1,20250720,20251223
GNE:GOAO081:81:081SU250720:I:2,0,0,0,0,0,0,1,20250720,20251223
GNE:GOAO081:81:081SU250720:I:3,0,0,0,0,0,0,1,20250720,20251223
GNE:GOAO081:81:081SU250720:I:4,0,0,0,0,0,0,1,20250720,20251223
GNE:GOAO081:81:081SU250720:I:5,0,0,0,0,0,0,1,20250720,20251223
GNE:GOAO081:81:081SU250720:I:6,0,0,0,0,0,0,1,20250720,20251223
GNE:GOAO081:81:081SU250720:I:7,0,0,0,0,0,0,1,20250720,20251223
GNE:GOAO081:81:081SU250720:I:8,0,0,0,0,0,0,1,20250720,20251223
GNE:GOAO081:81:081SU250720:I:9,0,0,0,0,0,0,1,20250720,20251223
GNE:GOAO081:81:081SU250720:I:10,0,0,0,0,0,0,1,20250720,20251223
GNE:GOAO081:81:081SU250720:I:11,0,0,0,0,0,0,1,20250720,20251223
GNE:GOAO081:81:081SU250720:I:12,0,0,0,0,0,0,1,20250720,20251223
GNE:GOAO081:81:081SU250720:I:13,0,0,0,0,0,0,1,20250720,20251223
GNE:GOAO081:81:081SU250720:I:14,0,0,0,0,0,0,1,20250720,20251223
GNE:GOAO081:81:081SU250720:I:15,0,0,0,0,0,0,1,20250720,20251223
GNE:GOAO081:81:081SU250720:I:16,0,0,0,0,0,0,1,20250720,20251223
GNE:GOAO081:81:081SU250720:I:17,0,0,0,0,0,0,1,20250720,20251223
GNE:GOAO084:84:084MF250720:O:1,1,1,1,1,1,0,0,20250720,20251223
GNE:GOAO084:84:084MF250720:O:2,1,1,1,1,1,0,0,20250720,20251223
GNE:GOAO084:84:084MF250720:O:3,1,1,1,1,1,0,0,20250720,20251223
GNE:GOAO084:84:084MF250720:O:4,1,1,1,1,1,0,0,20250720,20251223
GNE:GOAO084:84:084MF250720:O:5,1,1,1,1,1,0,0,20250720,20251223
GNE:GOAO084:84:084MF250720:O:6,1,1,1,1,1,0,0,20250720,20251223
GNE:GOAO084:84:084MF250720:O:7,1,1,1,1,1,0,0,20250720,20251223
GNE:GOAO084:84:084MF250720:O:8,1,1,1,1,1,0,0,20250720,20251223
GNE:GOAO084:84:084MF250720:O:9,1,1,1,1,1,0,0,20250720,20251223
GNE:GOAO084:84:084MF250720:O:10,1,1,1,1,1,0,0,20250720,20251223
GNE:GOAO084:84:084MF250720:O:11,1,1,1,1,1,0,0,20250720,20251223
GNE:GOAO084:84:084MF250720:O:12,1,1,1,1,1,0,0,20250720,20251223
GNE:GOAO084:84:084MF250720:O:13,1,1,1,1,1,0,0,20250720,20251223
GNE:GOAO084:84:084MF250720:O:14,1,1,1,1,1,0,0,20250720,20251223
GNE:GOAO084:84:084MF250720:O:15,1,1,1,1,1,0,0,20250720,20251223
GNE:GOAO084:84:084MF250720:O:16,1,1,1,1,1,0,0,20250720,20251223
GNE:GOAO084:84:084MF250720:O:17,1,1,1,1,1,0,0,20250720,20251223
GNE:GOAO084:84:084MF250720:O:18,1,1,1,1,1,0,0,20250720,20251223
GNE:GOAO084:84:084MF250720:O:19,1,1,1,1,1,0,0,20250720,20251223
GNE:GOAO084:84:084MF250720:O:20,1,1,1,1,1,0,0,20250720,20251223
GNE:GOAO084:84:084MF250720:O:21,1,1,1,1,1,0,0,20250720,20251223
GNE:GOAO084:84:084MF250720:O:22,1,1,1,1,1,0,0,20250720,20251223
GNE:GOAO084:84:084MF250720:O:23,1,1,1,1,1,0,0,20250720,20251223
GNE:GOAO084:84:084MF250720:O:24,1,1,1,1,1,0,0,20250720,20251223
GNE:GOAO084:84:084MF250720:O:25,1,1,1,1,1,0,0,20250720,20251223
GNE:GOAO084:84:084MF250720:O:26,1,1,1,1,1,0,0,20250720,20251223
GNE:GOAO084:84:084MF250720:O:27,1,1,1,1,1,0,0,20250720,20251223
GNE:GOAO084:84:084MF250720:O:28,1,1,1,1,1,0,0,20250720,20251223
GNE:GOAO084:84:084MF250720:O:29,1,1,1,1,1,0,0,20250720,20251223
GNE:GOAO084:84:084MF250720:O:30,1,1,1,1,1,0,0,20250720,20251223
GNE:GOAO084:84:084MF250720:O:31,1,1,1,1,1,0,0,20250720,20251223
GNE:GOAO084:84:084MF250720:O:32,1,1,1,1,1,0,0,20250720,20251223
GNE:GOAO084:84:084MF250720:O:33,1,1,1,1,1,0,0,20250720,20251223
GNE:GOAO084:84:084MF250720:O:34,1,1,1,1,1,0,0,20250720,20251223
GNE:GOAO084:84:084MF250720:O:35,1,1,1,1,1,0,0,20250720,20251223
GNE:GOAO084:84:084MF250720:O:36,1,1,1,1,1,0,0,20250720,20251223
GNE:GOAO084:84:084MF250720:O:37,1,1,1,1,1,0,0,20250720,20251223
GNE:GOAO084:84:084MF250720:O:38,1,1,1,1,1,0,0,20250720,20251223
GNE:GOAO084:84:084MF250720:O:39,1,1,1,1,1,0,0,20250720,20251223
GNE:GOAO084:84:084MF250720:O:40,1,1,1,1,1,0,0,20250720,20251223
GNE:GOAO084:84:084MF250720:O:41,1,1,1,1,1,0,0,20250720,20251223
GNE:GOAO084:84:084MF250720:O:42,1,1,1,1,1,0,0,20250720,20251223
GNE:GOAO084:84:084MF250720:O:43,1,1,1,1,1,0,0,20250720,20251223
GNE:GOAO084:84:084MF250720:O:44,1,1,1,1,1,0,0,20250720,20251223
GNE:GOAO084:84:084MF250720:O:45,1,1,1,1,1,0,0,20250720,20251223
GNE:GOAO084:84:084SA250720:O:1,0,0,0,0,0,1,0,20250720,20251223
GNE:GOAO084:84:084SA250720:O:2,0,0,0,0,0,1,0,20250720,20251223
GNE:GOAO084:84:084SA250720:O:3,0,0,0,0,0,1,0,20250720,20251223
GNE:GOAO084:84:084SA250720:O:4,0,0,0,0,0,1,0,20250720,20251223
GNE:GOAO084:84:084SA250720:O:5,0,0,0,0,0,1,0,20250720,20251223
GNE:GOAO084:84:084SA250720:O:6,0,0,0,0,0,1,0,20250720,20251223
GNE:GOAO084:84:084SA250720:O:7,0,0,0,0,0,1,0,20250720,20251223
GNE:GOAO084:84:084SA250720:O:8,0,0,0,0,0,1,0,20250720,20251223
GNE:GOAO084:84:084SA250720:O:9,0,0,0,0,0,1,0,20250720,20251223
GNE:GOAO084:84:084SA250720:O:10,0,0,0,0,0,1,0,20250720,20251223
GNE:GOAO084:84:084SA250720:O:11,0,0,0,0,0,1,0,20250720,20251223
GNE:GOAO084:84:084SA250720:O:12,0,0,0,0,0,1,0,20250720,20251223
GNE:GOAO084:84:084SA250720:O:13,0,0,0,0,0,1,0,20250720,20251223
GNE:GOAO084:84:084SA250720:O:14,0,0,0,0,0,1,0,20250720,20251223
GNE:GOAO084:84:084SA250720:O:15,0,0,0,0,0,1,0,20250720,20251223
GNE:GOAO084:84:084SA250720:O:16,0,0,0,0,0,1,0,20250720,20251223
GNE:GOAO084:84:084SA250720:O:17,0,0,0,0,0,1,0,20250720,20251223
GNE:GOAO084:84:084SA250720:O:18,0,0,0,0,0,1,0,20250720,20251223
GNE:GOAO084:84:084SA250720:O:19,0,0,0,0,0,1,0,20250720,20251223
GNE:GOAO084:84:084SA250720:O:20,0,0,0,0,0,1,0,20250720,20251223
GNE:GOAO084:84:084SA250720:O:21,0,0,0,0,0,1,0,20250720,20251223
GNE:GOAO084:84:084SA250720:O:22,0,0,0,0,0,1,0,20250720,20251223
GNE:GOAO084:84:084SA250720:O:23,0,0,0,0,0,1,0,20250720,20251223
GNE:GOAO084:84:084SA250720:O:24,0,0,0,0,0,1,0,20250720,20251223
GNE:GOAO084:84:084SA250720:O:25,0,0,0,0,0,1,0,20250720,20251223
GNE:GOAO084:84:084SA250720:O:26,0,0,0,0,0,1,0,20250720,20251223
GNE:GOAO084:84:084SA250720:O:27,0,0,0,0,0,1,0,20250720,20251223
GNE:GOAO084:84:084SA250720:O:28,0,0,0,0,0,1,0,20250720,20251223
GNE:GOAO084:84:084SA250720:O:29,0,0,0,0,0,1,0,20250720,20251223
GNE:GOAO084:84:084SA250720:O:30,0,0,0,0,0,1,0,20250720,20251223
GNE:GOAO084:84:084SA250720:O:31,0,0,0,0,0,1,0,20250720,20251223
GNE:GOAO084:84:084SA250720:O:32,0,0,0,0,0,1,0,20250720,20251223
GNE:GOAO084:84:084SA250720:O:33,0,0,0,0,0,1,0,20250720,20251223
GNE:GOAO084:84:084SA250720:O:34,0,0,0,0,0,1,0,20250720,20251223
GNE:GOAO084:84:084SA250720:O:35,0,0,0,0,0,1,0,20250720,20251223
GNE:GOAO084:84:084SA250720:O:36,0,0,0,0,0,1,0,20250720,20251223
GNE:GOAO084:84:084SA250720:O:37,0,0,0,0,0,1,0,20250720,20251223
GNE:GOAO084:84:084SA250720:O:38,0,0,0,0,0,1,0,20250720,20251223
GNE:GOAO084:84:084SA250720:O:39,0,0,0,0,0,1,0,20250720,20251223
GNE:GOAO084:84:084SU250720:O:1,0,0,0,0,0,0,1,20250720,20251223
GNE:GOAO084:84:084SU250720:O:2,0,0,0,0,0,0,1,20250720,20251223
GNE:GOAO084:84:084SU250720:O:3,0,0,0,0,0,0,1,20250720,20251223
GNE:GOAO084:84:084SU250720:O:4,0,0,0,0,0,0,1,20250720,20251223
GNE:GOAO084:84:084SU250720:O:5,0,0,0,0,0,0,1,20250720,20251223
GNE:GOAO084:84:084SU250720:O:6,0,0,0,0,0,0,1,20250720,20251223
GNE:GOAO084:84:084SU250720:O:7,0,0,0,0,0,0,1,20250720,20251223
GNE:GOAO084:84:084SU250720:O:8,0,0,0,0,0,0,1,20250720,20251223
GNE:GOAO084:84:084SU250720:O:9,0,0,0,0,0,0,1,20250720,20251223
GNE:GOAO084:84:084SU250720:O:10,0,0,0,0,0,0,1,20250720,20251223
GNE:GOAO084:84:084SU250720:O:11,0,0,0,0,0,0,1,20250720,20251223
GNE:GOAO084:84:084SU250720:O:12,0,0,0,0,0,0,1,20250720,20251223
GNE:GOAO084:84:084SU250720:O:13,0,0,0,0,0,0,1,20250720,20251223
GNE:GOAO084:84:084SU250720:O:14,0,0,0,0,0,0,1,20250720,20251223
GNE:GOAO084:84:084SU250720:O:15,0,0,0,0,0,0,1,20250720,20251223
GNE:GOAO084:84:084SU250720:O:16,0,0,0,0,0,0,1,20250720,20251223
GNE:GOAO084:84:084SU250720:O:17,0,0,0,0,0,0,1,20250720,20251223
GNE:GOAO084:84:084SU250720:O:18,0,0,0,0,0,0,1,20250720,20251223
GNE:GOAO084:84:084SU250720:O:19,0,0,0,0,0,0,1,20250720,20251223
GNE:GOAO084:84:084SU250720:O:20,0,0,0,0,0,0,1,20250720,20251223
GNE:GOAO084:84:084SU250720:O:21,0,0,0,0,0,0,1,20250720,20251223
GNE:GOAO084:84:084SU250720:O:22,0,0,0,0,0,0,1,20250720,20251223
GNE:GOAO084:84:084SU250720:O:23,0,0,0,0,0,0,1,20250720,20251223
GNE:GOAO084:84:084SU250720:O:24,0,0,0,0,0,0,1,20250720,20251223
GNE:GOAO084:84:084SU250720:O:25,0,0,0,0,0,0,1,20250720,20251223
GNE:GOAO084:84:084SU250720:O:26,0,0,0,0,0,0,1,20250720,20251223
GNE:GOAO084:84:084SU250720:O:27,0,0,0,0,0,0,1,20250720,20251223
GNE:GOAO084:84:084SU250720:O:28,0,0,0,0,0,0,1,20250720,20251223
GNE:GOAO084:84:084SU250720:O:29,0,0,0,0,0,0,1,20250720,20251223
GNE:GOAO084:84:084SU250720:O:30,0,0,0,0,0,0,1,20250720,20251223
GNE:GOAO085:85:084MF250720:I:1,1,1,1,1,1,0,0,20250720,20251223
GNE:GOAO085:85:084MF250720:I:2,1,1,1,1,1,0,0,20250720,20251223
GNE:GOAO085:85:084MF250720:I:3,1,1,1,1,1,0,0,20250720,20251223
GNE:GOAO085:85:084MF250720:I:4,1,1,1,1,1,0,0,20250720,20251223
GNE:GOAO085:85:084MF250720:I:5,1,1,1,1,1,0,0,20250720,20251223
GNE:GOAO085:85:084MF250720:I:6,1,1,1,1,1,0,0,20250720,20251223
GNE:GOAO085:85:084MF250720:I:7,1,1,1,1,1,0,0,20250720,20251223
GNE:GOAO085:85:084MF250720:I:8,1,1,1,1,1,0,0,20250720,20251223
GNE:GOAO085:85:084MF250720:I:9,1,1,1,1,1,0,0,20250720,20251223
GNE:GOAO085:85:084MF250720:I:10,1,1,1,1,1,0,0,20250720,20251223
GNE:GOAO085:85:084MF250720:I:11,1,1,1,1,1,0,0,20250720,20251223
GNE:GOAO085:85:084MF250720:I:12,1,1,1,1,1,0,0,20250720,20251223
GNE:GOAO085:85:084MF250720:I:13,1,1,1,1,1,0,0,20250720,20251223
GNE:GOAO085:85:084MF250720:I:14,1,1,1,1,1,0,0,20250720,20251223
GNE:GOAO085:85:084MF250720:I:15,1,1,1,1,1,0,0,20250720,20251223
GNE:GOAO085:85:084MF250720:I:16,1,1,1,1,1,0,0,20250720,20251223
GNE:GOAO085:85:084MF250720:I:17,1,1,1,1,1,0,0,20250720,20251223
GNE:GOAO085:85:084MF250720:I:18,1,1,1,1,1,0,0,20250720,20251223
GNE:GOAO085:85:084MF250720:I:19,1,1,1,1,1,0,0,20250720,20251223
GNE:GOAO085:85:084MF250720:I:20,1,1,1,1,1,0,0,20250720,20251223
GNE:GOAO085:85:084MF250720:I:21,1,1,1,1,1,0,0,20250720,20251223
GNE:GOAO085:85:084MF250720:I:22,1,1,1,1,1,0,0,20250720,20251223
GNE:GOAO085:85:084MF250720:I:23,1,1,1,1,1,0,0,20250720,20251223
GNE:GOAO085:85:084MF250720:I:24,1,1,1,1,1,0,0,20250720,20251223
GNE:GOAO085:85:084MF250720:I:25,1,1,1,1,1,0,0,20250720,20251223
GNE:GOAO085:85:084MF250720:I:26,1,1,1,1,1,0,0,20250720,20251223
GNE:GOAO085:85:084MF250720:I:27,1,1,1,1,1,0,0,20250720,20251223
GNE:GOAO085:85:084MF250720:I:28,1,1,1,1,1,0,0,20250720,20251223
GNE:GOAO085:85:084MF250720:I:29,1,1,1,1,1,0,0,20250720,20251223
GNE:GOAO085:85:084MF250720:I:30,1,1,1,1,1,0,0,20250720,20251223
GNE:GOAO085:85:084MF250720:I:31,1,1,1,1,1,0,0,20250720,20251223
GNE:GOAO085:85:084MF250720:I:32,1,1,1,1,1,0,0,20250720,20251223
GNE:GOAO085:85:084MF250720:I:33,1,1,1,1,1,0,0,20250720,20251223
GNE:GOAO085:85:084MF250720:I:34,1,1,1,1,1,0,0,20250720,20251223
GNE:GOAO085:85:084MF250720:I:35,1,1,1,1,1,0,0,20250720,20251223
GNE:GOAO085:85:084MF250720:I:36,1,1,1,1,1,0,0,20250720,20251223
GNE:GOAO085:85:084MF250720:I:37,1,1,1,1,1,0,0,20250720,20251223
GNE:GOAO085:85:084MF250720:I:38,1,1,1,1,1,0,0,20250720,20251223
GNE:GOAO085:85:084MF250720:I:39,1,1,1,1,1,0,0,20250720,20251223
GNE:GOAO085:85:084MF250720:I:40,1,1,1,1,1,0,0,20250720,20251223
GNE:GOAO085:85:084MF250720:I:41,1,1,1,1,1,0,0,20250720,20251223
GNE:GOAO085:85:084SA250720:I:1,0,0,0,0,0,1,0,20250720,20251223
GNE:GOAO085:85:084SA250720:I:2,0,0,0,0,0,1,0,20250720,20251223
GNE:GOAO085:85:084SA250720:I:3,0,0,0,0,0,1,0,20250720,20251223
GNE:GOAO085:85:084SA250720:I:4,0,0,0,0,0,1,0,20250720,20251223
GNE:GOAO085:85:084SA250720:I:5,0,0,0,0,0,1,0,20250720,20251223
GNE:GOAO085:85:084SA250720:I:6,0,0,0,0,0,1,0,20250720,20251223
GNE:GOAO085:85:084SA250720:I:7,0,0,0,0,0,1,0,20250720,20251223
GNE:GOAO085:85:084SA250720:I:8,0,0,0,0,0,1,0,20250720,20251223
GNE:GOAO085:85:084SA250720:I:9,0,0,0,0,0,1,0,20250720,20251223
GNE:GOAO085:85:084SA250720:I:10,0,0,0,0,0,1,0,20250720,20251223
GNE:GOAO085:85:084SA250720:I:11,0,0,0,0,0,1,0,20250720,20251223
GNE:GOAO085:85:084SA250720:I:12,0,0,0,0,0,1,0,20250720,20251223
GNE:GOAO085:85:084SA250720:I:13,0,0,0,0,0,1,0,20250720,20251223
GNE:GOAO085:85:084SA250720:I:14,0,0,0,0,0,1,0,20250720,20251223
GNE:GOAO085:85:084SA250720:I:15,0,0,0,0,0,1,0,20250720,20251223
GNE:GOAO085:85:084SA250720:I:16,0,0,0,0,0,1,0,20250720,20251223
GNE:GOAO085:85:084SA250720:I:17,0,0,0,0,0,1,0,20250720,20251223
GNE:GOAO085:85:084SA250720:I:18,0,0,0,0,0,1,0,20250720,20251223
GNE:GOAO085:85:084SA250720:I:19,0,0,0,0,0,1,0,20250720,20251223
GNE:GOAO085:85:084SA250720:I:20,0,0,0,0,0,1,0,20250720,20251223
GNE:GOAO085:85:084SA250720:I:21,0,0,0,0,0,1,0,20250720,20251223
GNE:GOAO085:85:084SA250720:I:22,0,0,0,0,0,1,0,20250720,20251223
GNE:GOAO085:85:084SA250720:I:23,0,0,0,0,0,1,0,20250720,20251223
GNE:GOAO085:85:084SA250720:I:24,0,0,0,0,0,1,0,20250720,20251223
GNE:GOAO085:85:084SA250720:I:25,0,0,0,0,0,1,0,20250720,20251223
GNE:GOAO085:85:084SA250720:I:26,0,0,0,0,0,1,0,20250720,20251223
GNE:GOAO085:85:084SA250720:I:27,0,0,0,0,0,1,0,20250720,20251223
GNE:GOAO085:85:084SA250720:I:28,0,0,0,0,0,1,0,20250720,20251223
GNE:GOAO085:85:084SA250720:I:29,0,0,0,0,0,1,0,20250720,20251223
GNE:GOAO085:85:084SA250720:I:30,0,0,0,0,0,1,0,20250720,20251223
GNE:GOAO085:85:084SA250720:I:31,0,0,0,0,0,1,0,20250720,20251223
GNE:GOAO085:85:084SA250720:I:32,0,0,0,0,0,1,0,20250720,20251223
GNE:GOAO085:85:084SA250720:I:33,0,0,0,0,0,1,0,20250720,20251223
GNE:GOAO085:85:084SA250720:I:34,0,0,0,0,0,1,0,20250720,20251223
GNE:GOAO085:85:084SA250720:I:35,0,0,0,0,0,1,0,20250720,20251223
GNE:GOAO085:85:084SU250720:I:1,0,0,0,0,0,0,1,20250720,20251223
GNE:GOAO085:85:084SU250720:I:2,0,0,0,0,0,0,1,20250720,20251223
GNE:GOAO085:85:084SU250720:I:3,0,0,0,0,0,0,1,20250720,20251223
GNE:GOAO085:85:084SU250720:I:4,0,0,0,0,0,0,1,20250720,20251223
GNE:GOAO085:85:084SU250720:I:5,0,0,0,0,0,0,1,20250720,20251223
GNE:GOAO085:85:084SU250720:I:6,0,0,0,0,0,0,1,20250720,20251223
GNE:GOAO085:85:084SU250720:I:7,0,0,0,0,0,0,1,20250720,20251223
GNE:GOAO085:85:084SU250720:I:8,0,0,0,0,0,0,1,20250720,20251223
GNE:GOAO085:85:084SU250720:I:9,0,0,0,0,0,0,1,20250720,20251223
GNE:GOAO085:85:084SU250720:I:10,0,0,0,0,0,0,1,20250720,20251223
GNE:GOAO085:85:084SU250720:I:11,0,0,0,0,0,0,1,20250720,20251223
GNE:GOAO085:85:084SU250720:I:12,0,0,0,0,0,0,1,20250720,20251223
GNE:GOAO085:85:084SU250720:I:13,0,0,0,0,0,0,1,20250720,20251223
GNE:GOAO085:85:084SU250720:I:14,0,0,0,0,0,0,1,20250720,20251223
GNE:GOAO085:85:084SU250720:I:15,0,0,0,0,0,0,1,20250720,20251223
GNE:GOAO085:85:084SU250720:I:16,0,0,0,0,0,0,1,20250720,20251223
GNE:GOAO085:85:084SU250720:I:17,0,0,0,0,0,0,1,20250720,20251223
GNE:GOAO085:85:084SU250720:I:18,0,0,0,0,0,0,1,20250720,20251223
GNE:GOAO085:85:084SU250720:I:19,0,0,0,0,0,0,1,20250720,20251223
GNE:GOAO085:85:084SU250720:I:20,0,0,0,0,0,0,1,20250720,20251223
GNE:GOAO085:85:084SU250720:I:21,0,0,0,0,0,0,1,20250720,20251223
GNE:GOAO085:85:084SU250720:I:22,0,0,0,0,0,0,1,20250720,20251223
GNE:GOAO085A:85A:85AMF250720:O:1,0,0,0,0,0,0,0,20250720,20251223
GNE:GOAO085A:85A:85AMF250720:O:2,0,0,0,0,0,0,0,20250720,20251223
GNE:GOAO085A:85A:85AMF250720:I:1,0,0,0,0,0,0,0,20250720,20251223
GNE:GOAO091:91:091MF250720:O:1,1,1,1,1,1,0,0,20250720,20251223
GNE:GOAO091:91:091MF250720:O:2,1,1,1,1,1,0,0,20250720,20251223
GNE:GOAO091:91:091MF250720:O:3,1,1,1,1,1,0,0,20250720,20251223
GNE:GOAO091:91:091MF250720:O:4,1,1,1,1,1,0,0,20250720,20251223
GNE:GOAO091:91:091MF250720:I:1,1,1,1,1,1,0,0,20250720,20251223
GNE:GOAO091:91:091MF250720:I:2,1,1,1,1,1,0,0,20250720,20251223
GNE:GOAO091:91:091MF250720:I:3,1,1,1,1,1,0,0,20250720,20251223
GNE:GOAO093:93:093MF250720:O:1,1,1,1,1,1,0,0,20250720,20251223
GNE:GOAO093:93:093MF250720:O:2,1,1,1,1,1,0,0,20250720,20251223
GNE:GOAO093:93:093MF250720:O:3,1,1,1,1,1,0,0,20250720,20251223
GNE:GOAO093:93:093MF250720:O:4,1,1,1,1,1,0,0,20250720,20251223
GNE:GOAO093:93:093MF250720:O:5,1,1,1,1,1,0,0,20250720,20251223
GNE:GOAO093:93:093MF250720:O:6,1,1,1,1,1,0,0,20250720,20251223
GNE:GOAO093:93:093MF250720:O:7,1,1,1,1,1,0,0,20250720,20251223
GNE:GOAO093:93:093MF250720:O:8,1,1,1,1,1,0,0,20250720,20251223
GNE:GOAO093:93:093MF250720:O:9,1,1,1,1,1,0,0,20250720,20251223
GNE:GOAO093:93:093MF250720:O:10,1,1,1,1,1,0,0,20250720,20251223
GNE:GOAO093:93:093MF250720:O:11,1,1,1,1,1,0,0,20250720,20251223
GNE:GOAO093:93:093MF250720:O:12,1,1,1,1,1,0,0,20250720,20251223
GNE:GOAO093:93:093MF250720:O:13,1,1,1,1,1,0,0,20250720,20251223
GNE:GOAO093:93:093MF250720:O:14,1,1,1,1,1,0,0,20250720,20251223
GNE:GOAO093:93:093MF250720:O:15,1,1,1,1,1,0,0,20250720,20251223
GNE:GOAO093:93:093MF250720:O:16,1,1,1,1,1,0,0,20250720,20251223
GNE:GOAO093:93:093MF250720:O:17,1,1,1,1,1,0,0,20250720,20251223
GNE:GOAO093:93:093MF250720:O:18,1,1,1,1,1,0,0,20250720,20251223
GNE:GOAO093:93:093MF250720:O:19,1,1,1,1,1,0,0,20250720,20251223
GNE:GOAO093:93:093MF250720:O:20,1,1,1,1,1,0,0,20250720,20251223
GNE:GOAO093:93:093MF250720:O:21,1,1,1,1,1,0,0,20250720,20251223
GNE:GOAO093:93:093MF250720:O:22,1,1,1,1,1,0,0,20250720,20251223
GNE:GOAO093:93:093MF250720:O:23,1,1,1,1,1,0,0,20250720,20251223
GNE:GOAO093:93:093MF250720:O:24,1,1,1,1,1,0,0,20250720,20251223
GNE:GOAO093:93:093MF250720:O:25,1,1,1,1,1,0,0,20250720,20251223
GNE:GOAO093:93:093MF250720:O:26,1,1,1,1,1,0,0,20250720,20251223
GNE:GOAO093:93:093MF250720:O:27,1,1,1,1,1,0,0,20250720,20251223
GNE:GOAO093:93:093MF250720:O:28,1,1,1,1,1,0,0,20250720,20251223
GNE:GOAO093:93:093MF250720:O:29,1,1,1,1,1,0,0,20250720,20251223
GNE:GOAO093:93:093MF250720:O:30,1,1,1,1,0,0,0,20250720,20251223
GNE:GOAO093:93:093MF250720:O:31,0,0,0,0,1,0,0,20250720,20251223
GNE:GOAO093:93:093MF250720:O:32,1,1,1,1,1,0,0,20250720,20251223
GNE:GOAO093:93:093MF250720:O:33,1,1,1,1,1,0,0,20250720,20251223
GNE:GOAO093:93:093MF250720:O:34,1,1,1,1,1,0,0,20250720,20251223
GNE:GOAO093:93:093MF250720:O:35,1,1,1,1,0,0,0,20250720,20251223
GNE:GOAO093:93:093MF250720:O:36,0,0,0,0,1,0,0,20250720,20251223
GNE:GOAO093:93:093MF250720:O:37,1,1,1,1,1,0,0,20250720,20251223
GNE:GOAO093:93:093MF250720:O:38,1,1,1,1,1,0,0,20250720,20251223
GNE:GOAO093:93:093MF250720:O:39,1,1,1,1,1,0,0,20250720,20251223
GNE:GOAO093:93:093MF250720:O:40,1,1,1,1,1,0,0,20250720,20251223
GNE:GOAO093:93:093MF250720:O:41,1,1,1,1,1,0,0,20250720,20251223
GNE:GOAO093:93:093MF250720:O:42,1,1,1,1,1,0,0,20250720,20251223
GNE:GOAO093:93:093MF250720:O:43,1,1,1,1,1,0,0,20250720,20251223
GNE:GOAO093:93:093MF250720:O:44,1,1,1,1,1,0,0,20250720,20251223
GNE:GOAO093:93:093MF250720:O:45,1,1,1,1,1,0,0,20250720,20251223
GNE:GOAO093:93:093MF250720:O:46,1,1,1,1,1,0,0,20250720,20251223
GNE:GOAO093:93:093MF250720:O:47,1,1,1,1,1,0,0,20250720,20251223
GNE:GOAO093:93:093MF250720:O:48,1,1,1,1,1,0,0,20250720,20251223
GNE:GOAO093:93:093MF250720:O:49,1,1,1,1,1,0,0,20250720,20251223
GNE:GOAO093:93:093MF250720:O:50,1,1,1,1,1,0,0,20250720,20251223
GNE:GOAO093:93:093MF250720:O:51,1,1,1,1,1,0,0,20250720,20251223
GNE:GOAO093:93:093MF250720:O:52,1,1,1,1,1,0,0,20250720,20251223
GNE:GOAO093:93:093MF250720:O:53,1,1,1,1,1,0,0,20250720,20251223
GNE:GOAO093:93:093MF250720:O:54,1,1,1,1,1,0,0,20250720,20251223
GNE:GOAO093:93:093SA250720:O:1,0,0,0,0,0,1,0,20250720,20251223
GNE:GOAO093:93:093SA250720:O:2,0,0,0,0,0,1,0,20250720,20251223
GNE:GOAO093:93:093SA250720:O:3,0,0,0,0,0,1,0,20250720,20251223
GNE:GOAO093:93:093SA250720:O:4,0,0,0,0,0,1,0,20250720,20251223
GNE:GOAO093:93:093SA250720:O:5,0,0,0,0,0,1,0,20250720,20251223
GNE:GOAO093:93:093SA250720:O:6,0,0,0,0,0,1,0,20250720,20251223
GNE:GOAO093:93:093SA250720:O:7,0,0,0,0,0,1,0,20250720,20251223
GNE:GOAO093:93:093SA250720:O:8,0,0,0,0,0,1,0,20250720,20251223
GNE:GOAO093:93:093SA250720:O:9,0,0,0,0,0,1,0,20250720,20251223
GNE:GOAO093:93:093SA250720:O:10,0,0,0,0,0,1,0,20250720,20251223
GNE:GOAO093:93:093SA250720:O:11,0,0,0,0,0,1,0,20250720,20251223
GNE:GOAO093:93:093SA250720:O:12,0,0,0,0,0,1,0,20250720,20251223
GNE:GOAO093:93:093SA250720:O:13,0,0,0,0,0,1,0,20250720,20251223
GNE:GOAO093:93:093SA250720:O:14,0,0,0,0,0,1,0,20250720,20251223
GNE:GOAO093:93:093SA250720:O:15,0,0,0,0,0,1,0,20250720,20251223
GNE:GOAO093:93:093SA250720:O:16,0,0,0,0,0,1,0,20250720,20251223
GNE:GOAO093:93:093SA250720:O:17,0,0,0,0,0,1,0,20250720,20251223
GNE:GOAO093:93:093SA250720:O:18,0,0,0,0,0,1,0,20250720,20251223
GNE:GOAO093:93:093SA250720:O:19,0,0,0,0,0,1,0,20250720,20251223
GNE:GOAO093:93:093SA250720:O:20,0,0,0,0,0,1,0,20250720,20251223
GNE:GOAO093:93:093SA250720:O:21,0,0,0,0,0,1,0,20250720,20251223
GNE:GOAO093:93:093SA250720:O:22,0,0,0,0,0,1,0,20250720,20251223
GNE:GOAO093:93:093SA250720:O:23,0,0,0,0,0,1,0,20250720,20251223
GNE:GOAO093:93:093SA250720:O:24,0,0,0,0,0,1,0,20250720,20251223
GNE:GOAO093:93:093SA250720:O:25,0,0,0,0,0,1,0,20250720,20251223
GNE:GOAO093:93:093SA250720:O:26,0,0,0,0,0,1,0,20250720,20251223
GNE:GOAO093:93:093SA250720:O:27,0,0,0,0,0,1,0,20250720,20251223
GNE:GOAO093:93:093SA250720:O:28,0,0,0,0,0,1,0,20250720,20251223
GNE:GOAO093:93:093SA250720:O:29,0,0,0,0,0,1,0,20250720,20251223
GNE:GOAO093:93:093SA250720:O:30,0,0,0,0,0,1,0,20250720,20251223
GNE:GOAO093:93:093SA250720:O:31,0,0,0,0,0,1,0,20250720,20251223
GNE:GOAO093:93:093SA250720:O:32,0,0,0,0,0,1,0,20250720,20251223
GNE:GOAO093:93:093SA250720:O:33,0,0,0,0,0,1,0,20250720,20251223
GNE:GOAO093:93:093SA250720:O:34,0,0,0,0,0,1,0,20250720,20251223
GNE:GOAO093:93:093SA250720:O:35,0,0,0,0,0,1,0,20250720,20251223
GNE:GOAO093:93:093SA250720:O:36,0,0,0,0,0,1,0,20250720,20251223
GNE:GOAO093:93:093SA250720:O:37,0,0,0,0,0,1,0,20250720,20251223
GNE:GOAO093:93:093SA250720:O:38,0,0,0,0,0,1,0,20250720,20251223
GNE:GOAO093:93:093SA250720:O:39,0,0,0,0,0,1,0,20250720,20251223
GNE:GOAO093:93:093SA250720:O:40,0,0,0,0,0,1,0,20250720,20251223
GNE:GOAO093:93:093SA250720:O:41,0,0,0,0,0,1,0,20250720,20251223
GNE:GOAO093:93:093SA250720:O:42,0,0,0,0,0,1,0,20250720,20251223
GNE:GOAO093:93:093SA250720:O:43,0,0,0,0,0,1,0,20250720,20251223
GNE:GOAO093:93:093SA250720:O:44,0,0,0,0,0,1,0,20250720,20251223
GNE:GOAO093:93:093SU250720:O:1,0,0,0,0,0,0,1,20250720,20251223
GNE:GOAO093:93:093SU250720:O:2,0,0,0,0,0,0,1,20250720,20251223
GNE:GOAO093:93:093SU250720:O:3,0,0,0,0,0,0,1,20250720,20251223
GNE:GOAO093:93:093SU250720:O:4,0,0,0,0,0,0,1,20250720,20251223
GNE:GOAO093:93:093SU250720:O:5,0,0,0,0,0,0,1,20250720,20251223
GNE:GOAO093:93:093SU250720:O:6,0,0,0,0,0,0,1,20250720,20251223
GNE:GOAO093:93:093SU250720:O:7,0,0,0,0,0,0,1,20250720,20251223
GNE:GOAO093:93:093SU250720:O:8,0,0,0,0,0,0,1,20250720,20251223
GNE:GOAO093:93:093SU250720:O:9,0,0,0,0,0,0,1,20250720,20251223
GNE:GOAO093:93:093SU250720:O:10,0,0,0,0,0,0,1,20250720,20251223
GNE:GOAO093:93:093SU250720:O:11,0,0,0,0,0,0,1,20250720,20251223
GNE:GOAO093:93:093SU250720:O:12,0,0,0,0,0,0,1,20250720,20251223
GNE:GOAO093:93:093SU250720:O:13,0,0,0,0,0,0,1,20250720,20251223
GNE:GOAO093:93:093SU250720:O:14,0,0,0,0,0,0,1,20250720,20251223
GNE:GOAO093:93:093SU250720:O:15,0,0,0,0,0,0,1,20250720,20251223
GNE:GOAO093:93:093SU250720:O:16,0,0,0,0,0,0,1,20250720,20251223
GNE:GOAO093:93:093SU250720:O:17,0,0,0,0,0,0,1,20250720,20251223
GNE:GOAO093:93:093SU250720:O:18,0,0,0,0,0,0,1,20250720,20251223
GNE:GOAO093:93:093SU250720:O:19,0,0,0,0,0,0,1,20250720,20251223
GNE:GOAO093:93:093SU250720:O:20,0,0,0,0,0,0,1,20250720,20251223
GNE:GOAO093:93:093SU250720:O:21,0,0,0,0,0,0,1,20250720,20251223
GNE:GOAO093:93:093SU250720:O:22,0,0,0,0,0,0,1,20250720,20251223
GNE:GOAO093:93:093SU250720:O:23,0,0,0,0,0,0,1,20250720,20251223
GNE:GOAO093:93:093SU250720:O:24,0,0,0,0,0,0,1,20250720,20251223
GNE:GOAO093:93:093SU250720:O:25,0,0,0,0,0,0,1,20250720,20251223
GNE:GOAO093:93:093SU250720:O:26,0,0,0,0,0,0,1,20250720,20251223
GNE:GOAO093:93:093SU250720:O:27,0,0,0,0,0,0,1,20250720,20251223
GNE:GOAO093:93:093SU250720:O:28,0,0,0,0,0,0,1,20250720,20251223
GNE:GOAO093:93:093SU250720:O:29,0,0,0,0,0,0,1,20250720,20251223
GNE:GOAO093:93:093SU250720:O:30,0,0,0,0,0,0,1,20250720,20251223
GNE:GOAO093:93:093SU250720:O:31,0,0,0,0,0,0,1,20250720,20251223
GNE:GOAO093:93:093SU250720:O:32,0,0,0,0,0,0,1,20250720,20251223
GNE:GOAO094:94:093MF250720:I:1,1,1,1,1,1,0,0,20250720,20251223
GNE:GOAO094:94:093MF250720:I:2,1,1,1,1,1,0,0,20250720,20251223
GNE:GOAO094:94:093MF250720:I:3,1,1,1,1,1,0,0,20250720,20251223
GNE:GOAO094:94:093MF250720:I:4,1,1,1,1,1,0,0,20250720,20251223
GNE:GOAO094:94:093MF250720:I:5,1,1,1,1,1,0,0,20250720,20251223
GNE:GOAO094:94:093MF250720:I:6,1,1,1,1,1,0,0,20250720,20251223
GNE:GOAO094:94:093MF250720:I:7,1,1,1,1,1,0,0,20250720,20251223
GNE:GOAO094:94:093MF250720:I:8,1,1,1,1,1,0,0,20250720,20251223
GNE:GOAO094:94:093MF250720:I:9,1,1,1,1,1,0,0,20250720,20251223
GNE:GOAO094:94:093MF250720:I:10,1,1,1,1,1,0,0,20250720,20251223
GNE:GOAO094:94:093MF250720:I:11,1,1,1,1,1,0,0,20250720,20251223
GNE:GOAO094:94:093MF250720:I:12,1,1,1,1,1,0,0,20250720,20251223
GNE:GOAO094:94:093MF250720:I:13,1,1,1,1,1,0,0,20250720,20251223
GNE:GOAO094:94:093MF250720:I:14,1,1,1,1,1,0,0,20250720,20251223
GNE:GOAO094:94:093MF250720:I:15,1,1,1,1,1,0,0,20250720,20251223
GNE:GOAO094:94:093MF250720:I:16,1,1,1,1,1,0,0,20250720,20251223
GNE:GOAO094:94:093MF250720:I:17,1,1,1,1,1,0,0,20250720,20251223
GNE:GOAO094:94:093MF250720:I:18,1,1,1,1,1,0,0,20250720,20251223
GNE:GOAO094:94:093MF250720:I:19,1,1,1,1,1,0,0,20250720,20251223
GNE:GOAO094:94:093MF250720:I:20,1,1,1,1,1,0,0,20250720,20251223
GNE:GOAO094:94:093MF250720:I:21,1,1,1,1,1,0,0,20250720,20251223
GNE:GOAO094:94:093MF250720:I:22,1,1,1,1,1,0,0,20250720,20251223
GNE:GOAO094:94:093MF250720:I:23,1,1,1,1,1,0,0,20250720,20251223
GNE:GOAO094:94:093MF250720:I:24,1,1,1,1,1,0,0,20250720,20251223
GNE:GOAO094:94:093MF250720:I:25,1,1,1,1,1,0,0,20250720,20251223
GNE:GOAO094:94:093MF250720:I:26,1,1,1,1,1,0,0,20250720,20251223
GNE:GOAO094:94:093MF250720:I:27,1,1,1,1,1,0,0,20250720,20251223
GNE:GOAO094:94:093MF250720:I:28,1,1,1,1,1,0,0,20250720,20251223
GNE:GOAO094:94:093MF250720:I:29,1,1,1,1,1,0,0,20250720,20251223
GNE:GOAO094:94:093MF250720:I:30,1,1,1,1,1,0,0,20250720,20251223
GNE:GOAO094:94:093MF250720:I:31,1,1,1,1,1,0,0,20250720,20251223
GNE:GOAO094:94:093MF250720:I:32,1,1,1,1,1,0,0,20250720,20251223
GNE:GOAO094:94:093MF250720:I:33,1,1,1,1,1,0,0,20250720,20251223
GNE:GOAO094:94:093MF250720:I:34,1,1,1,1,1,0,0,20250720,20251223
GNE:GOAO094:94:093MF250720:I:35,1,1,1,1,1,0,0,20250720,20251223
GNE:GOAO094:94:093MF250720:I:36,1,1,1,1,1,0,0,20250720,20251223
GNE:GOAO094:94:093MF250720:I:37,1,1,1,1,1,0,0,20250720,20251223
GNE:GOAO094:94:093MF250720:I:38,1,1,1,1,1,0,0,20250720,20251223
GNE:GOAO094:94:093MF250720:I:39,1,1,1,1,1,0,0,20250720,20251223
GNE:GOAO094:94:093MF250720:I:40,1,1,1,1,1,0,0,20250720,20251223
GNE:GOAO094:94:093MF250720:I:41,1,1,1,1,1,0,0,20250720,20251223
GNE:GOAO094:94:093MF250720:I:42,1,1,1,1,1,0,0,20250720,20251223
GNE:GOAO094:94:093MF250720:I:43,1,1,1,1,1,0,0,20250720,20251223
GNE:GOAO094:94:093MF250720:I:44,1,1,1,1,1,0,0,20250720,20251223
GNE:GOAO094:94:093MF250720:I:45,1,1,1,1,1,0,0,20250720,20251223
GNE:GOAO094:94:093MF250720:I:46,1,1,1,1,1,0,0,20250720,20251223
GNE:GOAO094:94:093MF250720:I:47,1,1,1,1,1,0,0,20250720,20251223
GNE:GOAO094:94:093MF250720:I:48,1,1,1,1,1,0,0,20250720,20251223
GNE:GOAO094:94:093MF250720:I:49,1,1,1,1,1,0,0,20250720,20251223
GNE:GOAO094:94:093MF250720:I:50,1,1,1,1,1,0,0,20250720,20251223
GNE:GOAO094:94:093SA250720:I:1,0,0,0,0,0,1,0,20250720,20251223
GNE:GOAO094:94:093SA250720:I:2,0,0,0,0,0,1,0,20250720,20251223
GNE:GOAO094:94:093SA250720:I:3,0,0,0,0,0,1,0,20250720,20251223
GNE:GOAO094:94:093SA250720:I:4,0,0,0,0,0,1,0,20250720,20251223
GNE:GOAO094:94:093SA250720:I:5,0,0,0,0,0,1,0,20250720,20251223
GNE:GOAO094:94:093SA250720:I:6,0,0,0,0,0,1,0,20250720,20251223
GNE:GOAO094:94:093SA250720:I:7,0,0,0,0,0,1,0,20250720,20251223
GNE:GOAO094:94:093SA250720:I:8,0,0,0,0,0,1,0,20250720,20251223
GNE:GOAO094:94:093SA250720:I:9,0,0,0,0,0,1,0,20250720,20251223
GNE:GOAO094:94:093SA250720:I:10,0,0,0,0,0,1,0,20250720,20251223
GNE:GOAO094:94:093SA250720:I:11,0,0,0,0,0,1,0,20250720,20251223
GNE:GOAO094:94:093SA250720:I:12,0,0,0,0,0,1,0,20250720,20251223
GNE:GOAO094:94:093SA250720:I:13,0,0,0,0,0,1,0,20250720,20251223
GNE:GOAO094:94:093SA250720:I:14,0,0,0,0,0,1,0,20250720,20251223
GNE:GOAO094:94:093SA250720:I:15,0,0,0,0,0,1,0,20250720,20251223
GNE:GOAO094:94:093SA250720:I:16,0,0,0,0,0,1,0,20250720,20251223
GNE:GOAO094:94:093SA250720:I:17,0,0,0,0,0,1,0,20250720,20251223
GNE:GOAO094:94:093SA250720:I:18,0,0,0,0,0,1,0,20250720,20251223
GNE:GOAO094:94:093SA250720:I:19,0,0,0,0,0,1,0,20250720,20251223
GNE:GOAO094:94:093SA250720:I:20,0,0,0,0,0,1,0,20250720,20251223
GNE:GOAO094:94:093SA250720:I:21,0,0,0,0,0,1,0,20250720,20251223
GNE:GOAO094:94:093SA250720:I:22,0,0,0,0,0,1,0,20250720,20251223
GNE:GOAO094:94:093SA250720:I:23,0,0,0,0,0,1,0,20250720,20251223
GNE:GOAO094:94:093SA250720:I:24,0,0,0,0,0,1,0,20250720,20251223
GNE:GOAO094:94:093SA250720:I:25,0,0,0,0,0,1,0,20250720,20251223
GNE:GOAO094:94:093SA250720:I:26,0,0,0,0,0,1,0,20250720,20251223
GNE:GOAO094:94:093SA250720:I:27,0,0,0,0,0,1,0,20250720,20251223
GNE:GOAO094:94:093SA250720:I:28,0,0,0,0,0,1,0,20250720,20251223
GNE:GOAO094:94:093SA250720:I:29,0,0,0,0,0,1,0,20250720,20251223
GNE:GOAO094:94:093SA250720:I:30,0,0,0,0,0,1,0,20250720,20251223
GNE:GOAO094:94:093SA250720:I:31,0,0,0,0,0,1,0,20250720,20251223
GNE:GOAO094:94:093SA250720:I:32,0,0,0,0,0,1,0,20250720,20251223
GNE:GOAO094:94:093SA250720:I:33,0,0,0,0,0,1,0,20250720,20251223
GNE:GOAO094:94:093SA250720:I:34,0,0,0,0,0,1,0,20250720,20251223
GNE:GOAO094:94:093SA250720:I:35,0,0,0,0,0,1,0,20250720,20251223
GNE:GOAO094:94:093SA250720:I:36,0,0,0,0,0,1,0,20250720,20251223
GNE:GOAO094:94:093SA250720:I:37,0,0,0,0,0,1,0,20250720,20251223
GNE:GOAO094:94:093SA250720:I:38,0,0,0,0,0,1,0,20250720,20251223
GNE:GOAO094:94:093SA250720:I:39,0,0,0,0,0,1,0,20250720,20251223
GNE:GOAO094:94:093SA250720:I:40,0,0,0,0,0,1,0,20250720,20251223
GNE:GOAO094:94:093SA250720:I:41,0,0,0,0,0,1,0,20250720,20251223
GNE:GOAO094:94:093SA250720:I:42,0,0,0,0,0,1,0,20250720,20251223
GNE:GOAO094:94:093SA250720:I:43,0,0,0,0,0,1,0,20250720,20251223
GNE:GOAO094:94:093SU250720:I:1,0,0,0,0,0,0,1,20250720,20251223
GNE:GOAO094:94:093SU250720:I:2,0,0,0,0,0,0,1,20250720,20251223
GNE:GOAO094:94:093SU250720:I:3,0,0,0,0,0,0,1,20250720,20251223
GNE:GOAO094:94:093SU250720:I:4,0,0,0,0,0,0,1,20250720,20251223
GNE:GOAO094:94:093SU250720:I:5,0,0,0,0,0,0,1,20250720,20251223
GNE:GOAO094:94:093SU250720:I:6,0,0,0,0,0,0,1,20250720,20251223
GNE:GOAO094:94:093SU250720:I:7,0,0,0,0,0,0,1,20250720,20251223
GNE:GOAO094:94:093SU250720:I:8,0,0,0,0,0,0,1,20250720,20251223
GNE:GOAO094:94:093SU250720:I:9,0,0,0,0,0,0,1,20250720,20251223
GNE:GOAO094:94:093SU250720:I:10,0,0,0,0,0,0,1,20250720,20251223
GNE:GOAO094:94:093SU250720:I:11,0,0,0,0,0,0,1,20250720,20251223
GNE:GOAO094:94:093SU250720:I:12,0,0,0,0,0,0,1,20250720,20251223
GNE:GOAO094:94:093SU250720:I:13,0,0,0,0,0,0,1,20250720,20251223
GNE:GOAO094:94:093SU250720:I:14,0,0,0,0,0,0,1,20250720,20251223
GNE:GOAO094:94:093SU250720:I:15,0,0,0,0,0,0,1,20250720,20251223
GNE:GOAO094:94:093SU250720:I:16,0,0,0,0,0,0,1,20250720,20251223
GNE:GOAO094:94:093SU250720:I:17,0,0,0,0,0,0,1,20250720,20251223
GNE:GOAO094:94:093SU250720:I:18,0,0,0,0,0,0,1,20250720,20251223
GNE:GOAO094:94:093SU250720:I:19,0,0,0,0,0,0,1,20250720,20251223
GNE:GOAO094:94:093SU250720:I:20,0,0,0,0,0,0,1,20250720,20251223
GNE:GOAO094:94:093SU250720:I:21,0,0,0,0,0,0,1,20250720,20251223
GNE:GOAO094:94:093SU250720:I:22,0,0,0,0,0,0,1,20250720,20251223
GNE:GOAO094:94:093SU250720:I:23,0,0,0,0,0,0,1,20250720,20251223
GNE:GOAO094:94:093SU250720:I:24,0,0,0,0,0,0,1,20250720,20251223
GNE:GOAO094:94:093SU250720:I:25,0,0,0,0,0,0,1,20250720,20251223
GNE:GOAO094:94:093SU250720:I:26,0,0,0,0,0,0,1,20250720,20251223
GNE:GOAO094:94:093SU250720:I:27,0,0,0,0,0,0,1,20250720,20251223
GNE:GOAO094:94:093SU250720:I:28,0,0,0,0,0,0,1,20250720,20251223
GNE:GOAO094:94:093SU250720:I:29,0,0,0,0,0,0,1,20250720,20251223
GNE:GOAO094:94:093SU250720:I:30,0,0,0,0,0,0,1,20250720,20251223
GNE:GOAO094:94:093SU250720:I:31,0,0,0,0,0,0,1,20250720,20251223
GNE:GOAO094:94:093SU250720:I:32,0,0,0,0,0,0,1,20250720,20251223
GNE:GOAO094:94:093SU250720:I:33,0,0,0,0,0,0,1,20250720,20251223
GNE:GOAO096:96:096MF250720:O:1,1,1,1,1,1,0,0,20250720,20251223
GNE:GOAO096:96:096MF250720:O:2,1,1,1,1,1,0,0,20250720,20251223
GNE:GOAO096:96:096MF250720:O:3,1,1,1,1,1,0,0,20250720,20251223
GNE:GOAO096:96:096MF250720:O:4,1,1,1,1,1,0,0,20250720,20251223
GNE:GOAO096:96:096MF250720:O:5,1,1,1,1,1,0,0,20250720,20251223
GNE:GOAO096:96:096MF250720:O:6,1,1,1,1,1,0,0,20250720,20251223
GNE:GOAO096:96:096MF250720:O:7,1,1,1,1,1,0,0,20250720,20251223
GNE:GOAO096:96:096MF250720:O:8,1,1,1,1,1,0,0,20250720,20251223
GNE:GOAO096:96:096MF250720:O:9,1,1,1,1,1,0,0,20250720,20251223
GNE:GOAO096:96:096MF250720:O:10,1,1,1,1,1,0,0,20250720,20251223
GNE:GOAO096:96:096MF250720:O:11,1,1,1,1,1,0,0,20250720,20251223
GNE:GOAO096:96:096MF250720:O:12,1,1,1,1,1,0,0,20250720,20251223
GNE:GOAO096:96:096MF250720:O:13,1,1,1,1,1,0,0,20250720,20251223
GNE:GOAO096:96:096MF250720:O:14,1,1,1,1,1,0,0,20250720,20251223
GNE:GOAO096:96:096MF250720:O:15,1,1,1,1,1,0,0,20250720,20251223
GNE:GOAO096:96:096MF250720:O:16,1,1,1,1,1,0,0,20250720,20251223
GNE:GOAO096:96:096MF250720:O:17,1,1,1,1,1,0,0,20250720,20251223
GNE:GOAO096:96:096MF250720:O:18,1,1,1,1,1,0,0,20250720,20251223
GNE:GOAO096:96:096MF250720:O:19,1,1,1,1,1,0,0,20250720,20251223
GNE:GOAO096:96:096MF250720:O:20,1,1,1,1,1,0,0,20250720,20251223
GNE:GOAO096:96:096MF250720:O:21,1,1,1,1,1,0,0,20250720,20251223
GNE:GOAO096:96:096MF250720:O:22,1,1,1,1,1,0,0,20250720,20251223
GNE:GOAO096:96:096MF250720:O:23,1,1,1,1,1,0,0,20250720,20251223
GNE:GOAO096:96:096MF250720:O:24,1,1,1,1,1,0,0,20250720,20251223
GNE:GOAO096:96:096MF250720:I:1,1,1,1,1,1,0,0,20250720,20251223
GNE:GOAO096:96:096MF250720:I:2,1,1,1,1,1,0,0,20250720,20251223
GNE:GOAO096:96:096MF250720:I:3,1,1,1,1,1,0,0,20250720,20251223
GNE:GOAO096:96:096MF250720:I:4,1,1,1,1,1,0,0,20250720,20251223
GNE:GOAO096:96:096MF250720:I:5,1,1,1,1,1,0,0,20250720,20251223
GNE:GOAO096:96:096MF250720:I:6,1,1,1,1,1,0,0,20250720,20251223
GNE:GOAO096:96:096MF250720:I:7,1,1,1,1,1,0,0,20250720,20251223
GNE:GOAO096:96:096MF250720:I:8,1,1,1,1,1,0,0,20250720,20251223
GNE:GOAO096:96:096MF250720:I:9,1,1,1,1,1,0,0,20250720,20251223
GNE:GOAO096:96:096MF250720:I:10,1,1,1,1,1,0,0,20250720,20251223
GNE:GOAO096:96:096MF250720:I:11,1,1,1,1,1,0,0,20250720,20251223
GNE:GOAO096:96:096MF250720:I:12,1,1,1,1,1,0,0,20250720,20251223
GNE:GOAO096:96:096MF250720:I:13,1,1,1,1,1,0,0,20250720,20251223
GNE:GOAO096:96:096MF250720:I:14,1,1,1,1,1,0,0,20250720,20251223
GNE:GOAO096:96:096MF250720:I:15,1,1,1,1,1,0,0,20250720,20251223
GNE:GOAO096:96:096MF250720:I:16,1,1,1,1,1,0,0,20250720,20251223
GNE:GOAO096:96:096MF250720:I:17,1,1,1,1,1,0,0,20250720,20251223
GNE:GOAO096:96:096MF250720:I:18,1,1,1,1,1,0,0,20250720,20251223
GNE:GOAO096:96:096MF250720:I:19,1,1,1,1,1,0,0,20250720,20251223
GNE:GOAO096:96:096MF250720:I:20,1,1,1,1,1,0,0,20250720,20251223
GNE:GOAO096:96:096MF250720:I:21,1,1,1,1,1,0,0,20250720,20251223
GNE:GOAO096:96:096MF250720:I:22,1,1,1,1,1,0,0,20250720,20251223
GNE:GOAO096:96:096MF250720:I:23,1,1,1,1,1,0,0,20250720,20251223
GNE:GOAO096:96:096MF250720:I:24,1,1,1,1,1,0,0,20250720,20251223
GNE:GOAO096:96:096MF250720:I:25,1,1,1,1,1,0,0,20250720,20251223
GNE:GOAO096:96:096MF250720:I:26,1,1,1,1,1,0,0,20250720,20251223
GNE:GOAO096:96:096MF250720:I:27,1,1,1,1,1,0,0,20250720,20251223
GNE:GOAO096:96:096MF250720:I:28,1,1,1,1,1,0,0,20250720,20251223
GNE:GOAO096:96:096SA250720:O:1,0,0,0,0,0,1,0,20250720,20251223
GNE:GOAO096:96:096SA250720:O:2,0,0,0,0,0,1,0,20250720,20251223
GNE:GOAO096:96:096SA250720:O:3,0,0,0,0,0,1,0,20250720,20251223
GNE:GOAO096:96:096SA250720:O:4,0,0,0,0,0,1,0,20250720,20251223
GNE:GOAO096:96:096SA250720:O:5,0,0,0,0,0,1,0,20250720,20251223
GNE:GOAO096:96:096SA250720:O:6,0,0,0,0,0,1,0,20250720,20251223
GNE:GOAO096:96:096SA250720:O:7,0,0,0,0,0,1,0,20250720,20251223
GNE:GOAO096:96:096SA250720:O:8,0,0,0,0,0,1,0,20250720,20251223
GNE:GOAO096:96:096SA250720:O:9,0,0,0,0,0,1,0,20250720,20251223
GNE:GOAO096:96:096SA250720:O:10,0,0,0,0,0,1,0,20250720,20251223
GNE:GOAO096:96:096SA250720:O:11,0,0,0,0,0,1,0,20250720,20251223
GNE:GOAO096:96:096SA250720:O:12,0,0,0,0,0,1,0,20250720,20251223
GNE:GOAO096:96:096SA250720:O:13,0,0,0,0,0,1,0,20250720,20251223
GNE:GOAO096:96:096SA250720:O:14,0,0,0,0,0,1,0,20250720,20251223
GNE:GOAO096:96:096SA250720:O:15,0,0,0,0,0,1,0,20250720,20251223
GNE:GOAO096:96:096SA250720:O:16,0,0,0,0,0,1,0,20250720,20251223
GNE:GOAO096:96:096SA250720:O:17,0,0,0,0,0,1,0,20250720,20251223
GNE:GOAO096:96:096SA250720:O:18,0,0,0,0,0,1,0,20250720,20251223
GNE:GOAO096:96:096SA250720:O:19,0,0,0,0,0,1,0,20250720,20251223
GNE:GOAO096:96:096SA250720:O:20,0,0,0,0,0,1,0,20250720,20251223
GNE:GOAO096:96:096SA250720:O:21,0,0,0,0,0,1,0,20250720,20251223
GNE:GOAO096:96:096SA250720:O:22,0,0,0,0,0,1,0,20250720,20251223
GNE:GOAO096:96:096SA250720:O:23,0,0,0,0,0,1,0,20250720,20251223
GNE:GOAO096:96:096SA250720:O:24,0,0,0,0,0,1,0,20250720,20251223
GNE:GOAO096:96:096SA250720:I:1,0,0,0,0,0,1,0,20250720,20251223
GNE:GOAO096:96:096SA250720:I:2,0,0,0,0,0,1,0,20250720,20251223
GNE:GOAO096:96:096SA250720:I:3,0,0,0,0,0,1,0,20250720,20251223
GNE:GOAO096:96:096SA250720:I:4,0,0,0,0,0,1,0,20250720,20251223
GNE:GOAO096:96:096SA250720:I:5,0,0,0,0,0,1,0,20250720,20251223
GNE:GOAO096:96:096SA250720:I:6,0,0,0,0,0,1,0,20250720,20251223
GNE:GOAO096:96:096SA250720:I:7,0,0,0,0,0,1,0,20250720,20251223
GNE:GOAO096:96:096SA250720:I:8,0,0,0,0,0,1,0,20250720,20251223
GNE:GOAO096:96:096SA250720:I:9,0,0,0,0,0,1,0,20250720,20251223
GNE:GOAO096:96:096SA250720:I:10,0,0,0,0,0,1,0,20250720,20251223
GNE:GOAO096:96:096SA250720:I:11,0,0,0,0,0,1,0,20250720,20251223
GNE:GOAO096:96:096SA250720:I:12,0,0,0,0,0,1,0,20250720,20251223
GNE:GOAO096:96:096SA250720:I:13,0,0,0,0,0,1,0,20250720,20251223
GNE:GOAO096:96:096SA250720:I:14,0,0,0,0,0,1,0,20250720,20251223
GNE:GOAO096:96:096SA250720:I:15,0,0,0,0,0,1,0,20250720,20251223
GNE:GOAO096:96:096SA250720:I:16,0,0,0,0,0,1,0,20250720,20251223
GNE:GOAO096:96:096SA250720:I:17,0,0,0,0,0,1,0,20250720,20251223
GNE:GOAO096:96:096SA250720:I:18,0,0,0,0,0,1,0,20250720,20251223
GNE:GOAO096:96:096SA250720:I:19,0,0,0,0,0,1,0,20250720,20251223
GNE:GOAO096:96:096SA250720:I:20,0,0,0,0,0,1,0,20250720,20251223
GNE:GOAO096:96:096SA250720:I:21,0,0,0,0,0,1,0,20250720,20251223
GNE:GOAO096:96:096SA250720:I:22,0,0,0,0,0,1,0,20250720,20251223
GNE:GOAO096:96:096SA250720:I:23,0,0,0,0,0,1,0,20250720,20251223
GNE:GOAO096:96:096SA250720:I:24,0,0,0,0,0,1,0,20250720,20251223
GNE:GOAO096:96:096SU250720:O:1,0,0,0,0,0,0,1,20250720,20251223
GNE:GOAO096:96:096SU250720:O:2,0,0,0,0,0,0,1,20250720,20251223
GNE:GOAO096:96:096SU250720:O:3,0,0,0,0,0,0,1,20250720,20251223
GNE:GOAO096:96:096SU250720:O:4,0,0,0,0,0,0,1,20250720,20251223
GNE:GOAO096:96:096SU250720:O:5,0,0,0,0,0,0,1,20250720,20251223
GNE:GOAO096:96:096SU250720:O:6,0,0,0,0,0,0,1,20250720,20251223
GNE:GOAO096:96:096SU250720:O:7,0,0,0,0,0,0,1,20250720,20251223
GNE:GOAO096:96:096SU250720:O:8,0,0,0,0,0,0,1,20250720,20251223
GNE:GOAO096:96:096SU250720:O:9,0,0,0,0,0,0,1,20250720,20251223
GNE:GOAO096:96:096SU250720:O:10,0,0,0,0,0,0,1,20250720,20251223
GNE:GOAO096:96:096SU250720:O:11,0,0,0,0,0,0,1,20250720,20251223
GNE:GOAO096:96:096SU250720:O:12,0,0,0,0,0,0,1,20250720,20251223
GNE:GOAO096:96:096SU250720:O:13,0,0,0,0,0,0,1,20250720,20251223
GNE:GOAO096:96:096SU250720:I:1,0,0,0,0,0,0,1,20250720,20251223
GNE:GOAO096:96:096SU250720:I:2,0,0,0,0,0,0,1,20250720,20251223
GNE:GOAO096:96:096SU250720:I:3,0,0,0,0,0,0,1,20250720,20251223
GNE:GOAO096:96:096SU250720:I:4,0,0,0,0,0,0,1,20250720,20251223
GNE:GOAO096:96:096SU250720:I:5,0,0,0,0,0,0,1,20250720,20251223
GNE:GOAO096:96:096SU250720:I:6,0,0,0,0,0,0,1,20250720,20251223
GNE:GOAO096:96:096SU250720:I:7,0,0,0,0,0,0,1,20250720,20251223
GNE:GOAO096:96:096SU250720:I:8,0,0,0,0,0,0,1,20250720,20251223
GNE:GOAO096:96:096SU250720:I:9,0,0,0,0,0,0,1,20250720,20251223
GNE:GOAO096:96:096SU250720:I:10,0,0,0,0,0,0,1,20250720,20251223
GNE:GOAO096:96:096SU250720:I:11,0,0,0,0,0,0,1,20250720,20251223
GNE:GOAO096:96:096SU250720:I:12,0,0,0,0,0,0,1,20250720,20251223
GNE:GOAO096:96:096SU250720:I:13,0,0,0,0,0,0,1,20250720,20251223
GNE:GOAO096:96:096SU250720:I:14,0,0,0,0,0,0,1,20250720,20251223
GNE:GONO099:99:099MF250720:O:1,0,0,0,0,0,0,0,20250720,20251223
GNE:GONO099:99:099MF250720:O:2,1,1,1,1,1,0,0,20250720,20251223
GNE:GONO099:99:099MF250720:O:3,0,0,0,0,0,0,0,20250720,20251223
GNE:GONO099:99:099MF250720:O:4,1,1,1,1,1,0,0,20250720,20251223
GNE:GONO099:99:099MF250720:O:5,0,0,0,0,0,0,0,20250720,20251223
GNE:GONO099:99:099MF250720:O:6,1,1,1,1,1,0,0,20250720,20251223
GNE:GONO099:99:099MF250720:O:7,0,0,0,0,0,0,0,20250720,20251223
GNE:GONO099:99:099MF250720:O:8,1,1,1,1,1,0,0,20250720,20251223
GNE:GONO099:99:099MF250720:O:9,0,0,0,0,0,0,0,20250720,20251223
GNE:GONO099:99:099MF250720:O:10,1,1,1,1,1,0,0,20250720,20251223
GNE:GONO099:99:099MF250720:O:11,0,0,0,0,0,0,0,20250720,20251223
GNE:GONO099:99:099MF250720:O:12,1,1,1,1,1,0,0,20250720,20251223
GNE:GONO099:99:099MF250720:I:1,0,0,0,0,0,0,0,20250720,20251223
GNE:GONO099:99:099MF250720:I:2,1,1,1,1,1,0,0,20250720,20251223
GNE:GONO099:99:099MF250720:I:3,0,0,0,0,0,0,0,20250720,20251223
GNE:GONO099:99:099MF250720:I:4,1,1,1,1,1,0,0,20250720,20251223
GNE:GONO099:99:099MF250720:I:5,0,0,0,0,0,0,0,20250720,20251223
GNE:GONO099:99:099MF250720:I:6,1,1,1,1,1,0,0,20250720,20251223
GNE:GONO099:99:099MF250720:I:7,0,0,0,0,0,0,0,20250720,20251223
GNE:GONO099:99:099MF250720:I:8,1,1,1,1,1,0,0,20250720,20251223
GNE:GONO099:99:099MF250720:I:9,0,0,0,0,0,0,0,20250720,20251223
GNE:GONO099:99:099MF250720:I:10,1,1,1,1,1,0,0,20250720,20251223
GNE:GONO099:99:099SA250720:O:1,0,0,0,0,0,1,0,20250720,20251223
GNE:GONO099:99:099SA250720:O:2,0,0,0,0,0,1,0,20250720,20251223
GNE:GONO099:99:099SA250720:O:3,0,0,0,0,0,1,0,20250720,20251223
GNE:GONO099:99:099SA250720:O:4,0,0,0,0,0,1,0,20250720,20251223
GNE:GONO099:99:099SA250720:O:5,0,0,0,0,0,1,0,20250720,20251223
GNE:GONO099:99:099SA250720:O:6,0,0,0,0,0,1,0,20250720,20251223
GNE:GONO099:99:099SA250720:I:1,0,0,0,0,0,1,0,20250720,20251223
GNE:GONO099:99:099SA250720:I:2,0,0,0,0,0,1,0,20250720,20251223
GNE:GONO099:99:099SA250720:I:3,0,0,0,0,0,1,0,20250720,20251223
GNE:GONO099:99:099SA250720:I:4,0,0,0,0,0,1,0,20250720,20251223
GNE:GONO099:99:099SA250720:I:5,0,0,0,0,0,1,0,20250720,20251223
GNE:GONO103:103:103MF250720:I:1,0,0,0,0,0,0,0,20250720,20251223
GNE:GONO104:104:104MF250720:O:1,0,0,0,0,0,0,0,20250720,20251223
GNE:GONO104:104:104MF250720:I:1,0,0,0,0,0,0,0,20250720,20251223
GNE:GONO116:116:116MF250720:O:1,0,0,0,0,0,0,0,20250720,20251223
GNE:GONO135:135:135MF250720:I:1,0,0,0,0,0,0,0,20250720,20251223
GNE:GONO137:137:137MF250720:O:1,0,0,0,0,0,0,0,20250720,20251223
GNE:GONO139:139:139MF250720:O:1,0,0,0,0,0,0,0,20250720,20251223
GNE:GONO140:140:140MF250720:I:1,0,0,0,0,0,0,0,20250720,20251223
GNE:GONO143:143:143MF250720:O:1,0,0,0,0,0,0,0,20250720,20251223
GNE:GONO143:143:143MF250720:I:1,0,0,0,0,0,0,0,20250720,20251223
GNE:GONO145:145:145MF250720:I:1,0,0,0,0,0,0,0,20250720,20251223
GNE:GONO145:145:145MF250720:I:2,0,0,0,0,0,0,0,20250720,20251223
GNE:GONO154:154:154MF250720:O:1,0,0,0,0,0,0,0,20250720,20251223
GNE:GONO154:154:154MF250720:O:2,0,0,0,0,0,0,0,20250720,20251223
GNE:GONO154:154:154MF250720:I:1,0,0,0,0,0,0,0,20250720,20251223
GNE:GONO155:155:155MF250720:I:1,0,0,0,0,0,0,0,20250720,20251223
GNE:GOAO201:201:201MF250720:O:1,1,1,1,1,1,0,0,20250720,20251223
GNE:GOAO201:201:201MF250720:O:3,1,1,1,1,1,0,0,20250720,20251223
GNE:GOAO201:201:201MF250720:O:5,1,1,1,1,1,0,0,20250720,20251223
GNE:GOAO201:201:201MF250720:O:7,1,1,1,1,1,0,0,20250720,20251223
GNE:GOAO201:201:201MF250720:O:9,1,1,1,1,1,0,0,20250720,20251223
GNE:GOAO201:201:201MF250720:O:11,1,1,1,1,1,0,0,20250720,20251223
GNE:GOAO201:201:201MF250720:O:13,1,1,1,1,1,0,0,20250720,20251223
GNE:GOAO201:201:201MF250720:O:15,1,1,1,1,1,0,0,20250720,20251223
GNE:GOAO201:201:201MF250720:O:17,1,1,1,1,1,0,0,20250720,20251223
GNE:GOAO201:201:201MF250720:O:19,1,1,1,1,1,0,0,20250720,20251223
GNE:GOAO201:201:201MF250720:O:21,1,1,1,1,1,0,0,20250720,20251223
GNE:GOAO201:201:201MF250720:O:23,1,1,1,1,1,0,0,20250720,20251223
GNE:GOAO201:201:201SA250720:O:1,0,0,0,0,0,1,0,20250720,20251223
GNE:GOAO201:201:201SA250720:O:3,0,0,0,0,0,1,0,20250720,20251223
GNE:GOAO201:201:201SA250720:O:5,0,0,0,0,0,1,0,20250720,20251223
GNE:GOAO201:201:201SA250720:O:7,0,0,0,0,0,1,0,20250720,20251223
GNE:GOAO201:201:201SA250720:O:9,0,0,0,0,0,1,0,20250720,20251223
GNE:GOAO201:201:201SA250720:O:11,0,0,0,0,0,1,0,20250720,20251223
GNE:GOAO201:201:201SA250720:O:13,0,0,0,0,0,1,0,20250720,20251223
GNE:GOAO201:201:201SA250720:O:15,0,0,0,0,0,1,0,20250720,20251223
GNE:GOAO201:201:201SA250720:O:17,0,0,0,0,0,1,0,20250720,20251223
GNE:GOAO201:201:201SA250720:O:19,0,0,0,0,0,1,0,20250720,20251223
GNE:GOAO201:201:201SA250720:O:21,0,0,0,0,0,1,0,20250720,20251223
GNE:GOAO202:202:201MF250720:O:2,1,1,1,1,1,0,0,20250720,20251223
GNE:GOAO202:202:201MF250720:O:4,1,1,1,1,1,0,0,20250720,20251223
GNE:GOAO202:202:201MF250720:O:6,1,1,1,1,1,0,0,20250720,20251223
GNE:GOAO202:202:201MF250720:O:8,1,1,1,1,1,0,0,20250720,20251223
GNE:GOAO202:202:201MF250720:O:10,1,1,1,1,1,0,0,20250720,20251223
GNE:GOAO202:202:201MF250720:O:12,1,1,1,1,1,0,0,20250720,20251223
GNE:GOAO202:202:201MF250720:O:14,1,1,1,1,1,0,0,20250720,20251223
GNE:GOAO202:202:201MF250720:O:16,1,1,1,1,1,0,0,20250720,20251223
GNE:GOAO202:202:201MF250720:O:18,1,1,1,1,1,0,0,20250720,20251223
GNE:GOAO202:202:201MF250720:O:20,1,1,1,1,1,0,0,20250720,20251223
GNE:GOAO202:202:201MF250720:O:22,1,1,1,1,1,0,0,20250720,20251223
GNE:GOAO202:202:201SA250720:O:2,0,0,0,0,0,1,0,20250720,20251223
GNE:GOAO202:202:201SA250720:O:4,0,0,0,0,0,1,0,20250720,20251223
GNE:GOAO202:202:201SA250720:O:6,0,0,0,0,0,1,0,20250720,20251223
GNE:GOAO202:202:201SA250720:O:8,0,0,0,0,0,1,0,20250720,20251223
GNE:GOAO202:202:201SA250720:O:10,0,0,0,0,0,1,0,20250720,20251223
GNE:GOAO202:202:201SA250720:O:12,0,0,0,0,0,1,0,20250720,20251223
GNE:GOAO202:202:201SA250720:O:14,0,0,0,0,0,1,0,20250720,20251223
GNE:GOAO202:202:201SA250720:O:16,0,0,0,0,0,1,0,20250720,20251223
GNE:GOAO202:202:201SA250720:O:18,0,0,0,0,0,1,0,20250720,20251223
GNE:GOAO202:202:201SA250720:O:20,0,0,0,0,0,1,0,20250720,20251223
GNE:GOAO206:206:206MF250720:O:1,1,1,1,1,1,0,0,20250720,20251223
GNE:GOAO206:206:206MF250720:O:2,1,1,1,1,1,0,0,20250720,20251223
GNE:GOAO206:206:206MF250720:O:3,1,1,1,1,1,0,0,20250720,20251223
GNE:GOAO206:206:206MF250720:O:4,1,1,1,1,1,0,0,20250720,20251223
GNE:GOAO206:206:206MF250720:O:5,1,1,1,1,1,0,0,20250720,20251223
GNE:GOAO206:206:206MF250720:O:6,1,1,1,1,1,0,0,20250720,20251223
GNE:GOAO206:206:206MF250720:O:7,1,1,1,1,1,0,0,20250720,20251223
GNE:GOAO206:206:206MF250720:O:8,1,1,1,1,1,0,0,20250720,20251223
GNE:GOAO206:206:206MF250720:O:9,1,1,1,1,1,0,0,20250720,20251223
GNE:GOAO206:206:206MF250720:O:10,1,1,1,1,1,0,0,20250720,20251223
GNE:GOAO206:206:206MF250720:O:11,1,1,1,1,1,0,0,20250720,20251223
GNE:GOAO206:206:206MF250720:O:12,1,1,1,1,1,0,0,20250720,20251223
GNE:GOAO206:206:206SA250720:O:1,0,0,0,0,0,1,0,20250720,20251223
GNE:GOAO206:206:206SA250720:O:2,0,0,0,0,0,1,0,20250720,20251223
GNE:GOAO206:206:206SA250720:O:3,0,0,0,0,0,1,0,20250720,20251223
GNE:GOAO206:206:206SA250720:O:4,0,0,0,0,0,1,0,20250720,20251223
GNE:GOAO206:206:206SA250720:O:5,0,0,0,0,0,1,0,20250720,20251223
GNE:GOAO206:206:206SA250720:O:6,0,0,0,0,0,1,0,20250720,20251223
GNE:GOAO206:206:206SA250720:O:7,0,0,0,0,0,1,0,20250720,20251223
GNE:GOAO206:206:206SA250720:O:8,0,0,0,0,0,1,0,20250720,20251223
GNE:GOAO206:206:206SA250720:O:9,0,0,0,0,0,1,0,20250720,20251223
GNE:GOAO206:206:206SA250720:O:10,0,0,0,0,0,1,0,20250720,20251223
GNE:GOAO206:206:206SA250720:O:11,0,0,0,0,0,1,0,20250720,20251223
GNE:GOAO208:208:208MF250720:O:1,1,1,1,1,1,0,0,20250720,20251223
GNE:GOAO208:208:208MF250720:O:2,1,1,1,1,1,0,0,20250720,20251223
GNE:GOAO208:208:208MF250720:O:3,1,1,1,1,1,0,0,20250720,20251223
GNE:GOAO208:208:208MF250720:O:4,1,1,1,1,1,0,0,20250720,20251223
GNE:GOAO208:208:208MF250720:O:5,1,1,1,1,1,0,0,20250720,20251223
GNE:GOAO208:208:208MF250720:O:6,1,1,1,1,1,0,0,20250720,20251223
GNE:GOAO208:208:208MF250720:O:7,1,1,1,1,1,0,0,20250720,20251223
GNE:GOAO208:208:208MF250720:O:8,1,1,1,1,1,0,0,20250720,20251223
GNE:GOAO208:208:208MF250720:O:9,0,0,0,0,0,0,0,20250720,20251223
GNE:GOAO208:208:208MF250720:O:10,1,1,1,1,1,0,0,20250720,20251223
GNE:GOAO208:208:208MF250720:O:11,1,1,1,1,1,0,0,20250720,20251223
GNE:GOAO208:208:208MF250720:O:12,1,1,1,1,1,0,0,20250720,20251223
GNE:GOAO208:208:208MF250720:O:13,1,1,1,1,1,0,0,20250720,20251223
GNE:GOAO208:208:208MF250720:O:14,1,1,1,1,1,0,0,20250720,20251223
GNE:GOAO208:208:208MF250720:I:1,1,1,1,1,1,0,0,20250720,20251223
GNE:GOAO208:208:208MF250720:I:2,1,1,1,1,1,0,0,20250720,20251223
GNE:GOAO208:208:208MF250720:I:3,1,1,1,1,1,0,0,20250720,20251223
GNE:GOAO208:208:208MF250720:I:4,1,1,1,1,1,0,0,20250720,20251223
GNE:GOAO208:208:208MF250720:I:5,1,1,1,1,1,0,0,20250720,20251223
GNE:GOAO208:208:208MF250720:I:6,1,1,1,1,1,0,0,20250720,20251223
GNE:GOAO208:208:208MF250720:I:7,1,1,1,1,1,0,0,20250720,20251223
GNE:GOAO208:208:208MF250720:I:8,1,1,1,1,1,0,0,20250720,20251223
GNE:GOAO208:208:208MF250720:I:9,1,1,1,1,1,0,0,20250720,20251223
GNE:GOAO208:208:208MF250720:I:10,0,0,0,0,0,0,0,20250720,20251223
GNE:GOAO208:208:208MF250720:I:11,1,1,1,1,1,0,0,20250720,20251223
GNE:GOAO208:208:208MF250720:I:12,1,1,1,1,1,0,0,20250720,20251223
GNE:GOAO208:208:208MF250720:I:13,1,1,1,1,1,0,0,20250720,20251223
GNE:GOAO208:208:208MF250720:I:14,1,1,1,1,1,0,0,20250720,20251223
GNE:GOAO208:208:208MF250720:I:15,1,1,1,1,1,0,0,20250720,20251223
GNE:GOAO208:208:208SA250720:O:1,0,0,0,0,0,1,0,20250720,20251223
GNE:GOAO208:208:208SA250720:O:2,0,0,0,0,0,1,0,20250720,20251223
GNE:GOAO208:208:208SA250720:O:3,0,0,0,0,0,1,0,20250720,20251223
GNE:GOAO208:208:208SA250720:O:4,0,0,0,0,0,1,0,20250720,20251223
GNE:GOAO208:208:208SA250720:O:5,0,0,0,0,0,1,0,20250720,20251223
GNE:GOAO208:208:208SA250720:O:6,0,0,0,0,0,1,0,20250720,20251223
GNE:GOAO208:208:208SA250720:O:7,0,0,0,0,0,1,0,20250720,20251223
GNE:GOAO208:208:208SA250720:O:8,0,0,0,0,0,1,0,20250720,20251223
GNE:GOAO208:208:208SA250720:O:9,0,0,0,0,0,1,0,20250720,20251223
GNE:GOAO208:208:208SA250720:O:10,0,0,0,0,0,1,0,20250720,20251223
GNE:GOAO208:208:208SA250720:O:11,0,0,0,0,0,1,0,20250720,20251223
GNE:GOAO208:208:208SA250720:O:12,0,0,0,0,0,1,0,20250720,20251223
GNE:GOAO208:208:208SA250720:I:1,0,0,0,0,0,1,0,20250720,20251223
GNE:GOAO208:208:208SA250720:I:2,0,0,0,0,0,1,0,20250720,20251223
GNE:GOAO208:208:208SA250720:I:3,0,0,0,0,0,1,0,20250720,20251223
GNE:GOAO208:208:208SA250720:I:4,0,0,0,0,0,1,0,20250720,20251223
GNE:GOAO208:208:208SA250720:I:5,0,0,0,0,0,1,0,20250720,20251223
GNE:GOAO208:208:208SA250720:I:6,0,0,0,0,0,1,0,20250720,20251223
GNE:GOAO208:208:208SA250720:I:7,0,0,0,0,0,1,0,20250720,20251223
GNE:GOAO208:208:208SA250720:I:8,0,0,0,0,0,1,0,20250720,20251223
GNE:GOAO208:208:208SA250720:I:9,0,0,0,0,0,1,0,20250720,20251223
GNE:GOAO208:208:208SA250720:I:10,0,0,0,0,0,1,0,20250720,20251223
GNE:GOAO208:208:208SA250720:I:11,0,0,0,0,0,1,0,20250720,20251223
GNE:GOAO208:208:208SA250720:I:12,0,0,0,0,0,1,0,20250720,20251223
GNE:GOAO208:208:208SA250720:I:13,0,0,0,0,0,1,0,20250720,20251223
GNE:GOAO209:209:209MF250720:O:1,1,1,1,1,1,0,0,20250720,20251223
GNE:GOAO209:209:209MF250720:O:2,1,1,1,1,1,0,0,20250720,20251223
GNE:GOAO209:209:209MF250720:O:3,1,1,1,1,1,0,0,20250720,20251223
GNE:GOAO209:209:209MF250720:O:4,1,1,1,1,1,0,0,20250720,20251223
GNE:GOAO209:209:209MF250720:O:5,1,1,1,1,1,0,0,20250720,20251223
GNE:GOAO209:209:209MF250720:O:6,1,1,1,1,1,0,0,20250720,20251223
GNE:GOAO209:209:209MF250720:O:7,1,1,1,1,1,0,0,20250720,20251223
GNE:GOAO209:209:209MF250720:O:8,1,1,1,1,1,0,0,20250720,20251223
GNE:GOAO209:209:209MF250720:O:9,1,1,1,1,1,0,0,20250720,20251223
GNE:GOAO209:209:209SA250720:O:1,0,0,0,0,0,1,0,20250720,20251223
GNE:GOAO209:209:209SA250720:O:2,0,0,0,0,0,1,0,20250720,20251223
GNE:GOAO209:209:209SA250720:O:3,0,0,0,0,0,1,0,20250720,20251223
GNE:GOAO209:209:209SA250720:O:4,0,0,0,0,0,1,0,20250720,20251223
GNE:GOAO209:209:209SA250720:O:5,0,0,0,0,0,1,0,20250720,20251223
GNE:GOAO209:209:209SA250720:O:6,0,0,0,0,0,1,0,20250720,20251223
GNE:GOAO209:209:209SA250720:O:7,0,0,0,0,0,1,0,20250720,20251223
GNE:GOAO209:209:209SA250720:O:8,0,0,0,0,0,1,0,20250720,20251223
GNE:GOAO209:209:209SA250720:O:9,0,0,0,0,0,1,0,20250720,20251223
GNE:GOAO210:210:209MF250720:I:1,1,1,1,1,1,0,0,20250720,20251223
GNE:GOAO210:210:209MF250720:I:2,1,1,1,1,1,0,0,20250720,20251223
GNE:GOAO210:210:209MF250720:I:3,1,1,1,1,1,0,0,20250720,20251223
GNE:GOAO210:210:209MF250720:I:4,1,1,1,1,1,0,0,20250720,20251223
GNE:GOAO210:210:209MF250720:I:5,1,1,1,1,1,0,0,20250720,20251223
GNE:GOAO210:210:209MF250720:I:6,1,1,1,1,1,0,0,20250720,20251223
GNE:GOAO210:210:209MF250720:I:7,1,1,1,1,1,0,0,20250720,20251223
GNE:GOAO210:210:209MF250720:I:8,1,1,1,1,1,0,0,20250720,20251223
GNE:GOAO210:210:209MF250720:I:9,1,1,1,1,1,0,0,20250720,20251223
GNE:GOAO210:210:209SA250720:I:1,0,0,0,0,0,1,0,20250720,20251223
GNE:GOAO210:210:209SA250720:I:2,0,0,0,0,0,1,0,20250720,20251223
GNE:GOAO210:210:209SA250720:I:3,0,0,0,0,0,1,0,20250720,20251223
GNE:GOAO210:210:209SA250720:I:4,0,0,0,0,0,1,0,20250720,20251223
GNE:GOAO210:210:209SA250720:I:5,0,0,0,0,0,1,0,20250720,20251223
GNE:GOAO210:210:209SA250720:I:6,0,0,0,0,0,1,0,20250720,20251223
GNE:GOAO210:210:209SA250720:I:7,0,0,0,0,0,1,0,20250720,20251223
GNE:GOAO210:210:209SA250720:I:8,0,0,0,0,0,1,0,20250720,20251223
GNE:GOAO301:301:301MF250720:O:1,1,1,1,1,1,0,0,20250720,20251223
GNE:GOAO301:301:301MF250720:O:2,1,1,1,1,1,0,0,20250720,20251223
GNE:GOAO301:301:301MF250720:O:3,1,1,1,1,1,0,0,20250720,20251223
GNE:GOAO301:301:301MF250720:O:4,1,1,1,1,1,0,0,20250720,20251223
GNE:GOAO301:301:301MF250720:O:5,1,1,1,1,1,0,0,20250720,20251223
GNE:GOAO301:301:301MF250720:O:6,1,1,1,1,1,0,0,20250720,20251223
GNE:GOAO301:301:301MF250720:O:7,1,1,1,1,1,0,0,20250720,20251223
GNE:GOAO301:301:301MF250720:O:8,1,1,1,1,1,0,0,20250720,20251223
GNE:GOAO301:301:301MF250720:O:9,1,1,1,1,1,0,0,20250720,20251223
GNE:GOAO301:301:301MF250720:O:10,1,1,1,1,1,0,0,20250720,20251223
GNE:GOAO301:301:301MF250720:O:11,1,1,1,1,1,0,0,20250720,20251223
GNE:GOAO301:301:301MF250720:O:12,1,1,1,1,1,0,0,20250720,20251223
GNE:GOAO301:301:301MF250720:O:13,1,1,1,1,1,0,0,20250720,20251223
GNE:GOAO301:301:301MF250720:O:14,1,1,1,1,1,0,0,20250720,20251223
GNE:GOAO301:301:301MF250720:O:15,1,1,1,1,1,0,0,20250720,20251223
GNE:GOAO301:301:301MF250720:O:16,1,1,1,1,1,0,0,20250720,20251223
GNE:GOAO301:301:301MF250720:O:17,1,1,1,1,1,0,0,20250720,20251223
GNE:GOAO301:301:301MF250720:O:18,1,1,1,1,1,0,0,20250720,20251223
GNE:GOAO301:301:301MF250720:O:19,1,1,1,1,1,0,0,20250720,20251223
GNE:GOAO301:301:301MF250720:O:20,1,1,1,1,1,0,0,20250720,20251223
GNE:GOAO301:301:301MF250720:O:21,1,1,1,1,1,0,0,20250720,20251223
GNE:GOAO301:301:301MF250720:O:22,1,1,1,1,1,0,0,20250720,20251223
GNE:GOAO301:301:301MF250720:O:23,1,1,1,1,1,0,0,20250720,20251223
GNE:GOAO301:301:301MF250720:O:24,1,1,1,1,1,0,0,20250720,20251223
GNE:GOAO301:301:301MF250720:O:25,1,1,1,1,1,0,0,20250720,20251223
GNE:GOAO301:301:301MF250720:O:26,1,1,1,1,1,0,0,20250720,20251223
GNE:GOAO301:301:301MF250720:O:27,1,1,1,1,1,0,0,20250720,20251223
GNE:GOAO301:301:301MF250720:O:28,1,1,1,1,1,0,0,20250720,20251223
GNE:GOAO301:301:301MF250720:O:29,1,1,1,1,1,0,0,20250720,20251223
GNE:GOAO301:301:301MF250720:O:30,1,1,1,1,1,0,0,20250720,20251223
GNE:GOAO301:301:301MF250720:O:31,1,1,1,1,1,0,0,20250720,20251223
GNE:GOAO301:301:301MF250720:O:32,1,1,1,1,1,0,0,20250720,20251223
GNE:GOAO301:301:301MF250720:O:33,1,1,1,1,1,0,0,20250720,20251223
GNE:GOAO301:301:301MF250720:O:34,1,1,1,1,1,0,0,20250720,20251223
GNE:GOAO301:301:301MF250720:O:35,1,1,1,1,1,0,0,20250720,20251223
GNE:GOAO301:301:301MF250720:O:36,1,1,1,1,1,0,0,20250720,20251223
GNE:GOAO301:301:301MF250720:O:37,1,1,1,1,1,0,0,20250720,20251223
GNE:GOAO301:301:301MF250720:O:38,1,1,1,1,1,0,0,20250720,20251223
GNE:GOAO301:301:301MF250720:O:39,1,1,1,1,1,0,0,20250720,20251223
GNE:GOAO301:301:301MF250720:O:40,1,1,1,1,1,0,0,20250720,20251223
GNE:GOAO301:301:301MF250720:O:41,1,1,1,1,1,0,0,20250720,20251223
GNE:GOAO301:301:301MF250720:O:42,1,1,1,1,1,0,0,20250720,20251223
GNE:GOAO301:301:301MF250720:O:43,1,1,1,1,1,0,0,20250720,20251223
GNE:GOAO301:301:301MF250720:O:44,1,1,1,1,1,0,0,20250720,20251223
GNE:GOAO301:301:301MF250720:O:45,1,1,1,1,1,0,0,20250720,20251223
GNE:GOAO301:301:301MF250720:O:46,1,1,1,1,1,0,0,20250720,20251223
GNE:GOAO301:301:301MF250720:O:47,1,1,1,1,1,0,0,20250720,20251223
GNE:GOAO301:301:301MF250720:O:48,1,1,1,1,1,0,0,20250720,20251223
GNE:GOAO301:301:301MF250720:I:2,1,1,1,1,1,0,0,20250720,20251223
GNE:GOAO301:301:301MF250720:I:3,1,1,1,1,1,0,0,20250720,20251223
GNE:GOAO301:301:301MF250720:I:4,1,1,1,1,1,0,0,20250720,20251223
GNE:GOAO301:301:301MF250720:I:5,1,1,1,1,1,0,0,20250720,20251223
GNE:GOAO301:301:301MF250720:I:6,1,1,1,1,1,0,0,20250720,20251223
GNE:GOAO301:301:301MF250720:I:7,1,1,1,1,1,0,0,20250720,20251223
GNE:GOAO301:301:301MF250720:I:8,1,1,1,1,1,0,0,20250720,20251223
GNE:GOAO301:301:301MF250720:I:9,1,1,1,1,1,0,0,20250720,20251223
GNE:GOAO301:301:301MF250720:I:10,1,1,1,1,1,0,0,20250720,20251223
GNE:GOAO301:301:301MF250720:I:11,1,1,1,1,1,0,0,20250720,20251223
GNE:GOAO301:301:301MF250720:I:12,1,1,1,1,1,0,0,20250720,20251223
GNE:GOAO301:301:301MF250720:I:13,1,1,1,1,1,0,0,20250720,20251223
GNE:GOAO301:301:301MF250720:I:14,1,1,1,1,1,0,0,20250720,20251223
GNE:GOAO301:301:301MF250720:I:15,1,1,1,1,1,0,0,20250720,20251223
GNE:GOAO301:301:301MF250720:I:16,1,1,1,1,1,0,0,20250720,20251223
GNE:GOAO301:301:301MF250720:I:17,1,1,1,1,1,0,0,20250720,20251223
GNE:GOAO301:301:301MF250720:I:18,1,1,1,1,1,0,0,20250720,20251223
GNE:GOAO301:301:301MF250720:I:19,1,1,1,1,1,0,0,20250720,20251223
GNE:GOAO301:301:301MF250720:I:20,1,1,1,1,1,0,0,20250720,20251223
GNE:GOAO301:301:301MF250720:I:21,1,1,1,1,1,0,0,20250720,20251223
GNE:GOAO301:301:301MF250720:I:22,1,1,1,1,1,0,0,20250720,20251223
GNE:GOAO301:301:301MF250720:I:23,1,1,1,1,1,0,0,20250720,20251223
GNE:GOAO301:301:301MF250720:I:24,1,1,1,1,1,0,0,20250720,20251223
GNE:GOAO301:301:301MF250720:I:25,1,1,1,1,1,0,0,20250720,20251223
GNE:GOAO301:301:301MF250720:I:26,1,1,1,1,1,0,0,20250720,20251223
GNE:GOAO301:301:301MF250720:I:27,1,1,1,1,1,0,0,20250720,20251223
GNE:GOAO301:301:301MF250720:I:28,1,1,1,1,1,0,0,20250720,20251223
GNE:GOAO301:301:301MF250720:I:29,1,1,1,1,1,0,0,20250720,20251223
GNE:GOAO301:301:301MF250720:I:30,1,1,1,1,1,0,0,20250720,20251223
GNE:GOAO301:301:301MF250720:I:31,1,1,1,1,1,0,0,20250720,20251223
GNE:GOAO301:301:301MF250720:I:32,1,1,1,1,1,0,0,20250720,20251223
GNE:GOAO301:301:301MF250720:I:33,1,1,1,1,1,0,0,20250720,20251223
GNE:GOAO301:301:301MF250720:I:34,1,1,1,1,1,0,0,20250720,20251223
GNE:GOAO301:301:301MF250720:I:35,1,1,1,1,1,0,0,20250720,20251223
GNE:GOAO301:301:301MF250720:I:36,1,1,1,1,1,0,0,20250720,20251223
GNE:GOAO301:301:301MF250720:I:37,1,1,1,1,1,0,0,20250720,20251223
GNE:GOAO301:301:301MF250720:I:38,1,1,1,1,1,0,0,20250720,20251223
GNE:GOAO301:301:301MF250720:I:39,1,1,1,1,1,0,0,20250720,20251223
GNE:GOAO301:301:301MF250720:I:40,1,1,1,1,1,0,0,20250720,20251223
GNE:GOAO301:301:301MF250720:I:41,1,1,1,1,1,0,0,20250720,20251223
GNE:GOAO301:301:301MF250720:I:42,1,1,1,1,1,0,0,20250720,20251223
GNE:GOAO301:301:301MF250720:I:43,1,1,1,1,1,0,0,20250720,20251223
GNE:GOAO301:301:301MF250720:I:44,1,1,1,1,1,0,0,20250720,20251223
GNE:GOAO301:301:301MF250720:I:45,1,1,1,1,1,0,0,20250720,20251223
GNE:GOAO301:301:301MF250720:I:46,1,1,1,1,1,0,0,20250720,20251223
GNE:GOAO301:301:301SA250720:O:1,0,0,0,0,0,1,0,20250720,20251223
GNE:GOAO301:301:301SA250720:O:2,0,0,0,0,0,1,0,20250720,20251223
GNE:GOAO301:301:301SA250720:O:3,0,0,0,0,0,1,0,20250720,20251223
GNE:GOAO301:301:301SA250720:O:4,0,0,0,0,0,1,0,20250720,20251223
GNE:GOAO301:301:301SA250720:O:5,0,0,0,0,0,1,0,20250720,20251223
GNE:GOAO301:301:301SA250720:O:6,0,0,0,0,0,1,0,20250720,20251223
GNE:GOAO301:301:301SA250720:O:7,0,0,0,0,0,1,0,20250720,20251223
GNE:GOAO301:301:301SA250720:O:8,0,0,0,0,0,1,0,20250720,20251223
GNE:GOAO301:301:301SA250720:O:9,0,0,0,0,0,1,0,20250720,20251223
GNE:GOAO301:301:301SA250720:O:10,0,0,0,0,0,1,0,20250720,20251223
GNE:GOAO301:301:301SA250720:O:11,0,0,0,0,0,1,0,20250720,20251223
GNE:GOAO301:301:301SA250720:O:12,0,0,0,0,0,1,0,20250720,20251223
GNE:GOAO301:301:301SA250720:O:13,0,0,0,0,0,1,0,20250720,20251223
GNE:GOAO301:301:301SA250720:O:14,0,0,0,0,0,1,0,20250720,20251223
GNE:GOAO301:301:301SA250720:O:15,0,0,0,0,0,1,0,20250720,20251223
GNE:GOAO301:301:301SA250720:O:16,0,0,0,0,0,1,0,20250720,20251223
GNE:GOAO301:301:301SA250720:O:17,0,0,0,0,0,1,0,20250720,20251223
GNE:GOAO301:301:301SA250720:O:18,0,0,0,0,0,1,0,20250720,20251223
GNE:GOAO301:301:301SA250720:O:19,0,0,0,0,0,1,0,20250720,20251223
GNE:GOAO301:301:301SA250720:O:20,0,0,0,0,0,1,0,20250720,20251223
GNE:GOAO301:301:301SA250720:O:21,0,0,0,0,0,1,0,20250720,20251223
GNE:GOAO301:301:301SA250720:O:22,0,0,0,0,0,1,0,20250720,20251223
GNE:GOAO301:301:301SA250720:O:23,0,0,0,0,0,1,0,20250720,20251223
GNE:GOAO301:301:301SA250720:O:24,0,0,0,0,0,1,0,20250720,20251223
GNE:GOAO301:301:301SA250720:O:25,0,0,0,0,0,1,0,20250720,20251223
GNE:GOAO301:301:301SA250720:O:26,0,0,0,0,0,1,0,20250720,20251223
GNE:GOAO301:301:301SA250720:O:27,0,0,0,0,0,1,0,20250720,20251223
GNE:GOAO301:301:301SA250720:O:28,0,0,0,0,0,1,0,20250720,20251223
GNE:GOAO301:301:301SA250720:O:29,0,0,0,0,0,1,0,20250720,20251223
GNE:GOAO301:301:301SA250720:O:30,0,0,0,0,0,1,0,20250720,20251223
GNE:GOAO301:301:301SA250720:O:31,0,0,0,0,0,1,0,20250720,20251223
GNE:GOAO301:301:301SA250720:O:32,0,0,0,0,0,1,0,20250720,20251223
GNE:GOAO301:301:301SA250720:O:33,0,0,0,0,0,1,0,20250720,20251223
GNE:GOAO301:301:301SA250720:O:34,0,0,0,0,0,1,0,20250720,20251223
GNE:GOAO301:301:301SA250720:O:35,0,0,0,0,0,1,0,20250720,20251223
GNE:GOAO301:301:301SA250720:O:36,0,0,0,0,0,1,0,20250720,20251223
GNE:GOAO301:301:301SA250720:O:37,0,0,0,0,0,1,0,20250720,20251223
GNE:GOAO301:301:301SA250720:O:38,0,0,0,0,0,1,0,20250720,20251223
GNE:GOAO301:301:301SA250720:O:39,0,0,0,0,0,1,0,20250720,20251223
GNE:GOAO301:301:301SA250720:O:40,0,0,0,0,0,1,0,20250720,20251223
GNE:GOAO301:301:301SA250720:O:41,0,0,0,0,0,1,0,20250720,20251223
GNE:GOAO301:301:301SA250720:O:42,0,0,0,0,0,1,0,20250720,20251223
GNE:GOAO301:301:301SA250720:O:43,0,0,0,0,0,1,0,20250720,20251223
GNE:GOAO301:301:301SA250720:O:44,0,0,0,0,0,1,0,20250720,20251223
GNE:GOAO301:301:301SA250720:O:45,0,0,0,0,0,1,0,20250720,20251223
GNE:GOAO301:301:301SA250720:I:1,0,0,0,0,0,1,0,20250720,20251223
GNE:GOAO301:301:301SA250720:I:2,0,0,0,0,0,1,0,20250720,20251223
GNE:GOAO301:301:301SA250720:I:3,0,0,0,0,0,1,0,20250720,20251223
GNE:GOAO301:301:301SA250720:I:4,0,0,0,0,0,1,0,20250720,20251223
GNE:GOAO301:301:301SA250720:I:5,0,0,0,0,0,1,0,20250720,20251223
GNE:GOAO301:301:301SA250720:I:6,0,0,0,0,0,1,0,20250720,20251223
GNE:GOAO301:301:301SA250720:I:7,0,0,0,0,0,1,0,20250720,20251223
GNE:GOAO301:301:301SA250720:I:8,0,0,0,0,0,1,0,20250720,20251223
GNE:GOAO301:301:301SA250720:I:9,0,0,0,0,0,1,0,20250720,20251223
GNE:GOAO301:301:301SA250720:I:10,0,0,0,0,0,1,0,20250720,20251223
GNE:GOAO301:301:301SA250720:I:11,0,0,0,0,0,1,0,20250720,20251223
GNE:GOAO301:301:301SA250720:I:12,0,0,0,0,0,1,0,20250720,20251223
GNE:GOAO301:301:301SA250720:I:13,0,0,0,0,0,1,0,20250720,20251223
GNE:GOAO301:301:301SA250720:I:14,0,0,0,0,0,1,0,20250720,20251223
GNE:GOAO301:301:301SA250720:I:15,0,0,0,0,0,1,0,20250720,20251223
GNE:GOAO301:301:301SA250720:I:16,0,0,0,0,0,1,0,20250720,20251223
GNE:GOAO301:301:301SA250720:I:17,0,0,0,0,0,1,0,20250720,20251223
GNE:GOAO301:301:301SA250720:I:18,0,0,0,0,0,1,0,20250720,20251223
GNE:GOAO301:301:301SA250720:I:19,0,0,0,0,0,1,0,20250720,20251223
GNE:GOAO301:301:301SA250720:I:20,0,0,0,0,0,1,0,20250720,20251223
GNE:GOAO301:301:301SA250720:I:21,0,0,0,0,0,1,0,20250720,20251223
GNE:GOAO301:301:301SA250720:I:22,0,0,0,0,0,1,0,20250720,20251223
GNE:GOAO301:301:301SA250720:I:23,0,0,0,0,0,1,0,20250720,20251223
GNE:GOAO301:301:301SA250720:I:24,0,0,0,0,0,1,0,20250720,20251223
GNE:GOAO301:301:301SA250720:I:25,0,0,0,0,0,1,0,20250720,20251223
GNE:GOAO301:301:301SA250720:I:26,0,0,0,0,0,1,0,20250720,20251223
GNE:GOAO301:301:301SA250720:I:27,0,0,0,0,0,1,0,20250720,20251223
GNE:GOAO301:301:301SA250720:I:28,0,0,0,0,0,1,0,20250720,20251223
GNE:GOAO301:301:301SA250720:I:29,0,0,0,0,0,1,0,20250720,20251223
GNE:GOAO301:301:301SA250720:I:30,0,0,0,0,0,1,0,20250720,20251223
GNE:GOAO301:301:301SA250720:I:31,0,0,0,0,0,1,0,20250720,20251223
GNE:GOAO301:301:301SA250720:I:32,0,0,0,0,0,1,0,20250720,20251223
GNE:GOAO301:301:301SA250720:I:33,0,0,0,0,0,1,0,20250720,20251223
GNE:GOAO301:301:301SA250720:I:34,0,0,0,0,0,1,0,20250720,20251223
GNE:GOAO301:301:301SA250720:I:35,0,0,0,0,0,1,0,20250720,20251223
GNE:GOAO301:301:301SA250720:I:36,0,0,0,0,0,1,0,20250720,20251223
GNE:GOAO301:301:301SA250720:I:37,0,0,0,0,0,1,0,20250720,20251223
GNE:GOAO301:301:301SA250720:I:38,0,0,0,0,0,1,0,20250720,20251223
GNE:GOAO301:301:301SA250720:I:39,0,0,0,0,0,1,0,20250720,20251223
GNE:GOAO301:301:301SA250720:I:40,0,0,0,0,0,1,0,20250720,20251223
GNE:GOAO301:301:301SA250720:I:41,0,0,0,0,0,1,0,20250720,20251223
GNE:GOAO301:301:301SA250720:I:42,0,0,0,0,0,1,0,20250720,20251223
GNE:GOAO301:301:301SA250720:I:43,0,0,0,0,0,1,0,20250720,20251223
GNE:GOAO301:301:301SA250720:I:44,0,0,0,0,0,1,0,20250720,20251223
GNE:GOAO301:301:301SU250720:O:1,0,0,0,0,0,0,1,20250720,20251223
GNE:GOAO301:301:301SU250720:O:2,0,0,0,0,0,0,1,20250720,20251223
GNE:GOAO301:301:301SU250720:O:3,0,0,0,0,0,0,1,20250720,20251223
GNE:GOAO301:301:301SU250720:O:4,0,0,0,0,0,0,1,20250720,20251223
GNE:GOAO301:301:301SU250720:O:5,0,0,0,0,0,0,1,20250720,20251223
GNE:GOAO301:301:301SU250720:O:6,0,0,0,0,0,0,1,20250720,20251223
GNE:GOAO301:301:301SU250720:O:7,0,0,0,0,0,0,1,20250720,20251223
GNE:GOAO301:301:301SU250720:O:8,0,0,0,0,0,0,1,20250720,20251223
GNE:GOAO301:301:301SU250720:O:9,0,0,0,0,0,0,1,20250720,20251223
GNE:GOAO301:301:301SU250720:O:10,0,0,0,0,0,0,1,20250720,20251223
GNE:GOAO301:301:301SU250720:O:11,0,0,0,0,0,0,1,20250720,20251223
GNE:GOAO301:301:301SU250720:O:12,0,0,0,0,0,0,1,20250720,20251223
GNE:GOAO301:301:301SU250720:O:13,0,0,0,0,0,0,1,20250720,20251223
GNE:GOAO301:301:301SU250720:O:14,0,0,0,0,0,0,1,20250720,20251223
GNE:GOAO301:301:301SU250720:O:15,0,0,0,0,0,0,1,20250720,20251223
GNE:GOAO301:301:301SU250720:O:16,0,0,0,0,0,0,1,20250720,20251223
GNE:GOAO301:301:301SU250720:O:17,0,0,0,0,0,0,1,20250720,20251223
GNE:GOAO301:301:301SU250720:O:18,0,0,0,0,0,0,1,20250720,20251223
GNE:GOAO301:301:301SU250720:O:19,0,0,0,0,0,0,1,20250720,20251223
GNE:GOAO301:301:301SU250720:O:20,0,0,0,0,0,0,1,20250720,20251223
GNE:GOAO301:301:301SU250720:O:21,0,0,0,0,0,0,1,20250720,20251223
GNE:GOAO301:301:301SU250720:O:22,0,0,0,0,0,0,1,20250720,20251223
GNE:GOAO301:301:301SU250720:O:23,0,0,0,0,0,0,1,20250720,20251223
GNE:GOAO301:301:301SU250720:O:24,0,0,0,0,0,0,1,20250720,20251223
GNE:GOAO301:301:301SU250720:O:25,0,0,0,0,0,0,1,20250720,20251223
GNE:GOAO301:301:301SU250720:O:26,0,0,0,0,0,0,1,20250720,20251223
GNE:GOAO301:301:301SU250720:O:27,0,0,0,0,0,0,1,20250720,20251223
GNE:GOAO301:301:301SU250720:O:28,0,0,0,0,0,0,1,20250720,20251223
GNE:GOAO301:301:301SU250720:O:29,0,0,0,0,0,0,1,20250720,20251223
GNE:GOAO301:301:301SU250720:O:30,0,0,0,0,0,0,1,20250720,20251223
GNE:GOAO301:301:301SU250720:O:31,0,0,0,0,0,0,1,20250720,20251223
GNE:GOAO301:301:301SU250720:O:32,0,0,0,0,0,0,1,20250720,20251223
GNE:GOAO301:301:301SU250720:I:1,0,0,0,0,0,0,1,20250720,20251223
GNE:GOAO301:301:301SU250720:I:2,0,0,0,0,0,0,1,20250720,20251223
GNE:GOAO301:301:301SU250720:I:3,0,0,0,0,0,0,1,20250720,20251223
GNE:GOAO301:301:301SU250720:I:4,0,0,0,0,0,0,1,20250720,20251223
GNE:GOAO301:301:301SU250720:I:5,0,0,0,0,0,0,1,20250720,20251223
GNE:GOAO301:301:301SU250720:I:6,0,0,0,0,0,0,1,20250720,20251223
GNE:GOAO301:301:301SU250720:I:7,0,0,0,0,0,0,1,20250720,20251223
GNE:GOAO301:301:301SU250720:I:8,0,0,0,0,0,0,1,20250720,20251223
GNE:GOAO301:301:301SU250720:I:9,0,0,0,0,0,0,1,20250720,20251223
GNE:GOAO301:301:301SU250720:I:10,0,0,0,0,0,0,1,20250720,20251223
GNE:GOAO301:301:301SU250720:I:11,0,0,0,0,0,0,1,20250720,20251223
GNE:GOAO301:301:301SU250720:I:12,0,0,0,0,0,0,1,20250720,20251223
GNE:GOAO301:301:301SU250720:I:13,0,0,0,0,0,0,1,20250720,20251223
GNE:GOAO301:301:301SU250720:I:14,0,0,0,0,0,0,1,20250720,20251223
GNE:GOAO301:301:301SU250720:I:15,0,0,0,0,0,0,1,20250720,20251223
GNE:GOAO301:301:301SU250720:I:16,0,0,0,0,0,0,1,20250720,20251223
GNE:GOAO301:301:301SU250720:I:17,0,0,0,0,0,0,1,20250720,20251223
GNE:GOAO301:301:301SU250720:I:18,0,0,0,0,0,0,1,20250720,20251223
GNE:GOAO301:301:301SU250720:I:19,0,0,0,0,0,0,1,20250720,20251223
GNE:GOAO301:301:301SU250720:I:20,0,0,0,0,0,0,1,20250720,20251223
GNE:GOAO301:301:301SU250720:I:21,0,0,0,0,0,0,1,20250720,20251223
GNE:GOAO301:301:301SU250720:I:22,0,0,0,0,0,0,1,20250720,20251223
GNE:GOAO301:301:301SU250720:I:23,0,0,0,0,0,0,1,20250720,20251223
GNE:GOAO301:301:301SU250720:I:24,0,0,0,0,0,0,1,20250720,20251223
GNE:GOAO301:301:301SU250720:I:25,0,0,0,0,0,0,1,20250720,20251223
GNE:GOAO301:301:301SU250720:I:26,0,0,0,0,0,0,1,20250720,20251223
GNE:GOAO301:301:301SU250720:I:27,0,0,0,0,0,0,1,20250720,20251223
GNE:GOAO301:301:301SU250720:I:28,0,0,0,0,0,0,1,20250720,20251223
GNE:GOAO301:301:301SU250720:I:29,0,0,0,0,0,0,1,20250720,20251223
GNE:GOAO301:301:301SU250720:I:30,0,0,0,0,0,0,1,20250720,20251223
GNE:GOAO301:301:301SU250720:I:31,0,0,0,0,0,0,1,20250720,20251223
GNE:GOAO301A:301A:301MF250720:I:1,1,1,1,1,1,0,0,20250720,20251223
GNE:GOAO307:307:307MF250720:O:1,1,1,1,1,1,0,0,20250720,20251223
GNE:GOAO307:307:307MF250720:O:3,1,1,1,1,1,0,0,20250720,20251223
GNE:GOAO307:307:307MF250720:O:6,1,1,1,1,1,0,0,20250720,20251223
GNE:GOAO307:307:307MF250720:O:7,1,1,1,1,1,0,0,20250720,20251223
GNE:GOAO307:307:307MF250720:O:8,1,1,1,1,1,0,0,20250720,20251223
GNE:GOAO307:307:307MF250720:O:10,1,1,1,1,1,0,0,20250720,20251223
GNE:GOAO307:307:307MF250720:O:13,1,1,1,1,1,0,0,20250720,20251223
GNE:GOAO307:307:307MF250720:O:15,1,1,1,1,1,0,0,20250720,20251223
GNE:GOAO307:307:307MF250720:O:17,1,1,1,1,1,0,0,20250720,20251223
GNE:GOAO307:307:307MF250720:O:19,1,1,1,1,1,0,0,20250720,20251223
GNE:GOAO307:307:307MF250720:O:21,1,1,1,1,1,0,0,20250720,20251223
GNE:GOAO307:307:307MF250720:O:23,1,1,1,1,1,0,0,20250720,20251223
GNE:GOAO307:307:307MF250720:O:25,1,1,1,1,1,0,0,20250720,20251223
GNE:GOAO307:307:307MF250720:O:27,1,1,1,1,1,0,0,20250720,20251223
GNE:GOAO307:307:307MF250720:O:29,1,1,1,1,1,0,0,20250720,20251223
GNE:GOAO307:307:307MF250720:O:31,1,1,1,1,1,0,0,20250720,20251223
GNE:GOAO307:307:307MF250720:O:33,1,1,1,1,1,0,0,20250720,20251223
GNE:GOAO307:307:307MF250720:O:35,1,1,1,1,1,0,0,20250720,20251223
GNE:GOAO307:307:307MF250720:O:37,1,1,1,1,1,0,0,20250720,20251223
GNE:GOAO307:307:307MF250720:O:39,1,1,1,1,1,0,0,20250720,20251223
GNE:GOAO307:307:307MF250720:O:41,1,1,1,1,1,0,0,20250720,20251223
GNE:GOAO307:307:307MF250720:O:43,1,1,1,1,1,0,0,20250720,20251223
GNE:GOAO307:307:307MF250720:O:45,1,1,1,1,1,0,0,20250720,20251223
GNE:GOAO307:307:307MF250720:O:47,1,1,1,1,1,0,0,20250720,20251223
GNE:GOAO307:307:307MF250720:O:49,1,1,1,1,1,0,0,20250720,20251223
GNE:GOAO307:307:307MF250720:O:51,1,1,1,1,1,0,0,20250720,20251223
GNE:GOAO307:307:307MF250720:O:53,1,1,1,1,1,0,0,20250720,20251223
GNE:GOAO307:307:307MF250720:O:55,1,1,1,1,1,0,0,20250720,20251223
GNE:GOAO307:307:307MF250720:O:57,1,1,1,1,1,0,0,20250720,20251223
GNE:GOAO307:307:307MF250720:O:59,1,1,1,1,1,0,0,20250720,20251223
GNE:GOAO307:307:307MF250720:O:61,1,1,1,1,1,0,0,20250720,20251223
GNE:GOAO307:307:307MF250720:O:63,1,1,1,1,1,0,0,20250720,20251223
GNE:GOAO307:307:307MF250720:O:65,1,1,1,1,1,0,0,20250720,20251223
GNE:GOAO307:307:307MF250720:O:67,1,1,1,1,1,0,0,20250720,20251223
GNE:GOAO307:307:307MF250720:O:69,1,1,1,1,1,0,0,20250720,20251223
GNE:GOAO307:307:307MF250720:O:71,1,1,1,1,1,0,0,20250720,20251223
GNE:GOAO307:307:307MF250720:O:73,1,1,1,1,1,0,0,20250720,20251223
GNE:GOAO307:307:307MF250720:O:75,1,1,1,1,1,0,0,20250720,20251223
GNE:GOAO307:307:307MF250720:O:77,1,1,1,1,1,0,0,20250720,20251223
GNE:GOAO307:307:307MF250720:O:79,1,1,1,1,1,0,0,20250720,20251223
GNE:GOAO307:307:307MF250720:O:81,1,1,1,1,1,0,0,20250720,20251223
GNE:GOAO307:307:307MF250720:O:83,1,1,1,1,1,0,0,20250720,20251223
GNE:GOAO307:307:307MF250720:O:85,1,1,1,1,1,0,0,20250720,20251223
GNE:GOAO307:307:307MF250720:I:2,1,1,1,1,1,0,0,20250720,20251223
GNE:GOAO307:307:307MF250720:I:4,1,1,1,1,1,0,0,20250720,20251223
GNE:GOAO307:307:307MF250720:I:6,1,1,1,1,1,0,0,20250720,20251223
GNE:GOAO307:307:307MF250720:I:8,1,1,1,1,1,0,0,20250720,20251223
GNE:GOAO307:307:307MF250720:I:10,1,1,1,1,1,0,0,20250720,20251223
GNE:GOAO307:307:307MF250720:I:12,1,1,1,1,1,0,0,20250720,20251223
GNE:GOAO307:307:307MF250720:I:14,1,1,1,1,1,0,0,20250720,20251223
GNE:GOAO307:307:307MF250720:I:16,1,1,1,1,1,0,0,20250720,20251223
GNE:GOAO307:307:307MF250720:I:18,1,1,1,1,1,0,0,20250720,20251223
GNE:GOAO307:307:307MF250720:I:20,1,1,1,1,1,0,0,20250720,20251223
GNE:GOAO307:307:307MF250720:I:22,1,1,1,1,1,0,0,20250720,20251223
GNE:GOAO307:307:307MF250720:I:24,1,1,1,1,1,0,0,20250720,20251223
GNE:GOAO307:307:307MF250720:I:26,1,1,1,1,1,0,0,20250720,20251223
GNE:GOAO307:307:307MF250720:I:28,1,1,1,1,1,0,0,20250720,20251223
GNE:GOAO307:307:307MF250720:I:30,1,1,1,1,1,0,0,20250720,20251223
GNE:GOAO307:307:307MF250720:I:32,1,1,1,1,1,0,0,20250720,20251223
GNE:GOAO307:307:307MF250720:I:34,1,1,1,1,1,0,0,20250720,20251223
GNE:GOAO307:307:307MF250720:I:36,1,1,1,1,1,0,0,20250720,20251223
GNE:GOAO307:307:307MF250720:I:38,1,1,1,1,1,0,0,20250720,20251223
GNE:GOAO307:307:307MF250720:I:40,1,1,1,1,1,0,0,20250720,20251223
GNE:GOAO307:307:307MF250720:I:42,1,1,1,1,1,0,0,20250720,20251223
GNE:GOAO307:307:307MF250720:I:44,1,1,1,1,1,0,0,20250720,20251223
GNE:GOAO307:307:307MF250720:I:46,1,1,1,1,1,0,0,20250720,20251223
GNE:GOAO307:307:307MF250720:I:48,1,1,1,1,1,0,0,20250720,20251223
GNE:GOAO307:307:307MF250720:I:50,1,1,1,1,1,0,0,20250720,20251223
GNE:GOAO307:307:307MF250720:I:52,1,1,1,1,1,0,0,20250720,20251223
GNE:GOAO307:307:307MF250720:I:54,1,1,1,1,1,0,0,20250720,20251223
GNE:GOAO307:307:307MF250720:I:56,1,1,1,1,1,0,0,20250720,20251223
GNE:GOAO307:307:307MF250720:I:58,1,1,1,1,1,0,0,20250720,20251223
GNE:GOAO307:307:307MF250720:I:60,1,1,1,1,1,0,0,20250720,20251223
GNE:GOAO307:307:307MF250720:I:62,1,1,1,1,1,0,0,20250720,20251223
GNE:GOAO307:307:307MF250720:I:64,1,1,1,1,1,0,0,20250720,20251223
GNE:GOAO307:307:307MF250720:I:66,1,1,1,1,1,0,0,20250720,20251223
GNE:GOAO307:307:307MF250720:I:68,1,1,1,1,1,0,0,20250720,20251223
GNE:GOAO307:307:307MF250720:I:70,1,1,1,1,1,0,0,20250720,20251223
GNE:GOAO307:307:307MF250720:I:72,1,1,1,1,1,0,0,20250720,20251223
GNE:GOAO307:307:307MF250720:I:74,1,1,1,1,1,0,0,20250720,20251223
GNE:GOAO307:307:307MF250720:I:76,1,1,1,1,1,0,0,20250720,20251223
GNE:GOAO307:307:307MF250720:I:78,1,1,1,1,1,0,0,20250720,20251223
GNE:GOAO307:307:307MF250720:I:80,1,1,1,1,1,0,0,20250720,20251223
GNE:GOAO307:307:307MF250720:I:82,1,1,1,1,1,0,0,20250720,20251223
GNE:GOAO307:307:307SA250720:O:1,0,0,0,0,0,1,0,20250720,20251223
GNE:GOAO307:307:307SA250720:O:2,0,0,0,0,0,1,0,20250720,20251223
GNE:GOAO307:307:307SA250720:O:4,0,0,0,0,0,1,0,20250720,20251223
GNE:GOAO307:307:307SA250720:O:6,0,0,0,0,0,1,0,20250720,20251223
GNE:GOAO307:307:307SA250720:O:8,0,0,0,0,0,1,0,20250720,20251223
GNE:GOAO307:307:307SA250720:O:10,0,0,0,0,0,1,0,20250720,20251223
GNE:GOAO307:307:307SA250720:O:12,0,0,0,0,0,1,0,20250720,20251223
GNE:GOAO307:307:307SA250720:O:14,0,0,0,0,0,1,0,20250720,20251223
GNE:GOAO307:307:307SA250720:O:16,0,0,0,0,0,1,0,20250720,20251223
GNE:GOAO307:307:307SA250720:O:18,0,0,0,0,0,1,0,20250720,20251223
GNE:GOAO307:307:307SA250720:O:20,0,0,0,0,0,1,0,20250720,20251223
GNE:GOAO307:307:307SA250720:O:22,0,0,0,0,0,1,0,20250720,20251223
GNE:GOAO307:307:307SA250720:O:24,0,0,0,0,0,1,0,20250720,20251223
GNE:GOAO307:307:307SA250720:O:26,0,0,0,0,0,1,0,20250720,20251223
GNE:GOAO307:307:307SA250720:O:28,0,0,0,0,0,1,0,20250720,20251223
GNE:GOAO307:307:307SA250720:O:30,0,0,0,0,0,1,0,20250720,20251223
GNE:GOAO307:307:307SA250720:O:32,0,0,0,0,0,1,0,20250720,20251223
GNE:GOAO307:307:307SA250720:O:34,0,0,0,0,0,1,0,20250720,20251223
GNE:GOAO307:307:307SA250720:O:36,0,0,0,0,0,1,0,20250720,20251223
GNE:GOAO307:307:307SA250720:O:38,0,0,0,0,0,1,0,20250720,20251223
GNE:GOAO307:307:307SA250720:O:40,0,0,0,0,0,1,0,20250720,20251223
GNE:GOAO307:307:307SA250720:O:42,0,0,0,0,0,1,0,20250720,20251223
GNE:GOAO307:307:307SA250720:O:44,0,0,0,0,0,1,0,20250720,20251223
GNE:GOAO307:307:307SA250720:O:46,0,0,0,0,0,1,0,20250720,20251223
GNE:GOAO307:307:307SA250720:O:48,0,0,0,0,0,1,0,20250720,20251223
GNE:GOAO307:307:307SA250720:O:50,0,0,0,0,0,1,0,20250720,20251223
GNE:GOAO307:307:307SA250720:O:52,0,0,0,0,0,1,0,20250720,20251223
GNE:GOAO307:307:307SA250720:O:54,0,0,0,0,0,1,0,20250720,20251223
GNE:GOAO307:307:307SA250720:O:56,0,0,0,0,0,1,0,20250720,20251223
GNE:GOAO307:307:307SA250720:O:58,0,0,0,0,0,1,0,20250720,20251223
GNE:GOAO307:307:307SA250720:O:60,0,0,0,0,0,1,0,20250720,20251223
GNE:GOAO307:307:307SA250720:O:62,0,0,0,0,0,1,0,20250720,20251223
GNE:GOAO307:307:307SA250720:O:64,0,0,0,0,0,1,0,20250720,20251223
GNE:GOAO307:307:307SA250720:O:66,0,0,0,0,0,1,0,20250720,20251223
GNE:GOAO307:307:307SA250720:O:68,0,0,0,0,0,1,0,20250720,20251223
GNE:GOAO307:307:307SA250720:O:70,0,0,0,0,0,1,0,20250720,20251223
GNE:GOAO307:307:307SA250720:O:72,0,0,0,0,0,1,0,20250720,20251223
GNE:GOAO307:307:307SA250720:O:74,0,0,0,0,0,1,0,20250720,20251223
GNE:GOAO307:307:307SA250720:I:3,0,0,0,0,0,1,0,20250720,20251223
GNE:GOAO307:307:307SA250720:I:6,0,0,0,0,0,1,0,20250720,20251223
GNE:GOAO307:307:307SA250720:I:8,0,0,0,0,0,1,0,20250720,20251223
GNE:GOAO307:307:307SA250720:I:10,0,0,0,0,0,1,0,20250720,20251223
GNE:GOAO307:307:307SA250720:I:12,0,0,0,0,0,1,0,20250720,20251223
GNE:GOAO307:307:307SA250720:I:14,0,0,0,0,0,1,0,20250720,20251223
GNE:GOAO307:307:307SA250720:I:16,0,0,0,0,0,1,0,20250720,20251223
GNE:GOAO307:307:307SA250720:I:18,0,0,0,0,0,1,0,20250720,20251223
GNE:GOAO307:307:307SA250720:I:20,0,0,0,0,0,1,0,20250720,20251223
GNE:GOAO307:307:307SA250720:I:22,0,0,0,0,0,1,0,20250720,20251223
GNE:GOAO307:307:307SA250720:I:24,0,0,0,0,0,1,0,20250720,20251223
GNE:GOAO307:307:307SA250720:I:26,0,0,0,0,0,1,0,20250720,20251223
GNE:GOAO307:307:307SA250720:I:28,0,0,0,0,0,1,0,20250720,20251223
GNE:GOAO307:307:307SA250720:I:30,0,0,0,0,0,1,0,20250720,20251223
GNE:GOAO307:307:307SA250720:I:32,0,0,0,0,0,1,0,20250720,20251223
GNE:GOAO307:307:307SA250720:I:34,0,0,0,0,0,1,0,20250720,20251223
GNE:GOAO307:307:307SA250720:I:36,0,0,0,0,0,1,0,20250720,20251223
GNE:GOAO307:307:307SA250720:I:38,0,0,0,0,0,1,0,20250720,20251223
GNE:GOAO307:307:307SA250720:I:40,0,0,0,0,0,1,0,20250720,20251223
GNE:GOAO307:307:307SA250720:I:42,0,0,0,0,0,1,0,20250720,20251223
GNE:GOAO307:307:307SA250720:I:44,0,0,0,0,0,1,0,20250720,20251223
GNE:GOAO307:307:307SA250720:I:46,0,0,0,0,0,1,0,20250720,20251223
GNE:GOAO307:307:307SA250720:I:48,0,0,0,0,0,1,0,20250720,20251223
GNE:GOAO307:307:307SA250720:I:50,0,0,0,0,0,1,0,20250720,20251223
GNE:GOAO307:307:307SA250720:I:52,0,0,0,0,0,1,0,20250720,20251223
GNE:GOAO307:307:307SA250720:I:54,0,0,0,0,0,1,0,20250720,20251223
GNE:GOAO307:307:307SA250720:I:56,0,0,0,0,0,1,0,20250720,20251223
GNE:GOAO307:307:307SA250720:I:58,0,0,0,0,0,1,0,20250720,20251223
GNE:GOAO307:307:307SA250720:I:60,0,0,0,0,0,1,0,20250720,20251223
GNE:GOAO307:307:307SA250720:I:62,0,0,0,0,0,1,0,20250720,20251223
GNE:GOAO307:307:307SA250720:I:64,0,0,0,0,0,1,0,20250720,20251223
GNE:GOAO307:307:307SA250720:I:66,0,0,0,0,0,1,0,20250720,20251223
GNE:GOAO307:307:307SA250720:I:68,0,0,0,0,0,1,0,20250720,20251223
GNE:GOAO307:307:307SA250720:I:70,0,0,0,0,0,1,0,20250720,20251223
GNE:GOAO307:307:307SA250720:I:72,0,0,0,0,0,1,0,20250720,20251223
GNE:GOAO307:307:307SA250720:I:74,0,0,0,0,0,1,0,20250720,20251223
GNE:GOAO307:307:307SU250720:O:1,0,0,0,0,0,0,1,20250720,20251223
GNE:GOAO307:307:307SU250720:O:3,0,0,0,0,0,0,1,20250720,20251223
GNE:GOAO307:307:307SU250720:O:5,0,0,0,0,0,0,1,20250720,20251223
GNE:GOAO307:307:307SU250720:O:7,0,0,0,0,0,0,1,20250720,20251223
GNE:GOAO307:307:307SU250720:O:9,0,0,0,0,0,0,1,20250720,20251223
GNE:GOAO307:307:307SU250720:O:11,0,0,0,0,0,0,1,20250720,20251223
GNE:GOAO307:307:307SU250720:O:13,0,0,0,0,0,0,1,20250720,20251223
GNE:GOAO307:307:307SU250720:O:15,0,0,0,0,0,0,1,20250720,20251223
GNE:GOAO307:307:307SU250720:O:17,0,0,0,0,0,0,1,20250720,20251223
GNE:GOAO307:307:307SU250720:O:19,0,0,0,0,0,0,1,20250720,20251223
GNE:GOAO307:307:307SU250720:O:21,0,0,0,0,0,0,1,20250720,20251223
GNE:GOAO307:307:307SU250720:O:23,0,0,0,0,0,0,1,20250720,20251223
GNE:GOAO307:307:307SU250720:O:25,0,0,0,0,0,0,1,20250720,20251223
GNE:GOAO307:307:307SU250720:O:27,0,0,0,0,0,0,1,20250720,20251223
GNE:GOAO307:307:307SU250720:O:29,0,0,0,0,0,0,1,20250720,20251223
GNE:GOAO307:307:307SU250720:O:31,0,0,0,0,0,0,1,20250720,20251223
GNE:GOAO307:307:307SU250720:O:33,0,0,0,0,0,0,1,20250720,20251223
GNE:GOAO307:307:307SU250720:O:35,0,0,0,0,0,0,1,20250720,20251223
GNE:GOAO307:307:307SU250720:O:37,0,0,0,0,0,0,1,20250720,20251223
GNE:GOAO307:307:307SU250720:O:39,0,0,0,0,0,0,1,20250720,20251223
GNE:GOAO307:307:307SU250720:O:41,0,0,0,0,0,0,1,20250720,20251223
GNE:GOAO307:307:307SU250720:O:43,0,0,0,0,0,0,1,20250720,20251223
GNE:GOAO307:307:307SU250720:O:45,0,0,0,0,0,0,1,20250720,20251223
GNE:GOAO307:307:307SU250720:O:47,0,0,0,0,0,0,1,20250720,20251223
GNE:GOAO307:307:307SU250720:O:49,0,0,0,0,0,0,1,20250720,20251223
GNE:GOAO307:307:307SU250720:O:51,0,0,0,0,0,0,1,20250720,20251223
GNE:GOAO307:307:307SU250720:O:53,0,0,0,0,0,0,1,20250720,20251223
GNE:GOAO307:307:307SU250720:I:3,0,0,0,0,0,0,1,20250720,20251223
GNE:GOAO307:307:307SU250720:I:6,0,0,0,0,0,0,1,20250720,20251223
GNE:GOAO307:307:307SU250720:I:8,0,0,0,0,0,0,1,20250720,20251223
GNE:GOAO307:307:307SU250720:I:10,0,0,0,0,0,0,1,20250720,20251223
GNE:GOAO307:307:307SU250720:I:12,0,0,0,0,0,0,1,20250720,20251223
GNE:GOAO307:307:307SU250720:I:14,0,0,0,0,0,0,1,20250720,20251223
GNE:GOAO307:307:307SU250720:I:16,0,0,0,0,0,0,1,20250720,20251223
GNE:GOAO307:307:307SU250720:I:18,0,0,0,0,0,0,1,20250720,20251223
GNE:GOAO307:307:307SU250720:I:20,0,0,0,0,0,0,1,20250720,20251223
GNE:GOAO307:307:307SU250720:I:22,0,0,0,0,0,0,1,20250720,20251223
GNE:GOAO307:307:307SU250720:I:24,0,0,0,0,0,0,1,20250720,20251223
GNE:GOAO307:307:307SU250720:I:26,0,0,0,0,0,0,1,20250720,20251223
GNE:GOAO307:307:307SU250720:I:28,0,0,0,0,0,0,1,20250720,20251223
GNE:GOAO307:307:307SU250720:I:30,0,0,0,0,0,0,1,20250720,20251223
GNE:GOAO307:307:307SU250720:I:32,0,0,0,0,0,0,1,20250720,20251223
GNE:GOAO307:307:307SU250720:I:34,0,0,0,0,0,0,1,20250720,20251223
GNE:GOAO307:307:307SU250720:I:36,0,0,0,0,0,0,1,20250720,20251223
GNE:GOAO307:307:307SU250720:I:38,0,0,0,0,0,0,1,20250720,20251223
GNE:GOAO307:307:307SU250720:I:40,0,0,0,0,0,0,1,20250720,20251223
GNE:GOAO307:307:307SU250720:I:42,0,0,0,0,0,0,1,20250720,20251223
GNE:GOAO307:307:307SU250720:I:44,0,0,0,0,0,0,1,20250720,20251223
GNE:GOAO307:307:307SU250720:I:46,0,0,0,0,0,0,1,20250720,20251223
GNE:GOAO307:307:307SU250720:I:48,0,0,0,0,0,0,1,20250720,20251223
GNE:GOAO307:307:307SU250720:I:50,0,0,0,0,0,0,1,20250720,20251223
GNE:GOAO307:307:307SU250720:I:52,0,0,0,0,0,0,1,20250720,20251223
GNE:GOAO309:309:307MF250720:O:2,1,1,1,1,1,0,0,20250720,20251223
GNE:GOAO309:309:307MF250720:O:4,1,1,1,1,1,0,0,20250720,20251223
GNE:GOAO309:309:307MF250720:O:5,1,1,1,1,1,0,0,20250720,20251223
GNE:GOAO309:309:307MF250720:O:9,1,1,1,1,1,0,0,20250720,20251223
GNE:GOAO309:309:307MF250720:O:11,1,1,1,1,1,0,0,20250720,20251223
GNE:GOAO309:309:307MF250720:O:12,1,1,1,1,1,0,0,20250720,20251223
GNE:GOAO309:309:307MF250720:O:14,1,1,1,1,1,0,0,20250720,20251223
GNE:GOAO309:309:307MF250720:O:16,1,1,1,1,1,0,0,20250720,20251223
GNE:GOAO309:309:307MF250720:O:18,1,1,1,1,1,0,0,20250720,20251223
GNE:GOAO309:309:307MF250720:O:20,1,1,1,1,1,0,0,20250720,20251223
GNE:GOAO309:309:307MF250720:O:22,1,1,1,1,1,0,0,20250720,20251223
GNE:GOAO309:309:307MF250720:O:24,1,1,1,1,1,0,0,20250720,20251223
GNE:GOAO309:309:307MF250720:O:26,1,1,1,1,1,0,0,20250720,20251223
GNE:GOAO309:309:307MF250720:O:28,1,1,1,1,1,0,0,20250720,20251223
GNE:GOAO309:309:307MF250720:O:30,1,1,1,1,1,0,0,20250720,20251223
GNE:GOAO309:309:307MF250720:O:32,1,1,1,1,1,0,0,20250720,20251223
GNE:GOAO309:309:307MF250720:O:34,1,1,1,1,1,0,0,20250720,20251223
GNE:GOAO309:309:307MF250720:O:36,1,1,1,1,1,0,0,20250720,20251223
GNE:GOAO309:309:307MF250720:O:38,1,1,1,1,1,0,0,20250720,20251223
GNE:GOAO309:309:307MF250720:O:40,1,1,1,1,1,0,0,20250720,20251223
GNE:GOAO309:309:307MF250720:O:42,1,1,1,1,1,0,0,20250720,20251223
GNE:GOAO309:309:307MF250720:O:44,1,1,1,1,1,0,0,20250720,20251223
GNE:GOAO309:309:307MF250720:O:46,1,1,1,1,1,0,0,20250720,20251223
GNE:GOAO309:309:307MF250720:O:48,1,1,1,1,1,0,0,20250720,20251223
GNE:GOAO309:309:307MF250720:O:50,1,1,1,1,1,0,0,20250720,20251223
GNE:GOAO309:309:307MF250720:O:52,1,1,1,1,1,0,0,20250720,20251223
GNE:GOAO309:309:307MF250720:O:54,1,1,1,1,1,0,0,20250720,20251223
GNE:GOAO309:309:307MF250720:O:56,1,1,1,1,1,0,0,20250720,20251223
GNE:GOAO309:309:307MF250720:O:58,1,1,1,1,1,0,0,20250720,20251223
GNE:GOAO309:309:307MF250720:O:60,1,1,1,1,1,0,0,20250720,20251223
GNE:GOAO309:309:307MF250720:O:62,1,1,1,1,1,0,0,20250720,20251223
GNE:GOAO309:309:307MF250720:O:64,1,1,1,1,1,0,0,20250720,20251223
GNE:GOAO309:309:307MF250720:O:66,1,1,1,1,1,0,0,20250720,20251223
GNE:GOAO309:309:307MF250720:O:68,1,1,1,1,1,0,0,20250720,20251223
GNE:GOAO309:309:307MF250720:O:70,1,1,1,1,1,0,0,20250720,20251223
GNE:GOAO309:309:307MF250720:O:72,1,1,1,1,1,0,0,20250720,20251223
GNE:GOAO309:309:307MF250720:O:74,1,1,1,1,1,0,0,20250720,20251223
GNE:GOAO309:309:307MF250720:O:76,1,1,1,1,1,0,0,20250720,20251223
GNE:GOAO309:309:307MF250720:O:78,1,1,1,1,1,0,0,20250720,20251223
GNE:GOAO309:309:307MF250720:O:80,1,1,1,1,1,0,0,20250720,20251223
GNE:GOAO309:309:307MF250720:O:82,1,1,1,1,1,0,0,20250720,20251223
GNE:GOAO309:309:307MF250720:O:84,1,1,1,1,1,0,0,20250720,20251223
GNE:GOAO309:309:307MF250720:I:1,1,1,1,1,1,0,0,20250720,20251223
GNE:GOAO309:309:307MF250720:I:3,1,1,1,1,1,0,0,20250720,20251223
GNE:GOAO309:309:307MF250720:I:5,1,1,1,1,1,0,0,20250720,20251223
GNE:GOAO309:309:307MF250720:I:7,1,1,1,1,1,0,0,20250720,20251223
GNE:GOAO309:309:307MF250720:I:9,1,1,1,1,1,0,0,20250720,20251223
GNE:GOAO309:309:307MF250720:I:11,1,1,1,1,1,0,0,20250720,20251223
GNE:GOAO309:309:307MF250720:I:13,1,1,1,1,1,0,0,20250720,20251223
GNE:GOAO309:309:307MF250720:I:15,1,1,1,1,1,0,0,20250720,20251223
GNE:GOAO309:309:307MF250720:I:17,1,1,1,1,1,0,0,20250720,20251223
GNE:GOAO309:309:307MF250720:I:19,1,1,1,1,1,0,0,20250720,20251223
GNE:GOAO309:309:307MF250720:I:21,1,1,1,1,1,0,0,20250720,20251223
GNE:GOAO309:309:307MF250720:I:23,1,1,1,1,1,0,0,20250720,20251223
GNE:GOAO309:309:307MF250720:I:25,1,1,1,1,1,0,0,20250720,20251223
GNE:GOAO309:309:307MF250720:I:27,1,1,1,1,1,0,0,20250720,20251223
GNE:GOAO309:309:307MF250720:I:29,1,1,1,1,1,0,0,20250720,20251223
GNE:GOAO309:309:307MF250720:I:31,1,1,1,1,1,0,0,20250720,20251223
GNE:GOAO309:309:307MF250720:I:33,1,1,1,1,1,0,0,20250720,20251223
GNE:GOAO309:309:307MF250720:I:35,1,1,1,1,1,0,0,20250720,20251223
GNE:GOAO309:309:307MF250720:I:37,1,1,1,1,1,0,0,20250720,20251223
GNE:GOAO309:309:307MF250720:I:39,1,1,1,1,1,0,0,20250720,20251223
GNE:GOAO309:309:307MF250720:I:41,1,1,1,1,1,0,0,20250720,20251223
GNE:GOAO309:309:307MF250720:I:43,1,1,1,1,1,0,0,20250720,20251223
GNE:GOAO309:309:307MF250720:I:45,1,1,1,1,1,0,0,20250720,20251223
GNE:GOAO309:309:307MF250720:I:47,1,1,1,1,1,0,0,20250720,20251223
GNE:GOAO309:309:307MF250720:I:49,1,1,1,1,1,0,0,20250720,20251223
GNE:GOAO309:309:307MF250720:I:51,1,1,1,1,1,0,0,20250720,20251223
GNE:GOAO309:309:307MF250720:I:53,1,1,1,1,1,0,0,20250720,20251223
GNE:GOAO309:309:307MF250720:I:55,1,1,1,1,1,0,0,20250720,20251223
GNE:GOAO309:309:307MF250720:I:57,1,1,1,1,1,0,0,20250720,20251223
GNE:GOAO309:309:307MF250720:I:59,1,1,1,1,1,0,0,20250720,20251223
GNE:GOAO309:309:307MF250720:I:61,1,1,1,1,1,0,0,20250720,20251223
GNE:GOAO309:309:307MF250720:I:63,1,1,1,1,1,0,0,20250720,20251223
GNE:GOAO309:309:307MF250720:I:65,1,1,1,1,1,0,0,20250720,20251223
GNE:GOAO309:309:307MF250720:I:67,1,1,1,1,1,0,0,20250720,20251223
GNE:GOAO309:309:307MF250720:I:69,1,1,1,1,1,0,0,20250720,20251223
GNE:GOAO309:309:307MF250720:I:71,1,1,1,1,1,0,0,20250720,20251223
GNE:GOAO309:309:307MF250720:I:73,1,1,1,1,1,0,0,20250720,20251223
GNE:GOAO309:309:307MF250720:I:75,1,1,1,1,1,0,0,20250720,20251223
GNE:GOAO309:309:307MF250720:I:77,1,1,1,1,1,0,0,20250720,20251223
GNE:GOAO309:309:307MF250720:I:79,1,1,1,1,1,0,0,20250720,20251223
GNE:GOAO309:309:307MF250720:I:81,1,1,1,1,1,0,0,20250720,20251223
GNE:GOAO309:309:307MF250720:I:83,1,1,1,1,1,0,0,20250720,20251223
GNE:GOAO309:309:307SA250720:O:3,0,0,0,0,0,1,0,20250720,20251223
GNE:GOAO309:309:307SA250720:O:5,0,0,0,0,0,1,0,20250720,20251223
GNE:GOAO309:309:307SA250720:O:7,0,0,0,0,0,1,0,20250720,20251223
GNE:GOAO309:309:307SA250720:O:9,0,0,0,0,0,1,0,20250720,20251223
GNE:GOAO309:309:307SA250720:O:11,0,0,0,0,0,1,0,20250720,20251223
GNE:GOAO309:309:307SA250720:O:13,0,0,0,0,0,1,0,20250720,20251223
GNE:GOAO309:309:307SA250720:O:15,0,0,0,0,0,1,0,20250720,20251223
GNE:GOAO309:309:307SA250720:O:17,0,0,0,0,0,1,0,20250720,20251223
GNE:GOAO309:309:307SA250720:O:19,0,0,0,0,0,1,0,20250720,20251223
GNE:GOAO309:309:307SA250720:O:21,0,0,0,0,0,1,0,20250720,20251223
GNE:GOAO309:309:307SA250720:O:23,0,0,0,0,0,1,0,20250720,20251223
GNE:GOAO309:309:307SA250720:O:25,0,0,0,0,0,1,0,20250720,20251223
GNE:GOAO309:309:307SA250720:O:27,0,0,0,0,0,1,0,20250720,20251223
GNE:GOAO309:309:307SA250720:O:29,0,0,0,0,0,1,0,20250720,20251223
GNE:GOAO309:309:307SA250720:O:31,0,0,0,0,0,1,0,20250720,20251223
GNE:GOAO309:309:307SA250720:O:33,0,0,0,0,0,1,0,20250720,20251223
GNE:GOAO309:309:307SA250720:O:35,0,0,0,0,0,1,0,20250720,20251223
GNE:GOAO309:309:307SA250720:O:37,0,0,0,0,0,1,0,20250720,20251223
GNE:GOAO309:309:307SA250720:O:39,0,0,0,0,0,1,0,20250720,20251223
GNE:GOAO309:309:307SA250720:O:41,0,0,0,0,0,1,0,20250720,20251223
GNE:GOAO309:309:307SA250720:O:43,0,0,0,0,0,1,0,20250720,20251223
GNE:GOAO309:309:307SA250720:O:45,0,0,0,0,0,1,0,20250720,20251223
GNE:GOAO309:309:307SA250720:O:47,0,0,0,0,0,1,0,20250720,20251223
GNE:GOAO309:309:307SA250720:O:49,0,0,0,0,0,1,0,20250720,20251223
GNE:GOAO309:309:307SA250720:O:51,0,0,0,0,0,1,0,20250720,20251223
GNE:GOAO309:309:307SA250720:O:53,0,0,0,0,0,1,0,20250720,20251223
GNE:GOAO309:309:307SA250720:O:55,0,0,0,0,0,1,0,20250720,20251223
GNE:GOAO309:309:307SA250720:O:57,0,0,0,0,0,1,0,20250720,20251223
GNE:GOAO309:309:307SA250720:O:59,0,0,0,0,0,1,0,20250720,20251223
GNE:GOAO309:309:307SA250720:O:61,0,0,0,0,0,1,0,20250720,20251223
GNE:GOAO309:309:307SA250720:O:63,0,0,0,0,0,1,0,20250720,20251223
GNE:GOAO309:309:307SA250720:O:65,0,0,0,0,0,1,0,20250720,20251223
GNE:GOAO309:309:307SA250720:O:67,0,0,0,0,0,1,0,20250720,20251223
GNE:GOAO309:309:307SA250720:O:69,0,0,0,0,0,1,0,20250720,20251223
GNE:GOAO309:309:307SA250720:O:71,0,0,0,0,0,1,0,20250720,20251223
GNE:GOAO309:309:307SA250720:O:73,0,0,0,0,0,1,0,20250720,20251223
GNE:GOAO309:309:307SA250720:I:1,0,0,0,0,0,1,0,20250720,20251223
GNE:GOAO309:309:307SA250720:I:2,0,0,0,0,0,1,0,20250720,20251223
GNE:GOAO309:309:307SA250720:I:4,0,0,0,0,0,1,0,20250720,20251223
GNE:GOAO309:309:307SA250720:I:5,0,0,0,0,0,1,0,20250720,20251223
GNE:GOAO309:309:307SA250720:I:7,0,0,0,0,0,1,0,20250720,20251223
GNE:GOAO309:309:307SA250720:I:9,0,0,0,0,0,1,0,20250720,20251223
GNE:GOAO309:309:307SA250720:I:11,0,0,0,0,0,1,0,20250720,20251223
GNE:GOAO309:309:307SA250720:I:13,0,0,0,0,0,1,0,20250720,20251223
GNE:GOAO309:309:307SA250720:I:15,0,0,0,0,0,1,0,20250720,20251223
GNE:GOAO309:309:307SA250720:I:17,0,0,0,0,0,1,0,20250720,20251223
GNE:GOAO309:309:307SA250720:I:19,0,0,0,0,0,1,0,20250720,20251223
GNE:GOAO309:309:307SA250720:I:21,0,0,0,0,0,1,0,20250720,20251223
GNE:GOAO309:309:307SA250720:I:23,0,0,0,0,0,1,0,20250720,20251223
GNE:GOAO309:309:307SA250720:I:25,0,0,0,0,0,1,0,20250720,20251223
GNE:GOAO309:309:307SA250720:I:27,0,0,0,0,0,1,0,20250720,20251223
GNE:GOAO309:309:307SA250720:I:29,0,0,0,0,0,1,0,20250720,20251223
GNE:GOAO309:309:307SA250720:I:31,0,0,0,0,0,1,0,20250720,20251223
GNE:GOAO309:309:307SA250720:I:33,0,0,0,0,0,1,0,20250720,20251223
GNE:GOAO309:309:307SA250720:I:35,0,0,0,0,0,1,0,20250720,20251223
GNE:GOAO309:309:307SA250720:I:37,0,0,0,0,0,1,0,20250720,20251223
GNE:GOAO309:309:307SA250720:I:39,0,0,0,0,0,1,0,20250720,20251223
GNE:GOAO309:309:307SA250720:I:41,0,0,0,0,0,1,0,20250720,20251223
GNE:GOAO309:309:307SA250720:I:43,0,0,0,0,0,1,0,20250720,20251223
GNE:GOAO309:309:307SA250720:I:45,0,0,0,0,0,1,0,20250720,20251223
GNE:GOAO309:309:307SA250720:I:47,0,0,0,0,0,1,0,20250720,20251223
GNE:GOAO309:309:307SA250720:I:49,0,0,0,0,0,1,0,20250720,20251223
GNE:GOAO309:309:307SA250720:I:51,0,0,0,0,0,1,0,20250720,20251223
GNE:GOAO309:309:307SA250720:I:53,0,0,0,0,0,1,0,20250720,20251223
GNE:GOAO309:309:307SA250720:I:55,0,0,0,0,0,1,0,20250720,20251223
GNE:GOAO309:309:307SA250720:I:57,0,0,0,0,0,1,0,20250720,20251223
GNE:GOAO309:309:307SA250720:I:59,0,0,0,0,0,1,0,20250720,20251223
GNE:GOAO309:309:307SA250720:I:61,0,0,0,0,0,1,0,20250720,20251223
GNE:GOAO309:309:307SA250720:I:63,0,0,0,0,0,1,0,20250720,20251223
GNE:GOAO309:309:307SA250720:I:65,0,0,0,0,0,1,0,20250720,20251223
GNE:GOAO309:309:307SA250720:I:67,0,0,0,0,0,1,0,20250720,20251223
GNE:GOAO309:309:307SA250720:I:69,0,0,0,0,0,1,0,20250720,20251223
GNE:GOAO309:309:307SA250720:I:71,0,0,0,0,0,1,0,20250720,20251223
GNE:GOAO309:309:307SA250720:I:73,0,0,0,0,0,1,0,20250720,20251223
GNE:GOAO309:309:307SA250720:I:75,0,0,0,0,0,1,0,20250720,20251223
GNE:GOAO309:309:307SU250720:O:2,0,0,0,0,0,0,1,20250720,20251223
GNE:GOAO309:309:307SU250720:O:4,0,0,0,0,0,0,1,20250720,20251223
GNE:GOAO309:309:307SU250720:O:6,0,0,0,0,0,0,1,20250720,20251223
GNE:GOAO309:309:307SU250720:O:8,0,0,0,0,0,0,1,20250720,20251223
GNE:GOAO309:309:307SU250720:O:10,0,0,0,0,0,0,1,20250720,20251223
GNE:GOAO309:309:307SU250720:O:12,0,0,0,0,0,0,1,20250720,20251223
GNE:GOAO309:309:307SU250720:O:14,0,0,0,0,0,0,1,20250720,20251223
GNE:GOAO309:309:307SU250720:O:16,0,0,0,0,0,0,1,20250720,20251223
GNE:GOAO309:309:307SU250720:O:18,0,0,0,0,0,0,1,20250720,20251223
GNE:GOAO309:309:307SU250720:O:20,0,0,0,0,0,0,1,20250720,20251223
GNE:GOAO309:309:307SU250720:O:22,0,0,0,0,0,0,1,20250720,20251223
GNE:GOAO309:309:307SU250720:O:24,0,0,0,0,0,0,1,20250720,20251223
GNE:GOAO309:309:307SU250720:O:26,0,0,0,0,0,0,1,20250720,20251223
GNE:GOAO309:309:307SU250720:O:28,0,0,0,0,0,0,1,20250720,20251223
GNE:GOAO309:309:307SU250720:O:30,0,0,0,0,0,0,1,20250720,20251223
GNE:GOAO309:309:307SU250720:O:32,0,0,0,0,0,0,1,20250720,20251223
GNE:GOAO309:309:307SU250720:O:34,0,0,0,0,0,0,1,20250720,20251223
GNE:GOAO309:309:307SU250720:O:36,0,0,0,0,0,0,1,20250720,20251223
GNE:GOAO309:309:307SU250720:O:38,0,0,0,0,0,0,1,20250720,20251223
GNE:GOAO309:309:307SU250720:O:40,0,0,0,0,0,0,1,20250720,20251223
GNE:GOAO309:309:307SU250720:O:42,0,0,0,0,0,0,1,20250720,20251223
GNE:GOAO309:309:307SU250720:O:44,0,0,0,0,0,0,1,20250720,20251223
GNE:GOAO309:309:307SU250720:O:46,0,0,0,0,0,0,1,20250720,20251223
GNE:GOAO309:309:307SU250720:O:48,0,0,0,0,0,0,1,20250720,20251223
GNE:GOAO309:309:307SU250720:O:50,0,0,0,0,0,0,1,20250720,20251223
GNE:GOAO309:309:307SU250720:O:52,0,0,0,0,0,0,1,20250720,20251223
GNE:GOAO309:309:307SU250720:I:1,0,0,0,0,0,0,1,20250720,20251223
GNE:GOAO309:309:307SU250720:I:2,0,0,0,0,0,0,1,20250720,20251223
GNE:GOAO309:309:307SU250720:I:4,0,0,0,0,0,0,1,20250720,20251223
GNE:GOAO309:309:307SU250720:I:5,0,0,0,0,0,0,1,20250720,20251223
GNE:GOAO309:309:307SU250720:I:7,0,0,0,0,0,0,1,20250720,20251223
GNE:GOAO309:309:307SU250720:I:9,0,0,0,0,0,0,1,20250720,20251223
GNE:GOAO309:309:307SU250720:I:11,0,0,0,0,0,0,1,20250720,20251223
GNE:GOAO309:309:307SU250720:I:13,0,0,0,0,0,0,1,20250720,20251223
GNE:GOAO309:309:307SU250720:I:15,0,0,0,0,0,0,1,20250720,20251223
GNE:GOAO309:309:307SU250720:I:17,0,0,0,0,0,0,1,20250720,20251223
GNE:GOAO309:309:307SU250720:I:19,0,0,0,0,0,0,1,20250720,20251223
GNE:GOAO309:309:307SU250720:I:21,0,0,0,0,0,0,1,20250720,20251223
GNE:GOAO309:309:307SU250720:I:23,0,0,0,0,0,0,1,20250720,20251223
GNE:GOAO309:309:307SU250720:I:25,0,0,0,0,0,0,1,20250720,20251223
GNE:GOAO309:309:307SU250720:I:27,0,0,0,0,0,0,1,20250720,20251223
GNE:GOAO309:309:307SU250720:I:29,0,0,0,0,0,0,1,20250720,20251223
GNE:GOAO309:309:307SU250720:I:31,0,0,0,0,0,0,1,20250720,20251223
GNE:GOAO309:309:307SU250720:I:33,0,0,0,0,0,0,1,20250720,20251223
GNE:GOAO309:309:307SU250720:I:35,0,0,0,0,0,0,1,20250720,20251223
GNE:GOAO309:309:307SU250720:I:37,0,0,0,0,0,0,1,20250720,20251223
GNE:GOAO309:309:307SU250720:I:39,0,0,0,0,0,0,1,20250720,20251223
GNE:GOAO309:309:307SU250720:I:41,0,0,0,0,0,0,1,20250720,20251223
GNE:GOAO309:309:307SU250720:I:43,0,0,0,0,0,0,1,20250720,20251223
GNE:GOAO309:309:307SU250720:I:45,0,0,0,0,0,0,1,20250720,20251223
GNE:GOAO309:309:307SU250720:I:47,0,0,0,0,0,0,1,20250720,20251223
GNE:GOAO309:309:307SU250720:I:49,0,0,0,0,0,0,1,20250720,20251223
GNE:GOAO309:309:307SU250720:I:51,0,0,0,0,0,0,1,20250720,20251223
GNE:GOAO309:309:307SU250720:I:53,0,0,0,0,0,0,1,20250720,20251223
GNE:GOAO317:317:317MF250720:O:1,1,1,1,1,1,0,0,20250720,20251223
GNE:GOAO317:317:317MF250720:O:2,1,1,1,1,1,0,0,20250720,20251223
GNE:GOAO317:317:317MF250720:O:3,1,1,1,1,1,0,0,20250720,20251223
GNE:GOAO317:317:317MF250720:O:4,1,1,1,1,1,0,0,20250720,20251223
GNE:GOAO317:317:317MF250720:O:5,1,1,1,1,1,0,0,20250720,20251223
GNE:GOAO317:317:317MF250720:O:6,1,1,1,1,1,0,0,20250720,20251223
GNE:GOAO317:317:317MF250720:O:7,1,1,1,1,1,0,0,20250720,20251223
GNE:GOAO317:317:317MF250720:O:8,1,1,1,1,1,0,0,20250720,20251223
GNE:GOAO317:317:317MF250720:O:9,1,1,1,1,1,0,0,20250720,20251223
GNE:GOAO317:317:317MF250720:O:10,1,1,1,1,1,0,0,20250720,20251223
GNE:GOAO317:317:317MF250720:O:11,1,1,1,1,1,0,0,20250720,20251223
GNE:GOAO317:317:317MF250720:O:12,1,1,1,1,1,0,0,20250720,20251223
GNE:GOAO317:317:317MF250720:O:13,1,1,1,1,1,0,0,20250720,20251223
GNE:GOAO317:317:317MF250720:O:14,1,1,1,1,1,0,0,20250720,20251223
GNE:GOAO317:317:317MF250720:O:15,1,1,1,1,1,0,0,20250720,20251223
GNE:GOAO317:317:317MF250720:O:16,1,1,1,1,1,0,0,20250720,20251223
GNE:GOAO317:317:317MF250720:O:17,1,1,1,1,1,0,0,20250720,20251223
GNE:GOAO317:317:317MF250720:O:18,1,1,1,1,1,0,0,20250720,20251223
GNE:GOAO317:317:317MF250720:O:19,1,1,1,1,1,0,0,20250720,20251223
GNE:GOAO317:317:317MF250720:O:20,1,1,1,1,1,0,0,20250720,20251223
GNE:GOAO317:317:317MF250720:O:21,1,1,1,1,1,0,0,20250720,20251223
GNE:GOAO317:317:317MF250720:O:22,1,1,1,1,1,0,0,20250720,20251223
GNE:GOAO317:317:317MF250720:O:23,1,1,1,1,1,0,0,20250720,20251223
GNE:GOAO317:317:317MF250720:O:24,1,1,1,1,1,0,0,20250720,20251223
GNE:GOAO317:317:317MF250720:O:25,1,1,1,1,1,0,0,20250720,20251223
GNE:GOAO317:317:317MF250720:O:26,1,1,1,1,1,0,0,20250720,20251223
GNE:GOAO317:317:317MF250720:O:27,1,1,1,1,1,0,0,20250720,20251223
GNE:GOAO317:317:317MF250720:O:28,1,1,1,1,1,0,0,20250720,20251223
GNE:GOAO317:317:317MF250720:O:29,1,1,1,1,1,0,0,20250720,20251223
GNE:GOAO317:317:317MF250720:O:30,1,1,1,1,1,0,0,20250720,20251223
GNE:GOAO317:317:317MF250720:O:31,1,1,1,1,1,0,0,20250720,20251223
GNE:GOAO317:317:317MF250720:O:32,1,1,1,1,1,0,0,20250720,20251223
GNE:GOAO317:317:317MF250720:O:33,1,1,1,1,1,0,0,20250720,20251223
GNE:GOAO317:317:317MF250720:O:34,1,1,1,1,1,0,0,20250720,20251223
GNE:GOAO317:317:317MF250720:I:1,1,1,1,1,1,0,0,20250720,20251223
GNE:GOAO317:317:317MF250720:I:2,1,1,1,1,1,0,0,20250720,20251223
GNE:GOAO317:317:317MF250720:I:3,1,1,1,1,1,0,0,20250720,20251223
GNE:GOAO317:317:317MF250720:I:4,1,1,1,1,1,0,0,20250720,20251223
GNE:GOAO317:317:317MF250720:I:5,1,1,1,1,1,0,0,20250720,20251223
GNE:GOAO317:317:317MF250720:I:6,1,1,1,1,1,0,0,20250720,20251223
GNE:GOAO317:317:317MF250720:I:7,1,1,1,1,1,0,0,20250720,20251223
GNE:GOAO317:317:317MF250720:I:8,1,1,1,1,1,0,0,20250720,20251223
GNE:GOAO317:317:317MF250720:I:9,1,1,1,1,1,0,0,20250720,20251223
GNE:GOAO317:317:317MF250720:I:10,1,1,1,1,1,0,0,20250720,20251223
GNE:GOAO317:317:317MF250720:I:11,1,1,1,1,1,0,0,20250720,20251223
GNE:GOAO317:317:317MF250720:I:12,1,1,1,1,1,0,0,20250720,20251223
GNE:GOAO317:317:317MF250720:I:13,1,1,1,1,1,0,0,20250720,20251223
GNE:GOAO317:317:317MF250720:I:14,1,1,1,1,1,0,0,20250720,20251223
GNE:GOAO317:317:317MF250720:I:15,1,1,1,1,1,0,0,20250720,20251223
GNE:GOAO317:317:317MF250720:I:16,1,1,1,1,1,0,0,20250720,20251223
GNE:GOAO317:317:317MF250720:I:17,1,1,1,1,1,0,0,20250720,20251223
GNE:GOAO317:317:317MF250720:I:18,1,1,1,1,1,0,0,20250720,20251223
GNE:GOAO317:317:317MF250720:I:19,1,1,1,1,1,0,0,20250720,20251223
GNE:GOAO317:317:317MF250720:I:20,1,1,1,1,1,0,0,20250720,20251223
GNE:GOAO317:317:317MF250720:I:21,1,1,1,1,1,0,0,20250720,20251223
GNE:GOAO317:317:317MF250720:I:22,1,1,1,1,1,0,0,20250720,20251223
GNE:GOAO317:317:317MF250720:I:23,1,1,1,1,1,0,0,20250720,20251223
GNE:GOAO317:317:317MF250720:I:24,1,1,1,1,1,0,0,20250720,20251223
GNE:GOAO317:317:317MF250720:I:25,1,1,1,1,1,0,0,20250720,20251223
GNE:GOAO317:317:317MF250720:I:26,1,1,1,1,1,0,0,20250720,20251223
GNE:GOAO317:317:317MF250720:I:27,1,1,1,1,1,0,0,20250720,20251223
GNE:GOAO317:317:317MF250720:I:28,1,1,1,1,1,0,0,20250720,20251223
GNE:GOAO317:317:317MF250720:I:29,1,1,1,1,1,0,0,20250720,20251223
GNE:GOAO317:317:317MF250720:I:30,1,1,1,1,1,0,0,20250720,20251223
GNE:GOAO317:317:317MF250720:I:31,1,1,1,1,1,0,0,20250720,20251223
GNE:GOAO317:317:317MF250720:I:32,1,1,1,1,1,0,0,20250720,20251223
GNE:GOAO317:317:317MF250720:I:33,1,1,1,1,1,0,0,20250720,20251223
GNE:GOAO317:317:317SA250720:O:1,0,0,0,0,0,1,0,20250720,20251223
GNE:GOAO317:317:317SA250720:O:2,0,0,0,0,0,1,0,20250720,20251223
GNE:GOAO317:317:317SA250720:O:3,0,0,0,0,0,1,0,20250720,20251223
GNE:GOAO317:317:317SA250720:O:4,0,0,0,0,0,1,0,20250720,20251223
GNE:GOAO317:317:317SA250720:O:5,0,0,0,0,0,1,0,20250720,20251223
GNE:GOAO317:317:317SA250720:O:6,0,0,0,0,0,1,0,20250720,20251223
GNE:GOAO317:317:317SA250720:O:7,0,0,0,0,0,1,0,20250720,20251223
GNE:GOAO317:317:317SA250720:O:8,0,0,0,0,0,1,0,20250720,20251223
GNE:GOAO317:317:317SA250720:O:9,0,0,0,0,0,1,0,20250720,20251223
GNE:GOAO317:317:317SA250720:O:10,0,0,0,0,0,1,0,20250720,20251223
GNE:GOAO317:317:317SA250720:O:11,0,0,0,0,0,1,0,20250720,20251223
GNE:GOAO317:317:317SA250720:O:12,0,0,0,0,0,1,0,20250720,20251223
GNE:GOAO317:317:317SA250720:O:13,0,0,0,0,0,1,0,20250720,20251223
GNE:GOAO317:317:317SA250720:O:14,0,0,0,0,0,1,0,20250720,20251223
GNE:GOAO317:317:317SA250720:O:15,0,0,0,0,0,1,0,20250720,20251223
GNE:GOAO317:317:317SA250720:O:16,0,0,0,0,0,1,0,20250720,20251223
GNE:GOAO317:317:317SA250720:O:17,0,0,0,0,0,1,0,20250720,20251223
GNE:GOAO317:317:317SA250720:O:18,0,0,0,0,0,1,0,20250720,20251223
GNE:GOAO317:317:317SA250720:O:19,0,0,0,0,0,1,0,20250720,20251223
GNE:GOAO317:317:317SA250720:O:20,0,0,0,0,0,1,0,20250720,20251223
GNE:GOAO317:317:317SA250720:O:21,0,0,0,0,0,1,0,20250720,20251223
GNE:GOAO317:317:317SA250720:O:22,0,0,0,0,0,1,0,20250720,20251223
GNE:GOAO317:317:317SA250720:O:23,0,0,0,0,0,1,0,20250720,20251223
GNE:GOAO317:317:317SA250720:O:24,0,0,0,0,0,1,0,20250720,20251223
GNE:GOAO317:317:317SA250720:O:25,0,0,0,0,0,1,0,20250720,20251223
GNE:GOAO317:317:317SA250720:O:26,0,0,0,0,0,1,0,20250720,20251223
GNE:GOAO317:317:317SA250720:O:27,0,0,0,0,0,1,0,20250720,20251223
GNE:GOAO317:317:317SA250720:O:28,0,0,0,0,0,1,0,20250720,20251223
GNE:GOAO317:317:317SA250720:O:29,0,0,0,0,0,1,0,20250720,20251223
GNE:GOAO317:317:317SA250720:O:30,0,0,0,0,0,1,0,20250720,20251223
GNE:GOAO317:317:317SA250720:O:31,0,0,0,0,0,1,0,20250720,20251223
GNE:GOAO317:317:317SA250720:O:32,0,0,0,0,0,1,0,20250720,20251223
GNE:GOAO317:317:317SA250720:O:33,0,0,0,0,0,1,0,20250720,20251223
GNE:GOAO317:317:317SA250720:O:34,0,0,0,0,0,1,0,20250720,20251223
GNE:GOAO317:317:317SA250720:I:1,0,0,0,0,0,1,0,20250720,20251223
GNE:GOAO317:317:317SA250720:I:2,0,0,0,0,0,1,0,20250720,20251223
GNE:GOAO317:317:317SA250720:I:3,0,0,0,0,0,1,0,20250720,20251223
GNE:GOAO317:317:317SA250720:I:4,0,0,0,0,0,1,0,20250720,20251223
GNE:GOAO317:317:317SA250720:I:5,0,0,0,0,0,1,0,20250720,20251223
GNE:GOAO317:317:317SA250720:I:6,0,0,0,0,0,1,0,20250720,20251223
GNE:GOAO317:317:317SA250720:I:7,0,0,0,0,0,1,0,20250720,20251223
GNE:GOAO317:317:317SA250720:I:8,0,0,0,0,0,1,0,20250720,20251223
GNE:GOAO317:317:317SA250720:I:9,0,0,0,0,0,1,0,20250720,20251223
GNE:GOAO317:317:317SA250720:I:10,0,0,0,0,0,1,0,20250720,20251223
GNE:GOAO317:317:317SA250720:I:11,0,0,0,0,0,1,0,20250720,20251223
GNE:GOAO317:317:317SA250720:I:12,0,0,0,0,0,1,0,20250720,20251223
GNE:GOAO317:317:317SA250720:I:13,0,0,0,0,0,1,0,20250720,20251223
GNE:GOAO317:317:317SA250720:I:14,0,0,0,0,0,1,0,20250720,20251223
GNE:GOAO317:317:317SA250720:I:15,0,0,0,0,0,1,0,20250720,20251223
GNE:GOAO317:317:317SA250720:I:16,0,0,0,0,0,1,0,20250720,20251223
GNE:GOAO317:317:317SA250720:I:17,0,0,0,0,0,1,0,20250720,20251223
GNE:GOAO317:317:317SA250720:I:18,0,0,0,0,0,1,0,20250720,20251223
GNE:GOAO317:317:317SA250720:I:19,0,0,0,0,0,1,0,20250720,20251223
GNE:GOAO317:317:317SA250720:I:20,0,0,0,0,0,1,0,20250720,20251223
GNE:GOAO317:317:317SA250720:I:21,0,0,0,0,0,1,0,20250720,20251223
GNE:GOAO317:317:317SA250720:I:22,0,0,0,0,0,1,0,20250720,20251223
GNE:GOAO317:317:317SA250720:I:23,0,0,0,0,0,1,0,20250720,20251223
GNE:GOAO317:317:317SA250720:I:24,0,0,0,0,0,1,0,20250720,20251223
GNE:GOAO317:317:317SA250720:I:25,0,0,0,0,0,1,0,20250720,20251223
GNE:GOAO317:317:317SA250720:I:26,0,0,0,0,0,1,0,20250720,20251223
GNE:GOAO317:317:317SA250720:I:27,0,0,0,0,0,1,0,20250720,20251223
GNE:GOAO317:317:317SA250720:I:28,0,0,0,0,0,1,0,20250720,20251223
GNE:GOAO317:317:317SA250720:I:29,0,0,0,0,0,1,0,20250720,20251223
GNE:GOAO317:317:317SA250720:I:30,0,0,0,0,0,1,0,20250720,20251223
GNE:GOAO317:317:317SA250720:I:31,0,0,0,0,0,1,0,20250720,20251223
GNE:GOAO317:317:317SA250720:I:32,0,0,0,0,0,1,0,20250720,20251223
GNE:GOAO317:317:317SA250720:I:33,0,0,0,0,0,1,0,20250720,20251223
GNE:GOAO317:317:317SU250720:O:1,0,0,0,0,0,0,1,20250720,20251223
GNE:GOAO317:317:317SU250720:O:2,0,0,0,0,0,0,1,20250720,20251223
GNE:GOAO317:317:317SU250720:O:3,0,0,0,0,0,0,1,20250720,20251223
GNE:GOAO317:317:317SU250720:O:4,0,0,0,0,0,0,1,20250720,20251223
GNE:GOAO317:317:317SU250720:O:5,0,0,0,0,0,0,1,20250720,20251223
GNE:GOAO317:317:317SU250720:O:6,0,0,0,0,0,0,1,20250720,20251223
GNE:GOAO317:317:317SU250720:O:7,0,0,0,0,0,0,1,20250720,20251223
GNE:GOAO317:317:317SU250720:O:8,0,0,0,0,0,0,1,20250720,20251223
GNE:GOAO317:317:317SU250720:O:9,0,0,0,0,0,0,1,20250720,20251223
GNE:GOAO317:317:317SU250720:O:10,0,0,0,0,0,0,1,20250720,20251223
GNE:GOAO317:317:317SU250720:O:11,0,0,0,0,0,0,1,20250720,20251223
GNE:GOAO317:317:317SU250720:O:12,0,0,0,0,0,0,1,20250720,20251223
GNE:GOAO317:317:317SU250720:O:13,0,0,0,0,0,0,1,20250720,20251223
GNE:GOAO317:317:317SU250720:O:14,0,0,0,0,0,0,1,20250720,20251223
GNE:GOAO317:317:317SU250720:O:15,0,0,0,0,0,0,1,20250720,20251223
GNE:GOAO317:317:317SU250720:O:16,0,0,0,0,0,0,1,20250720,20251223
GNE:GOAO317:317:317SU250720:O:17,0,0,0,0,0,0,1,20250720,20251223
GNE:GOAO317:317:317SU250720:O:18,0,0,0,0,0,0,1,20250720,20251223
GNE:GOAO317:317:317SU250720:O:19,0,0,0,0,0,0,1,20250720,20251223
GNE:GOAO317:317:317SU250720:O:20,0,0,0,0,0,0,1,20250720,20251223
GNE:GOAO317:317:317SU250720:O:21,0,0,0,0,0,0,1,20250720,20251223
GNE:GOAO317:317:317SU250720:O:22,0,0,0,0,0,0,1,20250720,20251223
GNE:GOAO317:317:317SU250720:O:23,0,0,0,0,0,0,1,20250720,20251223
GNE:GOAO317:317:317SU250720:O:24,0,0,0,0,0,0,1,20250720,20251223
GNE:GOAO317:317:317SU250720:O:25,0,0,0,0,0,0,1,20250720,20251223
GNE:GOAO317:317:317SU250720:O:26,0,0,0,0,0,0,1,20250720,20251223
GNE:GOAO317:317:317SU250720:O:27,0,0,0,0,0,0,1,20250720,20251223
GNE:GOAO317:317:317SU250720:O:28,0,0,0,0,0,0,1,20250720,20251223
GNE:GOAO317:317:317SU250720:O:29,0,0,0,0,0,0,1,20250720,20251223
GNE:GOAO317:317:317SU250720:I:1,0,0,0,0,0,0,1,20250720,20251223
GNE:GOAO317:317:317SU250720:I:2,0,0,0,0,0,0,1,20250720,20251223
GNE:GOAO317:317:317SU250720:I:3,0,0,0,0,0,0,1,20250720,20251223
GNE:GOAO317:317:317SU250720:I:4,0,0,0,0,0,0,1,20250720,20251223
GNE:GOAO317:317:317SU250720:I:5,0,0,0,0,0,0,1,20250720,20251223
GNE:GOAO317:317:317SU250720:I:6,0,0,0,0,0,0,1,20250720,20251223
GNE:GOAO317:317:317SU250720:I:7,0,0,0,0,0,0,1,20250720,20251223
GNE:GOAO317:317:317SU250720:I:8,0,0,0,0,0,0,1,20250720,20251223
GNE:GOAO317:317:317SU250720:I:9,0,0,0,0,0,0,1,20250720,20251223
GNE:GOAO317:317:317SU250720:I:10,0,0,0,0,0,0,1,20250720,20251223
GNE:GOAO317:317:317SU250720:I:11,0,0,0,0,0,0,1,20250720,20251223
GNE:GOAO317:317:317SU250720:I:12,0,0,0,0,0,0,1,20250720,20251223
GNE:GOAO317:317:317SU250720:I:13,0,0,0,0,0,0,1,20250720,20251223
GNE:GOAO317:317:317SU250720:I:14,0,0,0,0,0,0,1,20250720,20251223
GNE:GOAO317:317:317SU250720:I:15,0,0,0,0,0,0,1,20250720,20251223
GNE:GOAO317:317:317SU250720:I:16,0,0,0,0,0,0,1,20250720,20251223
GNE:GOAO317:317:317SU250720:I:17,0,0,0,0,0,0,1,20250720,20251223
GNE:GOAO317:317:317SU250720:I:18,0,0,0,0,0,0,1,20250720,20251223
GNE:GOAO317:317:317SU250720:I:19,0,0,0,0,0,0,1,20250720,20251223
GNE:GOAO317:317:317SU250720:I:20,0,0,0,0,0,0,1,20250720,20251223
GNE:GOAO317:317:317SU250720:I:21,0,0,0,0,0,0,1,20250720,20251223
GNE:GOAO317:317:317SU250720:I:22,0,0,0,0,0,0,1,20250720,20251223
GNE:GOAO317:317:317SU250720:I:23,0,0,0,0,0,0,1,20250720,20251223
GNE:GOAO317:317:317SU250720:I:24,0,0,0,0,0,0,1,20250720,20251223
GNE:GOAO317:317:317SU250720:I:25,0,0,0,0,0,0,1,20250720,20251223
GNE:GOAO317:317:317SU250720:I:26,0,0,0,0,0,0,1,20250720,20251223
GNE:GOAO317:317:317SU250720:I:27,0,0,0,0,0,0,1,20250720,20251223
GNE:GOAO317:317:317SU250720:I:28,0,0,0,0,0,0,1,20250720,20251223
GNE:GOAO317:317:317SU250720:I:29,0,0,0,0,0,0,1,20250720,20251223
GNE:GOAO327:327:327BH250720:O:1,0,0,0,0,0,0,0,20250720,20251223
GNE:GOAO327:327:327BH250720:I:1,0,0,0,0,0,0,0,20250720,20251223
GNE:GOAO327:327:327BH250720:I:2,0,0,0,0,0,0,0,20250720,20251223
GNE:GOAO327:327:327MF250720:O:1,0,0,0,0,0,0,0,20250720,20251223
GNE:GOAO327:327:327MF250720:I:1,0,0,0,0,0,0,0,20250720,20251223
GNE:GOAO327:327:327MF250720:I:2,0,0,0,0,0,0,0,20250720,20251223
GNE:GOAO327:327:327SA250720:O:1,0,0,0,0,0,0,0,20250720,20251223
GNE:GOAO327:327:327SA250720:I:1,0,0,0,0,0,0,0,20250720,20251223
GNE:GOAO327:327:327SA250720:I:2,0,0,0,0,0,0,0,20250720,20251223
GNE:GOAO327:327:327SU250720:O:1,0,0,0,0,0,0,0,20250720,20251223
GNE:GOAO327:327:327SU250720:I:1,0,0,0,0,0,0,0,20250720,20251223
GNE:GOAO327:327:327SU250720:I:2,0,0,0,0,0,0,0,20250720,20251223
GNE:GOAO340:340:341MF250720:O:2,1,1,1,1,1,0,0,20250720,20251223
GNE:GOAO340:340:341MF250720:O:4,1,1,1,1,1,0,0,20250720,20251223
GNE:GOAO340:340:341MF250720:O:6,1,1,1,1,1,0,0,20250720,20251223
GNE:GOAO340:340:341MF250720:O:8,1,1,1,1,1,0,0,20250720,20251223
GNE:GOAO340:340:341MF250720:O:10,1,1,1,1,1,0,0,20250720,20251223
GNE:GOAO340:340:341MF250720:O:12,1,1,1,1,1,0,0,20250720,20251223
GNE:GOAO340:340:341MF250720:O:14,1,1,1,1,1,0,0,20250720,20251223
GNE:GOAO340:340:341MF250720:O:16,1,1,1,1,1,0,0,20250720,20251223
GNE:GOAO340:340:341MF250720:O:18,1,1,1,1,1,0,0,20250720,20251223
GNE:GOAO340:340:341MF250720:O:20,1,1,1,1,1,0,0,20250720,20251223
GNE:GOAO340:340:341MF250720:O:22,1,1,1,1,1,0,0,20250720,20251223
GNE:GOAO340:340:341MF250720:O:24,1,1,1,1,1,0,0,20250720,20251223
GNE:GOAO340:340:341MF250720:O:26,1,1,1,1,1,0,0,20250720,20251223
GNE:GOAO340:340:341MF250720:O:28,1,1,1,1,1,0,0,20250720,20251223
GNE:GOAO340:340:341MF250720:O:30,1,1,1,1,1,0,0,20250720,20251223
GNE:GOAO340:340:341MF250720:O:32,1,1,1,1,1,0,0,20250720,20251223
GNE:GOAO340:340:341MF250720:O:34,1,1,1,1,1,0,0,20250720,20251223
GNE:GOAO340:340:341MF250720:O:36,1,1,1,1,1,0,0,20250720,20251223
GNE:GOAO340:340:341MF250720:O:38,1,1,1,1,1,0,0,20250720,20251223
GNE:GOAO340:340:341MF250720:O:40,1,1,1,1,1,0,0,20250720,20251223
GNE:GOAO340:340:341MF250720:I:2,1,1,1,1,1,0,0,20250720,20251223
GNE:GOAO340:340:341MF250720:I:4,1,1,1,1,1,0,0,20250720,20251223
GNE:GOAO340:340:341MF250720:I:6,1,1,1,1,1,0,0,20250720,20251223
GNE:GOAO340:340:341MF250720:I:8,1,1,1,1,1,0,0,20250720,20251223
GNE:GOAO340:340:341MF250720:I:10,1,1,1,1,1,0,0,20250720,20251223
GNE:GOAO340:340:341MF250720:I:12,1,1,1,1,1,0,0,20250720,20251223
GNE:GOAO340:340:341MF250720:I:14,1,1,1,1,1,0,0,20250720,20251223
GNE:GOAO340:340:341MF250720:I:16,1,1,1,1,1,0,0,20250720,20251223
GNE:GOAO340:340:341MF250720:I:18,1,1,1,1,1,0,0,20250720,20251223
GNE:GOAO340:340:341MF250720:I:20,1,1,1,1,1,0,0,20250720,20251223
GNE:GOAO340:340:341MF250720:I:22,1,1,1,1,1,0,0,20250720,20251223
GNE:GOAO340:340:341MF250720:I:24,1,1,1,1,1,0,0,20250720,20251223
GNE:GOAO340:340:341MF250720:I:26,1,1,1,1,1,0,0,20250720,20251223
GNE:GOAO340:340:341MF250720:I:28,1,1,1,1,1,0,0,20250720,20251223
GNE:GOAO340:340:341MF250720:I:30,1,1,1,1,1,0,0,20250720,20251223
GNE:GOAO340:340:341MF250720:I:32,1,1,1,1,1,0,0,20250720,20251223
GNE:GOAO340:340:341MF250720:I:34,1,1,1,1,1,0,0,20250720,20251223
GNE:GOAO340:340:341MF250720:I:36,1,1,1,1,1,0,0,20250720,20251223
GNE:GOAO340:340:341MF250720:I:38,1,1,1,1,1,0,0,20250720,20251223
GNE:GOAO340:340:341MF250720:I:40,1,1,1,1,1,0,0,20250720,20251223
GNE:GOAO340:340:341MF250720:I:42,1,1,1,1,1,0,0,20250720,20251223
GNE:GOAO340:340:341SA250720:O:4,0,0,0,0,0,1,0,20250720,20251223
GNE:GOAO340:340:341SA250720:O:6,0,0,0,0,0,1,0,20250720,20251223
GNE:GOAO340:340:341SA250720:O:8,0,0,0,0,0,1,0,20250720,20251223
GNE:GOAO340:340:341SA250720:O:10,0,0,0,0,0,1,0,20250720,20251223
GNE:GOAO340:340:341SA250720:O:12,0,0,0,0,0,1,0,20250720,20251223
GNE:GOAO340:340:341SA250720:O:14,0,0,0,0,0,1,0,20250720,20251223
GNE:GOAO340:340:341SA250720:O:16,0,0,0,0,0,1,0,20250720,20251223
GNE:GOAO340:340:341SA250720:O:18,0,0,0,0,0,1,0,20250720,20251223
GNE:GOAO340:340:341SA250720:O:20,0,0,0,0,0,1,0,20250720,20251223
GNE:GOAO340:340:341SA250720:O:22,0,0,0,0,0,1,0,20250720,20251223
GNE:GOAO340:340:341SA250720:O:24,0,0,0,0,0,1,0,20250720,20251223
GNE:GOAO340:340:341SA250720:O:26,0,0,0,0,0,1,0,20250720,20251223
GNE:GOAO340:340:341SA250720:O:28,0,0,0,0,0,1,0,20250720,20251223
GNE:GOAO340:340:341SA250720:O:30,0,0,0,0,0,1,0,20250720,20251223
GNE:GOAO340:340:341SA250720:O:32,0,0,0,0,0,1,0,20250720,20251223
GNE:GOAO340:340:341SA250720:I:4,0,0,0,0,0,1,0,20250720,20251223
GNE:GOAO340:340:341SA250720:I:6,0,0,0,0,0,1,0,20250720,20251223
GNE:GOAO340:340:341SA250720:I:8,0,0,0,0,0,1,0,20250720,20251223
GNE:GOAO340:340:341SA250720:I:10,0,0,0,0,0,1,0,20250720,20251223
GNE:GOAO340:340:341SA250720:I:12,0,0,0,0,0,1,0,20250720,20251223
GNE:GOAO340:340:341SA250720:I:14,0,0,0,0,0,1,0,20250720,20251223
GNE:GOAO340:340:341SA250720:I:16,0,0,0,0,0,1,0,20250720,20251223
GNE:GOAO340:340:341SA250720:I:18,0,0,0,0,0,1,0,20250720,20251223
GNE:GOAO340:340:341SA250720:I:20,0,0,0,0,0,1,0,20250720,20251223
GNE:GOAO340:340:341SA250720:I:22,0,0,0,0,0,1,0,20250720,20251223
GNE:GOAO340:340:341SA250720:I:24,0,0,0,0,0,1,0,20250720,20251223
GNE:GOAO340:340:341SA250720:I:26,0,0,0,0,0,1,0,20250720,20251223
GNE:GOAO340:340:341SA250720:I:28,0,0,0,0,0,1,0,20250720,20251223
GNE:GOAO340:340:341SA250720:I:30,0,0,0,0,0,1,0,20250720,20251223
GNE:GOAO340:340:341SA250720:I:32,0,0,0,0,0,1,0,20250720,20251223
GNE:GOAO340:340:341SA250720:I:34,0,0,0,0,0,1,0,20250720,20251223
GNE:GOAO340:340:341SA250720:I:36,0,0,0,0,0,1,0,20250720,20251223
GNE:GOAO341:341:341MF250720:O:1,1,1,1,1,1,0,0,20250720,20251223
GNE:GOAO341:341:341MF250720:O:3,1,1,1,1,1,0,0,20250720,20251223
GNE:GOAO341:341:341MF250720:O:5,1,1,1,1,1,0,0,20250720,20251223
GNE:GOAO341:341:341MF250720:O:7,1,1,1,1,1,0,0,20250720,20251223
GNE:GOAO341:341:341MF250720:O:9,1,1,1,1,1,0,0,20250720,20251223
GNE:GOAO341:341:341MF250720:O:11,1,1,1,1,1,0,0,20250720,20251223
GNE:GOAO341:341:341MF250720:O:13,1,1,1,1,1,0,0,20250720,20251223
GNE:GOAO341:341:341MF250720:O:15,1,1,1,1,1,0,0,20250720,20251223
GNE:GOAO341:341:341MF250720:O:17,1,1,1,1,1,0,0,20250720,20251223
GNE:GOAO341:341:341MF250720:O:19,1,1,1,1,1,0,0,20250720,20251223
GNE:GOAO341:341:341MF250720:O:21,1,1,1,1,1,0,0,20250720,20251223
GNE:GOAO341:341:341MF250720:O:23,1,1,1,1,1,0,0,20250720,20251223
GNE:GOAO341:341:341MF250720:O:25,1,1,1,1,1,0,0,20250720,20251223
GNE:GOAO341:341:341MF250720:O:27,1,1,1,1,1,0,0,20250720,20251223
GNE:GOAO341:341:341MF250720:O:29,1,1,1,1,1,0,0,20250720,20251223
GNE:GOAO341:341:341MF250720:O:31,1,1,1,1,1,0,0,20250720,20251223
GNE:GOAO341:341:341MF250720:O:33,1,1,1,1,1,0,0,20250720,20251223
GNE:GOAO341:341:341MF250720:O:35,1,1,1,1,1,0,0,20250720,20251223
GNE:GOAO341:341:341MF250720:O:37,1,1,1,1,1,0,0,20250720,20251223
GNE:GOAO341:341:341MF250720:O:39,1,1,1,1,1,0,0,20250720,20251223
GNE:GOAO341:341:341MF250720:O:41,1,1,1,1,1,0,0,20250720,20251223
GNE:GOAO341:341:341MF250720:O:42,1,1,1,1,1,0,0,20250720,20251223
GNE:GOAO341:341:341MF250720:O:43,1,1,1,1,1,0,0,20250720,20251223
GNE:GOAO341:341:341MF250720:O:44,1,1,1,1,1,0,0,20250720,20251223
GNE:GOAO341:341:341MF250720:O:45,1,1,1,1,1,0,0,20250720,20251223
GNE:GOAO341:341:341MF250720:O:46,1,1,1,1,1,0,0,20250720,20251223
GNE:GOAO341:341:341MF250720:O:47,1,1,1,1,1,0,0,20250720,20251223
GNE:GOAO341:341:341MF250720:O:48,1,1,1,1,1,0,0,20250720,20251223
GNE:GOAO341:341:341MF250720:I:1,1,1,1,1,1,0,0,20250720,20251223
GNE:GOAO341:341:341MF250720:I:3,1,1,1,1,1,0,0,20250720,20251223
GNE:GOAO341:341:341MF250720:I:5,1,1,1,1,1,0,0,20250720,20251223
GNE:GOAO341:341:341MF250720:I:7,1,1,1,1,1,0,0,20250720,20251223
GNE:GOAO341:341:341MF250720:I:9,1,1,1,1,1,0,0,20250720,20251223
GNE:GOAO341:341:341MF250720:I:11,1,1,1,1,1,0,0,20250720,20251223
GNE:GOAO341:341:341MF250720:I:13,1,1,1,1,1,0,0,20250720,20251223
GNE:GOAO341:341:341MF250720:I:15,1,1,1,1,1,0,0,20250720,20251223
GNE:GOAO341:341:341MF250720:I:17,1,1,1,1,1,0,0,20250720,20251223
GNE:GOAO341:341:341MF250720:I:19,1,1,1,1,1,0,0,20250720,20251223
GNE:GOAO341:341:341MF250720:I:21,1,1,1,1,1,0,0,20250720,20251223
GNE:GOAO341:341:341MF250720:I:23,1,1,1,1,1,0,0,20250720,20251223
GNE:GOAO341:341:341MF250720:I:25,1,1,1,1,1,0,0,20250720,20251223
GNE:GOAO341:341:341MF250720:I:27,1,1,1,1,1,0,0,20250720,20251223
GNE:GOAO341:341:341MF250720:I:29,1,1,1,1,1,0,0,20250720,20251223
GNE:GOAO341:341:341MF250720:I:31,1,1,1,1,1,0,0,20250720,20251223
GNE:GOAO341:341:341MF250720:I:33,1,1,1,1,1,0,0,20250720,20251223
GNE:GOAO341:341:341MF250720:I:35,1,1,1,1,1,0,0,20250720,20251223
GNE:GOAO341:341:341MF250720:I:37,1,1,1,1,1,0,0,20250720,20251223
GNE:GOAO341:341:341MF250720:I:39,1,1,1,1,1,0,0,20250720,20251223
GNE:GOAO341:341:341MF250720:I:41,1,1,1,1,1,0,0,20250720,20251223
GNE:GOAO341:341:341MF250720:I:43,1,1,1,1,1,0,0,20250720,20251223
GNE:GOAO341:341:341MF250720:I:44,1,1,1,1,1,0,0,20250720,20251223
GNE:GOAO341:341:341MF250720:I:45,1,1,1,1,1,0,0,20250720,20251223
GNE:GOAO341:341:341MF250720:I:46,1,1,1,1,1,0,0,20250720,20251223
GNE:GOAO341:341:341MF250720:I:47,1,1,1,1,1,0,0,20250720,20251223
GNE:GOAO341:341:341MF250720:I:48,1,1,1,1,1,0,0,20250720,20251223
GNE:GOAO341:341:341MF250720:I:49,1,1,1,1,1,0,0,20250720,20251223
GNE:GOAO341:341:341MF250720:I:50,1,1,1,1,1,0,0,20250720,20251223
GNE:GOAO341:341:341MF250720:I:51,1,1,1,1,1,0,0,20250720,20251223
GNE:GOAO341:341:341SA250720:O:1,0,0,0,0,0,1,0,20250720,20251223
GNE:GOAO341:341:341SA250720:O:2,0,0,0,0,0,1,0,20250720,20251223
GNE:GOAO341:341:341SA250720:O:3,0,0,0,0,0,1,0,20250720,20251223
GNE:GOAO341:341:341SA250720:O:5,0,0,0,0,0,1,0,20250720,20251223
GNE:GOAO341:341:341SA250720:O:7,0,0,0,0,0,1,0,20250720,20251223
GNE:GOAO341:341:341SA250720:O:9,0,0,0,0,0,1,0,20250720,20251223
GNE:GOAO341:341:341SA250720:O:11,0,0,0,0,0,1,0,20250720,20251223
GNE:GOAO341:341:341SA250720:O:13,0,0,0,0,0,1,0,20250720,20251223
GNE:GOAO341:341:341SA250720:O:15,0,0,0,0,0,1,0,20250720,20251223
GNE:GOAO341:341:341SA250720:O:17,0,0,0,0,0,1,0,20250720,20251223
GNE:GOAO341:341:341SA250720:O:19,0,0,0,0,0,1,0,20250720,20251223
GNE:GOAO341:341:341SA250720:O:21,0,0,0,0,0,1,0,20250720,20251223
GNE:GOAO341:341:341SA250720:O:23,0,0,0,0,0,1,0,20250720,20251223
GNE:GOAO341:341:341SA250720:O:25,0,0,0,0,0,1,0,20250720,20251223
GNE:GOAO341:341:341SA250720:O:27,0,0,0,0,0,1,0,20250720,20251223
GNE:GOAO341:341:341SA250720:O:29,0,0,0,0,0,1,0,20250720,20251223
GNE:GOAO341:341:341SA250720:O:31,0,0,0,0,0,1,0,20250720,20251223
GNE:GOAO341:341:341SA250720:O:33,0,0,0,0,0,1,0,20250720,20251223
GNE:GOAO341:341:341SA250720:O:34,0,0,0,0,0,1,0,20250720,20251223
GNE:GOAO341:341:341SA250720:O:35,0,0,0,0,0,1,0,20250720,20251223
GNE:GOAO341:341:341SA250720:O:36,0,0,0,0,0,1,0,20250720,20251223
GNE:GOAO341:341:341SA250720:O:37,0,0,0,0,0,1,0,20250720,20251223
GNE:GOAO341:341:341SA250720:O:38,0,0,0,0,0,1,0,20250720,20251223
GNE:GOAO341:341:341SA250720:O:39,0,0,0,0,0,1,0,20250720,20251223
GNE:GOAO341:341:341SA250720:O:40,0,0,0,0,0,1,0,20250720,20251223
GNE:GOAO341:341:341SA250720:O:41,0,0,0,0,0,1,0,20250720,20251223
GNE:GOAO341:341:341SA250720:O:42,0,0,0,0,0,1,0,20250720,20251223
GNE:GOAO341:341:341SA250720:I:1,0,0,0,0,0,1,0,20250720,20251223
GNE:GOAO341:341:341SA250720:I:2,0,0,0,0,0,1,0,20250720,20251223
GNE:GOAO341:341:341SA250720:I:3,0,0,0,0,0,1,0,20250720,20251223
GNE:GOAO341:341:341SA250720:I:5,0,0,0,0,0,1,0,20250720,20251223
GNE:GOAO341:341:341SA250720:I:7,0,0,0,0,0,1,0,20250720,20251223
GNE:GOAO341:341:341SA250720:I:9,0,0,0,0,0,1,0,20250720,20251223
GNE:GOAO341:341:341SA250720:I:11,0,0,0,0,0,1,0,20250720,20251223
GNE:GOAO341:341:341SA250720:I:13,0,0,0,0,0,1,0,20250720,20251223
GNE:GOAO341:341:341SA250720:I:15,0,0,0,0,0,1,0,20250720,20251223
GNE:GOAO341:341:341SA250720:I:17,0,0,0,0,0,1,0,20250720,20251223
GNE:GOAO341:341:341SA250720:I:19,0,0,0,0,0,1,0,20250720,20251223
GNE:GOAO341:341:341SA250720:I:21,0,0,0,0,0,1,0,20250720,20251223
GNE:GOAO341:341:341SA250720:I:23,0,0,0,0,0,1,0,20250720,20251223
GNE:GOAO341:341:341SA250720:I:25,0,0,0,0,0,1,0,20250720,20251223
GNE:GOAO341:341:341SA250720:I:27,0,0,0,0,0,1,0,20250720,20251223
GNE:GOAO341:341:341SA250720:I:29,0,0,0,0,0,1,0,20250720,20251223
GNE:GOAO341:341:341SA250720:I:31,0,0,0,0,0,1,0,20250720,20251223
GNE:GOAO341:341:341SA250720:I:33,0,0,0,0,0,1,0,20250720,20251223
GNE:GOAO341:341:341SA250720:I:35,0,0,0,0,0,1,0,20250720,20251223
GNE:GOAO341:341:341SA250720:I:37,0,0,0,0,0,1,0,20250720,20251223
GNE:GOAO341:341:341SA250720:I:38,0,0,0,0,0,1,0,20250720,20251223
GNE:GOAO341:341:341SA250720:I:39,0,0,0,0,0,1,0,20250720,20251223
GNE:GOAO341:341:341SA250720:I:40,0,0,0,0,0,1,0,20250720,20251223
GNE:GOAO341:341:341SA250720:I:41,0,0,0,0,0,1,0,20250720,20251223
GNE:GOAO341:341:341SA250720:I:42,0,0,0,0,0,1,0,20250720,20251223
GNE:GOAO341:341:341SA250720:I:43,0,0,0,0,0,1,0,20250720,20251223
GNE:GOAO341:341:341SA250720:I:44,0,0,0,0,0,1,0,20250720,20251223
GNE:GOAO341:341:341SA250720:I:45,0,0,0,0,0,1,0,20250720,20251223
GNE:GOAO341:341:341SU250720:O:1,0,0,0,0,0,0,1,20250720,20251223
GNE:GOAO341:341:341SU250720:O:2,0,0,0,0,0,0,1,20250720,20251223
GNE:GOAO341:341:341SU250720:O:3,0,0,0,0,0,0,1,20250720,20251223
GNE:GOAO341:341:341SU250720:O:4,0,0,0,0,0,0,1,20250720,20251223
GNE:GOAO341:341:341SU250720:O:5,0,0,0,0,0,0,1,20250720,20251223
GNE:GOAO341:341:341SU250720:O:6,0,0,0,0,0,0,1,20250720,20251223
GNE:GOAO341:341:341SU250720:O:7,0,0,0,0,0,0,1,20250720,20251223
GNE:GOAO341:341:341SU250720:O:8,0,0,0,0,0,0,1,20250720,20251223
GNE:GOAO341:341:341SU250720:O:9,0,0,0,0,0,0,1,20250720,20251223
GNE:GOAO341:341:341SU250720:O:10,0,0,0,0,0,0,1,20250720,20251223
GNE:GOAO341:341:341SU250720:O:11,0,0,0,0,0,0,1,20250720,20251223
GNE:GOAO341:341:341SU250720:O:12,0,0,0,0,0,0,1,20250720,20251223
GNE:GOAO341:341:341SU250720:O:13,0,0,0,0,0,0,1,20250720,20251223
GNE:GOAO341:341:341SU250720:O:14,0,0,0,0,0,0,1,20250720,20251223
GNE:GOAO341:341:341SU250720:O:15,0,0,0,0,0,0,1,20250720,20251223
GNE:GOAO341:341:341SU250720:I:1,0,0,0,0,0,0,1,20250720,20251223
GNE:GOAO341:341:341SU250720:I:2,0,0,0,0,0,0,1,20250720,20251223
GNE:GOAO341:341:341SU250720:I:3,0,0,0,0,0,0,1,20250720,20251223
GNE:GOAO341:341:341SU250720:I:4,0,0,0,0,0,0,1,20250720,20251223
GNE:GOAO341:341:341SU250720:I:5,0,0,0,0,0,0,1,20250720,20251223
GNE:GOAO341:341:341SU250720:I:6,0,0,0,0,0,0,1,20250720,20251223
GNE:GOAO341:341:341SU250720:I:7,0,0,0,0,0,0,1,20250720,20251223
GNE:GOAO341:341:341SU250720:I:8,0,0,0,0,0,0,1,20250720,20251223
GNE:GOAO341:341:341SU250720:I:9,0,0,0,0,0,0,1,20250720,20251223
GNE:GOAO341:341:341SU250720:I:10,0,0,0,0,0,0,1,20250720,20251223
GNE:GOAO341:341:341SU250720:I:11,0,0,0,0,0,0,1,20250720,20251223
GNE:GOAO341:341:341SU250720:I:12,0,0,0,0,0,0,1,20250720,20251223
GNE:GOAO341:341:341SU250720:I:13,0,0,0,0,0,0,1,20250720,20251223
GNE:GOAO341:341:341SU250720:I:14,0,0,0,0,0,0,1,20250720,20251223
GNE:GOAO341:341:341SU250720:I:15,0,0,0,0,0,0,1,20250720,20251223
GNE:GOAO341:341:341SU250720:I:16,0,0,0,0,0,0,1,20250720,20251223
GNE:GOAO342:342:342MF250720:O:1,1,1,1,1,1,0,0,20250720,20251223
GNE:GOAO342:342:342MF250720:O:2,1,1,1,1,1,0,0,20250720,20251223
GNE:GOAO342:342:342MF250720:O:3,1,1,1,1,1,0,0,20250720,20251223
GNE:GOAO342:342:342MF250720:O:4,1,1,1,1,1,0,0,20250720,20251223
GNE:GOAO342:342:342MF250720:O:5,1,1,1,1,1,0,0,20250720,20251223
GNE:GOAO342:342:342MF250720:O:6,1,1,1,1,1,0,0,20250720,20251223
GNE:GOAO342:342:342MF250720:O:7,1,1,1,1,1,0,0,20250720,20251223
GNE:GOAO342:342:342MF250720:O:8,1,1,1,1,1,0,0,20250720,20251223
GNE:GOAO342:342:342MF250720:O:9,1,1,1,1,1,0,0,20250720,20251223
GNE:GOAO342:342:342MF250720:O:10,1,1,1,1,1,0,0,20250720,20251223
GNE:GOAO342:342:342MF250720:O:11,1,1,1,1,1,0,0,20250720,20251223
GNE:GOAO342:342:342MF250720:O:12,1,1,1,1,1,0,0,20250720,20251223
GNE:GOAO342:342:342MF250720:O:13,1,1,1,1,1,0,0,20250720,20251223
GNE:GOAO342:342:342MF250720:O:14,1,1,1,1,1,0,0,20250720,20251223
GNE:GOAO342:342:342MF250720:O:15,1,1,1,1,1,0,0,20250720,20251223
GNE:GOAO342:342:342MF250720:O:16,1,1,1,1,1,0,0,20250720,20251223
GNE:GOAO342:342:342MF250720:O:17,1,1,1,1,1,0,0,20250720,20251223
GNE:GOAO342:342:342MF250720:O:18,1,1,1,1,1,0,0,20250720,20251223
GNE:GOAO342:342:342MF250720:O:19,1,1,1,1,1,0,0,20250720,20251223
GNE:GOAO342:342:342MF250720:O:20,1,1,1,1,1,0,0,20250720,20251223
GNE:GOAO342:342:342MF250720:O:21,1,1,1,1,1,0,0,20250720,20251223
GNE:GOAO342:342:342MF250720:O:22,1,1,1,1,1,0,0,20250720,20251223
GNE:GOAO342:342:342MF250720:O:23,1,1,1,1,1,0,0,20250720,20251223
GNE:GOAO342:342:342MF250720:O:24,1,1,1,1,1,0,0,20250720,20251223
GNE:GOAO342:342:342MF250720:O:25,1,1,1,1,1,0,0,20250720,20251223
GNE:GOAO342:342:342MF250720:O:26,1,1,1,1,1,0,0,20250720,20251223
GNE:GOAO342:342:342MF250720:O:27,1,1,1,1,1,0,0,20250720,20251223
GNE:GOAO342:342:342MF250720:O:28,1,1,1,1,1,0,0,20250720,20251223
GNE:GOAO342:342:342MF250720:O:29,1,1,1,1,1,0,0,20250720,20251223
GNE:GOAO342:342:342MF250720:O:30,1,1,1,1,1,0,0,20250720,20251223
GNE:GOAO342:342:342MF250720:I:1,1,1,1,1,1,0,0,20250720,20251223
GNE:GOAO342:342:342MF250720:I:2,1,1,1,1,1,0,0,20250720,20251223
GNE:GOAO342:342:342MF250720:I:3,1,1,1,1,1,0,0,20250720,20251223
GNE:GOAO342:342:342MF250720:I:4,1,1,1,1,1,0,0,20250720,20251223
GNE:GOAO342:342:342MF250720:I:5,1,1,1,1,1,0,0,20250720,20251223
GNE:GOAO342:342:342MF250720:I:6,1,1,1,1,1,0,0,20250720,20251223
GNE:GOAO342:342:342MF250720:I:7,1,1,1,1,1,0,0,20250720,20251223
GNE:GOAO342:342:342MF250720:I:8,1,1,1,1,1,0,0,20250720,20251223
GNE:GOAO342:342:342MF250720:I:9,1,1,1,1,1,0,0,20250720,20251223
GNE:GOAO342:342:342MF250720:I:10,1,1,1,1,1,0,0,20250720,20251223
GNE:GOAO342:342:342MF250720:I:11,1,1,1,1,1,0,0,20250720,20251223
GNE:GOAO342:342:342MF250720:I:12,1,1,1,1,1,0,0,20250720,20251223
GNE:GOAO342:342:342MF250720:I:13,1,1,1,1,1,0,0,20250720,20251223
GNE:GOAO342:342:342MF250720:I:14,1,1,1,1,1,0,0,20250720,20251223
GNE:GOAO342:342:342MF250720:I:15,1,1,1,1,1,0,0,20250720,20251223
GNE:GOAO342:342:342MF250720:I:16,1,1,1,1,1,0,0,20250720,20251223
GNE:GOAO342:342:342MF250720:I:17,1,1,1,1,1,0,0,20250720,20251223
GNE:GOAO342:342:342MF250720:I:18,1,1,1,1,1,0,0,20250720,20251223
GNE:GOAO342:342:342MF250720:I:19,1,1,1,1,1,0,0,20250720,20251223
GNE:GOAO342:342:342MF250720:I:20,1,1,1,1,1,0,0,20250720,20251223
GNE:GOAO342:342:342MF250720:I:21,1,1,1,1,1,0,0,20250720,20251223
GNE:GOAO342:342:342MF250720:I:22,1,1,1,1,1,0,0,20250720,20251223
GNE:GOAO342:342:342MF250720:I:23,1,1,1,1,1,0,0,20250720,20251223
GNE:GOAO342:342:342MF250720:I:24,1,1,1,1,1,0,0,20250720,20251223
GNE:GOAO342:342:342MF250720:I:25,1,1,1,1,1,0,0,20250720,20251223
GNE:GOAO342:342:342MF250720:I:26,1,1,1,1,1,0,0,20250720,20251223
GNE:GOAO342:342:342MF250720:I:27,1,1,1,1,1,0,0,20250720,20251223
GNE:GOAO342:342:342MF250720:I:28,1,1,1,1,1,0,0,20250720,20251223
GNE:GOAO342:342:342MF250720:I:29,1,1,1,1,1,0,0,20250720,20251223
GNE:GOAO342:342:342MF250720:I:30,1,1,1,1,1,0,0,20250720,20251223
GNE:GOAO342:342:342MF250720:I:31,1,1,1,1,1,0,0,20250720,20251223
GNE:GOAO342:342:342SA250720:O:1,0,0,0,0,0,1,0,20250720,20251223
GNE:GOAO342:342:342SA250720:O:2,0,0,0,0,0,1,0,20250720,20251223
GNE:GOAO342:342:342SA250720:O:3,0,0,0,0,0,1,0,20250720,20251223
GNE:GOAO342:342:342SA250720:O:4,0,0,0,0,0,1,0,20250720,20251223
GNE:GOAO342:342:342SA250720:O:5,0,0,0,0,0,1,0,20250720,20251223
GNE:GOAO342:342:342SA250720:O:6,0,0,0,0,0,1,0,20250720,20251223
GNE:GOAO342:342:342SA250720:O:7,0,0,0,0,0,1,0,20250720,20251223
GNE:GOAO342:342:342SA250720:O:8,0,0,0,0,0,1,0,20250720,20251223
GNE:GOAO342:342:342SA250720:O:9,0,0,0,0,0,1,0,20250720,20251223
GNE:GOAO342:342:342SA250720:O:10,0,0,0,0,0,1,0,20250720,20251223
GNE:GOAO342:342:342SA250720:O:11,0,0,0,0,0,1,0,20250720,20251223
GNE:GOAO342:342:342SA250720:O:12,0,0,0,0,0,1,0,20250720,20251223
GNE:GOAO342:342:342SA250720:O:13,0,0,0,0,0,1,0,20250720,20251223
GNE:GOAO342:342:342SA250720:O:14,0,0,0,0,0,1,0,20250720,20251223
GNE:GOAO342:342:342SA250720:O:15,0,0,0,0,0,1,0,20250720,20251223
GNE:GOAO342:342:342SA250720:O:16,0,0,0,0,0,1,0,20250720,20251223
GNE:GOAO342:342:342SA250720:O:17,0,0,0,0,0,1,0,20250720,20251223
GNE:GOAO342:342:342SA250720:O:18,0,0,0,0,0,1,0,20250720,20251223
GNE:GOAO342:342:342SA250720:O:19,0,0,0,0,0,1,0,20250720,20251223
GNE:GOAO342:342:342SA250720:O:20,0,0,0,0,0,1,0,20250720,20251223
GNE:GOAO342:342:342SA250720:O:21,0,0,0,0,0,1,0,20250720,20251223
GNE:GOAO342:342:342SA250720:O:22,0,0,0,0,0,1,0,20250720,20251223
GNE:GOAO342:342:342SA250720:O:23,0,0,0,0,0,1,0,20250720,20251223
GNE:GOAO342:342:342SA250720:O:24,0,0,0,0,0,1,0,20250720,20251223
GNE:GOAO342:342:342SA250720:O:25,0,0,0,0,0,1,0,20250720,20251223
GNE:GOAO342:342:342SA250720:O:26,0,0,0,0,0,1,0,20250720,20251223
GNE:GOAO342:342:342SA250720:O:27,0,0,0,0,0,1,0,20250720,20251223
GNE:GOAO342:342:342SA250720:O:28,0,0,0,0,0,1,0,20250720,20251223
GNE:GOAO342:342:342SA250720:I:1,0,0,0,0,0,1,0,20250720,20251223
GNE:GOAO342:342:342SA250720:I:2,0,0,0,0,0,1,0,20250720,20251223
GNE:GOAO342:342:342SA250720:I:3,0,0,0,0,0,1,0,20250720,20251223
GNE:GOAO342:342:342SA250720:I:4,0,0,0,0,0,1,0,20250720,20251223
GNE:GOAO342:342:342SA250720:I:5,0,0,0,0,0,1,0,20250720,20251223
GNE:GOAO342:342:342SA250720:I:6,0,0,0,0,0,1,0,20250720,20251223
GNE:GOAO342:342:342SA250720:I:7,0,0,0,0,0,1,0,20250720,20251223
GNE:GOAO342:342:342SA250720:I:8,0,0,0,0,0,1,0,20250720,20251223
GNE:GOAO342:342:342SA250720:I:9,0,0,0,0,0,1,0,20250720,20251223
GNE:GOAO342:342:342SA250720:I:10,0,0,0,0,0,1,0,20250720,20251223
GNE:GOAO342:342:342SA250720:I:11,0,0,0,0,0,1,0,20250720,20251223
GNE:GOAO342:342:342SA250720:I:12,0,0,0,0,0,1,0,20250720,20251223
GNE:GOAO342:342:342SA250720:I:13,0,0,0,0,0,1,0,20250720,20251223
GNE:GOAO342:342:342SA250720:I:14,0,0,0,0,0,1,0,20250720,20251223
GNE:GOAO342:342:342SA250720:I:15,0,0,0,0,0,1,0,20250720,20251223
GNE:GOAO342:342:342SA250720:I:16,0,0,0,0,0,1,0,20250720,20251223
GNE:GOAO342:342:342SA250720:I:17,0,0,0,0,0,1,0,20250720,20251223
GNE:GOAO342:342:342SA250720:I:18,0,0,0,0,0,1,0,20250720,20251223
GNE:GOAO342:342:342SA250720:I:19,0,0,0,0,0,1,0,20250720,20251223
GNE:GOAO342:342:342SA250720:I:20,0,0,0,0,0,1,0,20250720,20251223
GNE:GOAO342:342:342SA250720:I:21,0,0,0,0,0,1,0,20250720,20251223
GNE:GOAO342:342:342SA250720:I:22,0,0,0,0,0,1,0,20250720,20251223
GNE:GOAO342:342:342SA250720:I:23,0,0,0,0,0,1,0,20250720,20251223
GNE:GOAO342:342:342SA250720:I:24,0,0,0,0,0,1,0,20250720,20251223
GNE:GOAO342:342:342SA250720:I:25,0,0,0,0,0,1,0,20250720,20251223
GNE:GOAO342:342:342SA250720:I:26,0,0,0,0,0,1,0,20250720,20251223
GNE:GOAO342:342:342SA250720:I:27,0,0,0,0,0,1,0,20250720,20251223
GNE:GOAO342:342:342SA250720:I:28,0,0,0,0,0,1,0,20250720,20251223
GNE:GOAO342:342:342SA250720:I:29,0,0,0,0,0,1,0,20250720,20251223
GNE:GOAO342:342:342SU250720:O:1,0,0,0,0,0,0,1,20250720,20251223
GNE:GOAO342:342:342SU250720:O:2,0,0,0,0,0,0,1,20250720,20251223
GNE:GOAO342:342:342SU250720:O:3,0,0,0,0,0,0,1,20250720,20251223
GNE:GOAO342:342:342SU250720:O:4,0,0,0,0,0,0,1,20250720,20251223
GNE:GOAO342:342:342SU250720:O:5,0,0,0,0,0,0,1,20250720,20251223
GNE:GOAO342:342:342SU250720:O:6,0,0,0,0,0,0,1,20250720,20251223
GNE:GOAO342:342:342SU250720:O:7,0,0,0,0,0,0,1,20250720,20251223
GNE:GOAO342:342:342SU250720:O:8,0,0,0,0,0,0,1,20250720,20251223
GNE:GOAO342:342:342SU250720:O:9,0,0,0,0,0,0,1,20250720,20251223
GNE:GOAO342:342:342SU250720:O:10,0,0,0,0,0,0,1,20250720,20251223
GNE:GOAO342:342:342SU250720:O:11,0,0,0,0,0,0,1,20250720,20251223
GNE:GOAO342:342:342SU250720:O:12,0,0,0,0,0,0,1,20250720,20251223
GNE:GOAO342:342:342SU250720:O:13,0,0,0,0,0,0,1,20250720,20251223
GNE:GOAO342:342:342SU250720:O:14,0,0,0,0,0,0,1,20250720,20251223
GNE:GOAO342:342:342SU250720:O:15,0,0,0,0,0,0,1,20250720,20251223
GNE:GOAO342:342:342SU250720:I:1,0,0,0,0,0,0,1,20250720,20251223
GNE:GOAO342:342:342SU250720:I:2,0,0,0,0,0,0,1,20250720,20251223
GNE:GOAO342:342:342SU250720:I:3,0,0,0,0,0,0,1,20250720,20251223
GNE:GOAO342:342:342SU250720:I:4,0,0,0,0,0,0,1,20250720,20251223
GNE:GOAO342:342:342SU250720:I:5,0,0,0,0,0,0,1,20250720,20251223
GNE:GOAO342:342:342SU250720:I:6,0,0,0,0,0,0,1,20250720,20251223
GNE:GOAO342:342:342SU250720:I:7,0,0,0,0,0,0,1,20250720,20251223
GNE:GOAO342:342:342SU250720:I:8,0,0,0,0,0,0,1,20250720,20251223
GNE:GOAO342:342:342SU250720:I:9,0,0,0,0,0,0,1,20250720,20251223
GNE:GOAO342:342:342SU250720:I:10,0,0,0,0,0,0,1,20250720,20251223
GNE:GOAO342:342:342SU250720:I:11,0,0,0,0,0,0,1,20250720,20251223
GNE:GOAO342:342:342SU250720:I:12,0,0,0,0,0,0,1,20250720,20251223
GNE:GOAO342:342:342SU250720:I:13,0,0,0,0,0,0,1,20250720,20251223
GNE:GOAO342:342:342SU250720:I:14,0,0,0,0,0,0,1,20250720,20251223
GNE:GOAO342:342:342SU250720:I:15,0,0,0,0,0,0,1,20250720,20251223
GNE:GOAO342:342:342SU250720:I:16,0,0,0,0,0,0,1,20250720,20251223
GNE:GOAO352:352:352MF250720:O:1,1,1,1,1,1,0,0,20250720,20251223
GNE:GOAO352:352:352MF250720:O:2,1,1,1,1,1,0,0,20250720,20251223
GNE:GOAO352:352:352MF250720:I:1,1,1,1,1,1,0,0,20250720,20251223
GNE:GOAO352:352:352SA250720:O:1,0,0,0,0,0,1,0,20250720,20251223
GNE:GOAO352:352:352SA250720:O:2,0,0,0,0,0,1,0,20250720,20251223
GNE:GOAO352:352:352SA250720:O:3,0,0,0,0,0,1,0,20250720,20251223
GNE:GOAO352:352:352SA250720:O:4,0,0,0,0,0,1,0,20250720,20251223
GNE:GOAO352:352:352SA250720:O:5,0,0,0,0,0,1,0,20250720,20251223
GNE:GOAO352:352:352SA250720:O:6,0,0,0,0,0,1,0,20250720,20251223
GNE:GOAO352:352:352SA250720:O:7,0,0,0,0,0,1,0,20250720,20251223
GNE:GOAO352:352:352SA250720:O:8,0,0,0,0,0,1,0,20250720,20251223
GNE:GOAO352:352:352SA250720:O:9,0,0,0,0,0,1,0,20250720,20251223
GNE:GOAO352:352:352SA250720:O:10,0,0,0,0,0,1,0,20250720,20251223
GNE:GOAO352:352:352SA250720:I:1,0,0,0,0,0,1,0,20250720,20251223
GNE:GOAO352:352:352SA250720:I:2,0,0,0,0,0,1,0,20250720,20251223
GNE:GOAO352:352:352SA250720:I:3,0,0,0,0,0,1,0,20250720,20251223
GNE:GOAO352:352:352SA250720:I:4,0,0,0,0,0,1,0,20250720,20251223
GNE:GOAO352:352:352SA250720:I:5,0,0,0,0,0,1,0,20250720,20251223
GNE:GOAO352:352:352SA250720:I:6,0,0,0,0,0,1,0,20250720,20251223
GNE:GOAO352:352:352SA250720:I:7,0,0,0,0,0,1,0,20250720,20251223
GNE:GOAO352:352:352SA250720:I:8,0,0,0,0,0,1,0,20250720,20251223
GNE:GOAO352:352:352SA250720:I:9,0,0,0,0,0,1,0,20250720,20251223
GNE:GOAO352:352:352SA250720:I:10,0,0,0,0,0,1,0,20250720,20251223
GNE:GOAO352:352:352SA250720:I:11,0,0,0,0,0,1,0,20250720,20251223
GNE:GOAO353:353:353MF250720:O:1,1,1,1,1,1,0,0,20250720,20251223
GNE:GOAO353:353:353MF250720:O:2,1,1,1,1,1,0,0,20250720,20251223
GNE:GOAO353:353:353MF250720:O:3,1,1,1,1,1,0,0,20250720,20251223
GNE:GOAO353:353:353MF250720:O:4,1,1,1,1,1,0,0,20250720,20251223
GNE:GOAO353:353:353MF250720:O:5,1,1,1,1,1,0,0,20250720,20251223
GNE:GOAO353:353:353MF250720:O:6,1,1,1,1,1,0,0,20250720,20251223
GNE:GOAO353:353:353MF250720:O:7,1,1,1,1,1,0,0,20250720,20251223
GNE:GOAO353:353:353MF250720:O:8,1,1,1,1,1,0,0,20250720,20251223
GNE:GOAO353:353:353MF250720:O:9,1,1,1,1,1,0,0,20250720,20251223
GNE:GOAO353:353:353MF250720:O:10,1,1,1,1,1,0,0,20250720,20251223
GNE:GOAO353:353:353MF250720:O:11,1,1,1,1,1,0,0,20250720,20251223
GNE:GOAO353:353:353MF250720:O:12,1,1,1,1,1,0,0,20250720,20251223
GNE:GOAO353:353:353MF250720:O:13,1,1,1,1,1,0,0,20250720,20251223
GNE:GOAO353:353:353MF250720:O:14,1,1,1,1,1,0,0,20250720,20251223
GNE:GOAO353:353:353MF250720:O:15,1,1,1,1,1,0,0,20250720,20251223
GNE:GOAO353:353:353MF250720:O:16,1,1,1,1,1,0,0,20250720,20251223
GNE:GOAO353:353:353MF250720:O:17,1,1,1,1,1,0,0,20250720,20251223
GNE:GOAO353:353:353MF250720:O:18,1,1,1,1,1,0,0,20250720,20251223
GNE:GOAO353:353:353MF250720:I:1,1,1,1,1,1,0,0,20250720,20251223
GNE:GOAO353:353:353MF250720:I:2,1,1,1,1,1,0,0,20250720,20251223
GNE:GOAO353:353:353MF250720:I:3,1,1,1,1,1,0,0,20250720,20251223
GNE:GOAO353:353:353MF250720:I:4,1,1,1,1,1,0,0,20250720,20251223
GNE:GOAO353:353:353MF250720:I:5,1,1,1,1,1,0,0,20250720,20251223
GNE:GOAO353:353:353MF250720:I:6,1,1,1,1,1,0,0,20250720,20251223
GNE:GOAO353:353:353MF250720:I:7,1,1,1,1,1,0,0,20250720,20251223
GNE:GOAO353:353:353MF250720:I:8,1,1,1,1,1,0,0,20250720,20251223
GNE:GOAO353:353:353MF250720:I:9,1,1,1,1,1,0,0,20250720,20251223
GNE:GOAO353:353:353MF250720:I:10,1,1,1,1,1,0,0,20250720,20251223
GNE:GOAO353:353:353MF250720:I:11,1,1,1,1,1,0,0,20250720,20251223
GNE:GOAO353:353:353MF250720:I:12,1,1,1,1,1,0,0,20250720,20251223
GNE:GOAO353:353:353MF250720:I:13,1,1,1,1,1,0,0,20250720,20251223
GNE:GOAO353:353:353MF250720:I:14,1,1,1,1,1,0,0,20250720,20251223
GNE:GOAO353:353:353MF250720:I:15,1,1,1,1,1,0,0,20250720,20251223
GNE:GOAO353:353:353MF250720:I:16,1,1,1,1,1,0,0,20250720,20251223
GNE:GOAO353:353:353MF250720:I:17,1,1,1,1,1,0,0,20250720,20251223
GNE:GOAO353:353:353MF250720:I:18,1,1,1,1,1,0,0,20250720,20251223
GNE:GOAO353:353:353SA250720:O:1,0,0,0,0,0,1,0,20250720,20251223
GNE:GOAO353:353:353SA250720:O:2,0,0,0,0,0,1,0,20250720,20251223
GNE:GOAO353:353:353SA250720:O:3,0,0,0,0,0,1,0,20250720,20251223
GNE:GOAO353:353:353SA250720:O:4,0,0,0,0,0,1,0,20250720,20251223
GNE:GOAO353:353:353SA250720:O:5,0,0,0,0,0,1,0,20250720,20251223
GNE:GOAO353:353:353SA250720:O:6,0,0,0,0,0,1,0,20250720,20251223
GNE:GOAO353:353:353SA250720:O:7,0,0,0,0,0,1,0,20250720,20251223
GNE:GOAO353:353:353SA250720:O:8,0,0,0,0,0,1,0,20250720,20251223
GNE:GOAO353:353:353SA250720:O:9,0,0,0,0,0,1,0,20250720,20251223
GNE:GOAO353:353:353SA250720:O:10,0,0,0,0,0,1,0,20250720,20251223
GNE:GOAO353:353:353SA250720:O:11,0,0,0,0,0,1,0,20250720,20251223
GNE:GOAO353:353:353SA250720:O:12,0,0,0,0,0,1,0,20250720,20251223
GNE:GOAO353:353:353SA250720:O:13,0,0,0,0,0,1,0,20250720,20251223
GNE:GOAO353:353:353SA250720:O:14,0,0,0,0,0,1,0,20250720,20251223
GNE:GOAO353:353:353SA250720:O:15,0,0,0,0,0,1,0,20250720,20251223
GNE:GOAO353:353:353SA250720:O:16,0,0,0,0,0,1,0,20250720,20251223
GNE:GOAO353:353:353SA250720:O:17,0,0,0,0,0,1,0,20250720,20251223
GNE:GOAO353:353:353SA250720:I:1,0,0,0,0,0,1,0,20250720,20251223
GNE:GOAO353:353:353SA250720:I:2,0,0,0,0,0,1,0,20250720,20251223
GNE:GOAO353:353:353SA250720:I:3,0,0,0,0,0,1,0,20250720,20251223
GNE:GOAO353:353:353SA250720:I:4,0,0,0,0,0,1,0,20250720,20251223
GNE:GOAO353:353:353SA250720:I:5,0,0,0,0,0,1,0,20250720,20251223
GNE:GOAO353:353:353SA250720:I:6,0,0,0,0,0,1,0,20250720,20251223
GNE:GOAO353:353:353SA250720:I:7,0,0,0,0,0,1,0,20250720,20251223
GNE:GOAO353:353:353SA250720:I:8,0,0,0,0,0,1,0,20250720,20251223
GNE:GOAO353:353:353SA250720:I:9,0,0,0,0,0,1,0,20250720,20251223
GNE:GOAO353:353:353SA250720:I:10,0,0,0,0,0,1,0,20250720,20251223
GNE:GOAO353:353:353SA250720:I:11,0,0,0,0,0,1,0,20250720,20251223
GNE:GOAO353:353:353SA250720:I:12,0,0,0,0,0,1,0,20250720,20251223
GNE:GOAO353:353:353SA250720:I:13,0,0,0,0,0,1,0,20250720,20251223
GNE:GOAO353:353:353SA250720:I:14,0,0,0,0,0,1,0,20250720,20251223
GNE:GOAO353:353:353SA250720:I:15,0,0,0,0,0,1,0,20250720,20251223
GNE:GOAO353:353:353SA250720:I:16,0,0,0,0,0,1,0,20250720,20251223
GNE:GOAO353:353:353SA250720:I:17,0,0,0,0,0,1,0,20250720,20251223
GNE:GOAO353:353:353SU250720:O:1,0,0,0,0,0,0,1,20250720,20251223
GNE:GOAO353:353:353SU250720:O:2,0,0,0,0,0,0,1,20250720,20251223
GNE:GOAO353:353:353SU250720:O:3,0,0,0,0,0,0,1,20250720,20251223
GNE:GOAO353:353:353SU250720:O:4,0,0,0,0,0,0,1,20250720,20251223
GNE:GOAO353:353:353SU250720:O:5,0,0,0,0,0,0,1,20250720,20251223
GNE:GOAO353:353:353SU250720:O:6,0,0,0,0,0,0,1,20250720,20251223
GNE:GOAO353:353:353SU250720:O:7,0,0,0,0,0,0,1,20250720,20251223
GNE:GOAO353:353:353SU250720:O:8,0,0,0,0,0,0,1,20250720,20251223
GNE:GOAO353:353:353SU250720:O:9,0,0,0,0,0,0,1,20250720,20251223
GNE:GOAO353:353:353SU250720:O:10,0,0,0,0,0,0,1,20250720,20251223
GNE:GOAO353:353:353SU250720:O:11,0,0,0,0,0,0,1,20250720,20251223
GNE:GOAO353:353:353SU250720:O:12,0,0,0,0,0,0,1,20250720,20251223
GNE:GOAO353:353:353SU250720:O:13,0,0,0,0,0,0,1,20250720,20251223
GNE:GOAO353:353:353SU250720:O:14,0,0,0,0,0,0,1,20250720,20251223
GNE:GOAO353:353:353SU250720:O:15,0,0,0,0,0,0,1,20250720,20251223
GNE:GOAO353:353:353SU250720:O:16,0,0,0,0,0,0,1,20250720,20251223
GNE:GOAO353:353:353SU250720:I:1,0,0,0,0,0,0,1,20250720,20251223
GNE:GOAO353:353:353SU250720:I:2,0,0,0,0,0,0,1,20250720,20251223
GNE:GOAO353:353:353SU250720:I:3,0,0,0,0,0,0,1,20250720,20251223
GNE:GOAO353:353:353SU250720:I:4,0,0,0,0,0,0,1,20250720,20251223
GNE:GOAO353:353:353SU250720:I:5,0,0,0,0,0,0,1,20250720,20251223
GNE:GOAO353:353:353SU250720:I:6,0,0,0,0,0,0,1,20250720,20251223
GNE:GOAO353:353:353SU250720:I:7,0,0,0,0,0,0,1,20250720,20251223
GNE:GOAO353:353:353SU250720:I:8,0,0,0,0,0,0,1,20250720,20251223
GNE:GOAO353:353:353SU250720:I:9,0,0,0,0,0,0,1,20250720,20251223
GNE:GOAO353:353:353SU250720:I:10,0,0,0,0,0,0,1,20250720,20251223
GNE:GOAO353:353:353SU250720:I:11,0,0,0,0,0,0,1,20250720,20251223
GNE:GOAO353:353:353SU250720:I:12,0,0,0,0,0,0,1,20250720,20251223
GNE:GOAO353:353:353SU250720:I:13,0,0,0,0,0,0,1,20250720,20251223
GNE:GOAO353:353:353SU250720:I:14,0,0,0,0,0,0,1,20250720,20251223
GNE:GOAO353:353:353SU250720:I:15,0,0,0,0,0,0,1,20250720,20251223
GNE:GOAO353:353:353SU250720:I:16,0,0,0,0,0,0,1,20250720,20251223
GNE:GOAO354:354:354MF250720:O:1,1,1,1,1,1,0,0,20250720,20251223
GNE:GOAO354:354:354MF250720:O:2,1,1,1,1,1,0,0,20250720,20251223
GNE:GOAO354:354:354MF250720:O:3,1,1,1,1,1,0,0,20250720,20251223
GNE:GOAO354:354:354MF250720:O:4,1,1,1,1,1,0,0,20250720,20251223
GNE:GOAO354:354:354MF250720:O:5,1,1,1,1,1,0,0,20250720,20251223
GNE:GOAO354:354:354MF250720:O:6,1,1,1,1,1,0,0,20250720,20251223
GNE:GOAO354:354:354MF250720:O:7,1,1,1,1,1,0,0,20250720,20251223
GNE:GOAO354:354:354MF250720:O:8,1,1,1,1,1,0,0,20250720,20251223
GNE:GOAO354:354:354MF250720:O:9,1,1,1,1,1,0,0,20250720,20251223
GNE:GOAO354:354:354MF250720:O:10,1,1,1,1,1,0,0,20250720,20251223
GNE:GOAO354:354:354MF250720:O:11,1,1,1,1,1,0,0,20250720,20251223
GNE:GOAO354:354:354MF250720:O:12,1,1,1,1,1,0,0,20250720,20251223
GNE:GOAO354:354:354MF250720:O:13,1,1,1,1,1,0,0,20250720,20251223
GNE:GOAO354:354:354MF250720:I:1,1,1,1,1,1,0,0,20250720,20251223
GNE:GOAO354:354:354MF250720:I:2,1,1,1,1,1,0,0,20250720,20251223
GNE:GOAO354:354:354MF250720:I:3,1,1,1,1,1,0,0,20250720,20251223
GNE:GOAO354:354:354MF250720:I:4,1,1,1,1,1,0,0,20250720,20251223
GNE:GOAO354:354:354MF250720:I:5,1,1,1,1,1,0,0,20250720,20251223
GNE:GOAO354:354:354MF250720:I:6,1,1,1,1,1,0,0,20250720,20251223
GNE:GOAO354:354:354MF250720:I:7,1,1,1,1,1,0,0,20250720,20251223
GNE:GOAO354:354:354MF250720:I:8,1,1,1,1,1,0,0,20250720,20251223
GNE:GOAO354:354:354MF250720:I:9,1,1,1,1,1,0,0,20250720,20251223
GNE:GOAO354:354:354MF250720:I:10,1,1,1,1,1,0,0,20250720,20251223
GNE:GOAO354:354:354MF250720:I:11,1,1,1,1,1,0,0,20250720,20251223
GNE:GOAO354:354:354MF250720:I:12,1,1,1,1,1,0,0,20250720,20251223
GNE:GOAO354:354:354MF250720:I:13,1,1,1,1,1,0,0,20250720,20251223
GNE:GOAO354:354:354MF250720:I:14,1,1,1,1,1,0,0,20250720,20251223
GNE:GOAO354:354:354SA250720:O:1,0,0,0,0,0,1,0,20250720,20251223
GNE:GOAO354:354:354SA250720:O:2,0,0,0,0,0,1,0,20250720,20251223
GNE:GOAO354:354:354SA250720:O:3,0,0,0,0,0,1,0,20250720,20251223
GNE:GOAO354:354:354SA250720:O:4,0,0,0,0,0,1,0,20250720,20251223
GNE:GOAO354:354:354SA250720:O:5,0,0,0,0,0,1,0,20250720,20251223
GNE:GOAO354:354:354SA250720:O:6,0,0,0,0,0,1,0,20250720,20251223
GNE:GOAO354:354:354SA250720:O:7,0,0,0,0,0,1,0,20250720,20251223
GNE:GOAO354:354:354SA250720:O:8,0,0,0,0,0,1,0,20250720,20251223
GNE:GOAO354:354:354SA250720:O:9,0,0,0,0,0,1,0,20250720,20251223
GNE:GOAO354:354:354SA250720:O:10,0,0,0,0,0,1,0,20250720,20251223
GNE:GOAO354:354:354SA250720:O:11,0,0,0,0,0,1,0,20250720,20251223
GNE:GOAO354:354:354SA250720:O:12,0,0,0,0,0,1,0,20250720,20251223
GNE:GOAO354:354:354SA250720:I:1,0,0,0,0,0,1,0,20250720,20251223
GNE:GOAO354:354:354SA250720:I:2,0,0,0,0,0,1,0,20250720,20251223
GNE:GOAO354:354:354SA250720:I:3,0,0,0,0,0,1,0,20250720,20251223
GNE:GOAO354:354:354SA250720:I:4,0,0,0,0,0,1,0,20250720,20251223
GNE:GOAO354:354:354SA250720:I:5,0,0,0,0,0,1,0,20250720,20251223
GNE:GOAO354:354:354SA250720:I:6,0,0,0,0,0,1,0,20250720,20251223
GNE:GOAO354:354:354SA250720:I:7,0,0,0,0,0,1,0,20250720,20251223
GNE:GOAO354:354:354SA250720:I:8,0,0,0,0,0,1,0,20250720,20251223
GNE:GOAO354:354:354SA250720:I:9,0,0,0,0,0,1,0,20250720,20251223
GNE:GOAO354:354:354SA250720:I:10,0,0,0,0,0,1,0,20250720,20251223
GNE:GOAO354:354:354SA250720:I:11,0,0,0,0,0,1,0,20250720,20251223
GNE:GOAO354:354:354SA250720:I:12,0,0,0,0,0,1,0,20250720,20251223
GNE:GOAO354:354:354SA250720:I:13,0,0,0,0,0,1,0,20250720,20251223
GNE:GOAO355:355:355MF250720:O:2,1,1,1,1,1,0,0,20250720,20251223
GNE:GOAO355:355:355MF250720:O:5,1,1,1,1,1,0,0,20250720,20251223
GNE:GOAO355:355:355MF250720:O:7,1,1,1,1,1,0,0,20250720,20251223
GNE:GOAO355:355:355MF250720:O:9,1,1,1,1,1,0,0,20250720,20251223
GNE:GOAO355:355:355MF250720:O:11,1,1,1,1,1,0,0,20250720,20251223
GNE:GOAO355:355:355MF250720:O:13,1,1,1,1,1,0,0,20250720,20251223
GNE:GOAO355:355:355MF250720:O:15,1,1,1,1,1,0,0,20250720,20251223
GNE:GOAO355:355:355MF250720:O:17,1,1,1,1,1,0,0,20250720,20251223
GNE:GOAO355:355:355MF250720:O:19,1,1,1,1,1,0,0,20250720,20251223
GNE:GOAO355:355:355MF250720:O:21,1,1,1,1,1,0,0,20250720,20251223
GNE:GOAO355:355:355MF250720:O:23,1,1,1,1,1,0,0,20250720,20251223
GNE:GOAO355:355:355MF250720:O:25,1,1,1,1,1,0,0,20250720,20251223
GNE:GOAO355:355:355MF250720:O:27,1,1,1,1,1,0,0,20250720,20251223
GNE:GOAO355:355:355MF250720:I:1,1,1,1,1,1,0,0,20250720,20251223
GNE:GOAO355:355:355MF250720:I:2,1,1,1,1,1,0,0,20250720,20251223
GNE:GOAO355:355:355MF250720:I:3,1,1,1,1,1,0,0,20250720,20251223
GNE:GOAO355:355:355MF250720:I:6,1,1,1,1,1,0,0,20250720,20251223
GNE:GOAO355:355:355MF250720:I:8,1,1,1,1,1,0,0,20250720,20251223
GNE:GOAO355:355:355MF250720:I:10,1,1,1,1,1,0,0,20250720,20251223
GNE:GOAO355:355:355MF250720:I:12,1,1,1,1,1,0,0,20250720,20251223
GNE:GOAO355:355:355MF250720:I:14,1,1,1,1,1,0,0,20250720,20251223
GNE:GOAO355:355:355MF250720:I:16,1,1,1,1,1,0,0,20250720,20251223
GNE:GOAO355:355:355MF250720:I:18,1,1,1,1,1,0,0,20250720,20251223
GNE:GOAO355:355:355MF250720:I:20,1,1,1,1,1,0,0,20250720,20251223
GNE:GOAO355:355:355MF250720:I:22,1,1,1,1,1,0,0,20250720,20251223
GNE:GOAO355:355:355MF250720:I:24,1,1,1,1,1,0,0,20250720,20251223
GNE:GOAO355:355:355MF250720:I:26,1,1,1,1,1,0,0,20250720,20251223
GNE:GOAO355:355:355MF250720:I:28,1,1,1,1,1,0,0,20250720,20251223
GNE:GOAO355:355:355SA250720:O:3,0,0,0,0,0,1,0,20250720,20251223
GNE:GOAO355:355:355SA250720:O:5,0,0,0,0,0,1,0,20250720,20251223
GNE:GOAO355:355:355SA250720:O:7,0,0,0,0,0,1,0,20250720,20251223
GNE:GOAO355:355:355SA250720:O:9,0,0,0,0,0,1,0,20250720,20251223
GNE:GOAO355:355:355SA250720:O:11,0,0,0,0,0,1,0,20250720,20251223
GNE:GOAO355:355:355SA250720:O:13,0,0,0,0,0,1,0,20250720,20251223
GNE:GOAO355:355:355SA250720:O:15,0,0,0,0,0,1,0,20250720,20251223
GNE:GOAO355:355:355SA250720:O:17,0,0,0,0,0,1,0,20250720,20251223
GNE:GOAO355:355:355SA250720:O:19,0,0,0,0,0,1,0,20250720,20251223
GNE:GOAO355:355:355SA250720:O:21,0,0,0,0,0,1,0,20250720,20251223
GNE:GOAO355:355:355SA250720:O:23,0,0,0,0,0,1,0,20250720,20251223
GNE:GOAO355:355:355SA250720:I:2,0,0,0,0,0,1,0,20250720,20251223
GNE:GOAO355:355:355SA250720:I:4,0,0,0,0,0,1,0,20250720,20251223
GNE:GOAO355:355:355SA250720:I:6,0,0,0,0,0,1,0,20250720,20251223
GNE:GOAO355:355:355SA250720:I:8,0,0,0,0,0,1,0,20250720,20251223
GNE:GOAO355:355:355SA250720:I:10,0,0,0,0,0,1,0,20250720,20251223
GNE:GOAO355:355:355SA250720:I:12,0,0,0,0,0,1,0,20250720,20251223
GNE:GOAO355:355:355SA250720:I:14,0,0,0,0,0,1,0,20250720,20251223
GNE:GOAO355:355:355SA250720:I:16,0,0,0,0,0,1,0,20250720,20251223
GNE:GOAO355:355:355SA250720:I:18,0,0,0,0,0,1,0,20250720,20251223
GNE:GOAO355:355:355SA250720:I:20,0,0,0,0,0,1,0,20250720,20251223
GNE:GOAO355:355:355SA250720:I:22,0,0,0,0,0,1,0,20250720,20251223
GNE:GOAO355:355:355SA250720:I:24,0,0,0,0,0,1,0,20250720,20251223
GNE:GOAO356:356:355MF250720:O:1,1,1,1,1,1,0,0,20250720,20251223
GNE:GOAO356:356:355MF250720:O:3,1,1,1,1,1,0,0,20250720,20251223
GNE:GOAO356:356:355MF250720:O:4,1,1,1,1,1,0,0,20250720,20251223
GNE:GOAO356:356:355MF250720:O:6,1,1,1,1,1,0,0,20250720,20251223
GNE:GOAO356:356:355MF250720:O:8,1,1,1,1,1,0,0,20250720,20251223
GNE:GOAO356:356:355MF250720:O:10,1,1,1,1,1,0,0,20250720,20251223
GNE:GOAO356:356:355MF250720:O:12,1,1,1,1,1,0,0,20250720,20251223
GNE:GOAO356:356:355MF250720:O:14,1,1,1,1,1,0,0,20250720,20251223
GNE:GOAO356:356:355MF250720:O:16,1,1,1,1,1,0,0,20250720,20251223
GNE:GOAO356:356:355MF250720:O:18,1,1,1,1,1,0,0,20250720,20251223
GNE:GOAO356:356:355MF250720:O:20,1,1,1,1,1,0,0,20250720,20251223
GNE:GOAO356:356:355MF250720:O:22,1,1,1,1,1,0,0,20250720,20251223
GNE:GOAO356:356:355MF250720:O:24,1,1,1,1,1,0,0,20250720,20251223
GNE:GOAO356:356:355MF250720:O:26,1,1,1,1,1,0,0,20250720,20251223
GNE:GOAO356:356:355MF250720:I:4,1,1,1,1,1,0,0,20250720,20251223
GNE:GOAO356:356:355MF250720:I:5,1,1,1,1,1,0,0,20250720,20251223
GNE:GOAO356:356:355MF250720:I:7,1,1,1,1,1,0,0,20250720,20251223
GNE:GOAO356:356:355MF250720:I:9,1,1,1,1,1,0,0,20250720,20251223
GNE:GOAO356:356:355MF250720:I:11,1,1,1,1,1,0,0,20250720,20251223
GNE:GOAO356:356:355MF250720:I:13,1,1,1,1,1,0,0,20250720,20251223
GNE:GOAO356:356:355MF250720:I:15,1,1,1,1,1,0,0,20250720,20251223
GNE:GOAO356:356:355MF250720:I:17,1,1,1,1,1,0,0,20250720,20251223
GNE:GOAO356:356:355MF250720:I:19,1,1,1,1,1,0,0,20250720,20251223
GNE:GOAO356:356:355MF250720:I:21,1,1,1,1,1,0,0,20250720,20251223
GNE:GOAO356:356:355MF250720:I:23,1,1,1,1,1,0,0,20250720,20251223
GNE:GOAO356:356:355MF250720:I:25,1,1,1,1,1,0,0,20250720,20251223
GNE:GOAO356:356:355MF250720:I:27,1,1,1,1,1,0,0,20250720,20251223
GNE:GOAO356:356:355SA250720:O:1,0,0,0,0,0,1,0,20250720,20251223
GNE:GOAO356:356:355SA250720:O:2,0,0,0,0,0,1,0,20250720,20251223
GNE:GOAO356:356:355SA250720:O:4,0,0,0,0,0,1,0,20250720,20251223
GNE:GOAO356:356:355SA250720:O:6,0,0,0,0,0,1,0,20250720,20251223
GNE:GOAO356:356:355SA250720:O:8,0,0,0,0,0,1,0,20250720,20251223
GNE:GOAO356:356:355SA250720:O:10,0,0,0,0,0,1,0,20250720,20251223
GNE:GOAO356:356:355SA250720:O:12,0,0,0,0,0,1,0,20250720,20251223
GNE:GOAO356:356:355SA250720:O:14,0,0,0,0,0,1,0,20250720,20251223
GNE:GOAO356:356:355SA250720:O:16,0,0,0,0,0,1,0,20250720,20251223
GNE:GOAO356:356:355SA250720:O:18,0,0,0,0,0,1,0,20250720,20251223
GNE:GOAO356:356:355SA250720:O:20,0,0,0,0,0,1,0,20250720,20251223
GNE:GOAO356:356:355SA250720:O:22,0,0,0,0,0,1,0,20250720,20251223
GNE:GOAO356:356:355SA250720:O:24,0,0,0,0,0,1,0,20250720,20251223
GNE:GOAO356:356:355SA250720:I:1,0,0,0,0,0,1,0,20250720,20251223
GNE:GOAO356:356:355SA250720:I:3,0,0,0,0,0,1,0,20250720,20251223
GNE:GOAO356:356:355SA250720:I:5,0,0,0,0,0,1,0,20250720,20251223
GNE:GOAO356:356:355SA250720:I:7,0,0,0,0,0,1,0,20250720,20251223
GNE:GOAO356:356:355SA250720:I:9,0,0,0,0,0,1,0,20250720,20251223
GNE:GOAO356:356:355SA250720:I:11,0,0,0,0,0,1,0,20250720,20251223
GNE:GOAO356:356:355SA250720:I:13,0,0,0,0,0,1,0,20250720,20251223
GNE:GOAO356:356:355SA250720:I:15,0,0,0,0,0,1,0,20250720,20251223
GNE:GOAO356:356:355SA250720:I:17,0,0,0,0,0,1,0,20250720,20251223
GNE:GOAO356:356:355SA250720:I:19,0,0,0,0,0,1,0,20250720,20251223
GNE:GOAO356:356:355SA250720:I:21,0,0,0,0,0,1,0,20250720,20251223
GNE:GOAO356:356:355SA250720:I:23,0,0,0,0,0,1,0,20250720,20251223
GNE:GOAO356:356:355SA250720:I:25,0,0,0,0,0,1,0,20250720,20251223
GNE:GONO442:442:442MF250720:I:1,0,0,0,0,0,0,0,20250720,20251223
GNE:GONO444:444:444MF250720:O:1,0,0,0,0,0,0,0,20250720,20251223
GNE:GONO449:449:449MF250720:I:1,0,0,0,0,0,0,0,20250720,20251223
GNE:GONO454:454:454MF250720:O:1,0,0,0,0,0,0,0,20250720,20251223
GNE:GONO454:454:454MF250720:I:1,0,0,0,0,0,0,0,20250720,20251223
GNE:GONO457:457:457MF250720:O:1,0,0,0,0,0,0,0,20250720,20251223
GNE:GONO457:457:457MF250720:I:1,0,0,0,0,0,0,0,20250720,20251223
GNE:GONO458:458:458MF250720:O:1,0,0,0,0,0,0,0,20250720,20251223
GNE:GONO458:458:458MF250720:O:2,0,0,0,0,0,0,0,20250720,20251223
GNE:GONO458:458:458MF250720:I:1,0,0,0,0,0,0,0,20250720,20251223
GNE:GONO458:458:458MF250720:I:2,0,0,0,0,0,0,0,20250720,20251223
GNE:GONO462:462:462MF250720:I:1,0,0,0,0,0,0,0,20250720,20251223
GNE:GOAO643:643:643MF250720:O:1,1,1,1,1,1,0,0,20250720,20251223
GNE:GOAO643:643:643MF250720:O:2,1,1,1,1,1,0,0,20250720,20251223
GNE:GOAO643:643:643MF250720:O:3,1,1,1,1,1,0,0,20250720,20251223
GNE:GOAO643:643:643MF250720:O:4,1,1,1,1,1,0,0,20250720,20251223
GNE:GOAO643:643:643MF250720:O:5,1,1,1,1,1,0,0,20250720,20251223
GNE:GOAO643:643:643MF250720:O:6,1,1,1,1,1,0,0,20250720,20251223
GNE:GOAO643:643:643MF250720:O:7,1,1,1,1,1,0,0,20250720,20251223
GNE:GOAO643:643:643MF250720:I:1,1,1,1,1,1,0,0,20250720,20251223
GNE:GOAO643:643:643MF250720:I:2,1,1,1,1,1,0,0,20250720,20251223
GNE:GOAO643:643:643MF250720:I:3,1,1,1,1,1,0,0,20250720,20251223
GNE:GOAO643:643:643MF250720:I:4,1,1,1,1,1,0,0,20250720,20251223
GNE:GOAO643:643:643MF250720:I:5,1,1,1,1,1,0,0,20250720,20251223
GNE:GOAO643:643:643MF250720:I:6,1,1,1,1,1,0,0,20250720,20251223
GNE:GOAO643:643:643SA250720:O:1,0,0,0,0,0,1,0,20250720,20251223
GNE:GOAO643:643:643SA250720:O:2,0,0,0,0,0,1,0,20250720,20251223
GNE:GOAO643:643:643SA250720:O:3,0,0,0,0,0,1,0,20250720,20251223
GNE:GOAO643:643:643SA250720:O:4,0,0,0,0,0,1,0,20250720,20251223
GNE:GOAO643:643:643SA250720:O:5,0,0,0,0,0,1,0,20250720,20251223
GNE:GOAO643:643:643SA250720:O:6,0,0,0,0,0,1,0,20250720,20251223
GNE:GOAO643:643:643SA250720:I:1,0,0,0,0,0,1,0,20250720,20251223
GNE:GOAO643:643:643SA250720:I:2,0,0,0,0,0,1,0,20250720,20251223
GNE:GOAO643:643:643SA250720:I:3,0,0,0,0,0,1,0,20250720,20251223
GNE:GOAO643:643:643SA250720:I:4,0,0,0,0,0,1,0,20250720,20251223
GNE:GOAO643:643:643SA250720:I:5,0,0,0,0,0,1,0,20250720,20251223
GNE:GOAO643:643:643SA250720:I:6,0,0,0,0,0,1,0,20250720,20251223
GNE:GOAO644:644:644MF250720:O:1,1,1,1,1,1,0,0,20250720,20251223
GNE:GOAO644:644:644MF250720:O:2,1,1,1,1,1,0,0,20250720,20251223
GNE:GOAO644:644:644MF250720:O:3,1,1,1,1,1,0,0,20250720,20251223
GNE:GOAO644:644:644MF250720:O:4,1,1,1,1,1,0,0,20250720,20251223
GNE:GOAO644:644:644MF250720:O:5,1,1,1,1,1,0,0,20250720,20251223
GNE:GOAO644:644:644MF250720:I:1,1,1,1,1,1,0,0,20250720,20251223
GNE:GOAO644:644:644MF250720:I:2,1,1,1,1,1,0,0,20250720,20251223
GNE:GOAO644:644:644MF250720:I:3,1,1,1,1,1,0,0,20250720,20251223
GNE:GOAO644:644:644MF250720:I:4,1,1,1,1,1,0,0,20250720,20251223
GNE:GOAO644:644:644MF250720:I:5,1,1,1,1,1,0,0,20250720,20251223
GNE:GOAO644:644:644MF250720:I:6,1,1,1,1,1,0,0,20250720,20251223
GNE:GOAO644:644:644SA250720:O:1,0,0,0,0,0,1,0,20250720,20251223
GNE:GOAO644:644:644SA250720:O:2,0,0,0,0,0,1,0,20250720,20251223
GNE:GOAO644:644:644SA250720:O:3,0,0,0,0,0,1,0,20250720,20251223
GNE:GOAO644:644:644SA250720:O:4,0,0,0,0,0,1,0,20250720,20251223
GNE:GOAO644:644:644SA250720:O:5,0,0,0,0,0,1,0,20250720,20251223
GNE:GOAO644:644:644SA250720:I:1,0,0,0,0,0,1,0,20250720,20251223
GNE:GOAO644:644:644SA250720:I:2,0,0,0,0,0,1,0,20250720,20251223
GNE:GOAO644:644:644SA250720:I:3,0,0,0,0,0,1,0,20250720,20251223
GNE:GOAO644:644:644SA250720:I:4,0,0,0,0,0,1,0,20250720,20251223
GNE:GOAO644:644:644SA250720:I:5,0,0,0,0,0,1,0,20250720,20251223
GNE:GOAO644:644:644SA250720:I:6,0,0,0,0,0,1,0,20250720,20251223
GNE:GONO673:673:673MF250720:I:1,0,0,0,0,0,0,0,20250720,20251223
GNE:GONO675:675:675MF250720:O:1,0,0,0,0,0,0,0,20250720,20251223
GNE:GONO676:676:676MF250720:O:1,0,0,0,0,0,0,0,20250720,20251223
GNE:GONO676:676:676MF250720:I:1,0,0,0,0,0,0,0,20250720,20251223
GNE:GOAO680:680:680MF250720:O:1,1,1,1,1,1,0,0,20250720,20251223
GNE:GOAO680:680:680MF250720:O:2,1,1,1,1,1,0,0,20250720,20251223
GNE:GOAO680:680:680MF250720:O:3,1,1,1,1,1,0,0,20250720,20251223
GNE:GOAO680:680:680MF250720:O:4,1,1,1,1,1,0,0,20250720,20251223
GNE:GOAO680:680:680MF250720:O:5,1,1,1,1,1,0,0,20250720,20251223
GNE:GOAO680:680:680MF250720:O:6,0,0,0,0,0,0,0,20250720,20251223
GNE:GOAO680:680:680MF250720:O:7,1,1,1,1,1,0,0,20250720,20251223
GNE:GOAO680:680:680MF250720:O:8,1,1,1,1,1,0,0,20250720,20251223
GNE:GOAO680:680:680MF250720:O:9,1,1,1,1,1,0,0,20250720,20251223
GNE:GOAO680:680:680MF250720:I:1,1,1,1,1,1,0,0,20250720,20251223
GNE:GOAO680:680:680MF250720:I:2,0,0,0,0,0,0,0,20250720,20251223
GNE:GOAO680:680:680MF250720:I:3,1,1,1,1,1,0,0,20250720,20251223
GNE:GOAO680:680:680MF250720:I:4,1,1,1,1,1,0,0,20250720,20251223
GNE:GOAO680:680:680MF250720:I:5,1,1,1,1,1,0,0,20250720,20251223
GNE:GOAO680:680:680MF250720:I:6,1,1,1,1,1,0,0,20250720,20251223
GNE:GOAO680:680:680MF250720:I:7,1,1,1,1,1,0,0,20250720,20251223
GNE:GOAO680:680:680MF250720:I:8,1,1,1,1,1,0,0,20250720,20251223
GNE:GOAO680:680:680MF250720:I:9,1,1,1,1,1,0,0,20250720,20251223
GNE:GOAO680:680:680MF250720:I:10,1,1,1,1,1,0,0,20250720,20251223
GNE:GOAO680:680:680SA250720:O:1,0,0,0,0,0,1,0,20250720,20251223
GNE:GOAO680:680:680SA250720:O:2,0,0,0,0,0,1,0,20250720,20251223
GNE:GOAO680:680:680SA250720:O:3,0,0,0,0,0,1,0,20250720,20251223
GNE:GOAO680:680:680SA250720:O:4,0,0,0,0,0,1,0,20250720,20251223
GNE:GOAO680:680:680SA250720:O:5,0,0,0,0,0,1,0,20250720,20251223
GNE:GOAO680:680:680SA250720:O:6,0,0,0,0,0,1,0,20250720,20251223
GNE:GOAO680:680:680SA250720:O:7,0,0,0,0,0,1,0,20250720,20251223
GNE:GOAO680:680:680SA250720:I:1,0,0,0,0,0,1,0,20250720,20251223
GNE:GOAO680:680:680SA250720:I:2,0,0,0,0,0,1,0,20250720,20251223
GNE:GOAO680:680:680SA250720:I:3,0,0,0,0,0,1,0,20250720,20251223
GNE:GOAO680:680:680SA250720:I:4,0,0,0,0,0,1,0,20250720,20251223
GNE:GOAO680:680:680SA250720:I:5,0,0,0,0,0,1,0,20250720,20251223
GNE:GOAO680:680:680SA250720:I:6,0,0,0,0,0,1,0,20250720,20251223
GNE:GOAO680:680:680SA250720:I:7,0,0,0,0,0,1,0,20250720,20251223
GNE:GONO680:680N:690MF250720:O:1,0,0,0,0,0,0,0,20250720,20251223
GNE:GOAO681:681:681MF250720:O:1,1,1,1,1,1,0,0,20250720,20251223
GNE:GOAO681:681:681MF250720:O:2,1,1,1,1,1,0,0,20250720,20251223
GNE:GOAO681:681:681MF250720:O:3,1,1,1,1,1,0,0,20250720,20251223
GNE:GOAO681:681:681MF250720:I:1,1,1,1,1,1,0,0,20250720,20251223
GNE:GOAO681:681:681MF250720:I:2,1,1,1,1,1,0,0,20250720,20251223
GNE:GOAO681:681:681MF250720:I:3,1,1,1,1,1,0,0,20250720,20251223
GNE:GOAO681:681:681MF250720:I:4,1,1,1,1,1,0,0,20250720,20251223
GNE:GOAO681:681:681SA250720:O:1,0,0,0,0,0,1,0,20250720,20251223
GNE:GOAO681:681:681SA250720:O:2,0,0,0,0,0,1,0,20250720,20251223
GNE:GOAO681:681:681SA250720:O:3,0,0,0,0,0,1,0,20250720,20251223
GNE:GOAO681:681:681SA250720:I:1,0,0,0,0,0,1,0,20250720,20251223
GNE:GOAO681:681:681SA250720:I:2,0,0,0,0,0,1,0,20250720,20251223
GNE:GOAO681:681:681SA250720:I:3,0,0,0,0,0,1,0,20250720,20251223
GNE:GOAO681:681:681SA250720:I:4,0,0,0,0,0,1,0,20250720,20251223
GNE:GOAO682:682:682MF250720:O:1,1,1,1,1,1,0,0,20250720,20251223
GNE:GOAO682:682:682MF250720:O:2,1,1,1,1,1,0,0,20250720,20251223
GNE:GOAO682:682:682MF250720:O:3,1,1,1,1,1,0,0,20250720,20251223
GNE:GOAO682:682:682MF250720:I:1,1,1,1,1,1,0,0,20250720,20251223
GNE:GOAO682:682:682MF250720:I:2,1,1,1,1,1,0,0,20250720,20251223
GNE:GOAO682:682:682MF250720:I:3,1,1,1,1,1,0,0,20250720,20251223
GNE:GOAO682:682:682SA250720:O:1,0,0,0,0,0,1,0,20250720,20251223
GNE:GOAO682:682:682SA250720:O:2,0,0,0,0,0,1,0,20250720,20251223
GNE:GOAO682:682:682SA250720:I:1,0,0,0,0,0,1,0,20250720,20251223
GNE:GOAO682:682:682SA250720:I:2,0,0,0,0,0,1,0,20250720,20251223
GNE:GOAO683:683:683MF250720:O:1,1,1,1,1,1,0,0,20250720,20251223
GNE:GOAO683:683:683MF250720:O:2,1,1,1,1,1,0,0,20250720,20251223
GNE:GOAO683:683:683MF250720:O:3,1,1,1,1,1,0,0,20250720,20251223
GNE:GOAO683:683:683MF250720:O:4,1,1,1,1,1,0,0,20250720,20251223
GNE:GOAO683:683:683MF250720:O:5,1,1,1,1,1,0,0,20250720,20251223
GNE:GOAO683:683:683MF250720:O:6,1,1,1,1,1,0,0,20250720,20251223
GNE:GOAO683:683:683MF250720:O:7,1,1,1,1,1,0,0,20250720,20251223
GNE:GOAO683:683:683MF250720:O:8,1,1,1,1,1,0,0,20250720,20251223
GNE:GOAO683:683:683MF250720:O:9,1,1,1,1,1,0,0,20250720,20251223
GNE:GOAO683:683:683MF250720:O:10,1,1,1,1,1,0,0,20250720,20251223
GNE:GOAO683:683:683MF250720:O:11,1,1,1,1,1,0,0,20250720,20251223
GNE:GOAO683:683:683MF250720:O:12,1,1,1,1,1,0,0,20250720,20251223
GNE:GOAO683:683:683MF250720:I:1,1,1,1,1,1,0,0,20250720,20251223
GNE:GOAO683:683:683MF250720:I:2,1,1,1,1,1,0,0,20250720,20251223
GNE:GOAO683:683:683MF250720:I:3,1,1,1,1,1,0,0,20250720,20251223
GNE:GOAO683:683:683MF250720:I:4,1,1,1,1,1,0,0,20250720,20251223
GNE:GOAO683:683:683MF250720:I:5,1,1,1,1,1,0,0,20250720,20251223
GNE:GOAO683:683:683MF250720:I:6,1,1,1,1,1,0,0,20250720,20251223
GNE:GOAO683:683:683MF250720:I:7,1,1,1,1,1,0,0,20250720,20251223
GNE:GOAO683:683:683MF250720:I:8,1,1,1,1,1,0,0,20250720,20251223
GNE:GOAO683:683:683MF250720:I:9,1,1,1,1,1,0,0,20250720,20251223
GNE:GOAO683:683:683MF250720:I:10,1,1,1,1,1,0,0,20250720,20251223
GNE:GOAO683:683:683MF250720:I:11,1,1,1,1,1,0,0,20250720,20251223
GNE:GOAO683:683:683MF250720:I:12,1,1,1,1,1,0,0,20250720,20251223
GNE:GOAO683:683:683SA250720:O:1,0,0,0,0,0,1,0,20250720,20251223
GNE:GOAO683:683:683SA250720:O:2,0,0,0,0,0,1,0,20250720,20251223
GNE:GOAO683:683:683SA250720:O:3,0,0,0,0,0,1,0,20250720,20251223
GNE:GOAO683:683:683SA250720:O:4,0,0,0,0,0,1,0,20250720,20251223
GNE:GOAO683:683:683SA250720:O:5,0,0,0,0,0,1,0,20250720,20251223
GNE:GOAO683:683:683SA250720:O:6,0,0,0,0,0,1,0,20250720,20251223
GNE:GOAO683:683:683SA250720:O:7,0,0,0,0,0,1,0,20250720,20251223
GNE:GOAO683:683:683SA250720:O:8,0,0,0,0,0,1,0,20250720,20251223
GNE:GOAO683:683:683SA250720:O:9,0,0,0,0,0,1,0,20250720,20251223
GNE:GOAO683:683:683SA250720:O:10,0,0,0,0,0,1,0,20250720,20251223
GNE:GOAO683:683:683SA250720:O:11,0,0,0,0,0,1,0,20250720,20251223
GNE:GOAO683:683:683SA250720:I:1,0,0,0,0,0,1,0,20250720,20251223
GNE:GOAO683:683:683SA250720:I:2,0,0,0,0,0,1,0,20250720,20251223
GNE:GOAO683:683:683SA250720:I:3,0,0,0,0,0,1,0,20250720,20251223
GNE:GOAO683:683:683SA250720:I:4,0,0,0,0,0,1,0,20250720,20251223
GNE:GOAO683:683:683SA250720:I:5,0,0,0,0,0,1,0,20250720,20251223
GNE:GOAO683:683:683SA250720:I:6,0,0,0,0,0,1,0,20250720,20251223
GNE:GOAO683:683:683SA250720:I:7,0,0,0,0,0,1,0,20250720,20251223
GNE:GOAO683:683:683SA250720:I:8,0,0,0,0,0,1,0,20250720,20251223
GNE:GOAO683:683:683SA250720:I:9,0,0,0,0,0,1,0,20250720,20251223
GNE:GOAO683:683:683SA250720:I:10,0,0,0,0,0,1,0,20250720,20251223
GNE:GOAO683:683:683SA250720:I:11,0,0,0,0,0,1,0,20250720,20251223
GNE:GOAO684:684:684MF250720:O:1,1,1,1,1,1,0,0,20250720,20251223
GNE:GOAO684:684:684MF250720:O:2,1,1,1,1,1,0,0,20250720,20251223
GNE:GOAO684:684:684MF250720:O:3,1,1,1,1,1,0,0,20250720,20251223
GNE:GOAO684:684:684MF250720:O:4,1,1,1,1,1,0,0,20250720,20251223
GNE:GOAO684:684:684MF250720:O:5,1,1,1,1,1,0,0,20250720,20251223
GNE:GOAO684:684:684MF250720:O:6,1,1,1,1,1,0,0,20250720,20251223
GNE:GOAO684:684:684MF250720:O:7,1,1,1,1,1,0,0,20250720,20251223
GNE:GOAO684:684:684MF250720:O:8,1,1,1,1,1,0,0,20250720,20251223
GNE:GOAO684:684:684MF250720:O:9,1,1,1,1,1,0,0,20250720,20251223
GNE:GOAO684:684:684MF250720:O:10,1,1,1,1,1,0,0,20250720,20251223
GNE:GOAO684:684:684MF250720:O:11,1,1,1,1,1,0,0,20250720,20251223
GNE:GOAO684:684:684MF250720:O:12,0,0,0,0,0,0,0,20250720,20251223
GNE:GOAO684:684:684MF250720:O:13,1,1,1,1,1,0,0,20250720,20251223
GNE:GOAO684:684:684MF250720:O:14,1,1,1,1,1,0,0,20250720,20251223
GNE:GOAO684:684:684MF250720:O:15,1,1,1,1,1,0,0,20250720,20251223
GNE:GOAO684:684:684MF250720:I:1,1,1,1,1,1,0,0,20250720,20251223
GNE:GOAO684:684:684MF250720:I:2,0,0,0,0,0,0,0,20250720,20251223
GNE:GOAO684:684:684MF250720:I:3,1,1,1,1,1,0,0,20250720,20251223
GNE:GOAO684:684:684MF250720:I:4,1,1,1,1,1,0,0,20250720,20251223
GNE:GOAO684:684:684MF250720:I:5,1,1,1,1,1,0,0,20250720,20251223
GNE:GOAO684:684:684MF250720:I:6,1,1,1,1,1,0,0,20250720,20251223
GNE:GOAO684:684:684MF250720:I:7,1,1,1,1,1,0,0,20250720,20251223
GNE:GOAO684:684:684MF250720:I:8,1,1,1,1,1,0,0,20250720,20251223
GNE:GOAO684:684:684MF250720:I:9,1,1,1,1,1,0,0,20250720,20251223
GNE:GOAO684:684:684MF250720:I:10,1,1,1,1,1,0,0,20250720,20251223
GNE:GOAO684:684:684MF250720:I:11,1,1,1,1,1,0,0,20250720,20251223
GNE:GOAO684:684:684MF250720:I:12,1,1,1,1,1,0,0,20250720,20251223
GNE:GOAO684:684:684MF250720:I:13,1,1,1,1,1,0,0,20250720,20251223
GNE:GOAO684:684:684MF250720:I:14,1,1,1,1,1,0,0,20250720,20251223
GNE:GOAO684:684:684MF250720:I:15,1,1,1,1,1,0,0,20250720,20251223
GNE:GOAO684:684:684SA250720:O:1,0,0,0,0,0,1,0,20250720,20251223
GNE:GOAO684:684:684SA250720:O:2,0,0,0,0,0,1,0,20250720,20251223
GNE:GOAO684:684:684SA250720:O:3,0,0,0,0,0,1,0,20250720,20251223
GNE:GOAO684:684:684SA250720:O:4,0,0,0,0,0,1,0,20250720,20251223
GNE:GOAO684:684:684SA250720:O:5,0,0,0,0,0,1,0,20250720,20251223
GNE:GOAO684:684:684SA250720:O:6,0,0,0,0,0,1,0,20250720,20251223
GNE:GOAO684:684:684SA250720:O:7,0,0,0,0,0,1,0,20250720,20251223
GNE:GOAO684:684:684SA250720:O:8,0,0,0,0,0,1,0,20250720,20251223
GNE:GOAO684:684:684SA250720:O:9,0,0,0,0,0,1,0,20250720,20251223
GNE:GOAO684:684:684SA250720:O:10,0,0,0,0,0,1,0,20250720,20251223
GNE:GOAO684:684:684SA250720:O:11,0,0,0,0,0,1,0,20250720,20251223
GNE:GOAO684:684:684SA250720:O:12,0,0,0,0,0,1,0,20250720,20251223
GNE:GOAO684:684:684SA250720:O:13,0,0,0,0,0,1,0,20250720,20251223
GNE:GOAO684:684:684SA250720:I:1,0,0,0,0,0,1,0,20250720,20251223
GNE:GOAO684:684:684SA250720:I:2,0,0,0,0,0,1,0,20250720,20251223
GNE:GOAO684:684:684SA250720:I:3,0,0,0,0,0,1,0,20250720,20251223
GNE:GOAO684:684:684SA250720:I:4,0,0,0,0,0,1,0,20250720,20251223
GNE:GOAO684:684:684SA250720:I:5,0,0,0,0,0,1,0,20250720,20251223
GNE:GOAO684:684:684SA250720:I:6,0,0,0,0,0,1,0,20250720,20251223
GNE:GOAO684:684:684SA250720:I:7,0,0,0,0,0,1,0,20250720,20251223
GNE:GOAO684:684:684SA250720:I:8,0,0,0,0,0,1,0,20250720,20251223
GNE:GOAO684:684:684SA250720:I:9,0,0,0,0,0,1,0,20250720,20251223
GNE:GOAO684:684:684SA250720:I:10,0,0,0,0,0,1,0,20250720,20251223
GNE:GOAO684:684:684SA250720:I:11,0,0,0,0,0,1,0,20250720,20251223
GNE:GOAO684:684:684SA250720:I:12,0,0,0,0,0,1,0,20250720,20251223
GNE:GOAO684:684:684SA250720:I:13,0,0,0,0,0,1,0,20250720,20251223
GNE:GOAO684:684:684SU250720:O:1,0,0,0,0,0,0,1,20250720,20251223
GNE:GOAO684:684:684SU250720:O:2,0,0,0,0,0,0,1,20250720,20251223
GNE:GOAO684:684:684SU250720:O:3,0,0,0,0,0,0,1,20250720,20251223
GNE:GOAO684:684:684SU250720:O:4,0,0,0,0,0,0,1,20250720,20251223
GNE:GOAO684:684:684SU250720:O:5,0,0,0,0,0,0,1,20250720,20251223
GNE:GOAO684:684:684SU250720:O:6,0,0,0,0,0,0,1,20250720,20251223
GNE:GOAO684:684:684SU250720:I:1,0,0,0,0,0,0,1,20250720,20251223
GNE:GOAO684:684:684SU250720:I:2,0,0,0,0,0,0,1,20250720,20251223
GNE:GOAO684:684:684SU250720:I:3,0,0,0,0,0,0,1,20250720,20251223
GNE:GOAO684:684:684SU250720:I:4,0,0,0,0,0,0,1,20250720,20251223
GNE:GOAO684:684:684SU250720:I:5,0,0,0,0,0,0,1,20250720,20251223
GNE:GOAO684:684:684SU250720:I:6,0,0,0,0,0,0,1,20250720,20251223
GNE:GOAO686:686:686MF250720:O:1,1,1,1,1,1,0,0,20250720,20251223
GNE:GOAO686:686:686MF250720:O:2,1,1,1,1,1,0,0,20250720,20251223
GNE:GOAO686:686:686MF250720:O:3,1,1,1,1,1,0,0,20250720,20251223
GNE:GOAO686:686:686MF250720:O:4,1,1,1,1,1,0,0,20250720,20251223
GNE:GOAO686:686:686MF250720:O:5,1,1,1,1,1,0,0,20250720,20251223
GNE:GOAO686:686:686MF250720:O:6,1,1,1,1,1,0,0,20250720,20251223
GNE:GOAO686:686:686MF250720:I:1,1,1,1,1,1,0,0,20250720,20251223
GNE:GOAO686:686:686MF250720:I:2,1,1,1,1,1,0,0,20250720,20251223
GNE:GOAO686:686:686MF250720:I:3,1,1,1,1,1,0,0,20250720,20251223
GNE:GOAO686:686:686MF250720:I:4,1,1,1,1,1,0,0,20250720,20251223
GNE:GOAO686:686:686MF250720:I:5,1,1,1,1,1,0,0,20250720,20251223
GNE:GOAO686:686:686MF250720:I:6,1,1,1,1,1,0,0,20250720,20251223
GNE:GOAO686:686:686SA250720:O:1,0,0,0,0,0,1,0,20250720,20251223
GNE:GOAO686:686:686SA250720:O:2,0,0,0,0,0,1,0,20250720,20251223
GNE:GOAO686:686:686SA250720:O:3,0,0,0,0,0,1,0,20250720,20251223
GNE:GOAO686:686:686SA250720:O:4,0,0,0,0,0,1,0,20250720,20251223
GNE:GOAO686:686:686SA250720:O:5,0,0,0,0,0,1,0,20250720,20251223
GNE:GOAO686:686:686SA250720:O:6,0,0,0,0,0,1,0,20250720,20251223
GNE:GOAO686:686:686SA250720:I:1,0,0,0,0,0,1,0,20250720,20251223
GNE:GOAO686:686:686SA250720:I:2,0,0,0,0,0,1,0,20250720,20251223
GNE:GOAO686:686:686SA250720:I:3,0,0,0,0,0,1,0,20250720,20251223
GNE:GOAO686:686:686SA250720:I:4,0,0,0,0,0,1,0,20250720,20251223
GNE:GOAO686:686:686SA250720:I:5,0,0,0,0,0,1,0,20250720,20251223
GNE:GOAO686:686:686SA250720:I:6,0,0,0,0,0,1,0,20250720,20251223
GNE:GOAO687:687:687MF250720:O:1,1,1,1,1,1,0,0,20250720,20251223
GNE:GOAO687:687:687MF250720:O:2,1,1,1,1,1,0,0,20250720,20251223
GNE:GOAO687:687:687MF250720:O:3,1,1,1,1,1,0,0,20250720,20251223
GNE:GOAO687:687:687MF250720:O:4,1,1,1,1,1,0,0,20250720,20251223
GNE:GOAO687:687:687MF250720:O:5,1,1,1,1,1,0,0,20250720,20251223
GNE:GOAO687:687:687MF250720:O:6,1,1,1,1,1,0,0,20250720,20251223
GNE:GOAO687:687:687MF250720:O:7,1,1,1,1,1,0,0,20250720,20251223
GNE:GOAO687:687:687MF250720:O:8,1,1,1,1,1,0,0,20250720,20251223
GNE:GOAO687:687:687MF250720:O:9,1,1,1,1,1,0,0,20250720,20251223
GNE:GOAO687:687:687MF250720:I:1,1,1,1,1,1,0,0,20250720,20251223
GNE:GOAO687:687:687MF250720:I:2,1,1,1,1,1,0,0,20250720,20251223
GNE:GOAO687:687:687MF250720:I:3,1,1,1,1,1,0,0,20250720,20251223
GNE:GOAO687:687:687MF250720:I:4,1,1,1,1,1,0,0,20250720,20251223
GNE:GOAO687:687:687MF250720:I:5,1,1,1,1,1,0,0,20250720,20251223
GNE:GOAO687:687:687MF250720:I:6,1,1,1,1,1,0,0,20250720,20251223
GNE:GOAO687:687:687MF250720:I:7,1,1,1,1,1,0,0,20250720,20251223
GNE:GOAO687:687:687MF250720:I:8,1,1,1,1,1,0,0,20250720,20251223
GNE:GOAO687:687:687MF250720:I:9,1,1,1,1,1,0,0,20250720,20251223
GNE:GOAO687:687:687SA250720:O:1,0,0,0,0,0,1,0,20250720,20251223
GNE:GOAO687:687:687SA250720:O:2,0,0,0,0,0,1,0,20250720,20251223
GNE:GOAO687:687:687SA250720:O:3,0,0,0,0,0,1,0,20250720,20251223
GNE:GOAO687:687:687SA250720:O:4,0,0,0,0,0,1,0,20250720,20251223
GNE:GOAO687:687:687SA250720:O:5,0,0,0,0,0,1,0,20250720,20251223
GNE:GOAO687:687:687SA250720:O:6,0,0,0,0,0,1,0,20250720,20251223
GNE:GOAO687:687:687SA250720:O:7,0,0,0,0,0,1,0,20250720,20251223
GNE:GOAO687:687:687SA250720:I:1,0,0,0,0,0,1,0,20250720,20251223
GNE:GOAO687:687:687SA250720:I:2,0,0,0,0,0,1,0,20250720,20251223
GNE:GOAO687:687:687SA250720:I:3,0,0,0,0,0,1,0,20250720,20251223
GNE:GOAO687:687:687SA250720:I:4,0,0,0,0,0,1,0,20250720,20251223
GNE:GOAO687:687:687SA250720:I:5,0,0,0,0,0,1,0,20250720,20251223
GNE:GOAO687:687:687SA250720:I:6,0,0,0,0,0,1,0,20250720,20251223
GNE:GOAO687:687:687SA250720:I:7,0,0,0,0,0,1,0,20250720,20251223
GNE:GOAO687:687:687SU250720:O:1,0,0,0,0,0,0,1,20250720,20251223
GNE:GOAO687:687:687SU250720:O:2,0,0,0,0,0,0,1,20250720,20251223
GNE:GOAO687:687:687SU250720:O:3,0,0,0,0,0,0,1,20250720,20251223
GNE:GOAO687:687:687SU250720:O:4,0,0,0,0,0,0,1,20250720,20251223
GNE:GOAO687:687:687SU250720:O:5,0,0,0,0,0,0,1,20250720,20251223
GNE:GOAO687:687:687SU250720:I:1,0,0,0,0,0,0,1,20250720,20251223
GNE:GOAO687:687:687SU250720:I:2,0,0,0,0,0,0,1,20250720,20251223
GNE:GOAO687:687:687SU250720:I:3,0,0,0,0,0,0,1,20250720,20251223
GNE:GOAO687:687:687SU250720:I:4,0,0,0,0,0,0,1,20250720,20251223
GNE:GOAO687:687:687SU250720:I:5,0,0,0,0,0,0,1,20250720,20251223
GNE:GOAO688:688:688MF250720:O:1,1,1,1,1,1,0,0,20250720,20251223
GNE:GOAO688:688:688MF250720:O:2,1,1,1,1,1,0,0,20250720,20251223
GNE:GOAO688:688:688MF250720:O:3,1,1,1,1,1,0,0,20250720,20251223
GNE:GOAO688:688:688MF250720:O:4,1,1,1,1,1,0,0,20250720,20251223
GNE:GOAO688:688:688MF250720:O:5,1,1,1,1,1,0,0,20250720,20251223
GNE:GOAO688:688:688MF250720:O:6,1,1,1,1,1,0,0,20250720,20251223
GNE:GOAO688:688:688MF250720:O:7,1,1,1,1,1,0,0,20250720,20251223
GNE:GOAO688:688:688MF250720:O:8,1,1,1,1,1,0,0,20250720,20251223
GNE:GOAO688:688:688MF250720:I:1,1,1,1,1,1,0,0,20250720,20251223
GNE:GOAO688:688:688MF250720:I:2,1,1,1,1,1,0,0,20250720,20251223
GNE:GOAO688:688:688MF250720:I:3,1,1,1,1,1,0,0,20250720,20251223
GNE:GOAO688:688:688MF250720:I:4,1,1,1,1,1,0,0,20250720,20251223
GNE:GOAO688:688:688MF250720:I:5,1,1,1,1,1,0,0,20250720,20251223
GNE:GOAO688:688:688MF250720:I:6,1,1,1,1,1,0,0,20250720,20251223
GNE:GOAO688:688:688MF250720:I:7,1,1,1,1,1,0,0,20250720,20251223
GNE:GOAO688:688:688MF250720:I:8,1,1,1,1,1,0,0,20250720,20251223
GNE:GOAO688:688:688SA250720:O:1,0,0,0,0,0,1,0,20250720,20251223
GNE:GOAO688:688:688SA250720:O:2,0,0,0,0,0,1,0,20250720,20251223
GNE:GOAO688:688:688SA250720:O:3,0,0,0,0,0,1,0,20250720,20251223
GNE:GOAO688:688:688SA250720:O:4,0,0,0,0,0,1,0,20250720,20251223
GNE:GOAO688:688:688SA250720:O:5,0,0,0,0,0,1,0,20250720,20251223
GNE:GOAO688:688:688SA250720:O:6,0,0,0,0,0,1,0,20250720,20251223
GNE:GOAO688:688:688SA250720:O:7,0,0,0,0,0,1,0,20250720,20251223
GNE:GOAO688:688:688SA250720:I:1,0,0,0,0,0,1,0,20250720,20251223
GNE:GOAO688:688:688SA250720:I:2,0,0,0,0,0,1,0,20250720,20251223
GNE:GOAO688:688:688SA250720:I:3,0,0,0,0,0,1,0,20250720,20251223
GNE:GOAO688:688:688SA250720:I:4,0,0,0,0,0,1,0,20250720,20251223
GNE:GOAO688:688:688SA250720:I:5,0,0,0,0,0,1,0,20250720,20251223
GNE:GOAO688:688:688SA250720:I:6,0,0,0,0,0,1,0,20250720,20251223
GNE:GOAO688:688:688SA250720:I:7,0,0,0,0,0,1,0,20250720,20251223
GNE:GOAO689:689:689MF250720:O:1,1,1,1,1,1,0,0,20250720,20251223
GNE:GOAO689:689:689MF250720:O:2,1,1,1,1,1,0,0,20250720,20251223
GNE:GOAO689:689:689MF250720:I:1,1,1,1,1,1,0,0,20250720,20251223
GNE:GOAO689:689:689MF250720:I:2,1,1,1,1,1,0,0,20250720,20251223
GNE:GOAO689:689:689SA250720:O:1,0,0,0,0,0,1,0,20250720,20251223
GNE:GOAO689:689:689SA250720:O:2,0,0,0,0,0,1,0,20250720,20251223
GNE:GOAO689:689:689SA250720:O:3,0,0,0,0,0,1,0,20250720,20251223
GNE:GOAO689:689:689SA250720:I:1,0,0,0,0,0,1,0,20250720,20251223
GNE:GOAO689:689:689SA250720:I:2,0,0,0,0,0,1,0,20250720,20251223
GNE:GOAO689:689:689SA250720:I:3,0,0,0,0,0,1,0,20250720,20251223
GNE:GONO695:695:695MF250720:O:1,0,0,0,0,0,0,0,20250720,20251223
GNE:GOAO700:700:00SBH250720:O:1,0,0,0,0,0,0,0,20250720,20250907
GNE:GOAO700:700:00SBH250720:O:2,0,0,0,0,0,0,0,20250720,20250907
GNE:GOAO700:700:00SBH250720:O:3,0,0,0,0,0,0,0,20250720,20250907
GNE:GOAO700:700:00SBH250720:O:4,0,0,0,0,0,0,0,20250720,20250907
GNE:GOAO700:700:00SBH250720:O:5,0,0,0,0,0,0,0,20250720,20250907
GNE:GOAO700:700:00SBH250720:O:6,0,0,0,0,0,0,0,20250720,20250907
GNE:GOAO700:700:00SBH250720:O:7,0,0,0,0,0,0,0,20250720,20250907
GNE:GOAO700:700:00SBH250720:O:8,0,0,0,0,0,0,0,20250720,20250907
GNE:GOAO700:700:00SBH250720:O:9,0,0,0,0,0,0,0,20250720,20250907
GNE:GOAO700:700:00SBH250720:O:10,0,0,0,0,0,0,0,20250720,20250907
GNE:GOAO700:700:00SBH250720:O:11,0,0,0,0,0,0,0,20250720,20250907
GNE:GOAO700:700:00SMF250720:O:1,0,0,0,0,0,0,0,20250720,20250907
GNE:GOAO700:700:00SMF250720:O:2,0,0,0,0,0,0,0,20250720,20250907
GNE:GOAO700:700:00SMF250720:O:3,0,0,0,0,0,0,0,20250720,20250907
GNE:GOAO700:700:00SMF250720:O:4,0,0,0,0,0,0,0,20250720,20250907
GNE:GOAO700:700:00SMF250720:O:5,0,0,0,0,0,0,0,20250720,20250907
GNE:GOAO700:700:00SMF250720:O:6,0,0,0,0,0,0,0,20250720,20250907
GNE:GOAO700:700:00SMF250720:O:7,0,0,0,0,0,0,0,20250720,20250907
GNE:GOAO700:700:00SMF250720:O:8,0,0,0,0,0,0,0,20250720,20250907
GNE:GOAO700:700:00SMF250720:O:9,0,0,0,0,0,0,0,20250720,20250907
GNE:GOAO700:700:00SMF250720:O:10,0,0,0,0,0,0,0,20250720,20250907
GNE:GOAO700:700:00SMF250720:O:11,0,0,0,0,0,0,0,20250720,20250907
GNE:GOAO700:700:00SMF250720:O:12,0,0,0,0,0,0,0,20250720,20250907
GNE:GOAO700:700:00SMF250720:O:13,0,0,0,0,0,0,0,20250720,20250907
GNE:GOAO700:700:00SMF250720:O:14,0,0,0,0,0,0,0,20250720,20250907
GNE:GOAO700:700:00SMF250720:O:15,0,0,0,0,0,0,0,20250720,20250907
GNE:GOAO700:700:00SMF250720:O:16,0,0,0,0,0,0,0,20250720,20250907
GNE:GOAO700:700:00SMF250720:O:17,0,0,0,0,0,0,0,20250720,20250907
GNE:GOAO700:700:00SSA250720:O:1,0,0,0,0,0,0,0,20250720,20250907
GNE:GOAO700:700:00SSA250720:O:2,0,0,0,0,0,0,0,20250720,20250907
GNE:GOAO700:700:00SSA250720:O:3,0,0,0,0,0,0,0,20250720,20250907
GNE:GOAO700:700:00SSA250720:O:4,0,0,0,0,0,0,0,20250720,20250907
GNE:GOAO700:700:00SSA250720:O:5,0,0,0,0,0,0,0,20250720,20250907
GNE:GOAO700:700:00SSA250720:O:6,0,0,0,0,0,0,0,20250720,20250907
GNE:GOAO700:700:00SSA250720:O:7,0,0,0,0,0,0,0,20250720,20250907
GNE:GOAO700:700:00SSA250720:O:8,0,0,0,0,0,0,0,20250720,20250907
GNE:GOAO700:700:00SSA250720:O:9,0,0,0,0,0,0,0,20250720,20250907
GNE:GOAO700:700:00SSA250720:O:10,0,0,0,0,0,0,0,20250720,20250907
GNE:GOAO700:700:00SSA250720:O:11,0,0,0,0,0,0,0,20250720,20250907
GNE:GOAO700:700:00SSA250720:O:12,0,0,0,0,0,0,0,20250720,20250907
GNE:GOAO700:700:00SSA250720:O:13,0,0,0,0,0,0,0,20250720,20250907
GNE:GOAO700:700:00SSA250720:O:14,0,0,0,0,0,0,0,20250720,20250907
GNE:GOAO700:700:00SSA250720:O:15,0,0,0,0,0,0,0,20250720,20250907
GNE:GOAO700:700:00SSU250720:O:1,0,0,0,0,0,0,0,20250720,20250907
GNE:GOAO700:700:00SSU250720:O:2,0,0,0,0,0,0,0,20250720,20250907
GNE:GOAO700:700:00SSU250720:O:3,0,0,0,0,0,0,0,20250720,20250907
GNE:GOAO700:700:00SSU250720:O:4,0,0,0,0,0,0,0,20250720,20250907
GNE:GOAO700:700:00SSU250720:O:5,0,0,0,0,0,0,0,20250720,20250907
GNE:GOAO700:700:00SSU250720:O:6,0,0,0,0,0,0,0,20250720,20250907
GNE:GOAO700:700:00SSU250720:O:7,0,0,0,0,0,0,0,20250720,20250907
GNE:GOAO700:700:00SSU250720:O:8,0,0,0,0,0,0,0,20250720,20250907
GNE:GOAO700:700:00SSU250720:O:9,0,0,0,0,0,0,0,20250720,20250907
GNE:GOAO700:700:00SSU250720:O:10,0,0,0,0,0,0,0,20250720,20250907
GNE:GOAO700:700:00SSU250720:O:11,0,0,0,0,0,0,0,20250720,20250907
GNE:GODO700:700D:710MF250720:O:1,1,1,1,1,1,0,0,20250720,20251223
GNE:GODO700:700D:710MF250720:O:2,1,1,1,1,1,0,0,20250720,20251223
GNE:GODO700:700D:710MF250720:O:3,1,1,1,1,1,0,0,20250720,20251223
GNE:GODO700:700D:710MF250720:O:4,1,1,1,1,1,0,0,20250720,20251223
GNE:GODO700:700D:710MF250720:O:5,1,1,1,1,1,0,0,20250720,20251223
GNE:GODO700:700D:710SA250720:O:1,0,0,0,0,0,1,0,20250720,20251223
GNE:GODO700:700D:710SA250720:O:2,0,0,0,0,0,1,0,20250720,20251223
GNE:GODO700:700D:710SA250720:O:3,0,0,0,0,0,1,0,20250720,20251223
GNE:GODO700:700D:710SA250720:O:4,0,0,0,0,0,1,0,20250720,20251223
GNE:GODO700:700D:710SA250720:O:5,0,0,0,0,0,1,0,20250720,20251223
GNE:GOAO701:701:01SMF250720:O:1,0,0,0,0,0,0,0,20250720,20250907
GNE:GOAO701:701:01SMF250720:O:2,0,0,0,0,0,0,0,20250720,20250907
GNE:GOAO701:701:01SMF250720:O:3,0,0,0,0,0,0,0,20250720,20250907
GNE:GOAO701:701:01SMF250720:O:4,0,0,0,0,0,0,0,20250720,20250907
GNE:GOAO701:701:01SMF250720:O:5,0,0,0,0,0,0,0,20250720,20250907
GNE:GOAO701:701:01SMF250720:O:6,0,0,0,0,0,0,0,20250720,20250907
GNE:GOAO701:701:01SMF250720:O:7,0,0,0,0,0,0,0,20250720,20250907
GNE:GOAO701:701:01SMF250720:O:8,0,0,0,0,0,0,0,20250720,20250907
GNE:GOAO701:701:01SMF250720:O:9,0,0,0,0,0,0,0,20250720,20250907
GNE:GOAO701:701:01SMF250720:O:10,0,0,0,0,0,0,0,20250720,20250907
GNE:GOAO701:701:01SMF250720:O:11,0,0,0,0,0,0,0,20250720,20250907
GNE:GOAO701:701:01SMF250720:O:12,0,0,0,0,0,0,0,20250720,20250907
GNE:GOAO701:701:01SMF250720:O:13,0,0,0,0,0,0,0,20250720,20250907
GNE:GOAO701:701:01SMF250720:O:14,0,0,0,0,0,0,0,20250720,20250907
GNE:GOAO701:701:01SMF250720:O:15,0,0,0,0,0,0,0,20250720,20250907
GNE:GOAO701:701:01SMF250720:O:16,0,0,0,0,0,0,0,20250720,20250907
GNE:GOAO701:701:01SMF250720:O:17,0,0,0,0,0,0,0,20250720,20250907
GNE:GOAO701:701:01SMF250720:O:18,0,0,0,0,0,0,0,20250720,20250907
GNE:GOAO701:701:01SMF250720:O:19,0,0,0,0,0,0,0,20250720,20250907
GNE:GOAO701:701:01SMF250720:O:20,0,0,0,0,0,0,0,20250720,20250907
GNE:GOAO701:701:01SMF250720:O:21,0,0,0,0,0,0,0,20250720,20250907
GNE:GOAO701:701:01SMF250720:O:22,0,0,0,0,0,0,0,20250720,20250907
GNE:GOAO701:701:01SSA250720:O:1,0,0,0,0,0,0,0,20250720,20250907
GNE:GOAO701:701:01SSA250720:O:2,0,0,0,0,0,0,0,20250720,20250907
GNE:GOAO701:701:01SSA250720:O:3,0,0,0,0,0,0,0,20250720,20250907
GNE:GOAO701:701:01SSA250720:O:4,0,0,0,0,0,0,0,20250720,20250907
GNE:GOAO701:701:01SSA250720:O:5,0,0,0,0,0,0,0,20250720,20250907
GNE:GOAO701:701:01SSA250720:O:6,0,0,0,0,0,0,0,20250720,20250907
GNE:GOAO701:701:01SSA250720:O:7,0,0,0,0,0,0,0,20250720,20250907
GNE:GOAO701:701:01SSA250720:O:8,0,0,0,0,0,0,0,20250720,20250907
GNE:GOAO701:701:01SSA250720:O:9,0,0,0,0,0,0,0,20250720,20250907
GNE:GOAO701:701:01SSA250720:O:10,0,0,0,0,0,0,0,20250720,20250907
GNE:GOAO701:701:01SSA250720:O:11,0,0,0,0,0,0,0,20250720,20250907
GNE:GOAO701:701:01SSA250720:O:12,0,0,0,0,0,0,0,20250720,20250907
GNE:GOAO701:701:01SSA250720:O:13,0,0,0,0,0,0,0,20250720,20250907
GNE:GOAO701:701:01SSA250720:O:14,0,0,0,0,0,0,0,20250720,20250907
GNE:GOAO701:701:01SSA250720:O:15,0,0,0,0,0,0,0,20250720,20250907
GNE:GOAO701:701:01SSA250720:O:16,0,0,0,0,0,0,0,20250720,20250907
GNE:GOAO701:701:01SSA250720:O:17,0,0,0,0,0,0,0,20250720,20250907
GNE:GOAO701:701:01SSA250720:O:18,0,0,0,0,0,0,0,20250720,20250907
GNE:GODO701:701D:711MF250720:O:1,1,1,1,1,1,0,0,20250720,20251223
GNE:GODO701:701D:711MF250720:O:2,1,1,1,1,1,0,0,20250720,20251223
GNE:GODO701:701D:711MF250720:O:3,1,1,1,1,1,0,0,20250720,20251223
GNE:GODO701:701D:711MF250720:O:4,1,1,1,1,1,0,0,20250720,20251223
GNE:GODO701:701D:711MF250720:O:5,1,1,1,1,1,0,0,20250720,20251223
GNE:GODO701:701D:711MF250720:O:6,1,1,1,1,1,0,0,20250720,20251223
GNE:GODO701:701D:711MF250720:O:7,1,1,1,1,1,0,0,20250720,20251223
GNE:GODO701:701D:711MF250720:O:8,1,1,1,1,1,0,0,20250720,20251223
GNE:GODO701:701D:711SA250720:O:1,0,0,0,0,0,1,0,20250720,20251223
GNE:GODO701:701D:711SA250720:O:2,0,0,0,0,0,1,0,20250720,20251223
GNE:GODO701:701D:711SA250720:O:3,0,0,0,0,0,1,0,20250720,20251223
GNE:GODO701:701D:711SA250720:O:4,0,0,0,0,0,1,0,20250720,20251223
GNE:GODO701:701D:711SA250720:O:5,0,0,0,0,0,1,0,20250720,20251223
GNE:GODO701:701D:711SA250720:O:6,0,0,0,0,0,1,0,20250720,20251223
GNE:GODO701:701D:711SA250720:O:7,0,0,0,0,0,1,0,20250720,20251223
GNE:GODO701:701D:711SA250720:O:8,0,0,0,0,0,1,0,20250720,20251223
GNE:GODO702:702:712MF250720:O:1,1,1,1,1,1,0,0,20250720,20251223
GNE:GODO702:702:712MF250720:O:2,1,1,1,1,1,0,0,20250720,20251223
GNE:GODO702:702:712MF250720:O:3,1,1,1,1,1,0,0,20250720,20251223
GNE:GODO702:702:712SA250720:O:1,0,0,0,0,0,1,0,20250720,20251223
GNE:GODO702:702:712SA250720:O:2,0,0,0,0,0,1,0,20250720,20251223
GNE:GODO702:702:712SA250720:O:3,0,0,0,0,0,1,0,20250720,20251223
GNE:GODO703:703:713MF250720:O:1,1,1,1,1,1,0,0,20250720,20251223
GNE:GODO703:703:713MF250720:O:2,1,1,1,1,1,0,0,20250720,20251223
GNE:GODO703:703:713MF250720:O:3,1,1,1,1,1,0,0,20250720,20251223
GNE:GODO703:703:713MF250720:O:4,1,1,1,1,1,0,0,20250720,20251223
GNE:GODO703:703:713MF250720:O:5,1,1,1,1,1,0,0,20250720,20251223
GNE:GODO703:703:713MF250720:O:6,1,1,1,1,1,0,0,20250720,20251223
GNE:GODO703:703:713MF250720:O:7,1,1,1,1,1,0,0,20250720,20251223
GNE:GODO703:703:713MF250720:O:8,1,1,1,1,1,0,0,20250720,20251223
GNE:GODO703:703:713SA250720:O:1,0,0,0,0,0,1,0,20250720,20251223
GNE:GODO703:703:713SA250720:O:2,0,0,0,0,0,1,0,20250720,20251223
GNE:GODO703:703:713SA250720:O:3,0,0,0,0,0,1,0,20250720,20251223
GNE:GODO703:703:713SA250720:O:4,0,0,0,0,0,1,0,20250720,20251223
GNE:GODO703:703:713SA250720:O:5,0,0,0,0,0,1,0,20250720,20251223
GNE:GODO703:703:713SA250720:O:6,0,0,0,0,0,1,0,20250720,20251223
GNE:GODO703:703:713SA250720:O:7,0,0,0,0,0,1,0,20250720,20251223
GNE:GODO703:703:713SA250720:O:8,0,0,0,0,0,1,0,20250720,20251223
GNE:GONO792:792:792MF250720:O:1,1,1,1,1,1,0,0,20250720,20250830
GNE:GONO792:792:792MF250720:I:1,1,1,1,1,1,0,0,20250720,20250830
GNE:GONO794:794:794MF250720:O:1,1,1,1,1,1,0,0,20250720,20250830
GNE:GONO794:794:794MF250720:I:1,1,1,1,1,1,0,0,20250720,20250830
GNE:GODO807:807:807MF250720:O:1,0,0,0,0,0,0,0,20250720,20251223
GNE:GODO807:807:807MF250720:I:1,0,0,0,0,0,0,0,20250720,20251223
GNE:GODO808:808:808MF250720:O:1,0,0,0,0,0,0,0,20250720,20251223
GNE:GODO808:808:808MF250720:I:1,0,0,0,0,0,0,0,20250720,20251223
GNE:GOAO819:819:B19MF250720:O:1,0,0,0,0,0,0,0,20250720,20251223
GNE:GOAO819:819:B19MF250720:I:1,0,0,0,0,0,0,0,20250720,20251223
GNE:GONO819:819N:S19MF250720:O:1,0,0,0,0,0,0,0,20250720,20251223
GNE:GOAO820:820:B20MF250720:O:1,0,0,0,0,0,0,0,20250720,20251223
GNE:GOAO820:820:B20MF250720:I:1,0,0,0,0,0,0,0,20250720,20251223
GNE:GOAO821:821:B21MF250720:O:1,0,0,0,0,0,0,0,20250720,20251223
GNE:GOAO821:821:B21MF250720:I:1,0,0,0,0,0,0,0,20250720,20251223
GNE:GONO821:821N:S21MF250720:I:1,0,0,0,0,0,0,0,20250720,20251223
GNE:GOAO823:823:B23MF250720:O:1,0,0,0,0,0,0,0,20250720,20251223
GNE:GOAO823:823:B23MF250720:I:1,0,0,0,0,0,0,0,20250720,20251223
GNE:GOAO824:824:B24MF250720:O:1,0,0,0,0,0,0,0,20250720,20251223
GNE:GOAO824:824:B24MF250720:I:1,0,0,0,0,0,0,0,20250720,20251223
GNE:GONO824:824N:S24MF250720:I:1,0,0,0,0,0,0,0,20250720,20251223
GNE:GOAO825:825:B25MF250720:O:1,0,0,0,0,0,0,0,20250720,20251223
GNE:GOAO825:825:B25MF250720:I:1,0,0,0,0,0,0,0,20250720,20251223
GNE:GOAO826:826:B26MF250720:O:1,0,0,0,0,0,0,0,20250720,20251223
GNE:GOAO826:826:B26MF250720:I:1,0,0,0,0,0,0,0,20250720,20251223
GNE:GOAO827:827:B27MF250720:O:1,0,0,0,0,0,0,0,20250720,20251223
GNE:GOAO827:827:B27MF250720:I:1,0,0,0,0,0,0,0,20250720,20251223
GNE:GOAO828:828:B28MF250720:O:1,0,0,0,0,0,0,0,20250720,20251223
GNE:GOAO828:828:B28MF250720:I:1,0,0,0,0,0,0,0,20250720,20251223
GNE:GOAO829:829:B29MF250720:O:1,0,0,0,0,0,0,0,20250720,20251223
GNE:GOAO829:829:B29MF250720:I:1,0,0,0,0,0,0,0,20250720,20251223
GNE:GONO830:830:S30MF250720:O:1,0,0,0,0,0,0,0,20250720,20251223
GNE:GOAO831:831:B31MF250720:O:1,0,0,0,0,0,0,0,20250720,20251223
GNE:GOAO831:831:B31MF250720:I:1,0,0,0,0,0,0,0,20250720,20251223
GNE:GONO832:832:S32MF250720:O:1,0,0,0,0,0,0,0,20250720,20251223
GNE:GONO832:832:S32MF250720:I:1,0,0,0,0,0,0,0,20250720,20251223
GNE:GONO833:833:S33MF250720:I:1,0,0,0,0,0,0,0,20250720,20251223
GNE:GONO838:838:S38MF250720:O:1,0,0,0,0,0,0,0,20250720,20251223
GNE:GONO838:838:S38MF250720:I:1,0,0,0,0,0,0,0,20250720,20251223
GNE:GONO838:838:S38MF250720:I:2,0,0,0,0,0,0,0,20250720,20251223
GNE:GONO840:840:S40MF250720:I:1,0,0,0,0,0,0,0,20250720,20251223
GNE:GONO840:840:S40MF250720:I:2,0,0,0,0,0,0,0,20250720,20251223
GNE:GONO841:841:S41MF250720:O:1,0,0,0,0,0,0,0,20250720,20251223
GNE:GONO841:841:S41MF250720:I:1,0,0,0,0,0,0,0,20250720,20251223
GNE:GONO841:841:S41MF250720:I:2,0,0,0,0,0,0,0,20250720,20251223
GNE:GONO842:842:S42MF250720:O:1,0,0,0,0,0,0,0,20250720,20251223
GNE:GONO843:843:S43MF250720:I:1,0,0,0,0,0,0,0,20250720,20251223
GNE:GONO843:843:S43MF250720:I:2,0,0,0,0,0,0,0,20250720,20251223
GNE:GONO844:844:S44MF250720:I:1,0,0,0,0,0,0,0,20250720,20251223
GNE:GONO845:845:S45MF250720:I:1,0,0,0,0,0,0,0,20250720,20251223
GNE:GONO846:846:S46MF250720:O:1,0,0,0,0,0,0,0,20250720,20251223
GNE:GONO846:846:S46MF250720:I:1,0,0,0,0,0,0,0,20250720,20251223
GNE:GONO846:846:S46MF250720:I:2,0,0,0,0,0,0,0,20250720,20251223
GNE:GONO846:846:S46MF250720:I:3,0,0,0,0,0,0,0,20250720,20251223
GNE:GONO850:850:S50MF250720:O:1,0,0,0,0,0,0,0,20250720,20251223
GNE:GONO854:854:S54MF250720:I:1,0,0,0,0,0,0,0,20250720,20251223
GNE:GONO856:856:S56MF250720:O:1,0,0,0,0,0,0,0,20250720,20251223
GNE:GONO856:856:S56MF250720:I:1,0,0,0,0,0,0,0,20250720,20251223
GNE:GONO859:859:S59MF250720:I:1,0,0,0,0,0,0,0,20250720,20251223
GNE:GOAO861:861:861MF250720:O:1,0,0,0,0,0,0,0,20250720,20251223
GNE:GOAO861:861:861MF250720:I:1,0,0,0,0,0,0,0,20250720,20251223
GNE:GONO861:861N:S61MF250720:I:1,0,0,0,0,0,0,0,20250720,20251223
GNE:GONO863:863:S63MF250720:O:1,0,0,0,0,0,0,0,20250720,20251223
GNE:GONO863:863:S63MF250720:I:1,0,0,0,0,0,0,0,20250720,20251223
GNE:GONO864:864:S64MF250720:I:1,0,0,0,0,0,0,0,20250720,20251223
GNE:GONO865:865:S65MF250720:I:1,0,0,0,0,0,0,0,20250720,20251223
GNE:GONO866:866:S66MF250720:I:1,0,0,0,0,0,0,0,20250720,20251223
GNE:GOAO871:871:871MF250720:O:1,0,0,0,0,0,0,0,20250720,20251223
GNE:GONO873:873:S73MF250720:O:1,0,0,0,0,0,0,0,20250720,20251223
GNE:GONO874:874:S74MF250720:I:1,0,0,0,0,0,0,0,20250720,20251223
GNE:GONO874:874:S74MF250720:I:2,0,0,0,0,0,0,0,20250720,20251223
GNE:GODO875:875:875MF250720:O:1,0,0,0,0,0,0,0,20250720,20251223
GNE:GODO876:876:876MF250720:O:1,0,0,0,0,0,0,0,20250720,20251223
GNE:GODO876:876:876MF250720:O:2,0,0,0,0,0,0,0,20250720,20251223
GNE:GODO876:876:876MF250720:I:1,0,0,0,0,0,0,0,20250720,20251223
GNE:GONO876:876N:S76MF250720:I:1,0,0,0,0,0,0,0,20250720,20251223
GNE:GODO877:877:877MF250720:O:1,0,0,0,0,0,0,0,20250720,20251223
GNE:GODO877:877:877MF250720:I:1,0,0,0,0,0,0,0,20250720,20251223
GNE:GONO878:878:S78MF250720:O:1,0,0,0,0,0,0,0,20250720,20251223
GNE:GONO878:878:S78MF250720:I:1,0,0,0,0,0,0,0,20250720,20251223
GNE:GONO878:878:S78MF250720:I:2,0,0,0,0,0,0,0,20250720,20251223
GNE:GONO880:880:S80MF250720:I:1,0,0,0,0,0,0,0,20250720,20251223
GNE:GONO880:880:S80MF250720:I:2,0,0,0,0,0,0,0,20250720,20251223
GNE:GONO881:881:S81MF250720:O:1,0,0,0,0,0,0,0,20250720,20251223
GNE:GONO882:882:S82MF250720:I:1,0,0,0,0,0,0,0,20250720,20251223
GNE:GONO882:882:S82MF250720:I:2,0,0,0,0,0,0,0,20250720,20251223
GNE:GONO884:884:S84MF250720:O:1,0,0,0,0,0,0,0,20250720,20251223
GNE:GOAO885:885:885MF250720:O:1,0,0,0,0,0,0,0,20250720,20251223
GNE:GOAO885:885:885MF250720:I:1,0,0,0,0,0,0,0,20250720,20251223
GNE:GOAO886:886:886MF250720:O:1,0,0,0,0,0,0,0,20250720,20251223
GNE:GOAO886:886:886MF250720:I:1,0,0,0,0,0,0,0,20250720,20251223
GNE:GOAO887:887:887MF250720:O:1,0,0,0,0,0,0,0,20250720,20251223
GNE:GOAO887:887:887MF250720:I:1,0,0,0,0,0,0,0,20250720,20251223
GNE:GOAO888:888:888MF250720:O:1,0,0,0,0,0,0,0,20250720,20251223
GNE:GOAO888:888:888MF250720:I:1,0,0,0,0,0,0,0,20250720,20251223
GNE:GONO889:889:S89MF250720:O:1,0,0,0,0,0,0,0,20250720,20251223
GNE:GONO891:891:S91MF250720:I:1,0,0,0,0,0,0,0,20250720,20251223
GNE:GONO896:896:S96MF250720:O:1,0,0,0,0,0,0,0,20250720,20251223
GNE:GONO898:898:S98MF250720:O:1,0,0,0,0,0,0,0,20250720,20251223
GNE:GONO898:898:S98MF250720:I:1,0,0,0,0,0,0,0,20250720,20251223
GNE:GONO898:898:S98MF250720:I:2,0,0,0,0,0,0,0,20250720,20251223
GNE:GONO898:898:S98MF250720:I:3,0,0,0,0,0,0,0,20250720,20251223
GNE:GONO899:899:S99MF250720:I:1,0,0,0,0,0,0,0,20250720,20251223
GNE:GONO899:899:S99MF250720:I:2,0,0,0,0,0,0,0,20250720,20251223
GNE:GONO899:899:S99MF250720:I:3,0,0,0,0,0,0,0,20250720,20251223
GNE:GOAO935:935:935MF250720:O:1,1,1,1,1,1,0,0,20250720,20251223
GNE:GOAO935:935:935MF250720:O:2,1,1,1,1,1,0,0,20250720,20251223
GNE:GOAO935:935:935SA250720:O:1,0,0,0,0,0,1,0,20250720,20251223
GNE:GOAO935:935:935SA250720:O:2,0,0,0,0,0,1,0,20250720,20251223
GNE:GOAO935:935:935SA250720:O:3,0,0,0,0,0,1,0,20250720,20251223
GNE:GOAO937:937:937MF250720:O:1,1,1,1,1,1,0,0,20250720,20251223
GNE:GOAO937:937:937MF250720:O:2,1,1,1,1,1,0,0,20250720,20251223
GNE:GOAAD122:AD12:AD1MF250720:O:1,1,1,1,1,1,0,0,20250720,20251223
GNE:GOAAD122:AD12:AD1MF250720:O:2,1,1,1,1,1,0,0,20250720,20251223
GNE:GOAAD122:AD12:AD1MF250720:O:3,1,1,1,1,1,0,0,20250720,20251223
GNE:GOAAD122:AD12:AD1MF250720:O:4,1,1,1,1,1,0,0,20250720,20251223
GNE:GOAAD122:AD12:AD1MF250720:O:5,1,1,1,1,1,0,0,20250720,20251223
GNE:GOAAD122:AD12:AD1MF250720:I:1,1,1,1,1,1,0,0,20250720,20251223
GNE:GOAAD122:AD12:AD1MF250720:I:2,1,1,1,1,1,0,0,20250720,20251223
GNE:GOAAD122:AD12:AD1MF250720:I:3,1,1,1,1,1,0,0,20250720,20251223
GNE:GOAAD122:AD12:AD1MF250720:I:4,1,1,1,1,1,0,0,20250720,20251223
GNE:GOAAD122:AD12:AD1MF250720:I:5,1,1,1,1,1,0,0,20250720,20251223
GNE:GOAAD122:AD12:AD1SA250720:O:1,0,0,0,0,0,1,0,20250720,20251223
GNE:GOAAD122:AD12:AD1SA250720:O:2,0,0,0,0,0,1,0,20250720,20251223
GNE:GOAAD122:AD12:AD1SA250720:O:3,0,0,0,0,0,1,0,20250720,20251223
GNE:GOAAD122:AD12:AD1SA250720:O:4,0,0,0,0,0,1,0,20250720,20251223
GNE:GOAAD122:AD12:AD1SA250720:O:5,0,0,0,0,0,1,0,20250720,20251223
GNE:GOAAD122:AD12:AD1SA250720:I:1,0,0,0,0,0,1,0,20250720,20251223
GNE:GOAAD122:AD12:AD1SA250720:I:2,0,0,0,0,0,1,0,20250720,20251223
GNE:GOAAD122:AD12:AD1SA250720:I:3,0,0,0,0,0,1,0,20250720,20251223
GNE:GOAAD122:AD12:AD1SA250720:I:4,0,0,0,0,0,1,0,20250720,20251223
GNE:GOAAD122:AD12:AD1SA250720:I:5,0,0,0,0,0,1,0,20250720,20251223
GNE:GOAAD122:AD12:AD1SU250720:O:1,0,0,0,0,0,0,1,20250720,20251223
GNE:GOAAD122:AD12:AD1SU250720:O:2,0,0,0,0,0,0,1,20250720,20251223
GNE:GOAAD122:AD12:AD1SU250720:O:3,0,0,0,0,0,0,1,20250720,20251223
GNE:GOAAD122:AD12:AD1SU250720:O:4,0,0,0,0,0,0,1,20250720,20251223
GNE:GOAAD122:AD12:AD1SU250720:O:5,0,0,0,0,0,0,1,20250720,20251223
GNE:GOAAD122:AD12:AD1SU250720:I:1,0,0,0,0,0,0,1,20250720,20251223
GNE:GOAAD122:AD12:AD1SU250720:I:2,0,0,0,0,0,0,1,20250720,20251223
GNE:GOAAD122:AD12:AD1SU250720:I:3,0,0,0,0,0,0,1,20250720,20251223
GNE:GOAAD122:AD12:AD1SU250720:I:4,0,0,0,0,0,0,1,20250720,20251223
GNE:GOAAD122:AD12:AD1SU250720:I:5,0,0,0,0,0,0,1,20250720,20251223
GNE:GOAH000:H:H00MF250720:O:1,1,1,1,1,1,0,0,20250720,20251223
GNE:GOAH000:H:H00MF250720:O:2,1,1,1,1,1,0,0,20250720,20251223
GNE:GOAH000:H:H00MF250720:O:3,1,1,1,1,1,0,0,20250720,20251223
GNE:GOAH000:H:H00MF250720:O:4,1,1,1,1,1,0,0,20250720,20251223
GNE:GOAH000:H:H00MF250720:O:5,1,1,1,1,1,0,0,20250720,20251223
GNE:GOAH000:H:H00MF250720:O:6,1,1,1,1,1,0,0,20250720,20251223
GNE:GOAH000:H:H00MF250720:O:7,1,1,1,1,1,0,0,20250720,20251223
GNE:GOAH000:H:H00MF250720:O:8,1,1,1,1,1,0,0,20250720,20251223
GNE:GOAH000:H:H00MF250720:O:9,1,1,1,1,1,0,0,20250720,20251223
GNE:GOAH000:H:H00MF250720:O:10,1,1,1,1,1,0,0,20250720,20251223
GNE:GOAH000:H:H00MF250720:O:11,1,1,1,1,1,0,0,20250720,20251223
GNE:GOAH000:H:H00MF250720:O:12,1,1,1,1,1,0,0,20250720,20251223
GNE:GOAH000:H:H00MF250720:O:13,1,1,1,1,1,0,0,20250720,20251223
GNE:GOAH000:H:H00MF250720:O:14,1,1,1,1,1,0,0,20250720,20251223
GNE:GOAH000:H:H00MF250720:O:15,1,1,1,1,1,0,0,20250720,20251223
GNE:GOAH000:H:H00MF250720:O:16,1,1,1,1,1,0,0,20250720,20251223
GNE:GOAH000:H:H00MF250720:O:17,1,1,1,1,1,0,0,20250720,20251223
GNE:GOAH000:H:H00MF250720:O:18,1,1,1,1,1,0,0,20250720,20251223
GNE:GOAH000:H:H00MF250720:O:19,1,1,1,1,1,0,0,20250720,20251223
GNE:GOAH000:H:H00MF250720:O:20,1,1,1,1,1,0,0,20250720,20251223
GNE:GOAH000:H:H00MF250720:O:21,1,1,1,1,1,0,0,20250720,20251223
GNE:GOAH000:H:H00MF250720:O:22,1,1,1,1,1,0,0,20250720,20251223
GNE:GOAH000:H:H00MF250720:O:23,1,1,1,1,1,0,0,20250720,20251223
GNE:GOAH000:H:H00MF250720:O:24,1,1,1,1,1,0,0,20250720,20251223
GNE:GOAH000:H:H00MF250720:O:25,1,1,1,1,1,0,0,20250720,20251223
GNE:GOAH000:H:H00MF250720:O:26,1,1,1,1,1,0,0,20250720,20251223
GNE:GOAH000:H:H00MF250720:O:27,1,1,1,1,1,0,0,20250720,20251223
GNE:GOAH000:H:H00MF250720:O:28,1,1,1,1,1,0,0,20250720,20251223
GNE:GOAH000:H:H00MF250720:O:29,1,1,1,1,1,0,0,20250720,20251223
GNE:GOAH000:H:H00MF250720:O:30,1,1,1,1,1,0,0,20250720,20251223
GNE:GOAH000:H:H00MF250720:O:31,1,1,1,1,1,0,0,20250720,20251223
GNE:GOAH000:H:H00MF250720:O:32,1,1,1,1,1,0,0,20250720,20251223
GNE:GOAH000:H:H00MF250720:O:33,1,1,1,1,1,0,0,20250720,20251223
GNE:GOAH000:H:H00MF250720:O:34,1,1,1,1,1,0,0,20250720,20251223
GNE:GOAH000:H:H00MF250720:O:35,1,1,1,1,1,0,0,20250720,20251223
GNE:GOAH000:H:H00MF250720:O:36,1,1,1,1,1,0,0,20250720,20251223
GNE:GOAH000:H:H00MF250720:O:37,1,1,1,1,1,0,0,20250720,20251223
GNE:GOAH000:H:H00MF250720:O:38,1,1,1,1,1,0,0,20250720,20251223
GNE:GOAH000:H:H00MF250720:O:39,1,1,1,1,1,0,0,20250720,20251223
GNE:GOAH000:H:H00MF250720:I:1,1,1,1,1,1,0,0,20250720,20251223
GNE:GOAH000:H:H00MF250720:I:2,1,1,1,1,1,0,0,20250720,20251223
GNE:GOAH000:H:H00MF250720:I:3,1,1,1,1,1,0,0,20250720,20251223
GNE:GOAH000:H:H00MF250720:I:4,1,1,1,1,1,0,0,20250720,20251223
GNE:GOAH000:H:H00MF250720:I:5,1,1,1,1,1,0,0,20250720,20251223
GNE:GOAH000:H:H00MF250720:I:6,1,1,1,1,1,0,0,20250720,20251223
GNE:GOAH000:H:H00MF250720:I:7,1,1,1,1,1,0,0,20250720,20251223
GNE:GOAH000:H:H00MF250720:I:8,1,1,1,1,1,0,0,20250720,20251223
GNE:GOAH000:H:H00MF250720:I:9,1,1,1,1,1,0,0,20250720,20251223
GNE:GOAH000:H:H00MF250720:I:10,1,1,1,1,1,0,0,20250720,20251223
GNE:GOAH000:H:H00MF250720:I:11,1,1,1,1,1,0,0,20250720,20251223
GNE:GOAH000:H:H00MF250720:I:12,1,1,1,1,1,0,0,20250720,20251223
GNE:GOAH000:H:H00MF250720:I:13,1,1,1,1,1,0,0,20250720,20251223
GNE:GOAH000:H:H00MF250720:I:14,1,1,1,1,1,0,0,20250720,20251223
GNE:GOAH000:H:H00MF250720:I:15,1,1,1,1,1,0,0,20250720,20251223
GNE:GOAH000:H:H00MF250720:I:16,1,1,1,1,1,0,0,20250720,20251223
GNE:GOAH000:H:H00MF250720:I:17,1,1,1,1,1,0,0,20250720,20251223
GNE:GOAH000:H:H00MF250720:I:18,1,1,1,1,1,0,0,20250720,20251223
GNE:GOAH000:H:H00MF250720:I:19,1,1,1,1,1,0,0,20250720,20251223
GNE:GOAH000:H:H00MF250720:I:20,1,1,1,1,1,0,0,20250720,20251223
GNE:GOAH000:H:H00MF250720:I:21,1,1,1,1,1,0,0,20250720,20251223
GNE:GOAH000:H:H00MF250720:I:22,1,1,1,1,1,0,0,20250720,20251223
GNE:GOAH000:H:H00MF250720:I:23,1,1,1,1,1,0,0,20250720,20251223
GNE:GOAH000:H:H00MF250720:I:24,1,1,1,1,1,0,0,20250720,20251223
GNE:GOAH000:H:H00MF250720:I:25,1,1,1,1,1,0,0,20250720,20251223
GNE:GOAH000:H:H00MF250720:I:26,1,1,1,1,1,0,0,20250720,20251223
GNE:GOAH000:H:H00MF250720:I:27,1,1,1,1,1,0,0,20250720,20251223
GNE:GOAH000:H:H00MF250720:I:28,1,1,1,1,1,0,0,20250720,20251223
GNE:GOAH000:H:H00MF250720:I:29,1,1,1,1,1,0,0,20250720,20251223
GNE:GOAH000:H:H00MF250720:I:30,1,1,1,1,1,0,0,20250720,20251223
GNE:GOAH000:H:H00MF250720:I:31,1,1,1,1,1,0,0,20250720,20251223
GNE:GOAH000:H:H00MF250720:I:32,1,1,1,1,1,0,0,20250720,20251223
GNE:GOAH000:H:H00MF250720:I:33,1,1,1,1,1,0,0,20250720,20251223
GNE:GOAH000:H:H00MF250720:I:34,1,1,1,1,1,0,0,20250720,20251223
GNE:GOAH000:H:H00MF250720:I:35,1,1,1,1,1,0,0,20250720,20251223
GNE:GOAH000:H:H00MF250720:I:36,1,1,1,1,1,0,0,20250720,20251223
GNE:GOAH000:H:H00MF250720:I:37,1,1,1,1,1,0,0,20250720,20251223
GNE:GOAH000:H:H00MF250720:I:38,1,1,1,1,1,0,0,20250720,20251223
GNE:GOAH000:H:H00MF250720:I:39,1,1,1,1,1,0,0,20250720,20251223
GNE:GOAN021:N21:N21MF250720:O:1,0,0,0,0,1,0,0,20250720,20251223
GNE:GOAN021:N21:N21MF250720:O:2,0,0,0,0,1,0,0,20250720,20251223
GNE:GOAN021:N21:N21MF250720:O:3,0,0,0,0,1,0,0,20250720,20251223
GNE:GOAN021:N21:N21MF250720:O:4,0,0,0,0,1,0,0,20250720,20251223
GNE:GOAN021:N21:N21MF250720:O:5,0,0,0,0,1,0,0,20250720,20251223
GNE:GOAN021:N21:N21MF250720:I:1,0,0,0,0,1,0,0,20250720,20251223
GNE:GOAN021:N21:N21MF250720:I:2,0,0,0,0,1,0,0,20250720,20251223
GNE:GOAN021:N21:N21MF250720:I:3,0,0,0,0,1,0,0,20250720,20251223
GNE:GOAN021:N21:N21MF250720:I:4,0,0,0,0,1,0,0,20250720,20251223
GNE:GOAN021:N21:N21MF250720:I:5,0,0,0,0,1,0,0,20250720,20251223
GNE:GOAN021:N21:N21SA250720:O:1,0,0,0,0,0,1,0,20250720,20251223
GNE:GOAN021:N21:N21SA250720:O:2,0,0,0,0,0,1,0,20250720,20251223
GNE:GOAN021:N21:N21SA250720:O:3,0,0,0,0,0,1,0,20250720,20251223
GNE:GOAN021:N21:N21SA250720:O:4,0,0,0,0,0,1,0,20250720,20251223
GNE:GOAN021:N21:N21SA250720:O:5,0,0,0,0,0,1,0,20250720,20251223
GNE:GOAN021:N21:N21SA250720:I:1,0,0,0,0,0,1,0,20250720,20251223
GNE:GOAN021:N21:N21SA250720:I:2,0,0,0,0,0,1,0,20250720,20251223
GNE:GOAN021:N21:N21SA250720:I:3,0,0,0,0,0,1,0,20250720,20251223
GNE:GOAN021:N21:N21SA250720:I:4,0,0,0,0,0,1,0,20250720,20251223
GNE:GOAN021:N21:N21SA250720:I:5,0,0,0,0,0,1,0,20250720,20251223
GNE:GOAQ003:Q3:Q03MF250720:O:1,1,1,1,1,1,0,0,20250720,20251223
GNE:GOAQ003:Q3:Q03MF250720:O:3,1,1,1,1,1,0,0,20250720,20251223
GNE:GOAQ003:Q3:Q03MF250720:O:5,1,1,1,1,1,0,0,20250720,20251223
GNE:GOAQ003:Q3:Q03MF250720:O:7,1,1,1,1,1,0,0,20250720,20251223
GNE:GOAQ003:Q3:Q03MF250720:O:9,1,1,1,1,1,0,0,20250720,20251223
GNE:GOAQ003:Q3:Q03MF250720:O:11,1,1,1,1,1,0,0,20250720,20251223
GNE:GOAQ003:Q3:Q03MF250720:O:12,1,1,1,1,1,0,0,20250720,20251223
GNE:GOAQ003:Q3:Q03MF250720:O:13,1,1,1,1,1,0,0,20250720,20251223
GNE:GOAQ003:Q3:Q03MF250720:O:14,1,1,1,1,1,0,0,20250720,20251223
GNE:GOAQ003:Q3:Q03MF250720:O:15,1,1,1,1,1,0,0,20250720,20251223
GNE:GOAQ003:Q3:Q03MF250720:O:16,1,1,1,1,1,0,0,20250720,20251223
GNE:GOAQ003:Q3:Q03MF250720:O:17,1,1,1,1,1,0,0,20250720,20251223
GNE:GOAQ003:Q3:Q03MF250720:O:18,1,1,1,1,1,0,0,20250720,20251223
GNE:GOAQ003:Q3:Q03MF250720:O:19,1,1,1,1,1,0,0,20250720,20251223
GNE:GOAQ003:Q3:Q03MF250720:O:20,1,1,1,1,1,0,0,20250720,20251223
GNE:GOAQ003:Q3:Q03MF250720:O:21,1,1,1,1,1,0,0,20250720,20251223
GNE:GOAQ003:Q3:Q03MF250720:O:22,1,1,1,1,1,0,0,20250720,20251223
GNE:GOAQ003:Q3:Q03MF250720:O:23,1,1,1,1,1,0,0,20250720,20251223
GNE:GOAQ003:Q3:Q03MF250720:O:24,1,1,1,1,1,0,0,20250720,20251223
GNE:GOAQ003:Q3:Q03MF250720:O:25,1,1,1,1,1,0,0,20250720,20251223
GNE:GOAQ003:Q3:Q03MF250720:O:26,1,1,1,1,1,0,0,20250720,20251223
GNE:GOAQ003:Q3:Q03MF250720:O:27,1,1,1,1,1,0,0,20250720,20251223
GNE:GOAQ003:Q3:Q03MF250720:O:28,1,1,1,1,1,0,0,20250720,20251223
GNE:GOAQ003:Q3:Q03MF250720:O:29,1,1,1,1,1,0,0,20250720,20251223
GNE:GOAQ003:Q3:Q03MF250720:O:30,1,1,1,1,1,0,0,20250720,20251223
GNE:GOAQ003:Q3:Q03MF250720:O:31,1,1,1,1,1,0,0,20250720,20251223
GNE:GOAQ003:Q3:Q03MF250720:O:33,1,1,1,1,1,0,0,20250720,20251223
GNE:GOAQ003:Q3:Q03MF250720:O:35,1,1,1,1,1,0,0,20250720,20251223
GNE:GOAQ003:Q3:Q03MF250720:O:37,1,1,1,1,1,0,0,20250720,20251223
GNE:GOAQ003:Q3:Q03MF250720:O:38,1,1,1,1,1,0,0,20250720,20251223
GNE:GOAQ003:Q3:Q03MF250720:O:39,1,1,1,1,1,0,0,20250720,20251223
GNE:GOAQ003:Q3:Q03MF250720:O:40,1,1,1,1,1,0,0,20250720,20251223
GNE:GOAQ003:Q3:Q03MF250720:O:41,1,1,1,1,1,0,0,20250720,20251223
GNE:GOAQ003:Q3:Q03MF250720:O:42,1,1,1,1,1,0,0,20250720,20251223
GNE:GOAQ003:Q3:Q03MF250720:O:43,1,1,1,1,1,0,0,20250720,20251223
GNE:GOAQ003:Q3:Q03MF250720:O:44,1,1,1,1,1,0,0,20250720,20251223
GNE:GOAQ003:Q3:Q03MF250720:O:45,1,1,1,1,1,0,0,20250720,20251223
GNE:GOAQ003:Q3:Q03MF250720:O:46,1,1,1,1,1,0,0,20250720,20251223
GNE:GOAQ003:Q3:Q03MF250720:O:47,1,1,1,1,1,0,0,20250720,20251223
GNE:GOAQ003:Q3:Q03MF250720:O:48,1,1,1,1,1,0,0,20250720,20251223
GNE:GOAQ003:Q3:Q03MF250720:O:49,1,1,1,1,1,0,0,20250720,20251223
GNE:GOAQ003:Q3:Q03MF250720:O:50,1,1,1,1,1,0,0,20250720,20251223
GNE:GOAQ003:Q3:Q03MF250720:I:1,1,1,1,1,1,0,0,20250720,20251223
GNE:GOAQ003:Q3:Q03MF250720:I:2,1,1,1,1,1,0,0,20250720,20251223
GNE:GOAQ003:Q3:Q03MF250720:I:4,1,1,1,1,1,0,0,20250720,20251223
GNE:GOAQ003:Q3:Q03MF250720:I:5,1,1,1,1,1,0,0,20250720,20251223
GNE:GOAQ003:Q3:Q03MF250720:I:7,1,1,1,1,1,0,0,20250720,20251223
GNE:GOAQ003:Q3:Q03MF250720:I:8,1,1,1,1,1,0,0,20250720,20251223
GNE:GOAQ003:Q3:Q03MF250720:I:10,1,1,1,1,1,0,0,20250720,20251223
GNE:GOAQ003:Q3:Q03MF250720:I:11,1,1,1,1,1,0,0,20250720,20251223
GNE:GOAQ003:Q3:Q03MF250720:I:12,1,1,1,1,1,0,0,20250720,20251223
GNE:GOAQ003:Q3:Q03MF250720:I:13,1,1,1,1,1,0,0,20250720,20251223
GNE:GOAQ003:Q3:Q03MF250720:I:14,1,1,1,1,1,0,0,20250720,20251223
GNE:GOAQ003:Q3:Q03MF250720:I:15,1,1,1,1,1,0,0,20250720,20251223
GNE:GOAQ003:Q3:Q03MF250720:I:16,1,1,1,1,1,0,0,20250720,20251223
GNE:GOAQ003:Q3:Q03MF250720:I:17,1,1,1,1,1,0,0,20250720,20251223
GNE:GOAQ003:Q3:Q03MF250720:I:18,1,1,1,1,1,0,0,20250720,20251223
GNE:GOAQ003:Q3:Q03MF250720:I:19,1,1,1,1,1,0,0,20250720,20251223
GNE:GOAQ003:Q3:Q03MF250720:I:20,1,1,1,1,1,0,0,20250720,20251223
GNE:GOAQ003:Q3:Q03MF250720:I:21,1,1,1,1,1,0,0,20250720,20251223
GNE:GOAQ003:Q3:Q03MF250720:I:22,1,1,1,1,1,0,0,20250720,20251223
GNE:GOAQ003:Q3:Q03MF250720:I:23,1,1,1,1,1,0,0,20250720,20251223
GNE:GOAQ003:Q3:Q03MF250720:I:24,1,1,1,1,1,0,0,20250720,20251223
GNE:GOAQ003:Q3:Q03MF250720:I:25,1,1,1,1,1,0,0,20250720,20251223
GNE:GOAQ003:Q3:Q03MF250720:I:26,1,1,1,1,1,0,0,20250720,20251223
GNE:GOAQ003:Q3:Q03MF250720:I:27,1,1,1,1,1,0,0,20250720,20251223
GNE:GOAQ003:Q3:Q03MF250720:I:28,1,1,1,1,1,0,0,20250720,20251223
GNE:GOAQ003:Q3:Q03MF250720:I:29,1,1,1,1,1,0,0,20250720,20251223
GNE:GOAQ003:Q3:Q03MF250720:I:30,1,1,1,1,1,0,0,20250720,20251223
GNE:GOAQ003:Q3:Q03MF250720:I:32,1,1,1,1,1,0,0,20250720,20251223
GNE:GOAQ003:Q3:Q03MF250720:I:34,1,1,1,1,1,0,0,20250720,20251223
GNE:GOAQ003:Q3:Q03MF250720:I:36,1,1,1,1,1,0,0,20250720,20251223
GNE:GOAQ003:Q3:Q03MF250720:I:38,1,1,1,1,1,0,0,20250720,20251223
GNE:GOAQ003:Q3:Q03MF250720:I:39,1,1,1,1,1,0,0,20250720,20251223
GNE:GOAQ003:Q3:Q03MF250720:I:40,1,1,1,1,1,0,0,20250720,20251223
GNE:GOAQ003:Q3:Q03MF250720:I:41,1,1,1,1,1,0,0,20250720,20251223
GNE:GOAQ003:Q3:Q03MF250720:I:42,1,1,1,1,1,0,0,20250720,20251223
GNE:GOAQ003:Q3:Q03MF250720:I:43,1,1,1,1,1,0,0,20250720,20251223
GNE:GOAQ003:Q3:Q03MF250720:I:44,1,1,1,1,1,0,0,20250720,20251223
GNE:GOAQ003:Q3:Q03MF250720:I:45,1,1,1,1,1,0,0,20250720,20251223
GNE:GOAQ003:Q3:Q03MF250720:I:46,1,1,1,1,1,0,0,20250720,20251223
GNE:GOAQ003:Q3:Q03MF250720:I:47,1,1,1,1,1,0,0,20250720,20251223
GNE:GOAQ003:Q3:Q03SA250720:O:1,0,0,0,0,0,1,0,20250720,20251223
GNE:GOAQ003:Q3:Q03SA250720:O:2,0,0,0,0,0,1,0,20250720,20251223
GNE:GOAQ003:Q3:Q03SA250720:O:3,0,0,0,0,0,1,0,20250720,20251223
GNE:GOAQ003:Q3:Q03SA250720:O:4,0,0,0,0,0,1,0,20250720,20251223
GNE:GOAQ003:Q3:Q03SA250720:O:5,0,0,0,0,0,1,0,20250720,20251223
GNE:GOAQ003:Q3:Q03SA250720:O:6,0,0,0,0,0,1,0,20250720,20251223
GNE:GOAQ003:Q3:Q03SA250720:O:7,0,0,0,0,0,1,0,20250720,20251223
GNE:GOAQ003:Q3:Q03SA250720:O:8,0,0,0,0,0,1,0,20250720,20251223
GNE:GOAQ003:Q3:Q03SA250720:O:9,0,0,0,0,0,1,0,20250720,20251223
GNE:GOAQ003:Q3:Q03SA250720:O:10,0,0,0,0,0,1,0,20250720,20251223
GNE:GOAQ003:Q3:Q03SA250720:O:11,0,0,0,0,0,1,0,20250720,20251223
GNE:GOAQ003:Q3:Q03SA250720:O:12,0,0,0,0,0,1,0,20250720,20251223
GNE:GOAQ003:Q3:Q03SA250720:O:13,0,0,0,0,0,1,0,20250720,20251223
GNE:GOAQ003:Q3:Q03SA250720:O:14,0,0,0,0,0,1,0,20250720,20251223
GNE:GOAQ003:Q3:Q03SA250720:O:15,0,0,0,0,0,1,0,20250720,20251223
GNE:GOAQ003:Q3:Q03SA250720:O:16,0,0,0,0,0,1,0,20250720,20251223
GNE:GOAQ003:Q3:Q03SA250720:O:17,0,0,0,0,0,1,0,20250720,20251223
GNE:GOAQ003:Q3:Q03SA250720:O:18,0,0,0,0,0,1,0,20250720,20251223
GNE:GOAQ003:Q3:Q03SA250720:O:19,0,0,0,0,0,1,0,20250720,20251223
GNE:GOAQ003:Q3:Q03SA250720:O:20,0,0,0,0,0,1,0,20250720,20251223
GNE:GOAQ003:Q3:Q03SA250720:O:21,0,0,0,0,0,1,0,20250720,20251223
GNE:GOAQ003:Q3:Q03SA250720:O:22,0,0,0,0,0,1,0,20250720,20251223
GNE:GOAQ003:Q3:Q03SA250720:O:23,0,0,0,0,0,1,0,20250720,20251223
GNE:GOAQ003:Q3:Q03SA250720:O:24,0,0,0,0,0,1,0,20250720,20251223
GNE:GOAQ003:Q3:Q03SA250720:O:25,0,0,0,0,0,1,0,20250720,20251223
GNE:GOAQ003:Q3:Q03SA250720:O:26,0,0,0,0,0,1,0,20250720,20251223
GNE:GOAQ003:Q3:Q03SA250720:O:27,0,0,0,0,0,1,0,20250720,20251223
GNE:GOAQ003:Q3:Q03SA250720:O:28,0,0,0,0,0,1,0,20250720,20251223
GNE:GOAQ003:Q3:Q03SA250720:O:29,0,0,0,0,0,1,0,20250720,20251223
GNE:GOAQ003:Q3:Q03SA250720:O:30,0,0,0,0,0,1,0,20250720,20251223
GNE:GOAQ003:Q3:Q03SA250720:O:31,0,0,0,0,0,1,0,20250720,20251223
GNE:GOAQ003:Q3:Q03SA250720:O:32,0,0,0,0,0,1,0,20250720,20251223
GNE:GOAQ003:Q3:Q03SA250720:O:33,0,0,0,0,0,1,0,20250720,20251223
GNE:GOAQ003:Q3:Q03SA250720:O:34,0,0,0,0,0,1,0,20250720,20251223
GNE:GOAQ003:Q3:Q03SA250720:O:35,0,0,0,0,0,1,0,20250720,20251223
GNE:GOAQ003:Q3:Q03SA250720:O:36,0,0,0,0,0,1,0,20250720,20251223
GNE:GOAQ003:Q3:Q03SA250720:O:37,0,0,0,0,0,1,0,20250720,20251223
GNE:GOAQ003:Q3:Q03SA250720:O:38,0,0,0,0,0,1,0,20250720,20251223
GNE:GOAQ003:Q3:Q03SA250720:O:39,0,0,0,0,0,1,0,20250720,20251223
GNE:GOAQ003:Q3:Q03SA250720:O:40,0,0,0,0,0,1,0,20250720,20251223
GNE:GOAQ003:Q3:Q03SA250720:O:41,0,0,0,0,0,1,0,20250720,20251223
GNE:GOAQ003:Q3:Q03SA250720:O:42,0,0,0,0,0,1,0,20250720,20251223
GNE:GOAQ003:Q3:Q03SA250720:O:43,0,0,0,0,0,1,0,20250720,20251223
GNE:GOAQ003:Q3:Q03SA250720:O:44,0,0,0,0,0,1,0,20250720,20251223
GNE:GOAQ003:Q3:Q03SA250720:O:45,0,0,0,0,0,1,0,20250720,20251223
GNE:GOAQ003:Q3:Q03SA250720:O:46,0,0,0,0,0,1,0,20250720,20251223
GNE:GOAQ003:Q3:Q03SA250720:O:47,0,0,0,0,0,1,0,20250720,20251223
GNE:GOAQ003:Q3:Q03SA250720:O:48,0,0,0,0,0,1,0,20250720,20251223
GNE:GOAQ003:Q3:Q03SA250720:O:49,0,0,0,0,0,1,0,20250720,20251223
GNE:GOAQ003:Q3:Q03SA250720:I:1,0,0,0,0,0,1,0,20250720,20251223
GNE:GOAQ003:Q3:Q03SA250720:I:2,0,0,0,0,0,1,0,20250720,20251223
GNE:GOAQ003:Q3:Q03SA250720:I:3,0,0,0,0,0,1,0,20250720,20251223
GNE:GOAQ003:Q3:Q03SA250720:I:4,0,0,0,0,0,1,0,20250720,20251223
GNE:GOAQ003:Q3:Q03SA250720:I:5,0,0,0,0,0,1,0,20250720,20251223
GNE:GOAQ003:Q3:Q03SA250720:I:6,0,0,0,0,0,1,0,20250720,20251223
GNE:GOAQ003:Q3:Q03SA250720:I:7,0,0,0,0,0,1,0,20250720,20251223
GNE:GOAQ003:Q3:Q03SA250720:I:8,0,0,0,0,0,1,0,20250720,20251223
GNE:GOAQ003:Q3:Q03SA250720:I:9,0,0,0,0,0,1,0,20250720,20251223
GNE:GOAQ003:Q3:Q03SA250720:I:10,0,0,0,0,0,1,0,20250720,20251223
GNE:GOAQ003:Q3:Q03SA250720:I:11,0,0,0,0,0,1,0,20250720,20251223
GNE:GOAQ003:Q3:Q03SA250720:I:12,0,0,0,0,0,1,0,20250720,20251223
GNE:GOAQ003:Q3:Q03SA250720:I:13,0,0,0,0,0,1,0,20250720,20251223
GNE:GOAQ003:Q3:Q03SA250720:I:14,0,0,0,0,0,1,0,20250720,20251223
GNE:GOAQ003:Q3:Q03SA250720:I:15,0,0,0,0,0,1,0,20250720,20251223
GNE:GOAQ003:Q3:Q03SA250720:I:16,0,0,0,0,0,1,0,20250720,20251223
GNE:GOAQ003:Q3:Q03SA250720:I:17,0,0,0,0,0,1,0,20250720,20251223
GNE:GOAQ003:Q3:Q03SA250720:I:18,0,0,0,0,0,1,0,20250720,20251223
GNE:GOAQ003:Q3:Q03SA250720:I:19,0,0,0,0,0,1,0,20250720,20251223
GNE:GOAQ003:Q3:Q03SA250720:I:20,0,0,0,0,0,1,0,20250720,20251223
GNE:GOAQ003:Q3:Q03SA250720:I:21,0,0,0,0,0,1,0,20250720,20251223
GNE:GOAQ003:Q3:Q03SA250720:I:22,0,0,0,0,0,1,0,20250720,20251223
GNE:GOAQ003:Q3:Q03SA250720:I:23,0,0,0,0,0,1,0,20250720,20251223
GNE:GOAQ003:Q3:Q03SA250720:I:24,0,0,0,0,0,1,0,20250720,20251223
GNE:GOAQ003:Q3:Q03SA250720:I:25,0,0,0,0,0,1,0,20250720,20251223
GNE:GOAQ003:Q3:Q03SA250720:I:26,0,0,0,0,0,1,0,20250720,20251223
GNE:GOAQ003:Q3:Q03SA250720:I:27,0,0,0,0,0,1,0,20250720,20251223
GNE:GOAQ003:Q3:Q03SA250720:I:28,0,0,0,0,0,1,0,20250720,20251223
GNE:GOAQ003:Q3:Q03SA250720:I:29,0,0,0,0,0,1,0,20250720,20251223
GNE:GOAQ003:Q3:Q03SA250720:I:30,0,0,0,0,0,1,0,20250720,20251223
GNE:GOAQ003:Q3:Q03SA250720:I:31,0,0,0,0,0,1,0,20250720,20251223
GNE:GOAQ003:Q3:Q03SA250720:I:32,0,0,0,0,0,1,0,20250720,20251223
GNE:GOAQ003:Q3:Q03SA250720:I:33,0,0,0,0,0,1,0,20250720,20251223
GNE:GOAQ003:Q3:Q03SA250720:I:34,0,0,0,0,0,1,0,20250720,20251223
GNE:GOAQ003:Q3:Q03SA250720:I:35,0,0,0,0,0,1,0,20250720,20251223
GNE:GOAQ003:Q3:Q03SA250720:I:36,0,0,0,0,0,1,0,20250720,20251223
GNE:GOAQ003:Q3:Q03SA250720:I:37,0,0,0,0,0,1,0,20250720,20251223
GNE:GOAQ003:Q3:Q03SA250720:I:38,0,0,0,0,0,1,0,20250720,20251223
GNE:GOAQ003:Q3:Q03SA250720:I:39,0,0,0,0,0,1,0,20250720,20251223
GNE:GOAQ003:Q3:Q03SA250720:I:40,0,0,0,0,0,1,0,20250720,20251223
GNE:GOAQ003:Q3:Q03SA250720:I:41,0,0,0,0,0,1,0,20250720,20251223
GNE:GOAQ003:Q3:Q03SA250720:I:42,0,0,0,0,0,1,0,20250720,20251223
GNE:GOAQ003:Q3:Q03SA250720:I:43,0,0,0,0,0,1,0,20250720,20251223
GNE:GOAQ003:Q3:Q03SA250720:I:44,0,0,0,0,0,1,0,20250720,20251223
GNE:GOAQ003:Q3:Q03SU250720:O:1,0,0,0,0,0,0,1,20250720,20251223
GNE:GOAQ003:Q3:Q03SU250720:O:2,0,0,0,0,0,0,1,20250720,20251223
GNE:GOAQ003:Q3:Q03SU250720:O:3,0,0,0,0,0,0,1,20250720,20251223
GNE:GOAQ003:Q3:Q03SU250720:O:4,0,0,0,0,0,0,1,20250720,20251223
GNE:GOAQ003:Q3:Q03SU250720:O:5,0,0,0,0,0,0,1,20250720,20251223
GNE:GOAQ003:Q3:Q03SU250720:O:6,0,0,0,0,0,0,1,20250720,20251223
GNE:GOAQ003:Q3:Q03SU250720:O:7,0,0,0,0,0,0,1,20250720,20251223
GNE:GOAQ003:Q3:Q03SU250720:O:8,0,0,0,0,0,0,1,20250720,20251223
GNE:GOAQ003:Q3:Q03SU250720:O:9,0,0,0,0,0,0,1,20250720,20251223
GNE:GOAQ003:Q3:Q03SU250720:O:10,0,0,0,0,0,0,1,20250720,20251223
GNE:GOAQ003:Q3:Q03SU250720:O:11,0,0,0,0,0,0,1,20250720,20251223
GNE:GOAQ003:Q3:Q03SU250720:O:12,0,0,0,0,0,0,1,20250720,20251223
GNE:GOAQ003:Q3:Q03SU250720:O:13,0,0,0,0,0,0,1,20250720,20251223
GNE:GOAQ003:Q3:Q03SU250720:O:14,0,0,0,0,0,0,1,20250720,20251223
GNE:GOAQ003:Q3:Q03SU250720:O:15,0,0,0,0,0,0,1,20250720,20251223
GNE:GOAQ003:Q3:Q03SU250720:O:16,0,0,0,0,0,0,1,20250720,20251223
GNE:GOAQ003:Q3:Q03SU250720:O:17,0,0,0,0,0,0,1,20250720,20251223
GNE:GOAQ003:Q3:Q03SU250720:O:18,0,0,0,0,0,0,1,20250720,20251223
GNE:GOAQ003:Q3:Q03SU250720:O:19,0,0,0,0,0,0,1,20250720,20251223
GNE:GOAQ003:Q3:Q03SU250720:O:20,0,0,0,0,0,0,1,20250720,20251223
GNE:GOAQ003:Q3:Q03SU250720:O:21,0,0,0,0,0,0,1,20250720,20251223
GNE:GOAQ003:Q3:Q03SU250720:O:22,0,0,0,0,0,0,1,20250720,20251223
GNE:GOAQ003:Q3:Q03SU250720:O:23,0,0,0,0,0,0,1,20250720,20251223
GNE:GOAQ003:Q3:Q03SU250720:O:24,0,0,0,0,0,0,1,20250720,20251223
GNE:GOAQ003:Q3:Q03SU250720:O:25,0,0,0,0,0,0,1,20250720,20251223
GNE:GOAQ003:Q3:Q03SU250720:O:26,0,0,0,0,0,0,1,20250720,20251223
GNE:GOAQ003:Q3:Q03SU250720:O:27,0,0,0,0,0,0,1,20250720,20251223
GNE:GOAQ003:Q3:Q03SU250720:O:28,0,0,0,0,0,0,1,20250720,20251223
GNE:GOAQ003:Q3:Q03SU250720:O:29,0,0,0,0,0,0,1,20250720,20251223
GNE:GOAQ003:Q3:Q03SU250720:O:30,0,0,0,0,0,0,1,20250720,20251223
GNE:GOAQ003:Q3:Q03SU250720:O:31,0,0,0,0,0,0,1,20250720,20251223
GNE:GOAQ003:Q3:Q03SU250720:O:32,0,0,0,0,0,0,1,20250720,20251223
GNE:GOAQ003:Q3:Q03SU250720:O:33,0,0,0,0,0,0,1,20250720,20251223
GNE:GOAQ003:Q3:Q03SU250720:I:1,0,0,0,0,0,0,1,20250720,20251223
GNE:GOAQ003:Q3:Q03SU250720:I:2,0,0,0,0,0,0,1,20250720,20251223
GNE:GOAQ003:Q3:Q03SU250720:I:3,0,0,0,0,0,0,1,20250720,20251223
GNE:GOAQ003:Q3:Q03SU250720:I:4,0,0,0,0,0,0,1,20250720,20251223
GNE:GOAQ003:Q3:Q03SU250720:I:5,0,0,0,0,0,0,1,20250720,20251223
GNE:GOAQ003:Q3:Q03SU250720:I:6,0,0,0,0,0,0,1,20250720,20251223
GNE:GOAQ003:Q3:Q03SU250720:I:7,0,0,0,0,0,0,1,20250720,20251223
GNE:GOAQ003:Q3:Q03SU250720:I:8,0,0,0,0,0,0,1,20250720,20251223
GNE:GOAQ003:Q3:Q03SU250720:I:9,0,0,0,0,0,0,1,20250720,20251223
GNE:GOAQ003:Q3:Q03SU250720:I:10,0,0,0,0,0,0,1,20250720,20251223
GNE:GOAQ003:Q3:Q03SU250720:I:11,0,0,0,0,0,0,1,20250720,20251223
GNE:GOAQ003:Q3:Q03SU250720:I:12,0,0,0,0,0,0,1,20250720,20251223
GNE:GOAQ003:Q3:Q03SU250720:I:13,0,0,0,0,0,0,1,20250720,20251223
GNE:GOAQ003:Q3:Q03SU250720:I:14,0,0,0,0,0,0,1,20250720,20251223
GNE:GOAQ003:Q3:Q03SU250720:I:15,0,0,0,0,0,0,1,20250720,20251223
GNE:GOAQ003:Q3:Q03SU250720:I:16,0,0,0,0,0,0,1,20250720,20251223
GNE:GOAQ003:Q3:Q03SU250720:I:17,0,0,0,0,0,0,1,20250720,20251223
GNE:GOAQ003:Q3:Q03SU250720:I:18,0,0,0,0,0,0,1,20250720,20251223
GNE:GOAQ003:Q3:Q03SU250720:I:19,0,0,0,0,0,0,1,20250720,20251223
GNE:GOAQ003:Q3:Q03SU250720:I:20,0,0,0,0,0,0,1,20250720,20251223
GNE:GOAQ003:Q3:Q03SU250720:I:21,0,0,0,0,0,0,1,20250720,20251223
GNE:GOAQ003:Q3:Q03SU250720:I:22,0,0,0,0,0,0,1,20250720,20251223
GNE:GOAQ003:Q3:Q03SU250720:I:23,0,0,0,0,0,0,1,20250720,20251223
GNE:GOAQ003:Q3:Q03SU250720:I:24,0,0,0,0,0,0,1,20250720,20251223
GNE:GOAQ003:Q3:Q03SU250720:I:25,0,0,0,0,0,0,1,20250720,20251223
GNE:GOAQ003:Q3:Q03SU250720:I:26,0,0,0,0,0,0,1,20250720,20251223
GNE:GOAQ003:Q3:Q03SU250720:I:27,0,0,0,0,0,0,1,20250720,20251223
GNE:GOAQ003:Q3:Q03SU250720:I:28,0,0,0,0,0,0,1,20250720,20251223
GNE:GOAQ003:Q3:Q03SU250720:I:29,0,0,0,0,0,0,1,20250720,20251223
GNE:GOAQ003:Q3:Q03SU250720:I:30,0,0,0,0,0,0,1,20250720,20251223
GNE:GOAQ003:Q3:Q03SU250720:I:31,0,0,0,0,0,0,1,20250720,20251223
GNE:GOAQ003X:Q3X:Q03MF250720:O:2,1,1,1,1,1,0,0,20250720,20251223
GNE:GOAQ003X:Q3X:Q03MF250720:O:4,1,1,1,1,1,0,0,20250720,20251223
GNE:GOAQ003X:Q3X:Q03MF250720:O:6,1,1,1,1,1,0,0,20250720,20251223
GNE:GOAQ003X:Q3X:Q03MF250720:O:8,1,1,1,1,1,0,0,20250720,20251223
GNE:GOAQ003X:Q3X:Q03MF250720:O:10,1,1,1,1,1,0,0,20250720,20251223
GNE:GOAQ003X:Q3X:Q03MF250720:O:32,1,1,1,1,1,0,0,20250720,20251223
GNE:GOAQ003X:Q3X:Q03MF250720:O:34,1,1,1,1,1,0,0,20250720,20251223
GNE:GOAQ003X:Q3X:Q03MF250720:O:36,1,1,1,1,1,0,0,20250720,20251223
GNE:GOAQ003X:Q3X:Q03MF250720:I:3,1,1,1,1,1,0,0,20250720,20251223
GNE:GOAQ003X:Q3X:Q03MF250720:I:6,1,1,1,1,1,0,0,20250720,20251223
GNE:GOAQ003X:Q3X:Q03MF250720:I:9,1,1,1,1,1,0,0,20250720,20251223
GNE:GOAQ003X:Q3X:Q03MF250720:I:31,1,1,1,1,1,0,0,20250720,20251223
GNE:GOAQ003X:Q3X:Q03MF250720:I:33,1,1,1,1,1,0,0,20250720,20251223
GNE:GOAQ003X:Q3X:Q03MF250720:I:35,1,1,1,1,1,0,0,20250720,20251223
GNE:GOAQ003X:Q3X:Q03MF250720:I:37,1,1,1,1,1,0,0,20250720,20251223
GNE:GOAR002:R2:R02MF250720:O:1,1,1,1,1,1,0,0,20250720,20251223
GNE:GOAR002:R2:R02MF250720:O:2,1,1,1,1,1,0,0,20250720,20251223
GNE:GOAR002:R2:R02MF250720:O:3,1,1,1,1,1,0,0,20250720,20251223
GNE:GOAR002:R2:R02MF250720:O:4,1,1,1,1,1,0,0,20250720,20251223
GNE:GOAR002:R2:R02MF250720:O:5,1,1,1,1,1,0,0,20250720,20251223
GNE:GOAR002:R2:R02MF250720:O:6,1,1,1,1,1,0,0,20250720,20251223
GNE:GOAR002:R2:R02MF250720:O:7,1,1,1,1,1,0,0,20250720,20251223
GNE:GOAR002:R2:R02MF250720:O:8,1,1,1,1,1,0,0,20250720,20251223
GNE:GOAR002:R2:R02MF250720:O:9,1,1,1,1,1,0,0,20250720,20251223
GNE:GOAR002:R2:R02MF250720:O:10,1,1,1,1,1,0,0,20250720,20251223
GNE:GOAR002:R2:R02MF250720:O:11,1,1,1,1,1,0,0,20250720,20251223
GNE:GOAR002:R2:R02MF250720:O:12,1,1,1,1,1,0,0,20250720,20251223
GNE:GOAR002:R2:R02MF250720:O:13,1,1,1,1,1,0,0,20250720,20251223
GNE:GOAR002:R2:R02MF250720:O:14,1,1,1,1,1,0,0,20250720,20251223
GNE:GOAR002:R2:R02MF250720:O:15,1,1,1,1,1,0,0,20250720,20251223
GNE:GOAR002:R2:R02MF250720:O:16,1,1,1,1,1,0,0,20250720,20251223
GNE:GOAR002:R2:R02MF250720:O:17,1,1,1,1,1,0,0,20250720,20251223
GNE:GOAR002:R2:R02MF250720:O:18,1,1,1,1,1,0,0,20250720,20251223
GNE:GOAR002:R2:R02MF250720:O:19,1,1,1,1,1,0,0,20250720,20251223
GNE:GOAR002:R2:R02MF250720:O:20,1,1,1,1,1,0,0,20250720,20251223
GNE:GOAR002:R2:R02MF250720:O:21,1,1,1,1,1,0,0,20250720,20251223
GNE:GOAR002:R2:R02MF250720:O:22,1,1,1,1,1,0,0,20250720,20251223
GNE:GOAR002:R2:R02MF250720:O:23,1,1,1,1,1,0,0,20250720,20251223
GNE:GOAR002:R2:R02MF250720:O:24,1,1,1,1,1,0,0,20250720,20251223
GNE:GOAR002:R2:R02MF250720:O:25,1,1,1,1,1,0,0,20250720,20251223
GNE:GOAR002:R2:R02MF250720:O:26,1,1,1,1,1,0,0,20250720,20251223
GNE:GOAR002:R2:R02MF250720:O:27,1,1,1,1,1,0,0,20250720,20251223
GNE:GOAR002:R2:R02MF250720:O:28,1,1,1,1,1,0,0,20250720,20251223
GNE:GOAR002:R2:R02MF250720:I:1,1,1,1,1,1,0,0,20250720,20251223
GNE:GOAR002:R2:R02MF250720:I:2,1,1,1,1,1,0,0,20250720,20251223
GNE:GOAR002:R2:R02MF250720:I:3,1,1,1,1,1,0,0,20250720,20251223
GNE:GOAR002:R2:R02MF250720:I:4,1,1,1,1,1,0,0,20250720,20251223
GNE:GOAR002:R2:R02MF250720:I:5,1,1,1,1,1,0,0,20250720,20251223
GNE:GOAR002:R2:R02MF250720:I:6,1,1,1,1,1,0,0,20250720,20251223
GNE:GOAR002:R2:R02MF250720:I:7,1,1,1,1,1,0,0,20250720,20251223
GNE:GOAR002:R2:R02MF250720:I:8,1,1,1,1,1,0,0,20250720,20251223
GNE:GOAR002:R2:R02MF250720:I:9,1,1,1,1,1,0,0,20250720,20251223
GNE:GOAR002:R2:R02MF250720:I:10,1,1,1,1,1,0,0,20250720,20251223
GNE:GOAR002:R2:R02MF250720:I:11,1,1,1,1,1,0,0,20250720,20251223
GNE:GOAR002:R2:R02MF250720:I:12,1,1,1,1,1,0,0,20250720,20251223
GNE:GOAR002:R2:R02MF250720:I:13,1,1,1,1,1,0,0,20250720,20251223
GNE:GOAR002:R2:R02MF250720:I:14,1,1,1,1,1,0,0,20250720,20251223
GNE:GOAR002:R2:R02MF250720:I:15,1,1,1,1,1,0,0,20250720,20251223
GNE:GOAR002:R2:R02MF250720:I:16,1,1,1,1,1,0,0,20250720,20251223
GNE:GOAR002:R2:R02MF250720:I:17,1,1,1,1,1,0,0,20250720,20251223
GNE:GOAR002:R2:R02MF250720:I:18,1,1,1,1,1,0,0,20250720,20251223
GNE:GOAR002:R2:R02MF250720:I:19,1,1,1,1,1,0,0,20250720,20251223
GNE:GOAR002:R2:R02MF250720:I:20,1,1,1,1,1,0,0,20250720,20251223
GNE:GOAR002:R2:R02MF250720:I:21,1,1,1,1,1,0,0,20250720,20251223
GNE:GOAR002:R2:R02MF250720:I:22,1,1,1,1,1,0,0,20250720,20251223
GNE:GOAR002:R2:R02MF250720:I:23,1,1,1,1,1,0,0,20250720,20251223
GNE:GOAR002:R2:R02MF250720:I:24,1,1,1,1,1,0,0,20250720,20251223
GNE:GOAR002:R2:R02MF250720:I:25,1,1,1,1,1,0,0,20250720,20251223
GNE:GOAR002:R2:R02MF250720:I:26,1,1,1,1,1,0,0,20250720,20251223
GNE:GOAR002:R2:R02MF250720:I:27,1,1,1,1,1,0,0,20250720,20251223
GNE:GOAR002:R2:R02MF250720:I:28,1,1,1,1,1,0,0,20250720,20251223
GNE:GOAR002:R2:R02SA250720:O:1,0,0,0,0,0,1,0,20250720,20251223
GNE:GOAR002:R2:R02SA250720:O:2,0,0,0,0,0,1,0,20250720,20251223
GNE:GOAR002:R2:R02SA250720:O:3,0,0,0,0,0,1,0,20250720,20251223
GNE:GOAR002:R2:R02SA250720:O:4,0,0,0,0,0,1,0,20250720,20251223
GNE:GOAR002:R2:R02SA250720:O:5,0,0,0,0,0,1,0,20250720,20251223
GNE:GOAR002:R2:R02SA250720:O:6,0,0,0,0,0,1,0,20250720,20251223
GNE:GOAR002:R2:R02SA250720:O:7,0,0,0,0,0,1,0,20250720,20251223
GNE:GOAR002:R2:R02SA250720:O:8,0,0,0,0,0,1,0,20250720,20251223
GNE:GOAR002:R2:R02SA250720:O:9,0,0,0,0,0,1,0,20250720,20251223
GNE:GOAR002:R2:R02SA250720:O:10,0,0,0,0,0,1,0,20250720,20251223
GNE:GOAR002:R2:R02SA250720:O:11,0,0,0,0,0,1,0,20250720,20251223
GNE:GOAR002:R2:R02SA250720:O:12,0,0,0,0,0,1,0,20250720,20251223
GNE:GOAR002:R2:R02SA250720:O:13,0,0,0,0,0,1,0,20250720,20251223
GNE:GOAR002:R2:R02SA250720:O:14,0,0,0,0,0,1,0,20250720,20251223
GNE:GOAR002:R2:R02SA250720:O:15,0,0,0,0,0,1,0,20250720,20251223
GNE:GOAR002:R2:R02SA250720:O:16,0,0,0,0,0,1,0,20250720,20251223
GNE:GOAR002:R2:R02SA250720:O:17,0,0,0,0,0,1,0,20250720,20251223
GNE:GOAR002:R2:R02SA250720:O:18,0,0,0,0,0,1,0,20250720,20251223
GNE:GOAR002:R2:R02SA250720:O:19,0,0,0,0,0,1,0,20250720,20251223
GNE:GOAR002:R2:R02SA250720:O:20,0,0,0,0,0,1,0,20250720,20251223
GNE:GOAR002:R2:R02SA250720:O:21,0,0,0,0,0,1,0,20250720,20251223
GNE:GOAR002:R2:R02SA250720:O:22,0,0,0,0,0,1,0,20250720,20251223
GNE:GOAR002:R2:R02SA250720:O:23,0,0,0,0,0,1,0,20250720,20251223
GNE:GOAR002:R2:R02SA250720:O:24,0,0,0,0,0,1,0,20250720,20251223
GNE:GOAR002:R2:R02SA250720:O:25,0,0,0,0,0,1,0,20250720,20251223
GNE:GOAR002:R2:R02SA250720:O:26,0,0,0,0,0,1,0,20250720,20251223
GNE:GOAR002:R2:R02SA250720:O:27,0,0,0,0,0,1,0,20250720,20251223
GNE:GOAR002:R2:R02SA250720:O:28,0,0,0,0,0,1,0,20250720,20251223
GNE:GOAR002:R2:R02SA250720:I:1,0,0,0,0,0,1,0,20250720,20251223
GNE:GOAR002:R2:R02SA250720:I:2,0,0,0,0,0,1,0,20250720,20251223
GNE:GOAR002:R2:R02SA250720:I:3,0,0,0,0,0,1,0,20250720,20251223
GNE:GOAR002:R2:R02SA250720:I:4,0,0,0,0,0,1,0,20250720,20251223
GNE:GOAR002:R2:R02SA250720:I:5,0,0,0,0,0,1,0,20250720,20251223
GNE:GOAR002:R2:R02SA250720:I:6,0,0,0,0,0,1,0,20250720,20251223
GNE:GOAR002:R2:R02SA250720:I:7,0,0,0,0,0,1,0,20250720,20251223
GNE:GOAR002:R2:R02SA250720:I:8,0,0,0,0,0,1,0,20250720,20251223
GNE:GOAR002:R2:R02SA250720:I:9,0,0,0,0,0,1,0,20250720,20251223
GNE:GOAR002:R2:R02SA250720:I:10,0,0,0,0,0,1,0,20250720,20251223
GNE:GOAR002:R2:R02SA250720:I:11,0,0,0,0,0,1,0,20250720,20251223
GNE:GOAR002:R2:R02SA250720:I:12,0,0,0,0,0,1,0,20250720,20251223
GNE:GOAR002:R2:R02SA250720:I:13,0,0,0,0,0,1,0,20250720,20251223
GNE:GOAR002:R2:R02SA250720:I:14,0,0,0,0,0,1,0,20250720,20251223
GNE:GOAR002:R2:R02SA250720:I:15,0,0,0,0,0,1,0,20250720,20251223
GNE:GOAR002:R2:R02SA250720:I:16,0,0,0,0,0,1,0,20250720,20251223
GNE:GOAR002:R2:R02SA250720:I:17,0,0,0,0,0,1,0,20250720,20251223
GNE:GOAR002:R2:R02SA250720:I:18,0,0,0,0,0,1,0,20250720,20251223
GNE:GOAR002:R2:R02SA250720:I:19,0,0,0,0,0,1,0,20250720,20251223
GNE:GOAR002:R2:R02SA250720:I:20,0,0,0,0,0,1,0,20250720,20251223
GNE:GOAR002:R2:R02SA250720:I:21,0,0,0,0,0,1,0,20250720,20251223
GNE:GOAR002:R2:R02SA250720:I:22,0,0,0,0,0,1,0,20250720,20251223
GNE:GOAR002:R2:R02SA250720:I:23,0,0,0,0,0,1,0,20250720,20251223
GNE:GOAR002:R2:R02SA250720:I:24,0,0,0,0,0,1,0,20250720,20251223
GNE:GOAR002:R2:R02SA250720:I:25,0,0,0,0,0,1,0,20250720,20251223
GNE:GOAR002:R2:R02SA250720:I:26,0,0,0,0,0,1,0,20250720,20251223
GNE:GOAR002:R2:R02SA250720:I:27,0,0,0,0,0,1,0,20250720,20251223
GNE:GOAR002:R2:R02SA250720:I:28,0,0,0,0,0,1,0,20250720,20251223
GNE:GOAS002:S2:SAIMF250720:O:1,1,1,1,1,1,0,0,20250720,20251223
GNE:GOAS002:S2:SAIMF250720:O:2,1,1,1,1,1,0,0,20250720,20251223
GNE:GOAS002:S2:SAIMF250720:O:3,1,1,1,1,1,0,0,20250720,20251223
GNE:GOAS002:S2:SAIMF250720:O:4,1,1,1,1,1,0,0,20250720,20251223
GNE:GOAS002:S2:SAIMF250720:O:5,1,1,1,1,1,0,0,20250720,20251223
GNE:GOATOON:TOON:TTHBH250720:O:1,0,0,0,0,0,0,0,20250720,20251223
GNE:GOATOON:TOON:TTHBH250720:O:2,0,0,0,0,0,0,0,20250720,20251223
GNE:GOATOON:TOON:TTHBH250720:O:3,0,0,0,0,0,0,0,20250720,20251223
GNE:GOATOON:TOON:TTHBH250720:O:4,0,0,0,0,0,0,0,20250720,20251223
GNE:GOATOON:TOON:TTHBH250720:O:5,0,0,0,0,0,0,0,20250720,20251223
GNE:GOATOON:TOON:TTHBH250720:O:6,0,0,0,0,0,0,0,20250720,20251223
GNE:GOATOON:TOON:TTHBH250720:O:7,0,0,0,0,0,0,0,20250720,20251223
GNE:GOATOON:TOON:TTHBH250720:O:8,0,0,0,0,0,0,0,20250720,20251223
GNE:GOATOON:TOON:TTHBH250720:O:9,0,0,0,0,0,0,0,20250720,20251223
GNE:GOATOON:TOON:TTHBH250720:O:10,0,0,0,0,0,0,0,20250720,20251223
GNE:GOATOON:TOON:TTHBH250720:O:11,0,0,0,0,0,0,0,20250720,20251223
GNE:GOATOON:TOON:TTHBH250720:O:12,0,0,0,0,0,0,0,20250720,20251223
GNE:GOATOON:TOON:TTHBH250720:O:13,0,0,0,0,0,0,0,20250720,20251223
GNE:GOATOON:TOON:TTHMF250720:O:1,0,0,0,0,0,0,0,20250720,20251223
GNE:GOATOON:TOON:TTHMF250720:O:2,0,0,0,0,0,0,0,20250720,20251223
GNE:GOATOON:TOON:TTHMF250720:O:3,0,0,0,0,0,0,0,20250720,20251223
GNE:GOATOON:TOON:TTHMF250720:O:4,0,0,0,0,0,0,0,20250720,20251223
GNE:GOATOON:TOON:TTHMF250720:O:5,0,0,0,0,0,0,0,20250720,20251223
GNE:GOATOON:TOON:TTHMF250720:O:6,0,0,0,0,0,0,0,20250720,20251223
GNE:GOATOON:TOON:TTHMF250720:O:7,0,0,0,0,0,0,0,20250720,20251223
GNE:GOATOON:TOON:TTHMF250720:O:8,0,0,0,0,0,0,0,20250720,20251223
GNE:GOATOON:TOON:TTHMF250720:O:9,0,0,0,0,0,0,0,20250720,20251223
GNE:GOATOON:TOON:TTHMF250720:O:10,0,0,0,0,0,0,0,20250720,20251223
GNE:GOATOON:TOON:TTHMF250720:O:11,0,0,0,0,0,0,0,20250720,20251223
GNE:GOATOON:TOON:TTHMF250720:O:12,0,0,0,0,0,0,0,20250720,20251223
GNE:GOATOON:TOON:TTHMF250720:O:13,0,0,0,0,0,0,0,20250720,20251223
GNE:GOATOON:TOON:TTHSA250720:O:1,0,0,0,0,0,0,0,20250720,20251223
GNE:GOATOON:TOON:TTHSA250720:O:2,0,0,0,0,0,0,0,20250720,20251223
GNE:GOATOON:TOON:TTHSA250720:O:3,0,0,0,0,0,0,0,20250720,20251223
GNE:GOATOON:TOON:TTHSA250720:O:4,0,0,0,0,0,0,0,20250720,20251223
GNE:GOATOON:TOON:TTHSA250720:O:5,0,0,0,0,0,0,0,20250720,20251223
GNE:GOATOON:TOON:TTHSA250720:O:6,0,0,0,0,0,0,0,20250720,20251223
GNE:GOATOON:TOON:TTHSA250720:O:7,0,0,0,0,0,0,0,20250720,20251223
GNE:GOATOON:TOON:TTHSA250720:O:8,0,0,0,0,0,0,0,20250720,20251223
GNE:GOATOON:TOON:TTHSA250720:O:9,0,0,0,0,0,0,0,20250720,20251223
GNE:GOATOON:TOON:TTHSA250720:O:10,0,0,0,0,0,0,0,20250720,20251223
GNE:GOATOON:TOON:TTHSA250720:O:11,0,0,0,0,0,0,0,20250720,20251223
GNE:GOATOON:TOON:TTHSA250720:O:12,0,0,0,0,0,0,0,20250720,20251223
GNE:GOATOON:TOON:TTHSA250720:O:13,0,0,0,0,0,0,0,20250720,20251223
GNE:GOATOON:TOON:TTLBH250720:O:1,0,0,0,0,0,0,0,20250720,20251223
GNE:GOATOON:TOON:TTLBH250720:O:2,0,0,0,0,0,0,0,20250720,20251223
GNE:GOATOON:TOON:TTLBH250720:O:3,0,0,0,0,0,0,0,20250720,20251223
GNE:GOATOON:TOON:TTLBH250720:O:4,0,0,0,0,0,0,0,20250720,20251223
GNE:GOATOON:TOON:TTLBH250720:O:5,0,0,0,0,0,0,0,20250720,20251223
GNE:GOATOON:TOON:TTLBH250720:O:6,0,0,0,0,0,0,0,20250720,20251223
GNE:GOATOON:TOON:TTLBH250720:O:7,0,0,0,0,0,0,0,20250720,20251223
GNE:GOATOON:TOON:TTLMF250720:O:1,0,0,0,0,0,0,0,20250720,20251223
GNE:GOATOON:TOON:TTLMF250720:O:2,0,0,0,0,0,0,0,20250720,20251223
GNE:GOATOON:TOON:TTLMF250720:O:3,0,0,0,0,0,0,0,20250720,20251223
GNE:GOATOON:TOON:TTLMF250720:O:4,0,0,0,0,0,0,0,20250720,20251223
GNE:GOATOON:TOON:TTLMF250720:O:5,0,0,0,0,0,0,0,20250720,20251223
GNE:GOATOON:TOON:TTLMF250720:O:6,0,0,0,0,0,0,0,20250720,20251223
GNE:GOATOON:TOON:TTLMF250720:O:7,0,0,0,0,0,0,0,20250720,20251223
GNE:GOATOON:TOON:TTLSA250720:O:1,0,0,0,0,0,0,0,20250720,20251223
GNE:GOATOON:TOON:TTLSA250720:O:2,0,0,0,0,0,0,0,20250720,20251223
GNE:GOATOON:TOON:TTLSA250720:O:3,0,0,0,0,0,0,0,20250720,20251223
GNE:GOATOON:TOON:TTLSA250720:O:4,0,0,0,0,0,0,0,20250720,20251223
GNE:GOATOON:TOON:TTLSA250720:O:5,0,0,0,0,0,0,0,20250720,20251223
GNE:GOATOON:TOON:TTLSA250720:O:6,0,0,0,0,0,0,0,20250720,20251223
GNE:GOATOON:TOON:TTLSA250720:O:7,0,0,0,0,0,0,0,20250720,20251223
GNE:GOATOON:TOON:TTLSU250720:O:1,0,0,0,0,0,0,0,20250720,20251223
GNE:GOATOON:TOON:TTLSU250720:O:2,0,0,0,0,0,0,0,20250720,20251223
GNE:GOATOON:TOON:TTLSU250720:O:3,0,0,0,0,0,0,0,20250720,20251223
GNE:GOATOON:TOON:TTLSU250720:O:4,0,0,0,0,0,0,0,20250720,20251223
GNE:GOATOON:TOON:TTLSU250720:O:5,0,0,0,0,0,0,0,20250720,20251223
GNE:GOATOON:TOON:TTLSU250720:O:6,0,0,0,0,0,0,0,20250720,20251223
GNE:GOATOON:TOON:TTLSU250720:O:7,0,0,0,0,0,0,0,20250720,20251223
GNE:GOAV001:V1:V01MF250720:O:1,1,1,1,1,1,0,0,20250720,20251223
GNE:GOAV001:V1:V01MF250720:O:2,1,1,1,1,1,0,0,20250720,20251223
GNE:GOAV001:V1:V01MF250720:O:3,1,1,1,1,1,0,0,20250720,20251223
GNE:GOAV001:V1:V01MF250720:O:4,1,1,1,1,1,0,0,20250720,20251223
GNE:GOAV001:V1:V01MF250720:O:5,1,1,1,1,1,0,0,20250720,20251223
GNE:GOAV001:V1:V01MF250720:O:6,1,1,1,1,1,0,0,20250720,20251223
GNE:GOAV001:V1:V01MF250720:O:7,1,1,1,1,1,0,0,20250720,20251223
GNE:GOAV001:V1:V01MF250720:O:8,1,1,1,1,1,0,0,20250720,20251223
GNE:GOAV001:V1:V01MF250720:O:9,1,1,1,1,1,0,0,20250720,20251223
GNE:GOAV001:V1:V01MF250720:O:10,1,1,1,1,1,0,0,20250720,20251223
GNE:GOAV001:V1:V01MF250720:O:11,1,1,1,1,1,0,0,20250720,20251223
GNE:GOAV001:V1:V01MF250720:O:12,1,1,1,1,1,0,0,20250720,20251223
GNE:GOAV001:V1:V01MF250720:O:13,1,1,1,1,1,0,0,20250720,20251223
GNE:GOAV001:V1:V01MF250720:O:14,1,1,1,1,1,0,0,20250720,20251223
GNE:GOAV001:V1:V01MF250720:O:15,1,1,1,1,1,0,0,20250720,20251223
GNE:GOAV001:V1:V01MF250720:O:16,1,1,1,1,1,0,0,20250720,20251223
GNE:GOAV001:V1:V01MF250720:O:17,1,1,1,1,1,0,0,20250720,20251223
GNE:GOAV001:V1:V01MF250720:O:18,1,1,1,1,1,0,0,20250720,20251223
GNE:GOAV001:V1:V01MF250720:O:19,1,1,1,1,1,0,0,20250720,20251223
GNE:GOAV001:V1:V01MF250720:O:20,1,1,1,1,1,0,0,20250720,20251223
GNE:GOAV001:V1:V01MF250720:O:21,1,1,1,1,1,0,0,20250720,20251223
GNE:GOAV001:V1:V01MF250720:O:22,1,1,1,1,1,0,0,20250720,20251223
GNE:GOAV001:V1:V01MF250720:O:23,1,1,1,1,1,0,0,20250720,20251223
GNE:GOAV001:V1:V01MF250720:O:24,1,1,1,1,1,0,0,20250720,20251223
GNE:GOAV001:V1:V01MF250720:O:25,1,1,1,1,1,0,0,20250720,20251223
GNE:GOAV001:V1:V01MF250720:O:26,1,1,1,1,1,0,0,20250720,20251223
GNE:GOAV001:V1:V01MF250720:O:27,1,1,1,1,1,0,0,20250720,20251223
GNE:GOAV001:V1:V01MF250720:O:28,1,1,1,1,1,0,0,20250720,20251223
GNE:GOAV001:V1:V01SA250720:O:1,0,0,0,0,0,1,0,20250720,20251223
GNE:GOAV001:V1:V01SA250720:O:2,0,0,0,0,0,1,0,20250720,20251223
GNE:GOAV001:V1:V01SA250720:O:3,0,0,0,0,0,1,0,20250720,20251223
GNE:GOAV001:V1:V01SA250720:O:4,0,0,0,0,0,1,0,20250720,20251223
GNE:GOAV001:V1:V01SA250720:O:5,0,0,0,0,0,1,0,20250720,20251223
GNE:GOAV001:V1:V01SA250720:O:6,0,0,0,0,0,1,0,20250720,20251223
GNE:GOAV001:V1:V01SA250720:O:7,0,0,0,0,0,1,0,20250720,20251223
GNE:GOAV001:V1:V01SA250720:O:8,0,0,0,0,0,1,0,20250720,20251223
GNE:GOAV001:V1:V01SA250720:O:9,0,0,0,0,0,1,0,20250720,20251223
GNE:GOAV001:V1:V01SA250720:O:10,0,0,0,0,0,1,0,20250720,20251223
GNE:GOAV001:V1:V01SA250720:O:11,0,0,0,0,0,1,0,20250720,20251223
GNE:GOAV001:V1:V01SA250720:O:12,0,0,0,0,0,1,0,20250720,20251223
GNE:GOAV001:V1:V01SA250720:O:13,0,0,0,0,0,1,0,20250720,20251223
GNE:GOAV001:V1:V01SA250720:O:14,0,0,0,0,0,1,0,20250720,20251223
GNE:GOAV001:V1:V01SA250720:O:15,0,0,0,0,0,1,0,20250720,20251223
GNE:GOAV001:V1:V01SA250720:O:16,0,0,0,0,0,1,0,20250720,20251223
GNE:GOAV001:V1:V01SA250720:O:17,0,0,0,0,0,1,0,20250720,20251223
GNE:GOAV001:V1:V01SA250720:O:18,0,0,0,0,0,1,0,20250720,20251223
GNE:GOAV001:V1:V01SA250720:O:19,0,0,0,0,0,1,0,20250720,20251223
GNE:GOAV001:V1:V01SA250720:O:20,0,0,0,0,0,1,0,20250720,20251223
GNE:GOAV001:V1:V01SA250720:O:21,0,0,0,0,0,1,0,20250720,20251223
GNE:GOAV001:V1:V01SA250720:O:22,0,0,0,0,0,1,0,20250720,20251223
GNE:GOAV001:V1:V01SA250720:O:23,0,0,0,0,0,1,0,20250720,20251223
GNE:GOAV001:V1:V01SA250720:O:24,0,0,0,0,0,1,0,20250720,20251223
GNE:GOAV001:V1:V01SA250720:O:25,0,0,0,0,0,1,0,20250720,20251223
GNE:GOAV001:V1:V01SA250720:O:26,0,0,0,0,0,1,0,20250720,20251223
GNE:GOAV001:V1:V01SA250720:O:27,0,0,0,0,0,1,0,20250720,20251223
GNE:GOAV001:V1:V01SU250720:O:1,0,0,0,0,0,0,1,20250720,20251223
GNE:GOAV001:V1:V01SU250720:O:2,0,0,0,0,0,0,1,20250720,20251223
GNE:GOAV001:V1:V01SU250720:O:3,0,0,0,0,0,0,1,20250720,20251223
GNE:GOAV001:V1:V01SU250720:O:4,0,0,0,0,0,0,1,20250720,20251223
GNE:GOAV001:V1:V01SU250720:O:5,0,0,0,0,0,0,1,20250720,20251223
GNE:GOAV001:V1:V01SU250720:O:6,0,0,0,0,0,0,1,20250720,20251223
GNE:GOAV001:V1:V01SU250720:O:7,0,0,0,0,0,0,1,20250720,20251223
GNE:GOAV001:V1:V01SU250720:O:8,0,0,0,0,0,0,1,20250720,20251223
GNE:GOAV001:V1:V01SU250720:O:9,0,0,0,0,0,0,1,20250720,20251223
GNE:GOAV001:V1:V01SU250720:O:10,0,0,0,0,0,0,1,20250720,20251223
GNE:GOAV001:V1:V01SU250720:O:11,0,0,0,0,0,0,1,20250720,20251223
GNE:GOAV002:V2:V02MF250720:O:1,1,1,1,1,1,0,0,20250720,20251223
GNE:GOAV002:V2:V02MF250720:O:2,1,1,1,1,1,0,0,20250720,20251223
GNE:GOAV002:V2:V02MF250720:O:3,1,1,1,1,1,0,0,20250720,20251223
GNE:GOAV002:V2:V02MF250720:O:4,1,1,1,1,1,0,0,20250720,20251223
GNE:GOAV002:V2:V02MF250720:O:5,1,1,1,1,1,0,0,20250720,20251223
GNE:GOAV002:V2:V02MF250720:O:6,1,1,1,1,1,0,0,20250720,20251223
GNE:GOAV002:V2:V02MF250720:O:7,1,1,1,1,1,0,0,20250720,20251223
GNE:GOAV002:V2:V02MF250720:O:8,1,1,1,1,1,0,0,20250720,20251223
GNE:GOAV002:V2:V02MF250720:O:9,1,1,1,1,1,0,0,20250720,20251223
GNE:GOAV002:V2:V02MF250720:O:10,1,1,1,1,1,0,0,20250720,20251223
GNE:GOAV002:V2:V02MF250720:O:11,1,1,1,1,1,0,0,20250720,20251223
GNE:GOAV002:V2:V02MF250720:O:12,1,1,1,1,1,0,0,20250720,20251223
GNE:GOAV002:V2:V02SA250720:O:1,0,0,0,0,0,1,0,20250720,20251223
GNE:GOAV002:V2:V02SA250720:O:2,0,0,0,0,0,1,0,20250720,20251223
GNE:GOAV002:V2:V02SA250720:O:3,0,0,0,0,0,1,0,20250720,20251223
GNE:GOAV002:V2:V02SA250720:O:4,0,0,0,0,0,1,0,20250720,20251223
GNE:GOAV002:V2:V02SA250720:O:5,0,0,0,0,0,1,0,20250720,20251223
GNE:GOAV002:V2:V02SA250720:O:6,0,0,0,0,0,1,0,20250720,20251223
GNE:GOAV002:V2:V02SA250720:O:7,0,0,0,0,0,1,0,20250720,20251223
GNE:GOAV002:V2:V02SA250720:O:8,0,0,0,0,0,1,0,20250720,20251223
GNE:GOAV002:V2:V02SA250720:O:9,0,0,0,0,0,1,0,20250720,20251223
GNE:GOAV002:V2:V02SA250720:O:10,0,0,0,0,0,1,0,20250720,20251223
GNE:GOAV005:V5:V05MF250720:O:1,1,1,1,1,1,0,0,20250720,20251223
GNE:GOAV005:V5:V05MF250720:O:2,1,1,1,1,1,0,0,20250720,20251223
GNE:GOAV005:V5:V05MF250720:O:3,1,1,1,1,1,0,0,20250720,20251223
GNE:GOAV005:V5:V05MF250720:O:4,1,1,1,1,1,0,0,20250720,20251223
GNE:GOAV005:V5:V05MF250720:O:5,1,1,1,1,1,0,0,20250720,20251223
GNE:GOAV005:V5:V05MF250720:O:6,1,1,1,1,1,0,0,20250720,20251223
GNE:GOAV005:V5:V05MF250720:O:7,1,1,1,1,1,0,0,20250720,20251223
GNE:GOAV005:V5:V05MF250720:O:8,1,1,1,1,1,0,0,20250720,20251223
GNE:GOAV005:V5:V05MF250720:O:9,1,1,1,1,1,0,0,20250720,20251223
GNE:GOAV005:V5:V05MF250720:O:10,1,1,1,1,1,0,0,20250720,20251223
GNE:GOAV005:V5:V05MF250720:O:11,1,1,1,1,1,0,0,20250720,20251223
GNE:GOAV005:V5:V05MF250720:O:12,1,1,1,1,1,0,0,20250720,20251223
GNE:GOAV005:V5:V05MF250720:O:13,1,1,1,1,1,0,0,20250720,20251223
GNE:GOAV005:V5:V05MF250720:O:14,1,1,1,1,1,0,0,20250720,20251223
GNE:GOAV005:V5:V05MF250720:I:1,1,1,1,1,1,0,0,20250720,20251223
GNE:GOAV005:V5:V05MF250720:I:2,1,1,1,1,1,0,0,20250720,20251223
GNE:GOAV005:V5:V05MF250720:I:3,1,1,1,1,1,0,0,20250720,20251223
GNE:GOAV005:V5:V05MF250720:I:4,1,1,1,1,1,0,0,20250720,20251223
GNE:GOAV005:V5:V05MF250720:I:5,1,1,1,1,1,0,0,20250720,20251223
GNE:GOAV005:V5:V05MF250720:I:6,1,1,1,1,1,0,0,20250720,20251223
GNE:GOAV005:V5:V05MF250720:I:7,1,1,1,1,1,0,0,20250720,20251223
GNE:GOAV005:V5:V05MF250720:I:8,1,1,1,1,1,0,0,20250720,20251223
GNE:GOAV005:V5:V05MF250720:I:9,1,1,1,1,1,0,0,20250720,20251223
GNE:GOAV005:V5:V05MF250720:I:10,1,1,1,1,1,0,0,20250720,20251223
GNE:GOAV005:V5:V05MF250720:I:11,1,1,1,1,1,0,0,20250720,20251223
GNE:GOAV005:V5:V05MF250720:I:12,1,1,1,1,1,0,0,20250720,20251223
GNE:GOAV005:V5:V05MF250720:I:13,1,1,1,1,1,0,0,20250720,20251223
GNE:GOAV005:V5:V05MF250720:I:14,1,1,1,1,1,0,0,20250720,20251223
GNE:GOAV005:V5:V05MF250720:I:15,1,1,1,1,1,0,0,20250720,20251223
GNE:GOAV005:V5:V05SA250720:O:1,0,0,0,0,0,1,0,20250720,20251223
GNE:GOAV005:V5:V05SA250720:O:2,0,0,0,0,0,1,0,20250720,20251223
GNE:GOAV005:V5:V05SA250720:O:3,0,0,0,0,0,1,0,20250720,20251223
GNE:GOAV005:V5:V05SA250720:O:4,0,0,0,0,0,1,0,20250720,20251223
GNE:GOAV005:V5:V05SA250720:O:5,0,0,0,0,0,1,0,20250720,20251223
GNE:GOAV005:V5:V05SA250720:O:6,0,0,0,0,0,1,0,20250720,20251223
GNE:GOAV005:V5:V05SA250720:O:7,0,0,0,0,0,1,0,20250720,20251223
GNE:GOAV005:V5:V05SA250720:O:8,0,0,0,0,0,1,0,20250720,20251223
GNE:GOAV005:V5:V05SA250720:O:9,0,0,0,0,0,1,0,20250720,20251223
GNE:GOAV005:V5:V05SA250720:O:10,0,0,0,0,0,1,0,20250720,20251223
GNE:GOAV005:V5:V05SA250720:O:11,0,0,0,0,0,1,0,20250720,20251223
GNE:GOAV005:V5:V05SA250720:O:12,0,0,0,0,0,1,0,20250720,20251223
GNE:GOAV005:V5:V05SA250720:O:13,0,0,0,0,0,1,0,20250720,20251223
GNE:GOAV005:V5:V05SA250720:O:14,0,0,0,0,0,1,0,20250720,20251223
GNE:GOAV005:V5:V05SA250720:I:1,0,0,0,0,0,1,0,20250720,20251223
GNE:GOAV005:V5:V05SA250720:I:2,0,0,0,0,0,1,0,20250720,20251223
GNE:GOAV005:V5:V05SA250720:I:3,0,0,0,0,0,1,0,20250720,20251223
GNE:GOAV005:V5:V05SA250720:I:4,0,0,0,0,0,1,0,20250720,20251223
GNE:GOAV005:V5:V05SA250720:I:5,0,0,0,0,0,1,0,20250720,20251223
GNE:GOAV005:V5:V05SA250720:I:6,0,0,0,0,0,1,0,20250720,20251223
GNE:GOAV005:V5:V05SA250720:I:7,0,0,0,0,0,1,0,20250720,20251223
GNE:GOAV005:V5:V05SA250720:I:8,0,0,0,0,0,1,0,20250720,20251223
GNE:GOAV005:V5:V05SA250720:I:9,0,0,0,0,0,1,0,20250720,20251223
GNE:GOAV005:V5:V05SA250720:I:10,0,0,0,0,0,1,0,20250720,20251223
GNE:GOAV005:V5:V05SA250720:I:11,0,0,0,0,0,1,0,20250720,20251223
GNE:GOAV005:V5:V05SA250720:I:12,0,0,0,0,0,1,0,20250720,20251223
GNE:GOAV005:V5:V05SA250720:I:13,0,0,0,0,0,1,0,20250720,20251223
GNE:GOAV005:V5:V05SA250720:I:14,0,0,0,0,0,1,0,20250720,20251223
GNE:GOAV005:V5:V05SU250720:O:1,0,0,0,0,0,0,1,20250720,20251223
GNE:GOAV005:V5:V05SU250720:O:2,0,0,0,0,0,0,1,20250720,20251223
GNE:GOAV005:V5:V05SU250720:O:3,0,0,0,0,0,0,1,20250720,20251223
GNE:GOAV005:V5:V05SU250720:O:4,0,0,0,0,0,0,1,20250720,20251223
GNE:GOAV005:V5:V05SU250720:O:5,0,0,0,0,0,0,1,20250720,20251223
GNE:GOAV005:V5:V05SU250720:O:6,0,0,0,0,0,0,1,20250720,20251223
GNE:GOAV005:V5:V05SU250720:O:7,0,0,0,0,0,0,1,20250720,20251223
GNE:GOAV005:V5:V05SU250720:O:8,0,0,0,0,0,0,1,20250720,20251223
GNE:GOAV005:V5:V05SU250720:O:9,0,0,0,0,0,0,1,20250720,20251223
GNE:GOAV005:V5:V05SU250720:O:10,0,0,0,0,0,0,1,20250720,20251223
GNE:GOAV005:V5:V05SU250720:I:1,0,0,0,0,0,0,1,20250720,20251223
GNE:GOAV005:V5:V05SU250720:I:2,0,0,0,0,0,0,1,20250720,20251223
GNE:GOAV005:V5:V05SU250720:I:3,0,0,0,0,0,0,1,20250720,20251223
GNE:GOAV005:V5:V05SU250720:I:4,0,0,0,0,0,0,1,20250720,20251223
GNE:GOAV005:V5:V05SU250720:I:5,0,0,0,0,0,0,1,20250720,20251223
GNE:GOAV005:V5:V05SU250720:I:6,0,0,0,0,0,0,1,20250720,20251223
GNE:GOAV005:V5:V05SU250720:I:7,0,0,0,0,0,0,1,20250720,20251223
GNE:GOAV005:V5:V05SU250720:I:8,0,0,0,0,0,0,1,20250720,20251223
GNE:GOAV005:V5:V05SU250720:I:9,0,0,0,0,0,0,1,20250720,20251223
GNE:GOAV005:V5:V05SU250720:I:10,0,0,0,0,0,0,1,20250720,20251223
GNE:GOAX001:X1:X01MF250720:O:1,1,1,1,1,1,0,0,20250720,20251223
GNE:GOAX001:X1:X01MF250720:O:2,1,1,1,1,1,0,0,20250720,20251223
GNE:GOAX001:X1:X01MF250720:O:3,1,1,1,1,1,0,0,20250720,20251223
GNE:GOAX001:X1:X01MF250720:O:5,1,1,1,1,1,0,0,20250720,20251223
GNE:GOAX001:X1:X01MF250720:O:7,1,1,1,1,1,0,0,20250720,20251223
GNE:GOAX001:X1:X01MF250720:O:8,1,1,1,1,1,0,0,20250720,20251223
GNE:GOAX001:X1:X01MF250720:O:9,1,1,1,1,1,0,0,20250720,20251223
GNE:GOAX001:X1:X01MF250720:O:10,1,1,1,1,1,0,0,20250720,20251223
GNE:GOAX001:X1:X01MF250720:O:11,1,1,1,1,1,0,0,20250720,20251223
GNE:GOAX001:X1:X01MF250720:O:12,1,1,1,1,1,0,0,20250720,20251223
GNE:GOAX001:X1:X01MF250720:O:13,1,1,1,1,1,0,0,20250720,20251223
GNE:GOAX001:X1:X01MF250720:O:14,1,1,1,1,1,0,0,20250720,20251223
GNE:GOAX001:X1:X01MF250720:O:15,1,1,1,1,1,0,0,20250720,20251223
GNE:GOAX001:X1:X01MF250720:O:16,1,1,1,1,1,0,0,20250720,20251223
GNE:GOAX001:X1:X01MF250720:O:17,1,1,1,1,1,0,0,20250720,20251223
GNE:GOAX001:X1:X01MF250720:O:18,1,1,1,1,1,0,0,20250720,20251223
GNE:GOAX001:X1:X01MF250720:O:19,1,1,1,1,1,0,0,20250720,20251223
GNE:GOAX001:X1:X01MF250720:O:20,1,1,1,1,1,0,0,20250720,20251223
GNE:GOAX001:X1:X01MF250720:O:21,1,1,1,1,1,0,0,20250720,20251223
GNE:GOAX001:X1:X01MF250720:O:22,1,1,1,1,1,0,0,20250720,20251223
GNE:GOAX001:X1:X01MF250720:O:23,1,1,1,1,1,0,0,20250720,20251223
GNE:GOAX001:X1:X01MF250720:O:24,1,1,1,1,1,0,0,20250720,20251223
GNE:GOAX001:X1:X01MF250720:O:25,1,1,1,1,1,0,0,20250720,20251223
GNE:GOAX001:X1:X01MF250720:O:26,1,1,1,1,1,0,0,20250720,20251223
GNE:GOAX001:X1:X01MF250720:O:27,1,1,1,1,1,0,0,20250720,20251223
GNE:GOAX001:X1:X01MF250720:O:28,1,1,1,1,1,0,0,20250720,20251223
GNE:GOAX001:X1:X01MF250720:O:29,1,1,1,1,1,0,0,20250720,20251223
GNE:GOAX001:X1:X01MF250720:O:30,1,1,1,1,1,0,0,20250720,20251223
GNE:GOAX001:X1:X01MF250720:O:31,1,1,1,1,1,0,0,20250720,20251223
GNE:GOAX001:X1:X01MF250720:O:32,1,1,1,1,1,0,0,20250720,20251223
GNE:GOAX001:X1:X01MF250720:O:33,1,1,1,1,1,0,0,20250720,20251223
GNE:GOAX001:X1:X01MF250720:O:34,1,1,1,1,1,0,0,20250720,20251223
GNE:GOAX001:X1:X01MF250720:O:35,1,1,1,1,1,0,0,20250720,20251223
GNE:GOAX001:X1:X01MF250720:O:36,1,1,1,1,1,0,0,20250720,20251223
GNE:GOAX001:X1:X01MF250720:O:37,1,1,1,1,1,0,0,20250720,20251223
GNE:GOAX001:X1:X01MF250720:O:38,1,1,1,1,1,0,0,20250720,20251223
GNE:GOAX001:X1:X01MF250720:O:39,1,1,1,1,1,0,0,20250720,20251223
GNE:GOAX001:X1:X01MF250720:O:40,1,1,1,1,1,0,0,20250720,20251223
GNE:GOAX001:X1:X01MF250720:O:41,1,1,1,1,1,0,0,20250720,20251223
GNE:GOAX001:X1:X01MF250720:O:42,1,1,1,1,1,0,0,20250720,20251223
GNE:GOAX001:X1:X01MF250720:O:43,1,1,1,1,1,0,0,20250720,20251223
GNE:GOAX001:X1:X01MF250720:O:44,1,1,1,1,1,0,0,20250720,20251223
GNE:GOAX001:X1:X01MF250720:O:45,1,1,1,1,1,0,0,20250720,20251223
GNE:GOAX001:X1:X01MF250720:O:46,1,1,1,1,1,0,0,20250720,20251223
GNE:GOAX001:X1:X01MF250720:O:47,1,1,1,1,1,0,0,20250720,20251223
GNE:GOAX001:X1:X01MF250720:O:48,1,1,1,1,1,0,0,20250720,20251223
GNE:GOAX001:X1:X01MF250720:O:49,1,1,1,1,1,0,0,20250720,20251223
GNE:GOAX001:X1:X01MF250720:O:50,1,1,1,1,1,0,0,20250720,20251223
GNE:GOAX001:X1:X01MF250720:O:51,1,1,1,1,1,0,0,20250720,20251223
GNE:GOAX001:X1:X01MF250720:O:52,1,1,1,1,1,0,0,20250720,20251223
GNE:GOAX001:X1:X01MF250720:O:53,1,1,1,1,1,0,0,20250720,20251223
GNE:GOAX001:X1:X01MF250720:O:54,1,1,1,1,1,0,0,20250720,20251223
GNE:GOAX001:X1:X01MF250720:O:55,1,1,1,1,1,0,0,20250720,20251223
GNE:GOAX001:X1:X01MF250720:O:56,1,1,1,1,1,0,0,20250720,20251223
GNE:GOAX001:X1:X01MF250720:O:57,1,1,1,1,1,0,0,20250720,20251223
GNE:GOAX001:X1:X01MF250720:O:58,1,1,1,1,1,0,0,20250720,20251223
GNE:GOAX001:X1:X01MF250720:O:59,1,1,1,1,1,0,0,20250720,20251223
GNE:GOAX001:X1:X01MF250720:O:60,1,1,1,1,1,0,0,20250720,20251223
GNE:GOAX001:X1:X01MF250720:O:61,1,1,1,1,1,0,0,20250720,20251223
GNE:GOAX001:X1:X01MF250720:O:62,1,1,1,1,1,0,0,20250720,20251223
GNE:GOAX001:X1:X01MF250720:I:1,1,1,1,1,1,0,0,20250720,20251223
GNE:GOAX001:X1:X01MF250720:I:2,1,1,1,1,1,0,0,20250720,20251223
GNE:GOAX001:X1:X01MF250720:I:3,1,1,1,1,1,0,0,20250720,20251223
GNE:GOAX001:X1:X01MF250720:I:4,1,1,1,1,1,0,0,20250720,20251223
GNE:GOAX001:X1:X01MF250720:I:5,1,1,1,1,1,0,0,20250720,20251223
GNE:GOAX001:X1:X01MF250720:I:6,1,1,1,1,1,0,0,20250720,20251223
GNE:GOAX001:X1:X01MF250720:I:7,1,1,1,1,1,0,0,20250720,20251223
GNE:GOAX001:X1:X01MF250720:I:8,1,1,1,1,1,0,0,20250720,20251223
GNE:GOAX001:X1:X01MF250720:I:9,0,0,0,0,0,0,0,20250720,20251223
GNE:GOAX001:X1:X01MF250720:I:10,1,1,1,1,1,0,0,20250720,20251223
GNE:GOAX001:X1:X01MF250720:I:11,1,1,1,1,1,0,0,20250720,20251223
GNE:GOAX001:X1:X01MF250720:I:12,1,1,1,1,1,0,0,20250720,20251223
GNE:GOAX001:X1:X01MF250720:I:13,1,1,1,1,1,0,0,20250720,20251223
GNE:GOAX001:X1:X01MF250720:I:14,1,1,1,1,1,0,0,20250720,20251223
GNE:GOAX001:X1:X01MF250720:I:15,1,1,1,1,1,0,0,20250720,20251223
GNE:GOAX001:X1:X01MF250720:I:16,1,1,1,1,1,0,0,20250720,20251223
GNE:GOAX001:X1:X01MF250720:I:17,1,1,1,1,1,0,0,20250720,20251223
GNE:GOAX001:X1:X01MF250720:I:18,1,1,1,1,1,0,0,20250720,20251223
GNE:GOAX001:X1:X01MF250720:I:19,1,1,1,1,1,0,0,20250720,20251223
GNE:GOAX001:X1:X01MF250720:I:20,1,1,1,1,1,0,0,20250720,20251223
GNE:GOAX001:X1:X01MF250720:I:21,1,1,1,1,1,0,0,20250720,20251223
GNE:GOAX001:X1:X01MF250720:I:22,1,1,1,1,1,0,0,20250720,20251223
GNE:GOAX001:X1:X01MF250720:I:23,1,1,1,1,1,0,0,20250720,20251223
GNE:GOAX001:X1:X01MF250720:I:24,1,1,1,1,1,0,0,20250720,20251223
GNE:GOAX001:X1:X01MF250720:I:25,1,1,1,1,1,0,0,20250720,20251223
GNE:GOAX001:X1:X01MF250720:I:26,1,1,1,1,1,0,0,20250720,20251223
GNE:GOAX001:X1:X01MF250720:I:27,1,1,1,1,1,0,0,20250720,20251223
GNE:GOAX001:X1:X01MF250720:I:28,1,1,1,1,1,0,0,20250720,20251223
GNE:GOAX001:X1:X01MF250720:I:29,1,1,1,1,1,0,0,20250720,20251223
GNE:GOAX001:X1:X01MF250720:I:30,1,1,1,1,1,0,0,20250720,20251223
GNE:GOAX001:X1:X01MF250720:I:31,1,1,1,1,1,0,0,20250720,20251223
GNE:GOAX001:X1:X01MF250720:I:32,1,1,1,1,1,0,0,20250720,20251223
GNE:GOAX001:X1:X01MF250720:I:33,1,1,1,1,1,0,0,20250720,20251223
GNE:GOAX001:X1:X01MF250720:I:34,1,1,1,1,1,0,0,20250720,20251223
GNE:GOAX001:X1:X01MF250720:I:35,1,1,1,1,1,0,0,20250720,20251223
GNE:GOAX001:X1:X01MF250720:I:36,1,1,1,1,1,0,0,20250720,20251223
GNE:GOAX001:X1:X01MF250720:I:37,1,1,1,1,1,0,0,20250720,20251223
GNE:GOAX001:X1:X01MF250720:I:38,1,1,1,1,1,0,0,20250720,20251223
GNE:GOAX001:X1:X01MF250720:I:39,1,1,1,1,1,0,0,20250720,20251223
GNE:GOAX001:X1:X01MF250720:I:40,1,1,1,1,1,0,0,20250720,20251223
GNE:GOAX001:X1:X01MF250720:I:41,1,1,1,1,1,0,0,20250720,20251223
GNE:GOAX001:X1:X01MF250720:I:42,1,1,1,1,1,0,0,20250720,20251223
GNE:GOAX001:X1:X01MF250720:I:43,1,1,1,1,1,0,0,20250720,20251223
GNE:GOAX001:X1:X01MF250720:I:44,1,1,1,1,1,0,0,20250720,20251223
GNE:GOAX001:X1:X01MF250720:I:45,1,1,1,1,1,0,0,20250720,20251223
GNE:GOAX001:X1:X01MF250720:I:46,1,1,1,1,1,0,0,20250720,20251223
GNE:GOAX001:X1:X01MF250720:I:47,1,1,1,1,1,0,0,20250720,20251223
GNE:GOAX001:X1:X01MF250720:I:48,1,1,1,1,1,0,0,20250720,20251223
GNE:GOAX001:X1:X01MF250720:I:50,1,1,1,1,1,0,0,20250720,20251223
GNE:GOAX001:X1:X01MF250720:I:51,1,1,1,1,1,0,0,20250720,20251223
GNE:GOAX001:X1:X01MF250720:I:52,1,1,1,1,1,0,0,20250720,20251223
GNE:GOAX001:X1:X01MF250720:I:54,1,1,1,1,1,0,0,20250720,20251223
GNE:GOAX001:X1:X01MF250720:I:55,1,1,1,1,1,0,0,20250720,20251223
GNE:GOAX001:X1:X01MF250720:I:56,1,1,1,1,1,0,0,20250720,20251223
GNE:GOAX001:X1:X01MF250720:I:57,1,1,1,1,1,0,0,20250720,20251223
GNE:GOAX001:X1:X01MF250720:I:58,1,1,1,1,1,0,0,20250720,20251223
GNE:GOAX001:X1:X01MF250720:I:59,1,1,1,1,1,0,0,20250720,20251223
GNE:GOAX001:X1:X01MF250720:I:60,1,1,1,1,1,0,0,20250720,20251223
GNE:GOAX001:X1:X01MF250720:I:61,1,1,1,1,1,0,0,20250720,20251223
GNE:GOAX001:X1:X01MF250720:I:62,1,1,1,1,1,0,0,20250720,20251223
GNE:GOAX001:X1:X01MF250720:I:63,1,1,1,1,1,0,0,20250720,20251223
GNE:GOAX001:X1:X01MF250720:I:64,1,1,1,1,1,0,0,20250720,20251223
GNE:GOAX001:X1:X01MF250720:I:65,1,1,1,1,1,0,0,20250720,20251223
GNE:GOAX001:X1:X01MF250720:I:66,1,1,1,1,1,0,0,20250720,20251223
GNE:GOAX001:X1:X01MF250720:I:67,1,1,1,1,1,0,0,20250720,20251223
GNE:GOAX001:X1:X01MF250720:I:68,1,1,1,1,1,0,0,20250720,20251223
GNE:GOAX001:X1:X01SA250720:O:1,0,0,0,0,0,1,0,20250720,20251223
GNE:GOAX001:X1:X01SA250720:O:2,0,0,0,0,0,1,0,20250720,20251223
GNE:GOAX001:X1:X01SA250720:O:3,0,0,0,0,0,1,0,20250720,20251223
GNE:GOAX001:X1:X01SA250720:O:4,0,0,0,0,0,1,0,20250720,20251223
GNE:GOAX001:X1:X01SA250720:O:5,0,0,0,0,0,1,0,20250720,20251223
GNE:GOAX001:X1:X01SA250720:O:6,0,0,0,0,0,1,0,20250720,20251223
GNE:GOAX001:X1:X01SA250720:O:7,0,0,0,0,0,1,0,20250720,20251223
GNE:GOAX001:X1:X01SA250720:O:8,0,0,0,0,0,1,0,20250720,20251223
GNE:GOAX001:X1:X01SA250720:O:9,0,0,0,0,0,1,0,20250720,20251223
GNE:GOAX001:X1:X01SA250720:O:10,0,0,0,0,0,1,0,20250720,20251223
GNE:GOAX001:X1:X01SA250720:O:11,0,0,0,0,0,1,0,20250720,20251223
GNE:GOAX001:X1:X01SA250720:O:12,0,0,0,0,0,1,0,20250720,20251223
GNE:GOAX001:X1:X01SA250720:O:13,0,0,0,0,0,1,0,20250720,20251223
GNE:GOAX001:X1:X01SA250720:O:14,0,0,0,0,0,1,0,20250720,20251223
GNE:GOAX001:X1:X01SA250720:O:15,0,0,0,0,0,1,0,20250720,20251223
GNE:GOAX001:X1:X01SA250720:O:16,0,0,0,0,0,1,0,20250720,20251223
GNE:GOAX001:X1:X01SA250720:O:17,0,0,0,0,0,1,0,20250720,20251223
GNE:GOAX001:X1:X01SA250720:O:18,0,0,0,0,0,1,0,20250720,20251223
GNE:GOAX001:X1:X01SA250720:O:19,0,0,0,0,0,1,0,20250720,20251223
GNE:GOAX001:X1:X01SA250720:O:20,0,0,0,0,0,1,0,20250720,20251223
GNE:GOAX001:X1:X01SA250720:O:21,0,0,0,0,0,1,0,20250720,20251223
GNE:GOAX001:X1:X01SA250720:O:22,0,0,0,0,0,1,0,20250720,20251223
GNE:GOAX001:X1:X01SA250720:O:23,0,0,0,0,0,1,0,20250720,20251223
GNE:GOAX001:X1:X01SA250720:O:24,0,0,0,0,0,1,0,20250720,20251223
GNE:GOAX001:X1:X01SA250720:O:25,0,0,0,0,0,1,0,20250720,20251223
GNE:GOAX001:X1:X01SA250720:O:26,0,0,0,0,0,1,0,20250720,20251223
GNE:GOAX001:X1:X01SA250720:O:27,0,0,0,0,0,1,0,20250720,20251223
GNE:GOAX001:X1:X01SA250720:O:28,0,0,0,0,0,1,0,20250720,20251223
GNE:GOAX001:X1:X01SA250720:O:29,0,0,0,0,0,1,0,20250720,20251223
GNE:GOAX001:X1:X01SA250720:O:30,0,0,0,0,0,1,0,20250720,20251223
GNE:GOAX001:X1:X01SA250720:O:31,0,0,0,0,0,1,0,20250720,20251223
GNE:GOAX001:X1:X01SA250720:O:32,0,0,0,0,0,1,0,20250720,20251223
GNE:GOAX001:X1:X01SA250720:O:33,0,0,0,0,0,1,0,20250720,20251223
GNE:GOAX001:X1:X01SA250720:O:34,0,0,0,0,0,1,0,20250720,20251223
GNE:GOAX001:X1:X01SA250720:O:35,0,0,0,0,0,1,0,20250720,20251223
GNE:GOAX001:X1:X01SA250720:O:36,0,0,0,0,0,1,0,20250720,20251223
GNE:GOAX001:X1:X01SA250720:O:37,0,0,0,0,0,1,0,20250720,20251223
GNE:GOAX001:X1:X01SA250720:O:38,0,0,0,0,0,1,0,20250720,20251223
GNE:GOAX001:X1:X01SA250720:O:39,0,0,0,0,0,1,0,20250720,20251223
GNE:GOAX001:X1:X01SA250720:O:40,0,0,0,0,0,1,0,20250720,20251223
GNE:GOAX001:X1:X01SA250720:O:41,0,0,0,0,0,1,0,20250720,20251223
GNE:GOAX001:X1:X01SA250720:O:42,0,0,0,0,0,1,0,20250720,20251223
GNE:GOAX001:X1:X01SA250720:O:43,0,0,0,0,0,1,0,20250720,20251223
GNE:GOAX001:X1:X01SA250720:O:44,0,0,0,0,0,1,0,20250720,20251223
GNE:GOAX001:X1:X01SA250720:O:45,0,0,0,0,0,1,0,20250720,20251223
GNE:GOAX001:X1:X01SA250720:O:46,0,0,0,0,0,1,0,20250720,20251223
GNE:GOAX001:X1:X01SA250720:O:47,0,0,0,0,0,1,0,20250720,20251223
GNE:GOAX001:X1:X01SA250720:O:48,0,0,0,0,0,1,0,20250720,20251223
GNE:GOAX001:X1:X01SA250720:O:49,0,0,0,0,0,1,0,20250720,20251223
GNE:GOAX001:X1:X01SA250720:O:50,0,0,0,0,0,1,0,20250720,20251223
GNE:GOAX001:X1:X01SA250720:O:51,0,0,0,0,0,1,0,20250720,20251223
GNE:GOAX001:X1:X01SA250720:O:52,0,0,0,0,0,1,0,20250720,20251223
GNE:GOAX001:X1:X01SA250720:O:53,0,0,0,0,0,1,0,20250720,20251223
GNE:GOAX001:X1:X01SA250720:O:54,0,0,0,0,0,1,0,20250720,20251223
GNE:GOAX001:X1:X01SA250720:O:55,0,0,0,0,0,1,0,20250720,20251223
GNE:GOAX001:X1:X01SA250720:O:56,0,0,0,0,0,1,0,20250720,20251223
GNE:GOAX001:X1:X01SA250720:I:1,0,0,0,0,0,1,0,20250720,20251223
GNE:GOAX001:X1:X01SA250720:I:2,0,0,0,0,0,1,0,20250720,20251223
GNE:GOAX001:X1:X01SA250720:I:3,0,0,0,0,0,1,0,20250720,20251223
GNE:GOAX001:X1:X01SA250720:I:4,0,0,0,0,0,1,0,20250720,20251223
GNE:GOAX001:X1:X01SA250720:I:5,0,0,0,0,0,1,0,20250720,20251223
GNE:GOAX001:X1:X01SA250720:I:6,0,0,0,0,0,1,0,20250720,20251223
GNE:GOAX001:X1:X01SA250720:I:7,0,0,0,0,0,1,0,20250720,20251223
GNE:GOAX001:X1:X01SA250720:I:8,0,0,0,0,0,1,0,20250720,20251223
GNE:GOAX001:X1:X01SA250720:I:9,0,0,0,0,0,1,0,20250720,20251223
GNE:GOAX001:X1:X01SA250720:I:10,0,0,0,0,0,1,0,20250720,20251223
GNE:GOAX001:X1:X01SA250720:I:11,0,0,0,0,0,1,0,20250720,20251223
GNE:GOAX001:X1:X01SA250720:I:12,0,0,0,0,0,1,0,20250720,20251223
GNE:GOAX001:X1:X01SA250720:I:13,0,0,0,0,0,1,0,20250720,20251223
GNE:GOAX001:X1:X01SA250720:I:14,0,0,0,0,0,1,0,20250720,20251223
GNE:GOAX001:X1:X01SA250720:I:15,0,0,0,0,0,1,0,20250720,20251223
GNE:GOAX001:X1:X01SA250720:I:16,0,0,0,0,0,1,0,20250720,20251223
GNE:GOAX001:X1:X01SA250720:I:17,0,0,0,0,0,1,0,20250720,20251223
GNE:GOAX001:X1:X01SA250720:I:18,0,0,0,0,0,1,0,20250720,20251223
GNE:GOAX001:X1:X01SA250720:I:19,0,0,0,0,0,1,0,20250720,20251223
GNE:GOAX001:X1:X01SA250720:I:20,0,0,0,0,0,1,0,20250720,20251223
GNE:GOAX001:X1:X01SA250720:I:21,0,0,0,0,0,1,0,20250720,20251223
GNE:GOAX001:X1:X01SA250720:I:22,0,0,0,0,0,1,0,20250720,20251223
GNE:GOAX001:X1:X01SA250720:I:23,0,0,0,0,0,1,0,20250720,20251223
GNE:GOAX001:X1:X01SA250720:I:24,0,0,0,0,0,1,0,20250720,20251223
GNE:GOAX001:X1:X01SA250720:I:25,0,0,0,0,0,1,0,20250720,20251223
GNE:GOAX001:X1:X01SA250720:I:26,0,0,0,0,0,1,0,20250720,20251223
GNE:GOAX001:X1:X01SA250720:I:27,0,0,0,0,0,1,0,20250720,20251223
GNE:GOAX001:X1:X01SA250720:I:28,0,0,0,0,0,1,0,20250720,20251223
GNE:GOAX001:X1:X01SA250720:I:29,0,0,0,0,0,1,0,20250720,20251223
GNE:GOAX001:X1:X01SA250720:I:30,0,0,0,0,0,1,0,20250720,20251223
GNE:GOAX001:X1:X01SA250720:I:31,0,0,0,0,0,1,0,20250720,20251223
GNE:GOAX001:X1:X01SA250720:I:32,0,0,0,0,0,1,0,20250720,20251223
GNE:GOAX001:X1:X01SA250720:I:33,0,0,0,0,0,1,0,20250720,20251223
GNE:GOAX001:X1:X01SA250720:I:34,0,0,0,0,0,1,0,20250720,20251223
GNE:GOAX001:X1:X01SA250720:I:35,0,0,0,0,0,1,0,20250720,20251223
GNE:GOAX001:X1:X01SA250720:I:36,0,0,0,0,0,1,0,20250720,20251223
GNE:GOAX001:X1:X01SA250720:I:37,0,0,0,0,0,1,0,20250720,20251223
GNE:GOAX001:X1:X01SA250720:I:38,0,0,0,0,0,1,0,20250720,20251223
GNE:GOAX001:X1:X01SA250720:I:39,0,0,0,0,0,1,0,20250720,20251223
GNE:GOAX001:X1:X01SA250720:I:40,0,0,0,0,0,1,0,20250720,20251223
GNE:GOAX001:X1:X01SA250720:I:41,0,0,0,0,0,1,0,20250720,20251223
GNE:GOAX001:X1:X01SA250720:I:42,0,0,0,0,0,1,0,20250720,20251223
GNE:GOAX001:X1:X01SA250720:I:43,0,0,0,0,0,1,0,20250720,20251223
GNE:GOAX001:X1:X01SA250720:I:44,0,0,0,0,0,1,0,20250720,20251223
GNE:GOAX001:X1:X01SA250720:I:45,0,0,0,0,0,1,0,20250720,20251223
GNE:GOAX001:X1:X01SA250720:I:46,0,0,0,0,0,1,0,20250720,20251223
GNE:GOAX001:X1:X01SA250720:I:47,0,0,0,0,0,1,0,20250720,20251223
GNE:GOAX001:X1:X01SA250720:I:48,0,0,0,0,0,1,0,20250720,20251223
GNE:GOAX001:X1:X01SA250720:I:49,0,0,0,0,0,1,0,20250720,20251223
GNE:GOAX001:X1:X01SA250720:I:50,0,0,0,0,0,1,0,20250720,20251223
GNE:GOAX001:X1:X01SA250720:I:51,0,0,0,0,0,1,0,20250720,20251223
GNE:GOAX001:X1:X01SA250720:I:52,0,0,0,0,0,1,0,20250720,20251223
GNE:GOAX001:X1:X01SA250720:I:53,0,0,0,0,0,1,0,20250720,20251223
GNE:GOAX001:X1:X01SA250720:I:54,0,0,0,0,0,1,0,20250720,20251223
GNE:GOAX001:X1:X01SA250720:I:55,0,0,0,0,0,1,0,20250720,20251223
GNE:GOAX001:X1:X01SA250720:I:56,0,0,0,0,0,1,0,20250720,20251223
GNE:GOAX001:X1:X01SU250720:O:1,0,0,0,0,0,0,1,20250720,20251223
GNE:GOAX001:X1:X01SU250720:O:2,0,0,0,0,0,0,1,20250720,20251223
GNE:GOAX001:X1:X01SU250720:O:3,0,0,0,0,0,0,1,20250720,20251223
GNE:GOAX001:X1:X01SU250720:O:4,0,0,0,0,0,0,1,20250720,20251223
GNE:GOAX001:X1:X01SU250720:O:5,0,0,0,0,0,0,1,20250720,20251223
GNE:GOAX001:X1:X01SU250720:O:6,0,0,0,0,0,0,1,20250720,20251223
GNE:GOAX001:X1:X01SU250720:O:7,0,0,0,0,0,0,1,20250720,20251223
GNE:GOAX001:X1:X01SU250720:O:8,0,0,0,0,0,0,1,20250720,20251223
GNE:GOAX001:X1:X01SU250720:O:9,0,0,0,0,0,0,1,20250720,20251223
GNE:GOAX001:X1:X01SU250720:O:10,0,0,0,0,0,0,1,20250720,20251223
GNE:GOAX001:X1:X01SU250720:O:11,0,0,0,0,0,0,1,20250720,20251223
GNE:GOAX001:X1:X01SU250720:O:12,0,0,0,0,0,0,1,20250720,20251223
GNE:GOAX001:X1:X01SU250720:O:13,0,0,0,0,0,0,1,20250720,20251223
GNE:GOAX001:X1:X01SU250720:O:14,0,0,0,0,0,0,1,20250720,20251223
GNE:GOAX001:X1:X01SU250720:O:15,0,0,0,0,0,0,1,20250720,20251223
GNE:GOAX001:X1:X01SU250720:O:16,0,0,0,0,0,0,1,20250720,20251223
GNE:GOAX001:X1:X01SU250720:O:17,0,0,0,0,0,0,1,20250720,20251223
GNE:GOAX001:X1:X01SU250720:O:18,0,0,0,0,0,0,1,20250720,20251223
GNE:GOAX001:X1:X01SU250720:O:19,0,0,0,0,0,0,1,20250720,20251223
GNE:GOAX001:X1:X01SU250720:O:20,0,0,0,0,0,0,1,20250720,20251223
GNE:GOAX001:X1:X01SU250720:O:21,0,0,0,0,0,0,1,20250720,20251223
GNE:GOAX001:X1:X01SU250720:O:22,0,0,0,0,0,0,1,20250720,20251223
GNE:GOAX001:X1:X01SU250720:O:23,0,0,0,0,0,0,1,20250720,20251223
GNE:GOAX001:X1:X01SU250720:O:24,0,0,0,0,0,0,1,20250720,20251223
GNE:GOAX001:X1:X01SU250720:O:25,0,0,0,0,0,0,1,20250720,20251223
GNE:GOAX001:X1:X01SU250720:O:26,0,0,0,0,0,0,1,20250720,20251223
GNE:GOAX001:X1:X01SU250720:O:27,0,0,0,0,0,0,1,20250720,20251223
GNE:GOAX001:X1:X01SU250720:O:28,0,0,0,0,0,0,1,20250720,20251223
GNE:GOAX001:X1:X01SU250720:O:29,0,0,0,0,0,0,1,20250720,20251223
GNE:GOAX001:X1:X01SU250720:O:30,0,0,0,0,0,0,1,20250720,20251223
GNE:GOAX001:X1:X01SU250720:O:31,0,0,0,0,0,0,1,20250720,20251223
GNE:GOAX001:X1:X01SU250720:O:32,0,0,0,0,0,0,1,20250720,20251223
GNE:GOAX001:X1:X01SU250720:O:33,0,0,0,0,0,0,1,20250720,20251223
GNE:GOAX001:X1:X01SU250720:O:34,0,0,0,0,0,0,1,20250720,20251223
GNE:GOAX001:X1:X01SU250720:O:35,0,0,0,0,0,0,1,20250720,20251223
GNE:GOAX001:X1:X01SU250720:O:36,0,0,0,0,0,0,1,20250720,20251223
GNE:GOAX001:X1:X01SU250720:O:37,0,0,0,0,0,0,1,20250720,20251223
GNE:GOAX001:X1:X01SU250720:O:38,0,0,0,0,0,0,1,20250720,20251223
GNE:GOAX001:X1:X01SU250720:O:39,0,0,0,0,0,0,1,20250720,20251223
GNE:GOAX001:X1:X01SU250720:O:40,0,0,0,0,0,0,1,20250720,20251223
GNE:GOAX001:X1:X01SU250720:O:41,0,0,0,0,0,0,1,20250720,20251223
GNE:GOAX001:X1:X01SU250720:O:42,0,0,0,0,0,0,1,20250720,20251223
GNE:GOAX001:X1:X01SU250720:I:1,0,0,0,0,0,0,1,20250720,20251223
GNE:GOAX001:X1:X01SU250720:I:2,0,0,0,0,0,0,1,20250720,20251223
GNE:GOAX001:X1:X01SU250720:I:3,0,0,0,0,0,0,1,20250720,20251223
GNE:GOAX001:X1:X01SU250720:I:4,0,0,0,0,0,0,1,20250720,20251223
GNE:GOAX001:X1:X01SU250720:I:5,0,0,0,0,0,0,1,20250720,20251223
GNE:GOAX001:X1:X01SU250720:I:6,0,0,0,0,0,0,1,20250720,20251223
GNE:GOAX001:X1:X01SU250720:I:7,0,0,0,0,0,0,1,20250720,20251223
GNE:GOAX001:X1:X01SU250720:I:8,0,0,0,0,0,0,1,20250720,20251223
GNE:GOAX001:X1:X01SU250720:I:9,0,0,0,0,0,0,1,20250720,20251223
GNE:GOAX001:X1:X01SU250720:I:10,0,0,0,0,0,0,1,20250720,20251223
GNE:GOAX001:X1:X01SU250720:I:11,0,0,0,0,0,0,1,20250720,20251223
GNE:GOAX001:X1:X01SU250720:I:12,0,0,0,0,0,0,1,20250720,20251223
GNE:GOAX001:X1:X01SU250720:I:13,0,0,0,0,0,0,1,20250720,20251223
GNE:GOAX001:X1:X01SU250720:I:14,0,0,0,0,0,0,1,20250720,20251223
GNE:GOAX001:X1:X01SU250720:I:15,0,0,0,0,0,0,1,20250720,20251223
GNE:GOAX001:X1:X01SU250720:I:16,0,0,0,0,0,0,1,20250720,20251223
GNE:GOAX001:X1:X01SU250720:I:17,0,0,0,0,0,0,1,20250720,20251223
GNE:GOAX001:X1:X01SU250720:I:18,0,0,0,0,0,0,1,20250720,20251223
GNE:GOAX001:X1:X01SU250720:I:19,0,0,0,0,0,0,1,20250720,20251223
GNE:GOAX001:X1:X01SU250720:I:20,0,0,0,0,0,0,1,20250720,20251223
GNE:GOAX001:X1:X01SU250720:I:21,0,0,0,0,0,0,1,20250720,20251223
GNE:GOAX001:X1:X01SU250720:I:22,0,0,0,0,0,0,1,20250720,20251223
GNE:GOAX001:X1:X01SU250720:I:23,0,0,0,0,0,0,1,20250720,20251223
GNE:GOAX001:X1:X01SU250720:I:24,0,0,0,0,0,0,1,20250720,20251223
GNE:GOAX001:X1:X01SU250720:I:25,0,0,0,0,0,0,1,20250720,20251223
GNE:GOAX001:X1:X01SU250720:I:26,0,0,0,0,0,0,1,20250720,20251223
GNE:GOAX001:X1:X01SU250720:I:27,0,0,0,0,0,0,1,20250720,20251223
GNE:GOAX001:X1:X01SU250720:I:28,0,0,0,0,0,0,1,20250720,20251223
GNE:GOAX001:X1:X01SU250720:I:29,0,0,0,0,0,0,1,20250720,20251223
GNE:GOAX001:X1:X01SU250720:I:30,0,0,0,0,0,0,1,20250720,20251223
GNE:GOAX001:X1:X01SU250720:I:31,0,0,0,0,0,0,1,20250720,20251223
GNE:GOAX001:X1:X01SU250720:I:32,0,0,0,0,0,0,1,20250720,20251223
GNE:GOAX001:X1:X01SU250720:I:33,0,0,0,0,0,0,1,20250720,20251223
GNE:GOAX001:X1:X01SU250720:I:34,0,0,0,0,0,0,1,20250720,20251223
GNE:GOAX001:X1:X01SU250720:I:35,0,0,0,0,0,0,1,20250720,20251223
GNE:GOAX001:X1:X01SU250720:I:36,0,0,0,0,0,0,1,20250720,20251223
GNE:GOAX001:X1:X01SU250720:I:37,0,0,0,0,0,0,1,20250720,20251223
GNE:GOAX001:X1:X01SU250720:I:38,0,0,0,0,0,0,1,20250720,20251223
GNE:GOAX001A:X1A:X01MF250720:O:4,1,1,1,1,1,0,0,20250720,20251223
GNE:GOAX001A:X1A:X01MF250720:O:6,1,1,1,1,1,0,0,20250720,20251223
GNE:GOAX001A:X1A:X01MF250720:I:49,1,1,1,1,1,0,0,20250720,20251223
GNE:GOAX001A:X1A:X01MF250720:I:53,1,1,1,1,1,0,0,20250720,20251223
GNE:GOAX005:X5:X05MF250720:O:3,1,1,1,1,1,0,0,20250720,20251223
GNE:GOAX005:X5:X05MF250720:O:6,1,1,1,1,1,0,0,20250720,20251223
GNE:GOAX005:X5:X05MF250720:O:8,1,1,1,1,1,0,0,20250720,20251223
GNE:GOAX005:X5:X05MF250720:O:10,1,1,1,1,1,0,0,20250720,20251223
GNE:GOAX005:X5:X05MF250720:O:12,1,1,1,1,1,0,0,20250720,20251223
GNE:GOAX005:X5:X05MF250720:O:14,1,1,1,1,1,0,0,20250720,20251223
GNE:GOAX005:X5:X05MF250720:O:16,1,1,1,1,1,0,0,20250720,20251223
GNE:GOAX005:X5:X05MF250720:O:18,1,1,1,1,1,0,0,20250720,20251223
GNE:GOAX005:X5:X05MF250720:O:20,1,1,1,1,1,0,0,20250720,20251223
GNE:GOAX005:X5:X05MF250720:O:22,1,1,1,1,1,0,0,20250720,20251223
GNE:GOAX005:X5:X05MF250720:O:24,1,1,1,1,1,0,0,20250720,20251223
GNE:GOAX005:X5:X05MF250720:I:6,1,1,1,1,1,0,0,20250720,20251223
GNE:GOAX005:X5:X05MF250720:I:8,1,1,1,1,1,0,0,20250720,20251223
GNE:GOAX005:X5:X05MF250720:I:10,1,1,1,1,1,0,0,20250720,20251223
GNE:GOAX005:X5:X05MF250720:I:12,1,1,1,1,1,0,0,20250720,20251223
GNE:GOAX005:X5:X05MF250720:I:14,1,1,1,1,1,0,0,20250720,20251223
GNE:GOAX005:X5:X05MF250720:I:16,1,1,1,1,1,0,0,20250720,20251223
GNE:GOAX005:X5:X05MF250720:I:18,1,1,1,1,1,0,0,20250720,20251223
GNE:GOAX005:X5:X05MF250720:I:20,1,1,1,1,1,0,0,20250720,20251223
GNE:GOAX005:X5:X05MF250720:I:22,1,1,1,1,1,0,0,20250720,20251223
GNE:GOAX005:X5:X05MF250720:I:24,1,1,1,1,1,0,0,20250720,20251223
GNE:GOAX005:X5:X05SA250720:O:4,0,0,0,0,0,1,0,20250720,20251223
GNE:GOAX005:X5:X05SA250720:O:6,0,0,0,0,0,1,0,20250720,20251223
GNE:GOAX005:X5:X05SA250720:O:8,0,0,0,0,0,1,0,20250720,20251223
GNE:GOAX005:X5:X05SA250720:O:10,0,0,0,0,0,1,0,20250720,20251223
GNE:GOAX005:X5:X05SA250720:O:12,0,0,0,0,0,1,0,20250720,20251223
GNE:GOAX005:X5:X05SA250720:O:14,0,0,0,0,0,1,0,20250720,20251223
GNE:GOAX005:X5:X05SA250720:O:16,0,0,0,0,0,1,0,20250720,20251223
GNE:GOAX005:X5:X05SA250720:O:18,0,0,0,0,0,1,0,20250720,20251223
GNE:GOAX005:X5:X05SA250720:O:20,0,0,0,0,0,1,0,20250720,20251223
GNE:GOAX005:X5:X05SA250720:O:22,0,0,0,0,0,1,0,20250720,20251223
GNE:GOAX005:X5:X05SA250720:I:5,0,0,0,0,0,1,0,20250720,20251223
GNE:GOAX005:X5:X05SA250720:I:7,0,0,0,0,0,1,0,20250720,20251223
GNE:GOAX005:X5:X05SA250720:I:9,0,0,0,0,0,1,0,20250720,20251223
GNE:GOAX005:X5:X05SA250720:I:11,0,0,0,0,0,1,0,20250720,20251223
GNE:GOAX005:X5:X05SA250720:I:13,0,0,0,0,0,1,0,20250720,20251223
GNE:GOAX005:X5:X05SA250720:I:15,0,0,0,0,0,1,0,20250720,20251223
GNE:GOAX005:X5:X05SA250720:I:17,0,0,0,0,0,1,0,20250720,20251223
GNE:GOAX005:X5:X05SA250720:I:19,0,0,0,0,0,1,0,20250720,20251223
GNE:GOAX006:X6:X06MF250720:O:1,1,1,1,1,1,0,0,20250720,20251223
GNE:GOAX006:X6:X06MF250720:O:2,1,1,1,1,1,0,0,20250720,20251223
GNE:GOAX006:X6:X06MF250720:O:3,1,1,1,1,1,0,0,20250720,20251223
GNE:GOAX006:X6:X06MF250720:O:4,1,1,1,1,1,0,0,20250720,20251223
GNE:GOAX006:X6:X06MF250720:O:5,0,0,0,0,0,0,0,20250720,20251223
GNE:GOAX006:X6:X06MF250720:O:6,1,1,1,1,1,0,0,20250720,20251223
GNE:GOAX006:X6:X06MF250720:O:7,1,1,1,1,1,0,0,20250720,20251223
GNE:GOAX006:X6:X06MF250720:O:8,1,1,1,1,1,0,0,20250720,20251223
GNE:GOAX006:X6:X06MF250720:O:9,1,1,1,1,1,0,0,20250720,20251223
GNE:GOAX006:X6:X06MF250720:O:10,1,1,1,1,1,0,0,20250720,20251223
GNE:GOAX006:X6:X06MF250720:O:11,1,1,1,1,1,0,0,20250720,20251223
GNE:GOAX006:X6:X06MF250720:O:12,1,1,1,1,1,0,0,20250720,20251223
GNE:GOAX006:X6:X06MF250720:O:13,1,1,1,1,1,0,0,20250720,20251223
GNE:GOAX006:X6:X06MF250720:O:14,1,1,1,1,1,0,0,20250720,20251223
GNE:GOAX006:X6:X06MF250720:O:15,1,1,1,1,1,0,0,20250720,20251223
GNE:GOAX006:X6:X06MF250720:O:16,1,1,1,1,1,0,0,20250720,20251223
GNE:GOAX006:X6:X06MF250720:O:17,1,1,1,1,1,0,0,20250720,20251223
GNE:GOAX006:X6:X06MF250720:O:18,1,1,1,1,1,0,0,20250720,20251223
GNE:GOAX006:X6:X06MF250720:O:19,1,1,1,1,1,0,0,20250720,20251223
GNE:GOAX006:X6:X06MF250720:O:20,1,1,1,1,1,0,0,20250720,20251223
GNE:GOAX006:X6:X06MF250720:O:21,1,1,1,1,1,0,0,20250720,20251223
GNE:GOAX006:X6:X06MF250720:O:22,1,1,1,1,1,0,0,20250720,20251223
GNE:GOAX006:X6:X06MF250720:O:23,1,1,1,1,1,0,0,20250720,20251223
GNE:GOAX006:X6:X06MF250720:O:24,1,1,1,1,1,0,0,20250720,20251223
GNE:GOAX006:X6:X06MF250720:O:25,1,1,1,1,1,0,0,20250720,20251223
GNE:GOAX006:X6:X06MF250720:I:1,1,1,1,1,1,0,0,20250720,20251223
GNE:GOAX006:X6:X06MF250720:I:2,1,1,1,1,1,0,0,20250720,20251223
GNE:GOAX006:X6:X06MF250720:I:3,1,1,1,1,1,0,0,20250720,20251223
GNE:GOAX006:X6:X06MF250720:I:4,1,1,1,1,1,0,0,20250720,20251223
GNE:GOAX006:X6:X06MF250720:I:5,1,1,1,1,1,0,0,20250720,20251223
GNE:GOAX006:X6:X06MF250720:I:6,1,1,1,1,1,0,0,20250720,20251223
GNE:GOAX006:X6:X06MF250720:I:7,1,1,1,1,1,0,0,20250720,20251223
GNE:GOAX006:X6:X06MF250720:I:8,1,1,1,1,1,0,0,20250720,20251223
GNE:GOAX006:X6:X06MF250720:I:9,1,1,1,1,1,0,0,20250720,20251223
GNE:GOAX006:X6:X06MF250720:I:10,1,1,1,1,1,0,0,20250720,20251223
GNE:GOAX006:X6:X06MF250720:I:11,1,1,1,1,1,0,0,20250720,20251223
GNE:GOAX006:X6:X06MF250720:I:12,1,1,1,1,1,0,0,20250720,20251223
GNE:GOAX006:X6:X06MF250720:I:13,1,1,1,1,1,0,0,20250720,20251223
GNE:GOAX006:X6:X06MF250720:I:14,1,1,1,1,1,0,0,20250720,20251223
GNE:GOAX006:X6:X06MF250720:I:15,1,1,1,1,1,0,0,20250720,20251223
GNE:GOAX006:X6:X06MF250720:I:16,1,1,1,1,1,0,0,20250720,20251223
GNE:GOAX006:X6:X06MF250720:I:17,1,1,1,1,1,0,0,20250720,20251223
GNE:GOAX006:X6:X06MF250720:I:18,1,1,1,1,1,0,0,20250720,20251223
GNE:GOAX006:X6:X06MF250720:I:19,1,1,1,1,1,0,0,20250720,20251223
GNE:GOAX006:X6:X06MF250720:I:20,1,1,1,1,1,0,0,20250720,20251223
GNE:GOAX006:X6:X06MF250720:I:21,1,1,1,1,1,0,0,20250720,20251223
GNE:GOAX006:X6:X06MF250720:I:22,1,1,1,1,1,0,0,20250720,20251223
GNE:GOAX006:X6:X06MF250720:I:23,1,1,1,1,1,0,0,20250720,20251223
GNE:GOAX006:X6:X06MF250720:I:24,1,1,1,1,1,0,0,20250720,20251223
GNE:GOAX006:X6:X06MF250720:I:25,1,1,1,1,1,0,0,20250720,20251223
GNE:GOAX006:X6:X06MF250720:I:26,1,1,1,1,1,0,0,20250720,20251223
GNE:GOAX006:X6:X06SA250720:O:1,0,0,0,0,0,1,0,20250720,20251223
GNE:GOAX006:X6:X06SA250720:O:2,0,0,0,0,0,1,0,20250720,20251223
GNE:GOAX006:X6:X06SA250720:O:3,0,0,0,0,0,1,0,20250720,20251223
GNE:GOAX006:X6:X06SA250720:O:4,0,0,0,0,0,1,0,20250720,20251223
GNE:GOAX006:X6:X06SA250720:O:5,0,0,0,0,0,1,0,20250720,20251223
GNE:GOAX006:X6:X06SA250720:O:6,0,0,0,0,0,1,0,20250720,20251223
GNE:GOAX006:X6:X06SA250720:O:7,0,0,0,0,0,1,0,20250720,20251223
GNE:GOAX006:X6:X06SA250720:O:8,0,0,0,0,0,1,0,20250720,20251223
GNE:GOAX006:X6:X06SA250720:O:9,0,0,0,0,0,1,0,20250720,20251223
GNE:GOAX006:X6:X06SA250720:O:10,0,0,0,0,0,1,0,20250720,20251223
GNE:GOAX006:X6:X06SA250720:O:11,0,0,0,0,0,1,0,20250720,20251223
GNE:GOAX006:X6:X06SA250720:O:12,0,0,0,0,0,1,0,20250720,20251223
GNE:GOAX006:X6:X06SA250720:O:13,0,0,0,0,0,1,0,20250720,20251223
GNE:GOAX006:X6:X06SA250720:O:14,0,0,0,0,0,1,0,20250720,20251223
GNE:GOAX006:X6:X06SA250720:O:15,0,0,0,0,0,1,0,20250720,20251223
GNE:GOAX006:X6:X06SA250720:O:16,0,0,0,0,0,1,0,20250720,20251223
GNE:GOAX006:X6:X06SA250720:O:17,0,0,0,0,0,1,0,20250720,20251223
GNE:GOAX006:X6:X06SA250720:O:18,0,0,0,0,0,1,0,20250720,20251223
GNE:GOAX006:X6:X06SA250720:O:19,0,0,0,0,0,1,0,20250720,20251223
GNE:GOAX006:X6:X06SA250720:O:20,0,0,0,0,0,1,0,20250720,20251223
GNE:GOAX006:X6:X06SA250720:O:21,0,0,0,0,0,1,0,20250720,20251223
GNE:GOAX006:X6:X06SA250720:O:22,0,0,0,0,0,1,0,20250720,20251223
GNE:GOAX006:X6:X06SA250720:O:23,0,0,0,0,0,1,0,20250720,20251223
GNE:GOAX006:X6:X06SA250720:I:1,0,0,0,0,0,1,0,20250720,20251223
GNE:GOAX006:X6:X06SA250720:I:2,0,0,0,0,0,1,0,20250720,20251223
GNE:GOAX006:X6:X06SA250720:I:3,0,0,0,0,0,1,0,20250720,20251223
GNE:GOAX006:X6:X06SA250720:I:4,0,0,0,0,0,1,0,20250720,20251223
GNE:GOAX006:X6:X06SA250720:I:5,0,0,0,0,0,1,0,20250720,20251223
GNE:GOAX006:X6:X06SA250720:I:6,0,0,0,0,0,1,0,20250720,20251223
GNE:GOAX006:X6:X06SA250720:I:7,0,0,0,0,0,1,0,20250720,20251223
GNE:GOAX006:X6:X06SA250720:I:8,0,0,0,0,0,1,0,20250720,20251223
GNE:GOAX006:X6:X06SA250720:I:9,0,0,0,0,0,1,0,20250720,20251223
GNE:GOAX006:X6:X06SA250720:I:10,0,0,0,0,0,1,0,20250720,20251223
GNE:GOAX006:X6:X06SA250720:I:11,0,0,0,0,0,1,0,20250720,20251223
GNE:GOAX006:X6:X06SA250720:I:12,0,0,0,0,0,1,0,20250720,20251223
GNE:GOAX006:X6:X06SA250720:I:13,0,0,0,0,0,1,0,20250720,20251223
GNE:GOAX006:X6:X06SA250720:I:14,0,0,0,0,0,1,0,20250720,20251223
GNE:GOAX006:X6:X06SA250720:I:15,0,0,0,0,0,1,0,20250720,20251223
GNE:GOAX006:X6:X06SA250720:I:16,0,0,0,0,0,1,0,20250720,20251223
GNE:GOAX006:X6:X06SA250720:I:17,0,0,0,0,0,1,0,20250720,20251223
GNE:GOAX006:X6:X06SA250720:I:18,0,0,0,0,0,1,0,20250720,20251223
GNE:GOAX006:X6:X06SA250720:I:19,0,0,0,0,0,1,0,20250720,20251223
GNE:GOAX006:X6:X06SA250720:I:20,0,0,0,0,0,1,0,20250720,20251223
GNE:GOAX006:X6:X06SA250720:I:21,0,0,0,0,0,1,0,20250720,20251223
GNE:GOAX006:X6:X06SA250720:I:22,0,0,0,0,0,1,0,20250720,20251223
GNE:GOAX006:X6:X06SA250720:I:23,0,0,0,0,0,1,0,20250720,20251223
GNE:GOAX006:X6:X06SA250720:I:24,0,0,0,0,0,1,0,20250720,20251223
GNE:GOAX010:X10:X10MF250720:O:1,1,1,1,1,1,0,0,20250720,20251223
GNE:GOAX010:X10:X10MF250720:O:2,1,1,1,1,1,0,0,20250720,20251223
GNE:GOAX010:X10:X10MF250720:O:3,1,1,1,1,1,0,0,20250720,20251223
GNE:GOAX010:X10:X10MF250720:O:4,1,1,1,1,1,0,0,20250720,20251223
GNE:GOAX010:X10:X10MF250720:O:5,1,1,1,1,1,0,0,20250720,20251223
GNE:GOAX010:X10:X10MF250720:O:6,1,1,1,1,1,0,0,20250720,20251223
GNE:GOAX010:X10:X10MF250720:O:7,1,1,1,1,1,0,0,20250720,20251223
GNE:GOAX010:X10:X10MF250720:O:8,1,1,1,1,1,0,0,20250720,20251223
GNE:GOAX010:X10:X10MF250720:O:9,1,1,1,1,1,0,0,20250720,20251223
GNE:GOAX010:X10:X10MF250720:O:10,1,1,1,1,1,0,0,20250720,20251223
GNE:GOAX010:X10:X10MF250720:O:11,1,1,1,1,1,0,0,20250720,20251223
GNE:GOAX010:X10:X10MF250720:O:12,1,1,1,1,1,0,0,20250720,20251223
GNE:GOAX010:X10:X10MF250720:O:13,1,1,1,1,1,0,0,20250720,20251223
GNE:GOAX010:X10:X10MF250720:O:14,1,1,1,1,1,0,0,20250720,20251223
GNE:GOAX010:X10:X10MF250720:O:15,1,1,1,1,1,0,0,20250720,20251223
GNE:GOAX010:X10:X10MF250720:O:16,1,1,1,1,1,0,0,20250720,20251223
GNE:GOAX010:X10:X10MF250720:O:17,1,1,1,1,1,0,0,20250720,20251223
GNE:GOAX010:X10:X10MF250720:I:1,1,1,1,1,1,0,0,20250720,20251223
GNE:GOAX010:X10:X10MF250720:I:2,1,1,1,1,1,0,0,20250720,20251223
GNE:GOAX010:X10:X10MF250720:I:3,1,1,1,1,1,0,0,20250720,20251223
GNE:GOAX010:X10:X10MF250720:I:4,1,1,1,1,1,0,0,20250720,20251223
GNE:GOAX010:X10:X10MF250720:I:5,1,1,1,1,1,0,0,20250720,20251223
GNE:GOAX010:X10:X10MF250720:I:6,1,1,1,1,1,0,0,20250720,20251223
GNE:GOAX010:X10:X10MF250720:I:7,1,1,1,1,1,0,0,20250720,20251223
GNE:GOAX010:X10:X10MF250720:I:8,1,1,1,1,1,0,0,20250720,20251223
GNE:GOAX010:X10:X10MF250720:I:9,1,1,1,1,1,0,0,20250720,20251223
GNE:GOAX010:X10:X10MF250720:I:10,1,1,1,1,1,0,0,20250720,20251223
GNE:GOAX010:X10:X10MF250720:I:11,1,1,1,1,1,0,0,20250720,20251223
GNE:GOAX010:X10:X10MF250720:I:12,1,1,1,1,1,0,0,20250720,20251223
GNE:GOAX010:X10:X10MF250720:I:13,1,1,1,1,1,0,0,20250720,20251223
GNE:GOAX010:X10:X10MF250720:I:14,1,1,1,1,1,0,0,20250720,20251223
GNE:GOAX010:X10:X10MF250720:I:15,1,1,1,1,1,0,0,20250720,20251223
GNE:GOAX010:X10:X10MF250720:I:16,1,1,1,1,1,0,0,20250720,20251223
GNE:GOAX010:X10:X10MF250720:I:17,1,1,1,1,1,0,0,20250720,20251223
GNE:GOAX010:X10:X10SA250720:O:1,0,0,0,0,0,1,0,20250720,20251223
GNE:GOAX010:X10:X10SA250720:O:2,0,0,0,0,0,1,0,20250720,20251223
GNE:GOAX010:X10:X10SA250720:O:3,0,0,0,0,0,1,0,20250720,20251223
GNE:GOAX010:X10:X10SA250720:O:4,0,0,0,0,0,1,0,20250720,20251223
GNE:GOAX010:X10:X10SA250720:O:5,0,0,0,0,0,1,0,20250720,20251223
GNE:GOAX010:X10:X10SA250720:O:6,0,0,0,0,0,1,0,20250720,20251223
GNE:GOAX010:X10:X10SA250720:O:7,0,0,0,0,0,1,0,20250720,20251223
GNE:GOAX010:X10:X10SA250720:O:8,0,0,0,0,0,1,0,20250720,20251223
GNE:GOAX010:X10:X10SA250720:O:9,0,0,0,0,0,1,0,20250720,20251223
GNE:GOAX010:X10:X10SA250720:O:10,0,0,0,0,0,1,0,20250720,20251223
GNE:GOAX010:X10:X10SA250720:O:11,0,0,0,0,0,1,0,20250720,20251223
GNE:GOAX010:X10:X10SA250720:O:12,0,0,0,0,0,1,0,20250720,20251223
GNE:GOAX010:X10:X10SA250720:O:13,0,0,0,0,0,1,0,20250720,20251223
GNE:GOAX010:X10:X10SA250720:O:14,0,0,0,0,0,1,0,20250720,20251223
GNE:GOAX010:X10:X10SA250720:O:15,0,0,0,0,0,1,0,20250720,20251223
GNE:GOAX010:X10:X10SA250720:O:16,0,0,0,0,0,1,0,20250720,20251223
GNE:GOAX010:X10:X10SA250720:I:1,0,0,0,0,0,1,0,20250720,20251223
GNE:GOAX010:X10:X10SA250720:I:2,0,0,0,0,0,1,0,20250720,20251223
GNE:GOAX010:X10:X10SA250720:I:3,0,0,0,0,0,1,0,20250720,20251223
GNE:GOAX010:X10:X10SA250720:I:4,0,0,0,0,0,1,0,20250720,20251223
GNE:GOAX010:X10:X10SA250720:I:5,0,0,0,0,0,1,0,20250720,20251223
GNE:GOAX010:X10:X10SA250720:I:6,0,0,0,0,0,1,0,20250720,20251223
GNE:GOAX010:X10:X10SA250720:I:7,0,0,0,0,0,1,0,20250720,20251223
GNE:GOAX010:X10:X10SA250720:I:8,0,0,0,0,0,1,0,20250720,20251223
GNE:GOAX010:X10:X10SA250720:I:9,0,0,0,0,0,1,0,20250720,20251223
GNE:GOAX010:X10:X10SA250720:I:10,0,0,0,0,0,1,0,20250720,20251223
GNE:GOAX010:X10:X10SA250720:I:11,0,0,0,0,0,1,0,20250720,20251223
GNE:GOAX010:X10:X10SA250720:I:12,0,0,0,0,0,1,0,20250720,20251223
GNE:GOAX010:X10:X10SA250720:I:13,0,0,0,0,0,1,0,20250720,20251223
GNE:GOAX010:X10:X10SA250720:I:14,0,0,0,0,0,1,0,20250720,20251223
GNE:GOAX010:X10:X10SA250720:I:15,0,0,0,0,0,1,0,20250720,20251223
GNE:GOAX010:X10:X10SA250720:I:16,0,0,0,0,0,1,0,20250720,20251223
GNE:GOAX010:X10:X10SU250720:O:1,0,0,0,0,0,0,1,20250720,20251223
GNE:GOAX010:X10:X10SU250720:O:2,0,0,0,0,0,0,1,20250720,20251223
GNE:GOAX010:X10:X10SU250720:O:3,0,0,0,0,0,0,1,20250720,20251223
GNE:GOAX010:X10:X10SU250720:O:4,0,0,0,0,0,0,1,20250720,20251223
GNE:GOAX010:X10:X10SU250720:O:5,0,0,0,0,0,0,1,20250720,20251223
GNE:GOAX010:X10:X10SU250720:O:6,0,0,0,0,0,0,1,20250720,20251223
GNE:GOAX010:X10:X10SU250720:O:7,0,0,0,0,0,0,1,20250720,20251223
GNE:GOAX010:X10:X10SU250720:O:8,0,0,0,0,0,0,1,20250720,20251223
GNE:GOAX010:X10:X10SU250720:O:9,0,0,0,0,0,0,1,20250720,20251223
GNE:GOAX010:X10:X10SU250720:O:10,0,0,0,0,0,0,1,20250720,20251223
GNE:GOAX010:X10:X10SU250720:O:11,0,0,0,0,0,0,1,20250720,20251223
GNE:GOAX010:X10:X10SU250720:O:12,0,0,0,0,0,0,1,20250720,20251223
GNE:GOAX010:X10:X10SU250720:I:1,0,0,0,0,0,0,1,20250720,20251223
GNE:GOAX010:X10:X10SU250720:I:2,0,0,0,0,0,0,1,20250720,20251223
GNE:GOAX010:X10:X10SU250720:I:3,0,0,0,0,0,0,1,20250720,20251223
GNE:GOAX010:X10:X10SU250720:I:4,0,0,0,0,0,0,1,20250720,20251223
GNE:GOAX010:X10:X10SU250720:I:5,0,0,0,0,0,0,1,20250720,20251223
GNE:GOAX010:X10:X10SU250720:I:6,0,0,0,0,0,0,1,20250720,20251223
GNE:GOAX010:X10:X10SU250720:I:7,0,0,0,0,0,0,1,20250720,20251223
GNE:GOAX010:X10:X10SU250720:I:8,0,0,0,0,0,0,1,20250720,20251223
GNE:GOAX010:X10:X10SU250720:I:9,0,0,0,0,0,0,1,20250720,20251223
GNE:GOAX010:X10:X10SU250720:I:10,0,0,0,0,0,0,1,20250720,20251223
GNE:GOAX010:X10:X10SU250720:I:11,0,0,0,0,0,0,1,20250720,20251223
GNE:GOAX010:X10:X10SU250720:I:12,0,0,0,0,0,0,1,20250720,20251223
GNE:GOAX015:X15:X05MF250720:O:1,1,1,1,1,1,0,0,20250720,20251223
GNE:GOAX015:X15:X05MF250720:O:2,1,1,1,1,1,0,0,20250720,20251223
GNE:GOAX015:X15:X05MF250720:O:4,0,0,0,0,0,0,0,20250720,20251223
GNE:GOAX015:X15:X05MF250720:O:5,1,1,1,1,1,0,0,20250720,20251223
GNE:GOAX015:X15:X05MF250720:O:7,1,1,1,1,1,0,0,20250720,20251223
GNE:GOAX015:X15:X05MF250720:O:9,1,1,1,1,1,0,0,20250720,20251223
GNE:GOAX015:X15:X05MF250720:O:11,1,1,1,1,1,0,0,20250720,20251223
GNE:GOAX015:X15:X05MF250720:O:13,1,1,1,1,1,0,0,20250720,20251223
GNE:GOAX015:X15:X05MF250720:O:15,1,1,1,1,1,0,0,20250720,20251223
GNE:GOAX015:X15:X05MF250720:O:17,1,1,1,1,1,0,0,20250720,20251223
GNE:GOAX015:X15:X05MF250720:O:19,1,1,1,1,1,0,0,20250720,20251223
GNE:GOAX015:X15:X05MF250720:O:21,1,1,1,1,1,0,0,20250720,20251223
GNE:GOAX015:X15:X05MF250720:O:23,1,1,1,1,1,0,0,20250720,20251223
GNE:GOAX015:X15:X05MF250720:O:25,1,1,1,1,1,0,0,20250720,20251223
GNE:GOAX015:X15:X05MF250720:O:26,1,1,1,1,1,0,0,20250720,20251223
GNE:GOAX015:X15:X05MF250720:O:27,1,1,1,1,1,0,0,20250720,20251223
GNE:GOAX015:X15:X05MF250720:O:28,1,1,1,1,1,0,0,20250720,20251223
GNE:GOAX015:X15:X05MF250720:O:29,1,1,1,1,1,0,0,20250720,20251223
GNE:GOAX015:X15:X05MF250720:O:30,1,1,1,1,1,0,0,20250720,20251223
GNE:GOAX015:X15:X05MF250720:I:1,1,1,1,1,1,0,0,20250720,20251223
GNE:GOAX015:X15:X05MF250720:I:2,1,1,1,1,1,0,0,20250720,20251223
GNE:GOAX015:X15:X05MF250720:I:3,1,1,1,1,1,0,0,20250720,20251223
GNE:GOAX015:X15:X05MF250720:I:4,1,1,1,1,1,0,0,20250720,20251223
GNE:GOAX015:X15:X05MF250720:I:5,1,1,1,1,1,0,0,20250720,20251223
GNE:GOAX015:X15:X05MF250720:I:7,1,1,1,1,1,0,0,20250720,20251223
GNE:GOAX015:X15:X05MF250720:I:9,1,1,1,1,1,0,0,20250720,20251223
GNE:GOAX015:X15:X05MF250720:I:11,1,1,1,1,1,0,0,20250720,20251223
GNE:GOAX015:X15:X05MF250720:I:13,1,1,1,1,1,0,0,20250720,20251223
GNE:GOAX015:X15:X05MF250720:I:15,1,1,1,1,1,0,0,20250720,20251223
GNE:GOAX015:X15:X05MF250720:I:17,1,1,1,1,1,0,0,20250720,20251223
GNE:GOAX015:X15:X05MF250720:I:19,1,1,1,1,1,0,0,20250720,20251223
GNE:GOAX015:X15:X05MF250720:I:21,1,1,1,1,1,0,0,20250720,20251223
GNE:GOAX015:X15:X05MF250720:I:23,1,1,1,1,1,0,0,20250720,20251223
GNE:GOAX015:X15:X05MF250720:I:25,1,1,1,1,1,0,0,20250720,20251223
GNE:GOAX015:X15:X05MF250720:I:26,1,1,1,1,1,0,0,20250720,20251223
GNE:GOAX015:X15:X05MF250720:I:27,1,1,1,1,1,0,0,20250720,20251223
GNE:GOAX015:X15:X05MF250720:I:28,1,1,1,1,1,0,0,20250720,20251223
GNE:GOAX015:X15:X05MF250720:I:29,1,1,1,1,1,0,0,20250720,20251223
GNE:GOAX015:X15:X05MF250720:I:30,1,1,1,1,1,0,0,20250720,20251223
GNE:GOAX015:X15:X05SA250720:O:1,0,0,0,0,0,1,0,20250720,20251223
GNE:GOAX015:X15:X05SA250720:O:2,0,0,0,0,0,1,0,20250720,20251223
GNE:GOAX015:X15:X05SA250720:O:3,0,0,0,0,0,1,0,20250720,20251223
GNE:GOAX015:X15:X05SA250720:O:5,0,0,0,0,0,1,0,20250720,20251223
GNE:GOAX015:X15:X05SA250720:O:7,0,0,0,0,0,1,0,20250720,20251223
GNE:GOAX015:X15:X05SA250720:O:9,0,0,0,0,0,1,0,20250720,20251223
GNE:GOAX015:X15:X05SA250720:O:11,0,0,0,0,0,1,0,20250720,20251223
GNE:GOAX015:X15:X05SA250720:O:13,0,0,0,0,0,1,0,20250720,20251223
GNE:GOAX015:X15:X05SA250720:O:15,0,0,0,0,0,1,0,20250720,20251223
GNE:GOAX015:X15:X05SA250720:O:17,0,0,0,0,0,1,0,20250720,20251223
GNE:GOAX015:X15:X05SA250720:O:19,0,0,0,0,0,1,0,20250720,20251223
GNE:GOAX015:X15:X05SA250720:O:21,0,0,0,0,0,1,0,20250720,20251223
GNE:GOAX015:X15:X05SA250720:O:23,0,0,0,0,0,1,0,20250720,20251223
GNE:GOAX015:X15:X05SA250720:O:24,0,0,0,0,0,1,0,20250720,20251223
GNE:GOAX015:X15:X05SA250720:O:25,0,0,0,0,0,1,0,20250720,20251223
GNE:GOAX015:X15:X05SA250720:O:26,0,0,0,0,0,1,0,20250720,20251223
GNE:GOAX015:X15:X05SA250720:O:27,0,0,0,0,0,1,0,20250720,20251223
GNE:GOAX015:X15:X05SA250720:O:28,0,0,0,0,0,1,0,20250720,20251223
GNE:GOAX015:X15:X05SA250720:I:1,0,0,0,0,0,1,0,20250720,20251223
GNE:GOAX015:X15:X05SA250720:I:2,0,0,0,0,0,1,0,20250720,20251223
GNE:GOAX015:X15:X05SA250720:I:3,0,0,0,0,0,1,0,20250720,20251223
GNE:GOAX015:X15:X05SA250720:I:4,0,0,0,0,0,1,0,20250720,20251223
GNE:GOAX015:X15:X05SA250720:I:6,0,0,0,0,0,1,0,20250720,20251223
GNE:GOAX015:X15:X05SA250720:I:8,0,0,0,0,0,1,0,20250720,20251223
GNE:GOAX015:X15:X05SA250720:I:10,0,0,0,0,0,1,0,20250720,20251223
GNE:GOAX015:X15:X05SA250720:I:12,0,0,0,0,0,1,0,20250720,20251223
GNE:GOAX015:X15:X05SA250720:I:14,0,0,0,0,0,1,0,20250720,20251223
GNE:GOAX015:X15:X05SA250720:I:16,0,0,0,0,0,1,0,20250720,20251223
GNE:GOAX015:X15:X05SA250720:I:18,0,0,0,0,0,1,0,20250720,20251223
GNE:GOAX015:X15:X05SA250720:I:20,0,0,0,0,0,1,0,20250720,20251223
GNE:GOAX015:X15:X05SA250720:I:21,0,0,0,0,0,1,0,20250720,20251223
GNE:GOAX015:X15:X05SA250720:I:22,0,0,0,0,0,1,0,20250720,20251223
GNE:GOAX015:X15:X05SA250720:I:23,0,0,0,0,0,1,0,20250720,20251223
GNE:GOAX015:X15:X05SA250720:I:24,0,0,0,0,0,1,0,20250720,20251223
GNE:GOAX015:X15:X05SA250720:I:25,0,0,0,0,0,1,0,20250720,20251223
GNE:GOAX015:X15:X05SA250720:I:26,0,0,0,0,0,1,0,20250720,20251223
GNE:GOAX015:X15:X05SU250720:O:1,0,0,0,0,0,0,1,20250720,20251223
GNE:GOAX015:X15:X05SU250720:O:2,0,0,0,0,0,0,1,20250720,20251223
GNE:GOAX015:X15:X05SU250720:O:3,0,0,0,0,0,0,1,20250720,20251223
GNE:GOAX015:X15:X05SU250720:O:4,0,0,0,0,0,0,1,20250720,20251223
GNE:GOAX015:X15:X05SU250720:O:5,0,0,0,0,0,0,1,20250720,20251223
GNE:GOAX015:X15:X05SU250720:O:6,0,0,0,0,0,0,1,20250720,20251223
GNE:GOAX015:X15:X05SU250720:O:7,0,0,0,0,0,0,1,20250720,20251223
GNE:GOAX015:X15:X05SU250720:O:8,0,0,0,0,0,0,1,20250720,20251223
GNE:GOAX015:X15:X05SU250720:O:9,0,0,0,0,0,0,1,20250720,20251223
GNE:GOAX015:X15:X05SU250720:O:10,0,0,0,0,0,0,1,20250720,20251223
GNE:GOAX015:X15:X05SU250720:O:11,0,0,0,0,0,0,1,20250720,20251223
GNE:GOAX015:X15:X05SU250720:O:12,0,0,0,0,0,0,1,20250720,20251223
GNE:GOAX015:X15:X05SU250720:O:13,0,0,0,0,0,0,1,20250720,20251223
GNE:GOAX015:X15:X05SU250720:O:14,0,0,0,0,0,0,1,20250720,20251223
GNE:GOAX015:X15:X05SU250720:I:1,0,0,0,0,0,0,1,20250720,20251223
GNE:GOAX015:X15:X05SU250720:I:2,0,0,0,0,0,0,1,20250720,20251223
GNE:GOAX015:X15:X05SU250720:I:3,0,0,0,0,0,0,1,20250720,20251223
GNE:GOAX015:X15:X05SU250720:I:4,0,0,0,0,0,0,1,20250720,20251223
GNE:GOAX015:X15:X05SU250720:I:5,0,0,0,0,0,0,1,20250720,20251223
GNE:GOAX015:X15:X05SU250720:I:6,0,0,0,0,0,0,1,20250720,20251223
GNE:GOAX015:X15:X05SU250720:I:7,0,0,0,0,0,0,1,20250720,20251223
GNE:GOAX015:X15:X05SU250720:I:8,0,0,0,0,0,0,1,20250720,20251223
GNE:GOAX015:X15:X05SU250720:I:9,0,0,0,0,0,0,1,20250720,20251223
GNE:GOAX015:X15:X05SU250720:I:10,0,0,0,0,0,0,1,20250720,20251223
GNE:GOAX015:X15:X05SU250720:I:11,0,0,0,0,0,0,1,20250720,20251223
GNE:GOAX015:X15:X05SU250720:I:12,0,0,0,0,0,0,1,20250720,20251223
GNE:GOAX015:X15:X05SU250720:I:13,0,0,0,0,0,0,1,20250720,20251223
GNE:GOAX020:X20:X20MF250720:O:1,1,1,1,1,1,0,0,20250720,20251223
GNE:GOAX020:X20:X20MF250720:O:2,1,1,1,1,1,0,0,20250720,20251223
GNE:GOAX020:X20:X20MF250720:O:3,1,1,1,1,1,0,0,20250720,20251223
GNE:GOAX020:X20:X20MF250720:O:4,1,1,1,1,1,0,0,20250720,20251223
GNE:GOAX020:X20:X20MF250720:O:5,1,1,1,1,1,0,0,20250720,20251223
GNE:GOAX020:X20:X20MF250720:O:6,1,1,1,1,1,0,0,20250720,20251223
GNE:GOAX020:X20:X20MF250720:O:7,1,1,1,1,1,0,0,20250720,20251223
GNE:GOAX020:X20:X20MF250720:O:8,1,1,1,1,1,0,0,20250720,20251223
GNE:GOAX020:X20:X20MF250720:O:9,1,1,1,1,1,0,0,20250720,20251223
GNE:GOAX020:X20:X20MF250720:O:10,1,1,1,1,1,0,0,20250720,20251223
GNE:GOAX020:X20:X20MF250720:O:11,1,1,1,1,1,0,0,20250720,20251223
GNE:GOAX020:X20:X20MF250720:O:12,1,1,1,1,1,0,0,20250720,20251223
GNE:GOAX020:X20:X20MF250720:O:13,1,1,1,1,1,0,0,20250720,20251223
GNE:GOAX020:X20:X20MF250720:O:14,1,1,1,1,1,0,0,20250720,20251223
GNE:GOAX020:X20:X20MF250720:O:15,1,1,1,1,1,0,0,20250720,20251223
GNE:GOAX020:X20:X20MF250720:O:16,1,1,1,1,1,0,0,20250720,20251223
GNE:GOAX020:X20:X20MF250720:O:17,1,1,1,1,1,0,0,20250720,20251223
GNE:GOAX020:X20:X20MF250720:O:18,1,1,1,1,1,0,0,20250720,20251223
GNE:GOAX020:X20:X20MF250720:O:19,1,1,1,1,1,0,0,20250720,20251223
GNE:GOAX020:X20:X20MF250720:O:20,1,1,1,1,1,0,0,20250720,20251223
GNE:GOAX020:X20:X20MF250720:O:21,1,1,1,1,1,0,0,20250720,20251223
GNE:GOAX020:X20:X20MF250720:O:22,1,1,1,1,1,0,0,20250720,20251223
GNE:GOAX020:X20:X20MF250720:O:23,1,1,1,1,1,0,0,20250720,20251223
GNE:GOAX020:X20:X20MF250720:O:24,1,1,1,1,1,0,0,20250720,20251223
GNE:GOAX020:X20:X20MF250720:O:25,1,1,1,1,1,0,0,20250720,20251223
GNE:GOAX020:X20:X20MF250720:O:26,1,1,1,1,1,0,0,20250720,20251223
GNE:GOAX020:X20:X20MF250720:O:27,1,1,1,1,1,0,0,20250720,20251223
GNE:GOAX020:X20:X20MF250720:I:1,1,1,1,1,1,0,0,20250720,20251223
GNE:GOAX020:X20:X20MF250720:I:2,1,1,1,1,1,0,0,20250720,20251223
GNE:GOAX020:X20:X20MF250720:I:3,1,1,1,1,1,0,0,20250720,20251223
GNE:GOAX020:X20:X20MF250720:I:4,1,1,1,1,1,0,0,20250720,20251223
GNE:GOAX020:X20:X20MF250720:I:5,1,1,1,1,1,0,0,20250720,20251223
GNE:GOAX020:X20:X20MF250720:I:6,1,1,1,1,1,0,0,20250720,20251223
GNE:GOAX020:X20:X20MF250720:I:7,1,1,1,1,1,0,0,20250720,20251223
GNE:GOAX020:X20:X20MF250720:I:8,1,1,1,1,1,0,0,20250720,20251223
GNE:GOAX020:X20:X20MF250720:I:9,1,1,1,1,1,0,0,20250720,20251223
GNE:GOAX020:X20:X20MF250720:I:10,1,1,1,1,1,0,0,20250720,20251223
GNE:GOAX020:X20:X20MF250720:I:11,1,1,1,1,1,0,0,20250720,20251223
GNE:GOAX020:X20:X20MF250720:I:12,1,1,1,1,1,0,0,20250720,20251223
GNE:GOAX020:X20:X20MF250720:I:13,1,1,1,1,1,0,0,20250720,20251223
GNE:GOAX020:X20:X20MF250720:I:14,1,1,1,1,1,0,0,20250720,20251223
GNE:GOAX020:X20:X20MF250720:I:15,1,1,1,1,1,0,0,20250720,20251223
GNE:GOAX020:X20:X20MF250720:I:16,1,1,1,1,1,0,0,20250720,20251223
GNE:GOAX020:X20:X20MF250720:I:17,1,1,1,1,1,0,0,20250720,20251223
GNE:GOAX020:X20:X20MF250720:I:18,1,1,1,1,1,0,0,20250720,20251223
GNE:GOAX020:X20:X20MF250720:I:19,1,1,1,1,1,0,0,20250720,20251223
GNE:GOAX020:X20:X20MF250720:I:20,1,1,1,1,1,0,0,20250720,20251223
GNE:GOAX020:X20:X20MF250720:I:21,1,1,1,1,1,0,0,20250720,20251223
GNE:GOAX020:X20:X20MF250720:I:22,1,1,1,1,1,0,0,20250720,20251223
GNE:GOAX020:X20:X20MF250720:I:23,1,1,1,1,1,0,0,20250720,20251223
GNE:GOAX020:X20:X20MF250720:I:24,1,1,1,1,1,0,0,20250720,20251223
GNE:GOAX020:X20:X20MF250720:I:25,1,1,1,1,1,0,0,20250720,20251223
GNE:GOAX020:X20:X20MF250720:I:26,1,1,1,1,1,0,0,20250720,20251223
GNE:GOAX020:X20:X20MF250720:I:27,1,1,1,1,1,0,0,20250720,20251223
GNE:GOAX020:X20:X20MF250720:I:28,1,1,1,1,1,0,0,20250720,20251223
GNE:GOAX020:X20:X20SA250720:O:1,0,0,0,0,0,1,0,20250720,20251223
GNE:GOAX020:X20:X20SA250720:O:2,0,0,0,0,0,1,0,20250720,20251223
GNE:GOAX020:X20:X20SA250720:O:3,0,0,0,0,0,1,0,20250720,20251223
GNE:GOAX020:X20:X20SA250720:O:4,0,0,0,0,0,1,0,20250720,20251223
GNE:GOAX020:X20:X20SA250720:O:5,0,0,0,0,0,1,0,20250720,20251223
GNE:GOAX020:X20:X20SA250720:O:6,0,0,0,0,0,1,0,20250720,20251223
GNE:GOAX020:X20:X20SA250720:O:7,0,0,0,0,0,1,0,20250720,20251223
GNE:GOAX020:X20:X20SA250720:O:8,0,0,0,0,0,1,0,20250720,20251223
GNE:GOAX020:X20:X20SA250720:O:9,0,0,0,0,0,1,0,20250720,20251223
GNE:GOAX020:X20:X20SA250720:O:10,0,0,0,0,0,1,0,20250720,20251223
GNE:GOAX020:X20:X20SA250720:O:11,0,0,0,0,0,1,0,20250720,20251223
GNE:GOAX020:X20:X20SA250720:O:12,0,0,0,0,0,1,0,20250720,20251223
GNE:GOAX020:X20:X20SA250720:O:13,0,0,0,0,0,1,0,20250720,20251223
GNE:GOAX020:X20:X20SA250720:O:14,0,0,0,0,0,1,0,20250720,20251223
GNE:GOAX020:X20:X20SA250720:O:15,0,0,0,0,0,1,0,20250720,20251223
GNE:GOAX020:X20:X20SA250720:O:16,0,0,0,0,0,1,0,20250720,20251223
GNE:GOAX020:X20:X20SA250720:O:17,0,0,0,0,0,1,0,20250720,20251223
GNE:GOAX020:X20:X20SA250720:O:18,0,0,0,0,0,1,0,20250720,20251223
GNE:GOAX020:X20:X20SA250720:O:19,0,0,0,0,0,1,0,20250720,20251223
GNE:GOAX020:X20:X20SA250720:O:20,0,0,0,0,0,1,0,20250720,20251223
GNE:GOAX020:X20:X20SA250720:O:21,0,0,0,0,0,1,0,20250720,20251223
GNE:GOAX020:X20:X20SA250720:O:22,0,0,0,0,0,1,0,20250720,20251223
GNE:GOAX020:X20:X20SA250720:O:23,0,0,0,0,0,1,0,20250720,20251223
GNE:GOAX020:X20:X20SA250720:O:24,0,0,0,0,0,1,0,20250720,20251223
GNE:GOAX020:X20:X20SA250720:O:25,0,0,0,0,0,1,0,20250720,20251223
GNE:GOAX020:X20:X20SA250720:O:26,0,0,0,0,0,1,0,20250720,20251223
GNE:GOAX020:X20:X20SA250720:O:27,0,0,0,0,0,1,0,20250720,20251223
GNE:GOAX020:X20:X20SA250720:I:1,0,0,0,0,0,1,0,20250720,20251223
GNE:GOAX020:X20:X20SA250720:I:2,0,0,0,0,0,1,0,20250720,20251223
GNE:GOAX020:X20:X20SA250720:I:3,0,0,0,0,0,1,0,20250720,20251223
GNE:GOAX020:X20:X20SA250720:I:4,0,0,0,0,0,1,0,20250720,20251223
GNE:GOAX020:X20:X20SA250720:I:5,0,0,0,0,0,1,0,20250720,20251223
GNE:GOAX020:X20:X20SA250720:I:6,0,0,0,0,0,1,0,20250720,20251223
GNE:GOAX020:X20:X20SA250720:I:7,0,0,0,0,0,1,0,20250720,20251223
GNE:GOAX020:X20:X20SA250720:I:8,0,0,0,0,0,1,0,20250720,20251223
GNE:GOAX020:X20:X20SA250720:I:9,0,0,0,0,0,1,0,20250720,20251223
GNE:GOAX020:X20:X20SA250720:I:10,0,0,0,0,0,1,0,20250720,20251223
GNE:GOAX020:X20:X20SA250720:I:11,0,0,0,0,0,1,0,20250720,20251223
GNE:GOAX020:X20:X20SA250720:I:12,0,0,0,0,0,1,0,20250720,20251223
GNE:GOAX020:X20:X20SA250720:I:13,0,0,0,0,0,1,0,20250720,20251223
GNE:GOAX020:X20:X20SA250720:I:14,0,0,0,0,0,1,0,20250720,20251223
GNE:GOAX020:X20:X20SA250720:I:15,0,0,0,0,0,1,0,20250720,20251223
GNE:GOAX020:X20:X20SA250720:I:16,0,0,0,0,0,1,0,20250720,20251223
GNE:GOAX020:X20:X20SA250720:I:17,0,0,0,0,0,1,0,20250720,20251223
GNE:GOAX020:X20:X20SA250720:I:18,0,0,0,0,0,1,0,20250720,20251223
GNE:GOAX020:X20:X20SA250720:I:19,0,0,0,0,0,1,0,20250720,20251223
GNE:GOAX020:X20:X20SA250720:I:20,0,0,0,0,0,1,0,20250720,20251223
GNE:GOAX020:X20:X20SA250720:I:21,0,0,0,0,0,1,0,20250720,20251223
GNE:GOAX020:X20:X20SA250720:I:22,0,0,0,0,0,1,0,20250720,20251223
GNE:GOAX020:X20:X20SA250720:I:23,0,0,0,0,0,1,0,20250720,20251223
GNE:GOAX020:X20:X20SA250720:I:24,0,0,0,0,0,1,0,20250720,20251223
GNE:GOAX020:X20:X20SA250720:I:25,0,0,0,0,0,1,0,20250720,20251223
GNE:GOAX020:X20:X20SA250720:I:26,0,0,0,0,0,1,0,20250720,20251223
GNE:GOAX020:X20:X20SA250720:I:27,0,0,0,0,0,1,0,20250720,20251223
GNE:GOAX020:X20:X20SU250720:O:1,0,0,0,0,0,0,1,20250720,20251223
GNE:GOAX020:X20:X20SU250720:O:2,0,0,0,0,0,0,1,20250720,20251223
GNE:GOAX020:X20:X20SU250720:O:3,0,0,0,0,0,0,1,20250720,20251223
GNE:GOAX020:X20:X20SU250720:O:4,0,0,0,0,0,0,1,20250720,20251223
GNE:GOAX020:X20:X20SU250720:O:5,0,0,0,0,0,0,1,20250720,20251223
GNE:GOAX020:X20:X20SU250720:O:6,0,0,0,0,0,0,1,20250720,20251223
GNE:GOAX020:X20:X20SU250720:O:7,0,0,0,0,0,0,1,20250720,20251223
GNE:GOAX020:X20:X20SU250720:O:8,0,0,0,0,0,0,1,20250720,20251223
GNE:GOAX020:X20:X20SU250720:O:9,0,0,0,0,0,0,1,20250720,20251223
GNE:GOAX020:X20:X20SU250720:O:10,0,0,0,0,0,0,1,20250720,20251223
GNE:GOAX020:X20:X20SU250720:O:11,0,0,0,0,0,0,1,20250720,20251223
GNE:GOAX020:X20:X20SU250720:I:1,0,0,0,0,0,0,1,20250720,20251223
GNE:GOAX020:X20:X20SU250720:I:2,0,0,0,0,0,0,1,20250720,20251223
GNE:GOAX020:X20:X20SU250720:I:3,0,0,0,0,0,0,1,20250720,20251223
GNE:GOAX020:X20:X20SU250720:I:4,0,0,0,0,0,0,1,20250720,20251223
GNE:GOAX020:X20:X20SU250720:I:5,0,0,0,0,0,0,1,20250720,20251223
GNE:GOAX020:X20:X20SU250720:I:6,0,0,0,0,0,0,1,20250720,20251223
GNE:GOAX020:X20:X20SU250720:I:7,0,0,0,0,0,0,1,20250720,20251223
GNE:GOAX020:X20:X20SU250720:I:8,0,0,0,0,0,0,1,20250720,20251223
GNE:GOAX020:X20:X20SU250720:I:9,0,0,0,0,0,0,1,20250720,20251223
GNE:GOAX020:X20:X20SU250720:I:10,0,0,0,0,0,0,1,20250720,20251223
GNE:GOAX020:X20:X20SU250720:I:11,0,0,0,0,0,0,1,20250720,20251223
GNE:GOAX021:X21:X21MF250720:O:1,1,1,1,1,1,0,0,20250720,20251223
GNE:GOAX021:X21:X21MF250720:O:2,1,1,1,1,1,0,0,20250720,20251223
GNE:GOAX021:X21:X21MF250720:O:3,1,1,1,1,1,0,0,20250720,20251223
GNE:GOAX021:X21:X21MF250720:O:4,1,1,1,1,1,0,0,20250720,20251223
GNE:GOAX021:X21:X21MF250720:O:5,1,1,1,1,1,0,0,20250720,20251223
GNE:GOAX021:X21:X21MF250720:O:6,1,1,1,1,1,0,0,20250720,20251223
GNE:GOAX021:X21:X21MF250720:O:7,0,0,0,0,0,0,0,20250720,20251223
GNE:GOAX021:X21:X21MF250720:O:8,1,1,1,1,1,0,0,20250720,20251223
GNE:GOAX021:X21:X21MF250720:O:9,1,1,1,1,1,0,0,20250720,20251223
GNE:GOAX021:X21:X21MF250720:O:10,1,1,1,1,1,0,0,20250720,20251223
GNE:GOAX021:X21:X21MF250720:O:11,1,1,1,1,1,0,0,20250720,20251223
GNE:GOAX021:X21:X21MF250720:O:12,1,1,1,1,1,0,0,20250720,20251223
GNE:GOAX021:X21:X21MF250720:O:13,1,1,1,1,1,0,0,20250720,20251223
GNE:GOAX021:X21:X21MF250720:O:14,1,1,1,1,1,0,0,20250720,20251223
GNE:GOAX021:X21:X21MF250720:O:15,1,1,1,1,1,0,0,20250720,20251223
GNE:GOAX021:X21:X21MF250720:O:16,1,1,1,1,1,0,0,20250720,20251223
GNE:GOAX021:X21:X21MF250720:O:17,1,1,1,1,1,0,0,20250720,20251223
GNE:GOAX021:X21:X21MF250720:O:18,1,1,1,1,1,0,0,20250720,20251223
GNE:GOAX021:X21:X21MF250720:O:19,1,1,1,1,0,0,0,20250720,20251223
GNE:GOAX021:X21:X21MF250720:O:20,0,0,0,0,1,0,0,20250720,20251223
GNE:GOAX021:X21:X21MF250720:O:21,1,1,1,1,1,0,0,20250720,20251223
GNE:GOAX021:X21:X21MF250720:O:22,1,1,1,1,1,0,0,20250720,20251223
GNE:GOAX021:X21:X21MF250720:O:23,1,1,1,1,1,0,0,20250720,20251223
GNE:GOAX021:X21:X21MF250720:O:24,1,1,1,1,1,0,0,20250720,20251223
GNE:GOAX021:X21:X21MF250720:O:25,1,1,1,1,1,0,0,20250720,20251223
GNE:GOAX021:X21:X21MF250720:O:26,1,1,1,1,1,0,0,20250720,20251223
GNE:GOAX021:X21:X21MF250720:O:27,1,1,1,1,1,0,0,20250720,20251223
GNE:GOAX021:X21:X21MF250720:O:28,1,1,1,1,1,0,0,20250720,20251223
GNE:GOAX021:X21:X21MF250720:O:29,1,1,1,1,1,0,0,20250720,20251223
GNE:GOAX021:X21:X21MF250720:O:30,1,1,1,1,1,0,0,20250720,20251223
GNE:GOAX021:X21:X21MF250720:O:31,1,1,1,1,1,0,0,20250720,20251223
GNE:GOAX021:X21:X21MF250720:O:32,1,1,1,1,0,0,0,20250720,20251223
GNE:GOAX021:X21:X21MF250720:O:33,0,0,0,0,1,0,0,20250720,20251223
GNE:GOAX021:X21:X21MF250720:I:1,1,1,1,1,1,0,0,20250720,20251223
GNE:GOAX021:X21:X21MF250720:I:2,1,1,1,1,1,0,0,20250720,20251223
GNE:GOAX021:X21:X21MF250720:I:3,1,1,1,1,1,0,0,20250720,20251223
GNE:GOAX021:X21:X21MF250720:I:4,1,1,1,1,1,0,0,20250720,20251223
GNE:GOAX021:X21:X21MF250720:I:5,1,1,1,1,1,0,0,20250720,20251223
GNE:GOAX021:X21:X21MF250720:I:6,1,1,1,1,1,0,0,20250720,20251223
GNE:GOAX021:X21:X21MF250720:I:7,1,1,1,1,1,0,0,20250720,20251223
GNE:GOAX021:X21:X21MF250720:I:8,1,1,1,1,1,0,0,20250720,20251223
GNE:GOAX021:X21:X21MF250720:I:9,1,1,1,1,1,0,0,20250720,20251223
GNE:GOAX021:X21:X21MF250720:I:10,1,1,1,1,1,0,0,20250720,20251223
GNE:GOAX021:X21:X21MF250720:I:11,1,1,1,1,1,0,0,20250720,20251223
GNE:GOAX021:X21:X21MF250720:I:12,1,1,1,1,1,0,0,20250720,20251223
GNE:GOAX021:X21:X21MF250720:I:13,1,1,1,1,1,0,0,20250720,20251223
GNE:GOAX021:X21:X21MF250720:I:14,1,1,1,1,1,0,0,20250720,20251223
GNE:GOAX021:X21:X21MF250720:I:15,1,1,1,1,1,0,0,20250720,20251223
GNE:GOAX021:X21:X21MF250720:I:16,1,1,1,1,1,0,0,20250720,20251223
GNE:GOAX021:X21:X21MF250720:I:17,1,1,1,1,1,0,0,20250720,20251223
GNE:GOAX021:X21:X21MF250720:I:18,1,1,1,1,1,0,0,20250720,20251223
GNE:GOAX021:X21:X21MF250720:I:19,1,1,1,1,0,0,0,20250720,20251223
GNE:GOAX021:X21:X21MF250720:I:20,0,0,0,0,1,0,0,20250720,20251223
GNE:GOAX021:X21:X21MF250720:I:21,1,1,1,1,0,0,0,20250720,20251223
GNE:GOAX021:X21:X21MF250720:I:22,0,0,0,0,1,0,0,20250720,20251223
GNE:GOAX021:X21:X21MF250720:I:23,1,1,1,1,1,0,0,20250720,20251223
GNE:GOAX021:X21:X21MF250720:I:24,1,1,1,1,1,0,0,20250720,20251223
GNE:GOAX021:X21:X21MF250720:I:25,1,1,1,1,1,0,0,20250720,20251223
GNE:GOAX021:X21:X21MF250720:I:26,1,1,1,1,1,0,0,20250720,20251223
GNE:GOAX021:X21:X21MF250720:I:27,1,1,1,1,1,0,0,20250720,20251223
GNE:GOAX021:X21:X21MF250720:I:28,1,1,1,1,1,0,0,20250720,20251223
GNE:GOAX021:X21:X21MF250720:I:29,1,1,1,1,1,0,0,20250720,20251223
GNE:GOAX021:X21:X21MF250720:I:30,1,1,1,1,1,0,0,20250720,20251223
GNE:GOAX021:X21:X21MF250720:I:31,1,1,1,1,0,0,0,20250720,20251223
GNE:GOAX021:X21:X21MF250720:I:32,0,0,0,0,1,0,0,20250720,20251223
GNE:GOAX021:X21:X21SA250720:O:1,0,0,0,0,0,1,0,20250720,20251223
GNE:GOAX021:X21:X21SA250720:O:2,0,0,0,0,0,1,0,20250720,20251223
GNE:GOAX021:X21:X21SA250720:O:3,0,0,0,0,0,1,0,20250720,20251223
GNE:GOAX021:X21:X21SA250720:O:4,0,0,0,0,0,1,0,20250720,20251223
GNE:GOAX021:X21:X21SA250720:O:5,0,0,0,0,0,1,0,20250720,20251223
GNE:GOAX021:X21:X21SA250720:O:6,0,0,0,0,0,1,0,20250720,20251223
GNE:GOAX021:X21:X21SA250720:O:7,0,0,0,0,0,1,0,20250720,20251223
GNE:GOAX021:X21:X21SA250720:O:8,0,0,0,0,0,1,0,20250720,20251223
GNE:GOAX021:X21:X21SA250720:O:9,0,0,0,0,0,1,0,20250720,20251223
GNE:GOAX021:X21:X21SA250720:O:10,0,0,0,0,0,1,0,20250720,20251223
GNE:GOAX021:X21:X21SA250720:O:11,0,0,0,0,0,1,0,20250720,20251223
GNE:GOAX021:X21:X21SA250720:O:12,0,0,0,0,0,1,0,20250720,20251223
GNE:GOAX021:X21:X21SA250720:O:13,0,0,0,0,0,1,0,20250720,20251223
GNE:GOAX021:X21:X21SA250720:O:14,0,0,0,0,0,1,0,20250720,20251223
GNE:GOAX021:X21:X21SA250720:O:15,0,0,0,0,0,1,0,20250720,20251223
GNE:GOAX021:X21:X21SA250720:O:16,0,0,0,0,0,1,0,20250720,20251223
GNE:GOAX021:X21:X21SA250720:O:17,0,0,0,0,0,1,0,20250720,20251223
GNE:GOAX021:X21:X21SA250720:O:18,0,0,0,0,0,1,0,20250720,20251223
GNE:GOAX021:X21:X21SA250720:O:19,0,0,0,0,0,1,0,20250720,20251223
GNE:GOAX021:X21:X21SA250720:O:20,0,0,0,0,0,1,0,20250720,20251223
GNE:GOAX021:X21:X21SA250720:O:21,0,0,0,0,0,1,0,20250720,20251223
GNE:GOAX021:X21:X21SA250720:O:22,0,0,0,0,0,1,0,20250720,20251223
GNE:GOAX021:X21:X21SA250720:O:23,0,0,0,0,0,1,0,20250720,20251223
GNE:GOAX021:X21:X21SA250720:O:24,0,0,0,0,0,1,0,20250720,20251223
GNE:GOAX021:X21:X21SA250720:O:25,0,0,0,0,0,1,0,20250720,20251223
GNE:GOAX021:X21:X21SA250720:O:26,0,0,0,0,0,1,0,20250720,20251223
GNE:GOAX021:X21:X21SA250720:O:27,0,0,0,0,0,1,0,20250720,20251223
GNE:GOAX021:X21:X21SA250720:O:28,0,0,0,0,0,1,0,20250720,20251223
GNE:GOAX021:X21:X21SA250720:I:1,0,0,0,0,0,1,0,20250720,20251223
GNE:GOAX021:X21:X21SA250720:I:2,0,0,0,0,0,1,0,20250720,20251223
GNE:GOAX021:X21:X21SA250720:I:3,0,0,0,0,0,1,0,20250720,20251223
GNE:GOAX021:X21:X21SA250720:I:4,0,0,0,0,0,1,0,20250720,20251223
GNE:GOAX021:X21:X21SA250720:I:5,0,0,0,0,0,1,0,20250720,20251223
GNE:GOAX021:X21:X21SA250720:I:6,0,0,0,0,0,1,0,20250720,20251223
GNE:GOAX021:X21:X21SA250720:I:7,0,0,0,0,0,1,0,20250720,20251223
GNE:GOAX021:X21:X21SA250720:I:8,0,0,0,0,0,1,0,20250720,20251223
GNE:GOAX021:X21:X21SA250720:I:9,0,0,0,0,0,1,0,20250720,20251223
GNE:GOAX021:X21:X21SA250720:I:10,0,0,0,0,0,1,0,20250720,20251223
GNE:GOAX021:X21:X21SA250720:I:11,0,0,0,0,0,1,0,20250720,20251223
GNE:GOAX021:X21:X21SA250720:I:12,0,0,0,0,0,1,0,20250720,20251223
GNE:GOAX021:X21:X21SA250720:I:13,0,0,0,0,0,1,0,20250720,20251223
GNE:GOAX021:X21:X21SA250720:I:14,0,0,0,0,0,1,0,20250720,20251223
GNE:GOAX021:X21:X21SA250720:I:15,0,0,0,0,0,1,0,20250720,20251223
GNE:GOAX021:X21:X21SA250720:I:16,0,0,0,0,0,1,0,20250720,20251223
GNE:GOAX021:X21:X21SA250720:I:17,0,0,0,0,0,1,0,20250720,20251223
GNE:GOAX021:X21:X21SA250720:I:18,0,0,0,0,0,1,0,20250720,20251223
GNE:GOAX021:X21:X21SA250720:I:19,0,0,0,0,0,1,0,20250720,20251223
GNE:GOAX021:X21:X21SA250720:I:20,0,0,0,0,0,1,0,20250720,20251223
GNE:GOAX021:X21:X21SA250720:I:21,0,0,0,0,0,1,0,20250720,20251223
GNE:GOAX021:X21:X21SA250720:I:22,0,0,0,0,0,1,0,20250720,20251223
GNE:GOAX021:X21:X21SA250720:I:23,0,0,0,0,0,1,0,20250720,20251223
GNE:GOAX021:X21:X21SA250720:I:24,0,0,0,0,0,1,0,20250720,20251223
GNE:GOAX021:X21:X21SA250720:I:25,0,0,0,0,0,1,0,20250720,20251223
GNE:GOAX021:X21:X21SA250720:I:26,0,0,0,0,0,1,0,20250720,20251223
GNE:GOAX021:X21:X21SU250720:O:1,0,0,0,0,0,0,1,20250720,20251223
GNE:GOAX021:X21:X21SU250720:O:2,0,0,0,0,0,0,1,20250720,20251223
GNE:GOAX021:X21:X21SU250720:O:3,0,0,0,0,0,0,1,20250720,20251223
GNE:GOAX021:X21:X21SU250720:O:4,0,0,0,0,0,0,1,20250720,20251223
GNE:GOAX021:X21:X21SU250720:O:5,0,0,0,0,0,0,1,20250720,20251223
GNE:GOAX021:X21:X21SU250720:O:6,0,0,0,0,0,0,1,20250720,20251223
GNE:GOAX021:X21:X21SU250720:O:7,0,0,0,0,0,0,1,20250720,20251223
GNE:GOAX021:X21:X21SU250720:O:8,0,0,0,0,0,0,1,20250720,20251223
GNE:GOAX021:X21:X21SU250720:O:9,0,0,0,0,0,0,1,20250720,20251223
GNE:GOAX021:X21:X21SU250720:O:10,0,0,0,0,0,0,1,20250720,20251223
GNE:GOAX021:X21:X21SU250720:O:11,0,0,0,0,0,0,1,20250720,20251223
GNE:GOAX021:X21:X21SU250720:O:12,0,0,0,0,0,0,1,20250720,20251223
GNE:GOAX021:X21:X21SU250720:O:13,0,0,0,0,0,0,1,20250720,20251223
GNE:GOAX021:X21:X21SU250720:O:14,0,0,0,0,0,0,1,20250720,20251223
GNE:GOAX021:X21:X21SU250720:I:1,0,0,0,0,0,0,1,20250720,20251223
GNE:GOAX021:X21:X21SU250720:I:2,0,0,0,0,0,0,1,20250720,20251223
GNE:GOAX021:X21:X21SU250720:I:3,0,0,0,0,0,0,1,20250720,20251223
GNE:GOAX021:X21:X21SU250720:I:4,0,0,0,0,0,0,1,20250720,20251223
GNE:GOAX021:X21:X21SU250720:I:5,0,0,0,0,0,0,1,20250720,20251223
GNE:GOAX021:X21:X21SU250720:I:6,0,0,0,0,0,0,1,20250720,20251223
GNE:GOAX021:X21:X21SU250720:I:7,0,0,0,0,0,0,1,20250720,20251223
GNE:GOAX021:X21:X21SU250720:I:8,0,0,0,0,0,0,1,20250720,20251223
GNE:GOAX021:X21:X21SU250720:I:9,0,0,0,0,0,0,1,20250720,20251223
GNE:GOAX021:X21:X21SU250720:I:10,0,0,0,0,0,0,1,20250720,20251223
GNE:GOAX021:X21:X21SU250720:I:11,0,0,0,0,0,0,1,20250720,20251223
GNE:GOAX021:X21:X21SU250720:I:12,0,0,0,0,0,0,1,20250720,20251223
GNE:GOAX021:X21:X21SU250720:I:13,0,0,0,0,0,0,1,20250720,20251223
GNE:GOAX030:X30:X30MF250720:O:1,1,1,1,1,1,0,0,20250720,20251223
GNE:GOAX030:X30:X30MF250720:O:3,1,1,1,1,1,0,0,20250720,20251223
GNE:GOAX030:X30:X30MF250720:O:6,1,1,1,1,1,0,0,20250720,20251223
GNE:GOAX030:X30:X30MF250720:O:9,1,1,1,1,1,0,0,20250720,20251223
GNE:GOAX030:X30:X30MF250720:O:12,1,1,1,1,1,0,0,20250720,20251223
GNE:GOAX030:X30:X30MF250720:O:15,1,1,1,1,1,0,0,20250720,20251223
GNE:GOAX030:X30:X30MF250720:O:18,1,1,1,1,1,0,0,20250720,20251223
GNE:GOAX030:X30:X30MF250720:O:21,1,1,1,1,1,0,0,20250720,20251223
GNE:GOAX030:X30:X30MF250720:O:24,1,1,1,1,1,0,0,20250720,20251223
GNE:GOAX030:X30:X30MF250720:O:27,1,1,1,1,1,0,0,20250720,20251223
GNE:GOAX030:X30:X30MF250720:O:30,1,1,1,1,1,0,0,20250720,20251223
GNE:GOAX030:X30:X30MF250720:O:33,1,1,1,1,1,0,0,20250720,20251223
GNE:GOAX030:X30:X30MF250720:O:35,1,1,1,1,1,0,0,20250720,20251223
GNE:GOAX030:X30:X30MF250720:O:37,1,1,1,1,1,0,0,20250720,20251223
GNE:GOAX030:X30:X30MF250720:O:38,1,1,1,1,1,0,0,20250720,20251223
GNE:GOAX030:X30:X30MF250720:O:39,1,1,1,1,1,0,0,20250720,20251223
GNE:GOAX030:X30:X30MF250720:O:40,1,1,1,1,1,0,0,20250720,20251223
GNE:GOAX030:X30:X30MF250720:O:41,1,1,1,1,1,0,0,20250720,20251223
GNE:GOAX030:X30:X30MF250720:I:1,1,1,1,1,1,0,0,20250720,20251223
GNE:GOAX030:X30:X30MF250720:I:3,1,1,1,1,1,0,0,20250720,20251223
GNE:GOAX030:X30:X30MF250720:I:6,1,1,1,1,1,0,0,20250720,20251223
GNE:GOAX030:X30:X30MF250720:I:8,1,1,1,1,1,0,0,20250720,20251223
GNE:GOAX030:X30:X30MF250720:I:11,1,1,1,1,1,0,0,20250720,20251223
GNE:GOAX030:X30:X30MF250720:I:14,1,1,1,1,1,0,0,20250720,20251223
GNE:GOAX030:X30:X30MF250720:I:17,1,1,1,1,1,0,0,20250720,20251223
GNE:GOAX030:X30:X30MF250720:I:20,1,1,1,1,1,0,0,20250720,20251223
GNE:GOAX030:X30:X30MF250720:I:23,1,1,1,1,1,0,0,20250720,20251223
GNE:GOAX030:X30:X30MF250720:I:26,1,1,1,1,1,0,0,20250720,20251223
GNE:GOAX030:X30:X30MF250720:I:29,1,1,1,1,1,0,0,20250720,20251223
GNE:GOAX030:X30:X30MF250720:I:32,1,1,1,1,1,0,0,20250720,20251223
GNE:GOAX030:X30:X30MF250720:I:35,1,1,1,1,1,0,0,20250720,20251223
GNE:GOAX030:X30:X30MF250720:I:37,1,1,1,1,1,0,0,20250720,20251223
GNE:GOAX030:X30:X30MF250720:I:38,1,1,1,1,1,0,0,20250720,20251223
GNE:GOAX030:X30:X30MF250720:I:39,1,1,1,1,1,0,0,20250720,20251223
GNE:GOAX030:X30:X30MF250720:I:40,1,1,1,1,1,0,0,20250720,20251223
GNE:GOAX030:X30:X30MF250720:I:41,1,1,1,1,1,0,0,20250720,20251223
GNE:GOAX030:X30:X30SA250720:O:3,0,0,0,0,0,1,0,20250720,20251223
GNE:GOAX030:X30:X30SA250720:O:6,0,0,0,0,0,1,0,20250720,20251223
GNE:GOAX030:X30:X30SA250720:O:9,0,0,0,0,0,1,0,20250720,20251223
GNE:GOAX030:X30:X30SA250720:O:12,0,0,0,0,0,1,0,20250720,20251223
GNE:GOAX030:X30:X30SA250720:O:15,0,0,0,0,0,1,0,20250720,20251223
GNE:GOAX030:X30:X30SA250720:O:18,0,0,0,0,0,1,0,20250720,20251223
GNE:GOAX030:X30:X30SA250720:O:21,0,0,0,0,0,1,0,20250720,20251223
GNE:GOAX030:X30:X30SA250720:O:24,0,0,0,0,0,1,0,20250720,20251223
GNE:GOAX030:X30:X30SA250720:O:27,0,0,0,0,0,1,0,20250720,20251223
GNE:GOAX030:X30:X30SA250720:O:30,0,0,0,0,0,1,0,20250720,20251223
GNE:GOAX030:X30:X30SA250720:O:33,0,0,0,0,0,1,0,20250720,20251223
GNE:GOAX030:X30:X30SA250720:O:35,0,0,0,0,0,1,0,20250720,20251223
GNE:GOAX030:X30:X30SA250720:O:36,0,0,0,0,0,1,0,20250720,20251223
GNE:GOAX030:X30:X30SA250720:O:37,0,0,0,0,0,1,0,20250720,20251223
GNE:GOAX030:X30:X30SA250720:O:38,0,0,0,0,0,1,0,20250720,20251223
GNE:GOAX030:X30:X30SA250720:I:3,0,0,0,0,0,1,0,20250720,20251223
GNE:GOAX030:X30:X30SA250720:I:6,0,0,0,0,0,1,0,20250720,20251223
GNE:GOAX030:X30:X30SA250720:I:8,0,0,0,0,0,1,0,20250720,20251223
GNE:GOAX030:X30:X30SA250720:I:11,0,0,0,0,0,1,0,20250720,20251223
GNE:GOAX030:X30:X30SA250720:I:14,0,0,0,0,0,1,0,20250720,20251223
GNE:GOAX030:X30:X30SA250720:I:17,0,0,0,0,0,1,0,20250720,20251223
GNE:GOAX030:X30:X30SA250720:I:20,0,0,0,0,0,1,0,20250720,20251223
GNE:GOAX030:X30:X30SA250720:I:23,0,0,0,0,0,1,0,20250720,20251223
GNE:GOAX030:X30:X30SA250720:I:26,0,0,0,0,0,1,0,20250720,20251223
GNE:GOAX030:X30:X30SA250720:I:29,0,0,0,0,0,1,0,20250720,20251223
GNE:GOAX030:X30:X30SA250720:I:32,0,0,0,0,0,1,0,20250720,20251223
GNE:GOAX030:X30:X30SA250720:I:34,0,0,0,0,0,1,0,20250720,20251223
GNE:GOAX030:X30:X30SA250720:I:35,0,0,0,0,0,1,0,20250720,20251223
GNE:GOAX030:X30:X30SA250720:I:36,0,0,0,0,0,1,0,20250720,20251223
GNE:GOAX030:X30:X30SA250720:I:37,0,0,0,0,0,1,0,20250720,20251223
GNE:GOAX030:X30:X30SA250720:I:38,0,0,0,0,0,1,0,20250720,20251223
GNE:GOAX030:X30:X30SU250720:O:1,0,0,0,0,0,0,1,20250720,20251223
GNE:GOAX030:X30:X30SU250720:O:2,0,0,0,0,0,0,1,20250720,20251223
GNE:GOAX030:X30:X30SU250720:O:3,0,0,0,0,0,0,1,20250720,20251223
GNE:GOAX030:X30:X30SU250720:O:4,0,0,0,0,0,0,1,20250720,20251223
GNE:GOAX030:X30:X30SU250720:O:5,0,0,0,0,0,0,1,20250720,20251223
GNE:GOAX030:X30:X30SU250720:O:6,0,0,0,0,0,0,1,20250720,20251223
GNE:GOAX030:X30:X30SU250720:O:7,0,0,0,0,0,0,1,20250720,20251223
GNE:GOAX030:X30:X30SU250720:O:8,0,0,0,0,0,0,1,20250720,20251223
GNE:GOAX030:X30:X30SU250720:O:9,0,0,0,0,0,0,1,20250720,20251223
GNE:GOAX030:X30:X30SU250720:O:10,0,0,0,0,0,0,1,20250720,20251223
GNE:GOAX030:X30:X30SU250720:O:11,0,0,0,0,0,0,1,20250720,20251223
GNE:GOAX030:X30:X30SU250720:O:12,0,0,0,0,0,0,1,20250720,20251223
GNE:GOAX030:X30:X30SU250720:I:1,0,0,0,0,0,0,1,20250720,20251223
GNE:GOAX030:X30:X30SU250720:I:2,0,0,0,0,0,0,1,20250720,20251223
GNE:GOAX030:X30:X30SU250720:I:3,0,0,0,0,0,0,1,20250720,20251223
GNE:GOAX030:X30:X30SU250720:I:4,0,0,0,0,0,0,1,20250720,20251223
GNE:GOAX030:X30:X30SU250720:I:5,0,0,0,0,0,0,1,20250720,20251223
GNE:GOAX030:X30:X30SU250720:I:6,0,0,0,0,0,0,1,20250720,20251223
GNE:GOAX030:X30:X30SU250720:I:7,0,0,0,0,0,0,1,20250720,20251223
GNE:GOAX030:X30:X30SU250720:I:8,0,0,0,0,0,0,1,20250720,20251223
GNE:GOAX030:X30:X30SU250720:I:9,0,0,0,0,0,0,1,20250720,20251223
GNE:GOAX030:X30:X30SU250720:I:10,0,0,0,0,0,0,1,20250720,20251223
GNE:GOAX030:X30:X30SU250720:I:11,0,0,0,0,0,0,1,20250720,20251223
GNE:GOAX030:X30:X30SU250720:I:12,0,0,0,0,0,0,1,20250720,20251223
GNE:GOAX031:X31:X30MF250720:O:5,1,1,1,1,1,0,0,20250720,20251223
GNE:GOAX031:X31:X30MF250720:O:7,1,1,1,1,1,0,0,20250720,20251223
GNE:GOAX031:X31:X30MF250720:O:11,1,1,1,1,1,0,0,20250720,20251223
GNE:GOAX031:X31:X30MF250720:O:14,1,1,1,1,1,0,0,20250720,20251223
GNE:GOAX031:X31:X30MF250720:O:17,1,1,1,1,1,0,0,20250720,20251223
GNE:GOAX031:X31:X30MF250720:O:20,1,1,1,1,1,0,0,20250720,20251223
GNE:GOAX031:X31:X30MF250720:O:23,1,1,1,1,1,0,0,20250720,20251223
GNE:GOAX031:X31:X30MF250720:O:26,1,1,1,1,1,0,0,20250720,20251223
GNE:GOAX031:X31:X30MF250720:O:29,1,1,1,1,1,0,0,20250720,20251223
GNE:GOAX031:X31:X30MF250720:O:32,1,1,1,1,1,0,0,20250720,20251223
GNE:GOAX031:X31:X30MF250720:I:2,1,1,1,1,1,0,0,20250720,20251223
GNE:GOAX031:X31:X30MF250720:I:5,1,1,1,1,1,0,0,20250720,20251223
GNE:GOAX031:X31:X30MF250720:I:9,1,1,1,1,1,0,0,20250720,20251223
GNE:GOAX031:X31:X30MF250720:I:12,1,1,1,1,1,0,0,20250720,20251223
GNE:GOAX031:X31:X30MF250720:I:15,1,1,1,1,1,0,0,20250720,20251223
GNE:GOAX031:X31:X30MF250720:I:18,1,1,1,1,1,0,0,20250720,20251223
GNE:GOAX031:X31:X30MF250720:I:21,1,1,1,1,1,0,0,20250720,20251223
GNE:GOAX031:X31:X30MF250720:I:24,1,1,1,1,1,0,0,20250720,20251223
GNE:GOAX031:X31:X30MF250720:I:27,1,1,1,1,1,0,0,20250720,20251223
GNE:GOAX031:X31:X30MF250720:I:30,1,1,1,1,1,0,0,20250720,20251223
GNE:GOAX031:X31:X30MF250720:I:33,1,1,1,1,1,0,0,20250720,20251223
GNE:GOAX031:X31:X30MF250720:I:36,1,1,1,1,1,0,0,20250720,20251223
GNE:GOAX031:X31:X30SA250720:O:1,0,0,0,0,0,1,0,20250720,20251223
GNE:GOAX031:X31:X30SA250720:O:4,0,0,0,0,0,1,0,20250720,20251223
GNE:GOAX031:X31:X30SA250720:O:8,0,0,0,0,0,1,0,20250720,20251223
GNE:GOAX031:X31:X30SA250720:O:11,0,0,0,0,0,1,0,20250720,20251223
GNE:GOAX031:X31:X30SA250720:O:14,0,0,0,0,0,1,0,20250720,20251223
GNE:GOAX031:X31:X30SA250720:O:17,0,0,0,0,0,1,0,20250720,20251223
GNE:GOAX031:X31:X30SA250720:O:20,0,0,0,0,0,1,0,20250720,20251223
GNE:GOAX031:X31:X30SA250720:O:23,0,0,0,0,0,1,0,20250720,20251223
GNE:GOAX031:X31:X30SA250720:O:26,0,0,0,0,0,1,0,20250720,20251223
GNE:GOAX031:X31:X30SA250720:O:29,0,0,0,0,0,1,0,20250720,20251223
GNE:GOAX031:X31:X30SA250720:O:32,0,0,0,0,0,1,0,20250720,20251223
GNE:GOAX031:X31:X30SA250720:I:1,0,0,0,0,0,1,0,20250720,20251223
GNE:GOAX031:X31:X30SA250720:I:4,0,0,0,0,0,1,0,20250720,20251223
GNE:GOAX031:X31:X30SA250720:I:9,0,0,0,0,0,1,0,20250720,20251223
GNE:GOAX031:X31:X30SA250720:I:12,0,0,0,0,0,1,0,20250720,20251223
GNE:GOAX031:X31:X30SA250720:I:15,0,0,0,0,0,1,0,20250720,20251223
GNE:GOAX031:X31:X30SA250720:I:18,0,0,0,0,0,1,0,20250720,20251223
GNE:GOAX031:X31:X30SA250720:I:21,0,0,0,0,0,1,0,20250720,20251223
GNE:GOAX031:X31:X30SA250720:I:24,0,0,0,0,0,1,0,20250720,20251223
GNE:GOAX031:X31:X30SA250720:I:27,0,0,0,0,0,1,0,20250720,20251223
GNE:GOAX031:X31:X30SA250720:I:30,0,0,0,0,0,1,0,20250720,20251223
GNE:GOAX031:X31:X30SA250720:I:33,0,0,0,0,0,1,0,20250720,20251223
GNE:GOAX032:X32:X30MF250720:O:2,1,1,1,1,1,0,0,20250720,20251223
GNE:GOAX032:X32:X30MF250720:O:4,1,1,1,1,1,0,0,20250720,20251223
GNE:GOAX032:X32:X30MF250720:O:8,1,1,1,1,1,0,0,20250720,20251223
GNE:GOAX032:X32:X30MF250720:O:10,1,1,1,1,1,0,0,20250720,20251223
GNE:GOAX032:X32:X30MF250720:O:13,1,1,1,1,1,0,0,20250720,20251223
GNE:GOAX032:X32:X30MF250720:O:16,1,1,1,1,1,0,0,20250720,20251223
GNE:GOAX032:X32:X30MF250720:O:19,1,1,1,1,1,0,0,20250720,20251223
GNE:GOAX032:X32:X30MF250720:O:22,1,1,1,1,1,0,0,20250720,20251223
GNE:GOAX032:X32:X30MF250720:O:25,1,1,1,1,1,0,0,20250720,20251223
GNE:GOAX032:X32:X30MF250720:O:28,1,1,1,1,1,0,0,20250720,20251223
GNE:GOAX032:X32:X30MF250720:O:31,1,1,1,1,1,0,0,20250720,20251223
GNE:GOAX032:X32:X30MF250720:O:34,1,1,1,1,1,0,0,20250720,20251223
GNE:GOAX032:X32:X30MF250720:O:36,1,1,1,1,1,0,0,20250720,20251223
GNE:GOAX032:X32:X30MF250720:I:4,1,1,1,1,1,0,0,20250720,20251223
GNE:GOAX032:X32:X30MF250720:I:7,1,1,1,1,1,0,0,20250720,20251223
GNE:GOAX032:X32:X30MF250720:I:10,1,1,1,1,1,0,0,20250720,20251223
GNE:GOAX032:X32:X30MF250720:I:13,1,1,1,1,1,0,0,20250720,20251223
GNE:GOAX032:X32:X30MF250720:I:16,1,1,1,1,1,0,0,20250720,20251223
GNE:GOAX032:X32:X30MF250720:I:19,1,1,1,1,1,0,0,20250720,20251223
GNE:GOAX032:X32:X30MF250720:I:22,1,1,1,1,1,0,0,20250720,20251223
GNE:GOAX032:X32:X30MF250720:I:25,1,1,1,1,1,0,0,20250720,20251223
GNE:GOAX032:X32:X30MF250720:I:28,1,1,1,1,1,0,0,20250720,20251223
GNE:GOAX032:X32:X30MF250720:I:31,1,1,1,1,1,0,0,20250720,20251223
GNE:GOAX032:X32:X30MF250720:I:34,1,1,1,1,1,0,0,20250720,20251223
GNE:GOAX032:X32:X30SA250720:O:2,0,0,0,0,0,1,0,20250720,20251223
GNE:GOAX032:X32:X30SA250720:O:5,0,0,0,0,0,1,0,20250720,20251223
GNE:GOAX032:X32:X30SA250720:O:7,0,0,0,0,0,1,0,20250720,20251223
GNE:GOAX032:X32:X30SA250720:O:10,0,0,0,0,0,1,0,20250720,20251223
GNE:GOAX032:X32:X30SA250720:O:13,0,0,0,0,0,1,0,20250720,20251223
GNE:GOAX032:X32:X30SA250720:O:16,0,0,0,0,0,1,0,20250720,20251223
GNE:GOAX032:X32:X30SA250720:O:19,0,0,0,0,0,1,0,20250720,20251223
GNE:GOAX032:X32:X30SA250720:O:22,0,0,0,0,0,1,0,20250720,20251223
GNE:GOAX032:X32:X30SA250720:O:25,0,0,0,0,0,1,0,20250720,20251223
GNE:GOAX032:X32:X30SA250720:O:28,0,0,0,0,0,1,0,20250720,20251223
GNE:GOAX032:X32:X30SA250720:O:31,0,0,0,0,0,1,0,20250720,20251223
GNE:GOAX032:X32:X30SA250720:O:34,0,0,0,0,0,1,0,20250720,20251223
GNE:GOAX032:X32:X30SA250720:I:2,0,0,0,0,0,1,0,20250720,20251223
GNE:GOAX032:X32:X30SA250720:I:5,0,0,0,0,0,1,0,20250720,20251223
GNE:GOAX032:X32:X30SA250720:I:7,0,0,0,0,0,1,0,20250720,20251223
GNE:GOAX032:X32:X30SA250720:I:10,0,0,0,0,0,1,0,20250720,20251223
GNE:GOAX032:X32:X30SA250720:I:13,0,0,0,0,0,1,0,20250720,20251223
GNE:GOAX032:X32:X30SA250720:I:16,0,0,0,0,0,1,0,20250720,20251223
GNE:GOAX032:X32:X30SA250720:I:19,0,0,0,0,0,1,0,20250720,20251223
GNE:GOAX032:X32:X30SA250720:I:22,0,0,0,0,0,1,0,20250720,20251223
GNE:GOAX032:X32:X30SA250720:I:25,0,0,0,0,0,1,0,20250720,20251223
GNE:GOAX032:X32:X30SA250720:I:28,0,0,0,0,0,1,0,20250720,20251223
GNE:GOAX032:X32:X30SA250720:I:31,0,0,0,0,0,1,0,20250720,20251223
GNE:GOAX039:X39:X39MF250720:O:1,1,1,1,1,1,0,0,20250720,20251223
GNE:GOAX039:X39:X39MF250720:O:2,1,1,1,1,1,0,0,20250720,20251223
GNE:GOAX039:X39:X39MF250720:O:3,1,1,1,1,1,0,0,20250720,20251223
GNE:GOAX039:X39:X39MF250720:O:4,1,1,1,1,1,0,0,20250720,20251223
GNE:GOAX039:X39:X39MF250720:I:1,1,1,1,1,1,0,0,20250720,20251223
GNE:GOAX039:X39:X39MF250720:I:2,1,1,1,1,1,0,0,20250720,20251223
GNE:GOAX039:X39:X39MF250720:I:3,1,1,1,1,1,0,0,20250720,20251223
GNE:GOAX045:X45:X45MF250720:O:1,1,1,1,1,1,0,0,20250720,20251223
GNE:GOAX045:X45:X45MF250720:O:2,1,1,1,1,1,0,0,20250720,20251223
GNE:GOAX045:X45:X45MF250720:O:3,1,1,1,1,1,0,0,20250720,20251223
GNE:GOAX045:X45:X45MF250720:O:4,1,1,1,1,1,0,0,20250720,20251223
GNE:GOAX045:X45:X45MF250720:O:5,1,1,1,1,1,0,0,20250720,20251223
GNE:GOAX045:X45:X45MF250720:O:6,1,1,1,1,1,0,0,20250720,20251223
GNE:GOAX045:X45:X45MF250720:O:7,1,1,1,1,1,0,0,20250720,20251223
GNE:GOAX045:X45:X45MF250720:O:8,1,1,1,1,1,0,0,20250720,20251223
GNE:GOAX045:X45:X45MF250720:O:9,1,1,1,1,1,0,0,20250720,20251223
GNE:GOAX045:X45:X45MF250720:O:10,1,1,1,1,1,0,0,20250720,20251223
GNE:GOAX045:X45:X45MF250720:O:11,1,1,1,1,1,0,0,20250720,20251223
GNE:GOAX045:X45:X45MF250720:O:12,1,1,1,1,1,0,0,20250720,20251223
GNE:GOAX045:X45:X45MF250720:O:13,1,1,1,1,1,0,0,20250720,20251223
GNE:GOAX045:X45:X45MF250720:O:14,1,1,1,1,1,0,0,20250720,20251223
GNE:GOAX045:X45:X45MF250720:O:15,1,1,1,1,1,0,0,20250720,20251223
GNE:GOAX045:X45:X45MF250720:O:16,1,1,1,1,1,0,0,20250720,20251223
GNE:GOAX045:X45:X45MF250720:O:17,1,1,1,1,1,0,0,20250720,20251223
GNE:GOAX045:X45:X45MF250720:O:18,1,1,1,1,1,0,0,20250720,20251223
GNE:GOAX045:X45:X45MF250720:O:19,1,1,1,1,1,0,0,20250720,20251223
GNE:GOAX045:X45:X45MF250720:O:20,1,1,1,1,1,0,0,20250720,20251223
GNE:GOAX045:X45:X45MF250720:O:21,1,1,1,1,1,0,0,20250720,20251223
GNE:GOAX045:X45:X45MF250720:O:22,1,1,1,1,1,0,0,20250720,20251223
GNE:GOAX045:X45:X45MF250720:O:23,1,1,1,1,1,0,0,20250720,20251223
GNE:GOAX045:X45:X45MF250720:O:24,1,1,1,1,1,0,0,20250720,20251223
GNE:GOAX045:X45:X45MF250720:O:25,1,1,1,1,1,0,0,20250720,20251223
GNE:GOAX045:X45:X45MF250720:O:26,1,1,1,1,1,0,0,20250720,20251223
GNE:GOAX045:X45:X45MF250720:O:27,1,1,1,1,1,0,0,20250720,20251223
GNE:GOAX045:X45:X45MF250720:O:28,1,1,1,1,1,0,0,20250720,20251223
GNE:GOAX045:X45:X45MF250720:O:29,1,1,1,1,1,0,0,20250720,20251223
GNE:GOAX045:X45:X45MF250720:I:1,1,1,1,1,1,0,0,20250720,20251223
GNE:GOAX045:X45:X45MF250720:I:2,1,1,1,1,1,0,0,20250720,20251223
GNE:GOAX045:X45:X45MF250720:I:3,1,1,1,1,1,0,0,20250720,20251223
GNE:GOAX045:X45:X45MF250720:I:4,1,1,1,1,1,0,0,20250720,20251223
GNE:GOAX045:X45:X45MF250720:I:5,1,1,1,1,1,0,0,20250720,20251223
GNE:GOAX045:X45:X45MF250720:I:6,1,1,1,1,1,0,0,20250720,20251223
GNE:GOAX045:X45:X45MF250720:I:7,1,1,1,1,1,0,0,20250720,20251223
GNE:GOAX045:X45:X45MF250720:I:8,1,1,1,1,1,0,0,20250720,20251223
GNE:GOAX045:X45:X45MF250720:I:9,1,1,1,1,1,0,0,20250720,20251223
GNE:GOAX045:X45:X45MF250720:I:10,1,1,1,1,1,0,0,20250720,20251223
GNE:GOAX045:X45:X45MF250720:I:11,1,1,1,1,1,0,0,20250720,20251223
GNE:GOAX045:X45:X45MF250720:I:12,1,1,1,1,1,0,0,20250720,20251223
GNE:GOAX045:X45:X45MF250720:I:13,1,1,1,1,1,0,0,20250720,20251223
GNE:GOAX045:X45:X45MF250720:I:14,1,1,1,1,1,0,0,20250720,20251223
GNE:GOAX045:X45:X45MF250720:I:15,1,1,1,1,1,0,0,20250720,20251223
GNE:GOAX045:X45:X45MF250720:I:16,1,1,1,1,1,0,0,20250720,20251223
GNE:GOAX045:X45:X45MF250720:I:17,1,1,1,1,1,0,0,20250720,20251223
GNE:GOAX045:X45:X45MF250720:I:18,1,1,1,1,1,0,0,20250720,20251223
GNE:GOAX045:X45:X45MF250720:I:19,1,1,1,1,1,0,0,20250720,20251223
GNE:GOAX045:X45:X45MF250720:I:20,1,1,1,1,1,0,0,20250720,20251223
GNE:GOAX045:X45:X45MF250720:I:21,1,1,1,1,1,0,0,20250720,20251223
GNE:GOAX045:X45:X45MF250720:I:22,1,1,1,1,1,0,0,20250720,20251223
GNE:GOAX045:X45:X45MF250720:I:23,1,1,1,1,1,0,0,20250720,20251223
GNE:GOAX045:X45:X45MF250720:I:24,1,1,1,1,1,0,0,20250720,20251223
GNE:GOAX045:X45:X45MF250720:I:25,1,1,1,1,1,0,0,20250720,20251223
GNE:GOAX045:X45:X45MF250720:I:26,1,1,1,1,1,0,0,20250720,20251223
GNE:GOAX045:X45:X45MF250720:I:27,1,1,1,1,1,0,0,20250720,20251223
GNE:GOAX045:X45:X45MF250720:I:28,1,1,1,1,1,0,0,20250720,20251223
GNE:GOAX045:X45:X45MF250720:I:29,1,1,1,1,1,0,0,20250720,20251223
GNE:GOAX045:X45:X45MF250720:I:30,1,1,1,1,1,0,0,20250720,20251223
GNE:GOAX045:X45:X45MF250720:I:31,1,1,1,1,1,0,0,20250720,20251223
GNE:GOAX045:X45:X45SA250720:O:1,0,0,0,0,0,1,0,20250720,20251223
GNE:GOAX045:X45:X45SA250720:O:2,0,0,0,0,0,1,0,20250720,20251223
GNE:GOAX045:X45:X45SA250720:O:3,0,0,0,0,0,1,0,20250720,20251223
GNE:GOAX045:X45:X45SA250720:O:4,0,0,0,0,0,1,0,20250720,20251223
GNE:GOAX045:X45:X45SA250720:O:5,0,0,0,0,0,1,0,20250720,20251223
GNE:GOAX045:X45:X45SA250720:O:6,0,0,0,0,0,1,0,20250720,20251223
GNE:GOAX045:X45:X45SA250720:O:7,0,0,0,0,0,1,0,20250720,20251223
GNE:GOAX045:X45:X45SA250720:O:8,0,0,0,0,0,1,0,20250720,20251223
GNE:GOAX045:X45:X45SA250720:O:9,0,0,0,0,0,1,0,20250720,20251223
GNE:GOAX045:X45:X45SA250720:O:10,0,0,0,0,0,1,0,20250720,20251223
GNE:GOAX045:X45:X45SA250720:O:11,0,0,0,0,0,1,0,20250720,20251223
GNE:GOAX045:X45:X45SA250720:O:12,0,0,0,0,0,1,0,20250720,20251223
GNE:GOAX045:X45:X45SA250720:O:13,0,0,0,0,0,1,0,20250720,20251223
GNE:GOAX045:X45:X45SA250720:O:14,0,0,0,0,0,1,0,20250720,20251223
GNE:GOAX045:X45:X45SA250720:O:15,0,0,0,0,0,1,0,20250720,20251223
GNE:GOAX045:X45:X45SA250720:O:16,0,0,0,0,0,1,0,20250720,20251223
GNE:GOAX045:X45:X45SA250720:O:17,0,0,0,0,0,1,0,20250720,20251223
GNE:GOAX045:X45:X45SA250720:O:18,0,0,0,0,0,1,0,20250720,20251223
GNE:GOAX045:X45:X45SA250720:O:19,0,0,0,0,0,1,0,20250720,20251223
GNE:GOAX045:X45:X45SA250720:O:20,0,0,0,0,0,1,0,20250720,20251223
GNE:GOAX045:X45:X45SA250720:O:21,0,0,0,0,0,1,0,20250720,20251223
GNE:GOAX045:X45:X45SA250720:O:22,0,0,0,0,0,1,0,20250720,20251223
GNE:GOAX045:X45:X45SA250720:O:23,0,0,0,0,0,1,0,20250720,20251223
GNE:GOAX045:X45:X45SA250720:O:24,0,0,0,0,0,1,0,20250720,20251223
GNE:GOAX045:X45:X45SA250720:O:25,0,0,0,0,0,1,0,20250720,20251223
GNE:GOAX045:X45:X45SA250720:O:26,0,0,0,0,0,1,0,20250720,20251223
GNE:GOAX045:X45:X45SA250720:O:27,0,0,0,0,0,1,0,20250720,20251223
GNE:GOAX045:X45:X45SA250720:O:28,0,0,0,0,0,1,0,20250720,20251223
GNE:GOAX045:X45:X45SA250720:O:29,0,0,0,0,0,1,0,20250720,20251223
GNE:GOAX045:X45:X45SA250720:I:1,0,0,0,0,0,1,0,20250720,20251223
GNE:GOAX045:X45:X45SA250720:I:2,0,0,0,0,0,1,0,20250720,20251223
GNE:GOAX045:X45:X45SA250720:I:3,0,0,0,0,0,1,0,20250720,20251223
GNE:GOAX045:X45:X45SA250720:I:4,0,0,0,0,0,1,0,20250720,20251223
GNE:GOAX045:X45:X45SA250720:I:5,0,0,0,0,0,1,0,20250720,20251223
GNE:GOAX045:X45:X45SA250720:I:6,0,0,0,0,0,1,0,20250720,20251223
GNE:GOAX045:X45:X45SA250720:I:7,0,0,0,0,0,1,0,20250720,20251223
GNE:GOAX045:X45:X45SA250720:I:8,0,0,0,0,0,1,0,20250720,20251223
GNE:GOAX045:X45:X45SA250720:I:9,0,0,0,0,0,1,0,20250720,20251223
GNE:GOAX045:X45:X45SA250720:I:10,0,0,0,0,0,1,0,20250720,20251223
GNE:GOAX045:X45:X45SA250720:I:11,0,0,0,0,0,1,0,20250720,20251223
GNE:GOAX045:X45:X45SA250720:I:12,0,0,0,0,0,1,0,20250720,20251223
GNE:GOAX045:X45:X45SA250720:I:13,0,0,0,0,0,1,0,20250720,20251223
GNE:GOAX045:X45:X45SA250720:I:14,0,0,0,0,0,1,0,20250720,20251223
GNE:GOAX045:X45:X45SA250720:I:15,0,0,0,0,0,1,0,20250720,20251223
GNE:GOAX045:X45:X45SA250720:I:16,0,0,0,0,0,1,0,20250720,20251223
GNE:GOAX045:X45:X45SA250720:I:17,0,0,0,0,0,1,0,20250720,20251223
GNE:GOAX045:X45:X45SA250720:I:18,0,0,0,0,0,1,0,20250720,20251223
GNE:GOAX045:X45:X45SA250720:I:19,0,0,0,0,0,1,0,20250720,20251223
GNE:GOAX045:X45:X45SA250720:I:20,0,0,0,0,0,1,0,20250720,20251223
GNE:GOAX045:X45:X45SA250720:I:21,0,0,0,0,0,1,0,20250720,20251223
GNE:GOAX045:X45:X45SA250720:I:22,0,0,0,0,0,1,0,20250720,20251223
GNE:GOAX045:X45:X45SA250720:I:23,0,0,0,0,0,1,0,20250720,20251223
GNE:GOAX045:X45:X45SA250720:I:24,0,0,0,0,0,1,0,20250720,20251223
GNE:GOAX045:X45:X45SA250720:I:25,0,0,0,0,0,1,0,20250720,20251223
GNE:GOAX045:X45:X45SA250720:I:26,0,0,0,0,0,1,0,20250720,20251223
GNE:GOAX045:X45:X45SA250720:I:27,0,0,0,0,0,1,0,20250720,20251223
GNE:GOAX045:X45:X45SA250720:I:28,0,0,0,0,0,1,0,20250720,20251223
GNE:GOAX045:X45:X45SA250720:I:29,0,0,0,0,0,1,0,20250720,20251223
GNE:GOAX045:X45:X45SU250720:O:1,0,0,0,0,0,0,1,20250720,20251223
GNE:GOAX045:X45:X45SU250720:O:2,0,0,0,0,0,0,1,20250720,20251223
GNE:GOAX045:X45:X45SU250720:O:3,0,0,0,0,0,0,1,20250720,20251223
GNE:GOAX045:X45:X45SU250720:O:4,0,0,0,0,0,0,1,20250720,20251223
GNE:GOAX045:X45:X45SU250720:O:5,0,0,0,0,0,0,1,20250720,20251223
GNE:GOAX045:X45:X45SU250720:O:6,0,0,0,0,0,0,1,20250720,20251223
GNE:GOAX045:X45:X45SU250720:O:7,0,0,0,0,0,0,1,20250720,20251223
GNE:GOAX045:X45:X45SU250720:O:8,0,0,0,0,0,0,1,20250720,20251223
GNE:GOAX045:X45:X45SU250720:O:9,0,0,0,0,0,0,1,20250720,20251223
GNE:GOAX045:X45:X45SU250720:O:10,0,0,0,0,0,0,1,20250720,20251223
GNE:GOAX045:X45:X45SU250720:O:11,0,0,0,0,0,0,1,20250720,20251223
GNE:GOAX045:X45:X45SU250720:O:12,0,0,0,0,0,0,1,20250720,20251223
GNE:GOAX045:X45:X45SU250720:O:13,0,0,0,0,0,0,1,20250720,20251223
GNE:GOAX045:X45:X45SU250720:O:14,0,0,0,0,0,0,1,20250720,20251223
GNE:GOAX045:X45:X45SU250720:O:15,0,0,0,0,0,0,1,20250720,20251223
GNE:GOAX045:X45:X45SU250720:O:16,0,0,0,0,0,0,1,20250720,20251223
GNE:GOAX045:X45:X45SU250720:O:17,0,0,0,0,0,0,1,20250720,20251223
GNE:GOAX045:X45:X45SU250720:O:18,0,0,0,0,0,0,1,20250720,20251223
GNE:GOAX045:X45:X45SU250720:O:19,0,0,0,0,0,0,1,20250720,20251223
GNE:GOAX045:X45:X45SU250720:O:20,0,0,0,0,0,0,1,20250720,20251223
GNE:GOAX045:X45:X45SU250720:O:21,0,0,0,0,0,0,1,20250720,20251223
GNE:GOAX045:X45:X45SU250720:O:22,0,0,0,0,0,0,1,20250720,20251223
GNE:GOAX045:X45:X45SU250720:I:1,0,0,0,0,0,0,1,20250720,20251223
GNE:GOAX045:X45:X45SU250720:I:2,0,0,0,0,0,0,1,20250720,20251223
GNE:GOAX045:X45:X45SU250720:I:3,0,0,0,0,0,0,1,20250720,20251223
GNE:GOAX045:X45:X45SU250720:I:4,0,0,0,0,0,0,1,20250720,20251223
GNE:GOAX045:X45:X45SU250720:I:5,0,0,0,0,0,0,1,20250720,20251223
GNE:GOAX045:X45:X45SU250720:I:6,0,0,0,0,0,0,1,20250720,20251223
GNE:GOAX045:X45:X45SU250720:I:7,0,0,0,0,0,0,1,20250720,20251223
GNE:GOAX045:X45:X45SU250720:I:8,0,0,0,0,0,0,1,20250720,20251223
GNE:GOAX045:X45:X45SU250720:I:9,0,0,0,0,0,0,1,20250720,20251223
GNE:GOAX045:X45:X45SU250720:I:10,0,0,0,0,0,0,1,20250720,20251223
GNE:GOAX045:X45:X45SU250720:I:11,0,0,0,0,0,0,1,20250720,20251223
GNE:GOAX045:X45:X45SU250720:I:12,0,0,0,0,0,0,1,20250720,20251223
GNE:GOAX045:X45:X45SU250720:I:13,0,0,0,0,0,0,1,20250720,20251223
GNE:GOAX045:X45:X45SU250720:I:14,0,0,0,0,0,0,1,20250720,20251223
GNE:GOAX045:X45:X45SU250720:I:15,0,0,0,0,0,0,1,20250720,20251223
GNE:GOAX045:X45:X45SU250720:I:16,0,0,0,0,0,0,1,20250720,20251223
GNE:GOAX045:X45:X45SU250720:I:17,0,0,0,0,0,0,1,20250720,20251223
GNE:GOAX045:X45:X45SU250720:I:18,0,0,0,0,0,0,1,20250720,20251223
GNE:GOAX045:X45:X45SU250720:I:19,0,0,0,0,0,0,1,20250720,20251223
GNE:GOAX045:X45:X45SU250720:I:20,0,0,0,0,0,0,1,20250720,20251223
GNE:GOAX045:X45:X45SU250720:I:21,0,0,0,0,0,0,1,20250720,20251223
GNE:GOAX045:X45:X45SU250720:I:22,0,0,0,0,0,0,1,20250720,20251223
GNE:GOAX045:X45:X45SU250720:I:23,0,0,0,0,0,0,1,20250720,20251223
GNE:GOAX050:X50:300SASB230801:O:1,0,0,0,0,0,0,0,20250720,20251223
GNE:GOAX050:X50:300SASB230801:O:2,0,0,0,0,0,0,0,20250720,20251223
GNE:GOAX050:X50:300SASB230801:O:3,0,0,0,0,0,0,0,20250720,20251223
GNE:GOAX050:X50:300SASB230801:O:4,0,0,0,0,0,0,0,20250720,20251223
GNE:GOAX050:X50:300SASB230801:O:5,0,0,0,0,0,0,0,20250720,20251223
GNE:GOAX050:X50:300SASB230801:O:6,0,0,0,0,0,0,0,20250720,20251223
GNE:GOAX050:X50:300SASB230801:O:7,0,0,0,0,0,0,0,20250720,20251223
GNE:GOAX050:X50:300SASB230801:O:8,0,0,0,0,0,0,0,20250720,20251223
GNE:GOAX050:X50:300SASB230801:O:9,0,0,0,0,0,0,0,20250720,20251223
GNE:GOAX050:X50:300SASB230801:O:10,0,0,0,0,0,0,0,20250720,20251223
GNE:GOAX050:X50:300SASB230801:I:1,0,0,0,0,0,0,0,20250720,20251223
GNE:GOAX050:X50:300SASB230801:I:2,0,0,0,0,0,0,0,20250720,20251223
GNE:GOAX050:X50:300SASB230801:I:3,0,0,0,0,0,0,0,20250720,20251223
GNE:GOAX050:X50:300SASB230801:I:4,0,0,0,0,0,0,0,20250720,20251223
GNE:GOAX050:X50:300SASB230801:I:5,0,0,0,0,0,0,0,20250720,20251223
GNE:GOAX050:X50:300SASB230801:I:6,0,0,0,0,0,0,0,20250720,20251223
GNE:GOAX050:X50:300SASB230801:I:7,0,0,0,0,0,0,0,20250720,20251223
GNE:GOAX050:X50:300SUSB230801:O:1,0,0,0,0,0,0,0,20250720,20251223
GNE:GOAX050:X50:300SUSB230801:O:2,0,0,0,0,0,0,0,20250720,20251223
GNE:GOAX050:X50:300SUSB230801:O:3,0,0,0,0,0,0,0,20250720,20251223
GNE:GOAX050:X50:300SUSB230801:O:4,0,0,0,0,0,0,0,20250720,20251223
GNE:GOAX050:X50:300SUSB230801:O:5,0,0,0,0,0,0,0,20250720,20251223
GNE:GOAX050:X50:300SUSB230801:O:6,0,0,0,0,0,0,0,20250720,20251223
GNE:GOAX050:X50:300SUSB230801:O:7,0,0,0,0,0,0,0,20250720,20251223
GNE:GOAX050:X50:300SUSB230801:O:8,0,0,0,0,0,0,0,20250720,20251223
GNE:GOAX050:X50:300SUSB230801:O:9,0,0,0,0,0,0,0,20250720,20251223
GNE:GOAX050:X50:300SUSB230801:O:10,0,0,0,0,0,0,0,20250720,20251223
GNE:GOAX050:X50:300SUSB230801:I:1,0,0,0,0,0,0,0,20250720,20251223
GNE:GOAX050:X50:300SUSB230801:I:2,0,0,0,0,0,0,0,20250720,20251223
GNE:GOAX050:X50:300SUSB230801:I:3,0,0,0,0,0,0,0,20250720,20251223
GNE:GOAX050:X50:300SUSB230801:I:4,0,0,0,0,0,0,0,20250720,20251223
GNE:GOAX050:X50:300SUSB230801:I:5,0,0,0,0,0,0,0,20250720,20251223
GNE:GOAX050:X50:300SUSB230801:I:6,0,0,0,0,0,0,0,20250720,20251223
GNE:GOAX050:X50:300SUSB230801:I:7,0,0,0,0,0,0,0,20250720,20251223
GNE:GOAX050:X50:800MFSB230801:O:1,0,0,0,0,0,0,0,20250720,20251223
GNE:GOAX050:X50:800MFSB230801:O:2,0,0,0,0,0,0,0,20250720,20251223
GNE:GOAX050:X50:800MFSB230801:O:3,0,0,0,0,0,0,0,20250720,20251223
GNE:GOAX050:X50:800MFSB230801:O:4,0,0,0,0,0,0,0,20250720,20251223
GNE:GOAX050:X50:800MFSB230801:O:5,0,0,0,0,0,0,0,20250720,20251223
GNE:GOAX050:X50:800MFSB230801:O:6,0,0,0,0,0,0,0,20250720,20251223
GNE:GOAX050:X50:800MFSB230801:O:7,0,0,0,0,0,0,0,20250720,20251223
GNE:GOAX050:X50:800MFSB230801:O:8,0,0,0,0,0,0,0,20250720,20251223
GNE:GOAX050:X50:800MFSB230801:O:9,0,0,0,0,0,0,0,20250720,20251223
GNE:GOAX050:X50:800MFSB230801:O:10,0,0,0,0,0,0,0,20250720,20251223
GNE:GOAX050:X50:800MFSB230801:I:1,0,0,0,0,0,0,0,20250720,20251223
GNE:GOAX050:X50:800MFSB230801:I:2,0,0,0,0,0,0,0,20250720,20251223
GNE:GOAX050:X50:800MFSB230801:I:3,0,0,0,0,0,0,0,20250720,20251223
GNE:GOAX050:X50:800MFSB230801:I:4,0,0,0,0,0,0,0,20250720,20251223
GNE:GOAX050:X50:800MFSB230801:I:5,0,0,0,0,0,0,0,20250720,20251223
GNE:GOAX050:X50:800MFSB230801:I:6,0,0,0,0,0,0,0,20250720,20251223
GNE:GOAX050:X50:800MFSB230801:I:7,0,0,0,0,0,0,0,20250720,20251223
GNE:GOAX058:X58:058MF250720:O:49,1,1,1,1,1,0,0,20250720,20251223
GNE:GOAX058:X58:058MF250720:I:4,1,1,1,1,1,0,0,20250720,20251223
GNE:GOAX058:X58:058MF250720:I:7,1,1,1,1,1,0,0,20250720,20251223
GNE:GOAX058:X58:058SA250720:O:47,0,0,0,0,0,1,0,20250720,20251223
GNE:GOAX058:X58:058SA250720:I:1,0,0,0,0,0,1,0,20250720,20251223
GNE:GOAX058:X58:058SA250720:I:2,0,0,0,0,0,1,0,20250720,20251223
GNE:GOAX058:X58:058SU250720:O:25,0,0,0,0,0,0,1,20250720,20251223
GNE:GOAX058:X58:058SU250720:I:1,0,0,0,0,0,0,1,20250720,20251223
GNE:GOAX058:X58:058SU250720:I:2,0,0,0,0,0,0,1,20250720,20251223
GNE:GOAX062:X62:X62MF250720:O:1,0,0,0,0,0,0,0,20250720,20251223
GNE:GOAX062:X62:X62MF250720:I:1,0,0,0,0,0,0,0,20250720,20251223
GNE:GOAX066:X66:X66MF250720:O:1,1,1,1,1,1,0,0,20250720,20251223
GNE:GOAX066:X66:X66MF250720:O:2,1,1,1,1,1,0,0,20250720,20251223
GNE:GOAX066:X66:X66MF250720:O:3,1,1,1,1,1,0,0,20250720,20251223
GNE:GOAX066:X66:X66MF250720:O:4,1,1,1,1,1,0,0,20250720,20251223
GNE:GOAX066:X66:X66MF250720:O:5,1,1,1,1,1,0,0,20250720,20251223
GNE:GOAX066:X66:X66MF250720:O:6,1,1,1,1,1,0,0,20250720,20251223
GNE:GOAX066:X66:X66MF250720:O:7,1,1,1,1,1,0,0,20250720,20251223
GNE:GOAX066:X66:X66MF250720:O:8,1,1,1,1,1,0,0,20250720,20251223
GNE:GOAX066:X66:X66MF250720:O:9,1,1,1,1,1,0,0,20250720,20251223
GNE:GOAX066:X66:X66MF250720:O:10,1,1,1,1,1,0,0,20250720,20251223
GNE:GOAX066:X66:X66MF250720:O:11,1,1,1,1,1,0,0,20250720,20251223
GNE:GOAX066:X66:X66MF250720:O:12,1,1,1,1,1,0,0,20250720,20251223
GNE:GOAX066:X66:X66MF250720:O:13,1,1,1,1,1,0,0,20250720,20251223
GNE:GOAX066:X66:X66MF250720:O:14,1,1,1,1,1,0,0,20250720,20251223
GNE:GOAX066:X66:X66MF250720:O:15,1,1,1,1,1,0,0,20250720,20251223
GNE:GOAX066:X66:X66MF250720:O:16,1,1,1,1,1,0,0,20250720,20251223
GNE:GOAX066:X66:X66MF250720:O:17,1,1,1,1,1,0,0,20250720,20251223
GNE:GOAX066:X66:X66MF250720:O:18,1,1,1,1,1,0,0,20250720,20251223
GNE:GOAX066:X66:X66MF250720:O:19,1,1,1,1,1,0,0,20250720,20251223
GNE:GOAX066:X66:X66MF250720:O:20,1,1,1,1,1,0,0,20250720,20251223
GNE:GOAX066:X66:X66MF250720:O:21,1,1,1,1,1,0,0,20250720,20251223
GNE:GOAX066:X66:X66MF250720:O:22,1,1,1,1,1,0,0,20250720,20251223
GNE:GOAX066:X66:X66MF250720:O:23,1,1,1,1,1,0,0,20250720,20251223
GNE:GOAX066:X66:X66MF250720:O:24,1,1,1,1,1,0,0,20250720,20251223
GNE:GOAX066:X66:X66MF250720:O:25,1,1,1,1,1,0,0,20250720,20251223
GNE:GOAX066:X66:X66MF250720:O:26,1,1,1,1,1,0,0,20250720,20251223
GNE:GOAX066:X66:X66MF250720:O:27,1,1,1,1,1,0,0,20250720,20251223
GNE:GOAX066:X66:X66MF250720:O:28,1,1,1,1,1,0,0,20250720,20251223
GNE:GOAX066:X66:X66MF250720:O:29,1,1,1,1,1,0,0,20250720,20251223
GNE:GOAX066:X66:X66MF250720:O:30,1,1,1,1,1,0,0,20250720,20251223
GNE:GOAX066:X66:X66MF250720:O:31,1,1,1,1,1,0,0,20250720,20251223
GNE:GOAX066:X66:X66MF250720:O:32,1,1,1,1,1,0,0,20250720,20251223
GNE:GOAX066:X66:X66MF250720:O:33,1,1,1,1,1,0,0,20250720,20251223
GNE:GOAX066:X66:X66MF250720:O:34,1,1,1,1,1,0,0,20250720,20251223
GNE:GOAX066:X66:X66MF250720:O:35,1,1,1,1,1,0,0,20250720,20251223
GNE:GOAX066:X66:X66MF250720:O:36,1,1,1,1,1,0,0,20250720,20251223
GNE:GOAX066:X66:X66MF250720:O:37,1,1,1,1,1,0,0,20250720,20251223
GNE:GOAX066:X66:X66MF250720:O:38,1,1,1,1,1,0,0,20250720,20251223
GNE:GOAX066:X66:X66MF250720:O:39,1,1,1,1,1,0,0,20250720,20251223
GNE:GOAX066:X66:X66MF250720:O:40,1,1,1,1,1,0,0,20250720,20251223
GNE:GOAX066:X66:X66MF250720:O:41,1,1,1,1,1,0,0,20250720,20251223
GNE:GOAX066:X66:X66MF250720:O:42,1,1,1,1,1,0,0,20250720,20251223
GNE:GOAX066:X66:X66MF250720:O:43,1,1,1,1,1,0,0,20250720,20251223
GNE:GOAX066:X66:X66MF250720:O:44,1,1,1,1,1,0,0,20250720,20251223
GNE:GOAX066:X66:X66MF250720:O:45,1,1,1,1,1,0,0,20250720,20251223
GNE:GOAX066:X66:X66MF250720:O:46,1,1,1,1,1,0,0,20250720,20251223
GNE:GOAX066:X66:X66MF250720:O:47,1,1,1,1,1,0,0,20250720,20251223
GNE:GOAX066:X66:X66MF250720:O:48,1,1,1,1,1,0,0,20250720,20251223
GNE:GOAX066:X66:X66MF250720:O:49,1,1,1,1,1,0,0,20250720,20251223
GNE:GOAX066:X66:X66MF250720:O:50,1,1,1,1,1,0,0,20250720,20251223
GNE:GOAX066:X66:X66MF250720:O:51,1,1,1,1,1,0,0,20250720,20251223
GNE:GOAX066:X66:X66MF250720:O:52,1,1,1,1,1,0,0,20250720,20251223
GNE:GOAX066:X66:X66MF250720:O:53,1,1,1,1,1,0,0,20250720,20251223
GNE:GOAX066:X66:X66MF250720:O:54,1,1,1,1,1,0,0,20250720,20251223
GNE:GOAX066:X66:X66MF250720:O:55,1,1,1,1,1,0,0,20250720,20251223
GNE:GOAX066:X66:X66MF250720:O:56,1,1,1,1,1,0,0,20250720,20251223
GNE:GOAX066:X66:X66MF250720:O:57,1,1,1,1,1,0,0,20250720,20251223
GNE:GOAX066:X66:X66MF250720:O:58,1,1,1,1,1,0,0,20250720,20251223
GNE:GOAX066:X66:X66MF250720:O:59,1,1,1,1,1,0,0,20250720,20251223
GNE:GOAX066:X66:X66MF250720:O:60,1,1,1,1,1,0,0,20250720,20251223
GNE:GOAX066:X66:X66MF250720:O:61,1,1,1,1,1,0,0,20250720,20251223
GNE:GOAX066:X66:X66MF250720:O:62,1,1,1,1,1,0,0,20250720,20251223
GNE:GOAX066:X66:X66MF250720:O:63,1,1,1,1,1,0,0,20250720,20251223
GNE:GOAX066:X66:X66MF250720:O:64,1,1,1,1,1,0,0,20250720,20251223
GNE:GOAX066:X66:X66MF250720:O:65,1,1,1,1,1,0,0,20250720,20251223
GNE:GOAX066:X66:X66MF250720:O:66,1,1,1,1,1,0,0,20250720,20251223
GNE:GOAX066:X66:X66MF250720:O:67,1,1,1,1,1,0,0,20250720,20251223
GNE:GOAX066:X66:X66MF250720:O:68,1,1,1,1,1,0,0,20250720,20251223
GNE:GOAX066:X66:X66MF250720:O:69,1,1,1,1,1,0,0,20250720,20251223
GNE:GOAX066:X66:X66MF250720:O:70,1,1,1,1,1,0,0,20250720,20251223
GNE:GOAX066:X66:X66MF250720:O:71,1,1,1,1,1,0,0,20250720,20251223
GNE:GOAX066:X66:X66MF250720:O:72,1,1,1,1,1,0,0,20250720,20251223
GNE:GOAX066:X66:X66MF250720:O:73,1,1,1,1,1,0,0,20250720,20251223
GNE:GOAX066:X66:X66MF250720:O:74,1,1,1,1,1,0,0,20250720,20251223
GNE:GOAX066:X66:X66MF250720:O:75,1,1,1,1,1,0,0,20250720,20251223
GNE:GOAX066:X66:X66MF250720:O:76,1,1,1,1,1,0,0,20250720,20251223
GNE:GOAX066:X66:X66MF250720:O:77,1,1,1,1,1,0,0,20250720,20251223
GNE:GOAX066:X66:X66MF250720:O:78,1,1,1,1,1,0,0,20250720,20251223
GNE:GOAX066:X66:X66MF250720:O:79,1,1,1,1,1,0,0,20250720,20251223
GNE:GOAX066:X66:X66MF250720:O:80,1,1,1,1,1,0,0,20250720,20251223
GNE:GOAX066:X66:X66MF250720:O:81,1,1,1,1,1,0,0,20250720,20251223
GNE:GOAX066:X66:X66MF250720:O:82,1,1,1,1,1,0,0,20250720,20251223
GNE:GOAX066:X66:X66MF250720:O:83,1,1,1,1,1,0,0,20250720,20251223
GNE:GOAX066:X66:X66MF250720:I:1,1,1,1,1,1,0,0,20250720,20251223
GNE:GOAX066:X66:X66MF250720:I:2,1,1,1,1,1,0,0,20250720,20251223
GNE:GOAX066:X66:X66MF250720:I:3,1,1,1,1,1,0,0,20250720,20251223
GNE:GOAX066:X66:X66MF250720:I:4,1,1,1,1,1,0,0,20250720,20251223
GNE:GOAX066:X66:X66MF250720:I:5,1,1,1,1,1,0,0,20250720,20251223
GNE:GOAX066:X66:X66MF250720:I:6,1,1,1,1,1,0,0,20250720,20251223
GNE:GOAX066:X66:X66MF250720:I:7,1,1,1,1,1,0,0,20250720,20251223
GNE:GOAX066:X66:X66MF250720:I:8,1,1,1,1,1,0,0,20250720,20251223
GNE:GOAX066:X66:X66MF250720:I:9,1,1,1,1,1,0,0,20250720,20251223
GNE:GOAX066:X66:X66MF250720:I:10,1,1,1,1,1,0,0,20250720,20251223
GNE:GOAX066:X66:X66MF250720:I:11,1,1,1,1,1,0,0,20250720,20251223
GNE:GOAX066:X66:X66MF250720:I:12,1,1,1,1,1,0,0,20250720,20251223
GNE:GOAX066:X66:X66MF250720:I:13,1,1,1,1,1,0,0,20250720,20251223
GNE:GOAX066:X66:X66MF250720:I:14,1,1,1,1,1,0,0,20250720,20251223
GNE:GOAX066:X66:X66MF250720:I:15,1,1,1,1,1,0,0,20250720,20251223
GNE:GOAX066:X66:X66MF250720:I:16,1,1,1,1,1,0,0,20250720,20251223
GNE:GOAX066:X66:X66MF250720:I:17,1,1,1,1,1,0,0,20250720,20251223
GNE:GOAX066:X66:X66MF250720:I:18,1,1,1,1,1,0,0,20250720,20251223
GNE:GOAX066:X66:X66MF250720:I:19,1,1,1,1,1,0,0,20250720,20251223
GNE:GOAX066:X66:X66MF250720:I:20,1,1,1,1,1,0,0,20250720,20251223
GNE:GOAX066:X66:X66MF250720:I:21,1,1,1,1,1,0,0,20250720,20251223
GNE:GOAX066:X66:X66MF250720:I:22,1,1,1,1,1,0,0,20250720,20251223
GNE:GOAX066:X66:X66MF250720:I:23,1,1,1,1,1,0,0,20250720,20251223
GNE:GOAX066:X66:X66MF250720:I:24,1,1,1,1,1,0,0,20250720,20251223
GNE:GOAX066:X66:X66MF250720:I:25,1,1,1,1,1,0,0,20250720,20251223
GNE:GOAX066:X66:X66MF250720:I:26,1,1,1,1,1,0,0,20250720,20251223
GNE:GOAX066:X66:X66MF250720:I:27,1,1,1,1,1,0,0,20250720,20251223
GNE:GOAX066:X66:X66MF250720:I:28,1,1,1,1,1,0,0,20250720,20251223
GNE:GOAX066:X66:X66MF250720:I:29,1,1,1,1,1,0,0,20250720,20251223
GNE:GOAX066:X66:X66MF250720:I:30,1,1,1,1,1,0,0,20250720,20251223
GNE:GOAX066:X66:X66MF250720:I:31,1,1,1,1,1,0,0,20250720,20251223
GNE:GOAX066:X66:X66MF250720:I:32,1,1,1,1,1,0,0,20250720,20251223
GNE:GOAX066:X66:X66MF250720:I:33,1,1,1,1,1,0,0,20250720,20251223
GNE:GOAX066:X66:X66MF250720:I:34,1,1,1,1,1,0,0,20250720,20251223
GNE:GOAX066:X66:X66MF250720:I:35,1,1,1,1,1,0,0,20250720,20251223
GNE:GOAX066:X66:X66MF250720:I:36,1,1,1,1,1,0,0,20250720,20251223
GNE:GOAX066:X66:X66MF250720:I:37,1,1,1,1,1,0,0,20250720,20251223
GNE:GOAX066:X66:X66MF250720:I:38,1,1,1,1,1,0,0,20250720,20251223
GNE:GOAX066:X66:X66MF250720:I:39,1,1,1,1,1,0,0,20250720,20251223
GNE:GOAX066:X66:X66MF250720:I:40,1,1,1,1,1,0,0,20250720,20251223
GNE:GOAX066:X66:X66MF250720:I:41,1,1,1,1,1,0,0,20250720,20251223
GNE:GOAX066:X66:X66MF250720:I:42,1,1,1,1,1,0,0,20250720,20251223
GNE:GOAX066:X66:X66MF250720:I:43,1,1,1,1,1,0,0,20250720,20251223
GNE:GOAX066:X66:X66MF250720:I:44,1,1,1,1,1,0,0,20250720,20251223
GNE:GOAX066:X66:X66MF250720:I:45,1,1,1,1,1,0,0,20250720,20251223
GNE:GOAX066:X66:X66MF250720:I:46,1,1,1,1,1,0,0,20250720,20251223
GNE:GOAX066:X66:X66MF250720:I:47,1,1,1,1,1,0,0,20250720,20251223
GNE:GOAX066:X66:X66MF250720:I:48,1,1,1,1,1,0,0,20250720,20251223
GNE:GOAX066:X66:X66MF250720:I:49,1,1,1,1,1,0,0,20250720,20251223
GNE:GOAX066:X66:X66MF250720:I:50,1,1,1,1,1,0,0,20250720,20251223
GNE:GOAX066:X66:X66MF250720:I:51,1,1,1,1,1,0,0,20250720,20251223
GNE:GOAX066:X66:X66MF250720:I:52,1,1,1,1,1,0,0,20250720,20251223
GNE:GOAX066:X66:X66MF250720:I:53,1,1,1,1,1,0,0,20250720,20251223
GNE:GOAX066:X66:X66MF250720:I:54,1,1,1,1,1,0,0,20250720,20251223
GNE:GOAX066:X66:X66MF250720:I:55,1,1,1,1,1,0,0,20250720,20251223
GNE:GOAX066:X66:X66MF250720:I:56,1,1,1,1,1,0,0,20250720,20251223
GNE:GOAX066:X66:X66MF250720:I:57,1,1,1,1,1,0,0,20250720,20251223
GNE:GOAX066:X66:X66MF250720:I:58,1,1,1,1,1,0,0,20250720,20251223
GNE:GOAX066:X66:X66MF250720:I:59,1,1,1,1,1,0,0,20250720,20251223
GNE:GOAX066:X66:X66MF250720:I:60,1,1,1,1,1,0,0,20250720,20251223
GNE:GOAX066:X66:X66MF250720:I:61,1,1,1,1,1,0,0,20250720,20251223
GNE:GOAX066:X66:X66MF250720:I:62,1,1,1,1,1,0,0,20250720,20251223
GNE:GOAX066:X66:X66MF250720:I:63,1,1,1,1,1,0,0,20250720,20251223
GNE:GOAX066:X66:X66MF250720:I:64,1,1,1,1,1,0,0,20250720,20251223
GNE:GOAX066:X66:X66MF250720:I:65,1,1,1,1,1,0,0,20250720,20251223
GNE:GOAX066:X66:X66MF250720:I:66,1,1,1,1,1,0,0,20250720,20251223
GNE:GOAX066:X66:X66MF250720:I:67,1,1,1,1,1,0,0,20250720,20251223
GNE:GOAX066:X66:X66MF250720:I:68,1,1,1,1,1,0,0,20250720,20251223
GNE:GOAX066:X66:X66MF250720:I:69,1,1,1,1,1,0,0,20250720,20251223
GNE:GOAX066:X66:X66MF250720:I:70,1,1,1,1,1,0,0,20250720,20251223
GNE:GOAX066:X66:X66MF250720:I:71,1,1,1,1,1,0,0,20250720,20251223
GNE:GOAX066:X66:X66MF250720:I:72,1,1,1,1,1,0,0,20250720,20251223
GNE:GOAX066:X66:X66MF250720:I:73,1,1,1,1,1,0,0,20250720,20251223
GNE:GOAX066:X66:X66MF250720:I:74,1,1,1,1,1,0,0,20250720,20251223
GNE:GOAX066:X66:X66MF250720:I:75,1,1,1,1,1,0,0,20250720,20251223
GNE:GOAX066:X66:X66MF250720:I:76,1,1,1,1,1,0,0,20250720,20251223
GNE:GOAX066:X66:X66MF250720:I:77,1,1,1,1,1,0,0,20250720,20251223
GNE:GOAX066:X66:X66MF250720:I:78,1,1,1,1,1,0,0,20250720,20251223
GNE:GOAX066:X66:X66MF250720:I:79,1,1,1,1,1,0,0,20250720,20251223
GNE:GOAX066:X66:X66MF250720:I:80,1,1,1,1,1,0,0,20250720,20251223
GNE:GOAX066:X66:X66MF250720:I:81,1,1,1,1,1,0,0,20250720,20251223
GNE:GOAX066:X66:X66MF250720:I:82,1,1,1,1,1,0,0,20250720,20251223
GNE:GOAX066:X66:X66MF250720:I:83,1,1,1,1,1,0,0,20250720,20251223
GNE:GOAX066:X66:X66SA250720:O:1,0,0,0,0,0,1,0,20250720,20251223
GNE:GOAX066:X66:X66SA250720:O:2,0,0,0,0,0,1,0,20250720,20251223
GNE:GOAX066:X66:X66SA250720:O:3,0,0,0,0,0,1,0,20250720,20251223
GNE:GOAX066:X66:X66SA250720:O:4,0,0,0,0,0,1,0,20250720,20251223
GNE:GOAX066:X66:X66SA250720:O:5,0,0,0,0,0,1,0,20250720,20251223
GNE:GOAX066:X66:X66SA250720:O:6,0,0,0,0,0,1,0,20250720,20251223
GNE:GOAX066:X66:X66SA250720:O:7,0,0,0,0,0,1,0,20250720,20251223
GNE:GOAX066:X66:X66SA250720:O:8,0,0,0,0,0,1,0,20250720,20251223
GNE:GOAX066:X66:X66SA250720:O:9,0,0,0,0,0,1,0,20250720,20251223
GNE:GOAX066:X66:X66SA250720:O:10,0,0,0,0,0,1,0,20250720,20251223
GNE:GOAX066:X66:X66SA250720:O:11,0,0,0,0,0,1,0,20250720,20251223
GNE:GOAX066:X66:X66SA250720:O:12,0,0,0,0,0,1,0,20250720,20251223
GNE:GOAX066:X66:X66SA250720:O:13,0,0,0,0,0,1,0,20250720,20251223
GNE:GOAX066:X66:X66SA250720:O:14,0,0,0,0,0,1,0,20250720,20251223
GNE:GOAX066:X66:X66SA250720:O:15,0,0,0,0,0,1,0,20250720,20251223
GNE:GOAX066:X66:X66SA250720:O:16,0,0,0,0,0,1,0,20250720,20251223
GNE:GOAX066:X66:X66SA250720:O:17,0,0,0,0,0,1,0,20250720,20251223
GNE:GOAX066:X66:X66SA250720:O:18,0,0,0,0,0,1,0,20250720,20251223
GNE:GOAX066:X66:X66SA250720:O:19,0,0,0,0,0,1,0,20250720,20251223
GNE:GOAX066:X66:X66SA250720:O:20,0,0,0,0,0,1,0,20250720,20251223
GNE:GOAX066:X66:X66SA250720:O:21,0,0,0,0,0,1,0,20250720,20251223
GNE:GOAX066:X66:X66SA250720:O:22,0,0,0,0,0,1,0,20250720,20251223
GNE:GOAX066:X66:X66SA250720:O:23,0,0,0,0,0,1,0,20250720,20251223
GNE:GOAX066:X66:X66SA250720:O:24,0,0,0,0,0,1,0,20250720,20251223
GNE:GOAX066:X66:X66SA250720:O:25,0,0,0,0,0,1,0,20250720,20251223
GNE:GOAX066:X66:X66SA250720:O:26,0,0,0,0,0,1,0,20250720,20251223
GNE:GOAX066:X66:X66SA250720:O:27,0,0,0,0,0,1,0,20250720,20251223
GNE:GOAX066:X66:X66SA250720:O:28,0,0,0,0,0,1,0,20250720,20251223
GNE:GOAX066:X66:X66SA250720:O:29,0,0,0,0,0,1,0,20250720,20251223
GNE:GOAX066:X66:X66SA250720:O:30,0,0,0,0,0,1,0,20250720,20251223
GNE:GOAX066:X66:X66SA250720:O:31,0,0,0,0,0,1,0,20250720,20251223
GNE:GOAX066:X66:X66SA250720:O:32,0,0,0,0,0,1,0,20250720,20251223
GNE:GOAX066:X66:X66SA250720:O:33,0,0,0,0,0,1,0,20250720,20251223
GNE:GOAX066:X66:X66SA250720:O:34,0,0,0,0,0,1,0,20250720,20251223
GNE:GOAX066:X66:X66SA250720:O:35,0,0,0,0,0,1,0,20250720,20251223
GNE:GOAX066:X66:X66SA250720:O:36,0,0,0,0,0,1,0,20250720,20251223
GNE:GOAX066:X66:X66SA250720:O:37,0,0,0,0,0,1,0,20250720,20251223
GNE:GOAX066:X66:X66SA250720:O:38,0,0,0,0,0,1,0,20250720,20251223
GNE:GOAX066:X66:X66SA250720:O:39,0,0,0,0,0,1,0,20250720,20251223
GNE:GOAX066:X66:X66SA250720:O:40,0,0,0,0,0,1,0,20250720,20251223
GNE:GOAX066:X66:X66SA250720:O:41,0,0,0,0,0,1,0,20250720,20251223
GNE:GOAX066:X66:X66SA250720:O:42,0,0,0,0,0,1,0,20250720,20251223
GNE:GOAX066:X66:X66SA250720:O:43,0,0,0,0,0,1,0,20250720,20251223
GNE:GOAX066:X66:X66SA250720:O:44,0,0,0,0,0,1,0,20250720,20251223
GNE:GOAX066:X66:X66SA250720:O:45,0,0,0,0,0,1,0,20250720,20251223
GNE:GOAX066:X66:X66SA250720:O:46,0,0,0,0,0,1,0,20250720,20251223
GNE:GOAX066:X66:X66SA250720:O:47,0,0,0,0,0,1,0,20250720,20251223
GNE:GOAX066:X66:X66SA250720:O:48,0,0,0,0,0,1,0,20250720,20251223
GNE:GOAX066:X66:X66SA250720:O:49,0,0,0,0,0,1,0,20250720,20251223
GNE:GOAX066:X66:X66SA250720:O:50,0,0,0,0,0,1,0,20250720,20251223
GNE:GOAX066:X66:X66SA250720:O:51,0,0,0,0,0,1,0,20250720,20251223
GNE:GOAX066:X66:X66SA250720:O:52,0,0,0,0,0,1,0,20250720,20251223
GNE:GOAX066:X66:X66SA250720:O:53,0,0,0,0,0,1,0,20250720,20251223
GNE:GOAX066:X66:X66SA250720:O:54,0,0,0,0,0,1,0,20250720,20251223
GNE:GOAX066:X66:X66SA250720:O:55,0,0,0,0,0,1,0,20250720,20251223
GNE:GOAX066:X66:X66SA250720:O:56,0,0,0,0,0,1,0,20250720,20251223
GNE:GOAX066:X66:X66SA250720:O:57,0,0,0,0,0,1,0,20250720,20251223
GNE:GOAX066:X66:X66SA250720:O:58,0,0,0,0,0,1,0,20250720,20251223
GNE:GOAX066:X66:X66SA250720:O:59,0,0,0,0,0,1,0,20250720,20251223
GNE:GOAX066:X66:X66SA250720:O:60,0,0,0,0,0,1,0,20250720,20251223
GNE:GOAX066:X66:X66SA250720:O:61,0,0,0,0,0,1,0,20250720,20251223
GNE:GOAX066:X66:X66SA250720:O:62,0,0,0,0,0,1,0,20250720,20251223
GNE:GOAX066:X66:X66SA250720:O:63,0,0,0,0,0,1,0,20250720,20251223
GNE:GOAX066:X66:X66SA250720:O:64,0,0,0,0,0,1,0,20250720,20251223
GNE:GOAX066:X66:X66SA250720:O:65,0,0,0,0,0,1,0,20250720,20251223
GNE:GOAX066:X66:X66SA250720:O:66,0,0,0,0,0,1,0,20250720,20251223
GNE:GOAX066:X66:X66SA250720:O:67,0,0,0,0,0,1,0,20250720,20251223
GNE:GOAX066:X66:X66SA250720:O:68,0,0,0,0,0,1,0,20250720,20251223
GNE:GOAX066:X66:X66SA250720:O:69,0,0,0,0,0,1,0,20250720,20251223
GNE:GOAX066:X66:X66SA250720:O:70,0,0,0,0,0,1,0,20250720,20251223
GNE:GOAX066:X66:X66SA250720:O:71,0,0,0,0,0,1,0,20250720,20251223
GNE:GOAX066:X66:X66SA250720:O:72,0,0,0,0,0,1,0,20250720,20251223
GNE:GOAX066:X66:X66SA250720:O:73,0,0,0,0,0,1,0,20250720,20251223
GNE:GOAX066:X66:X66SA250720:O:74,0,0,0,0,0,1,0,20250720,20251223
GNE:GOAX066:X66:X66SA250720:O:75,0,0,0,0,0,1,0,20250720,20251223
GNE:GOAX066:X66:X66SA250720:O:76,0,0,0,0,0,1,0,20250720,20251223
GNE:GOAX066:X66:X66SA250720:O:77,0,0,0,0,0,1,0,20250720,20251223
GNE:GOAX066:X66:X66SA250720:O:78,0,0,0,0,0,1,0,20250720,20251223
GNE:GOAX066:X66:X66SA250720:O:79,0,0,0,0,0,1,0,20250720,20251223
GNE:GOAX066:X66:X66SA250720:O:80,0,0,0,0,0,1,0,20250720,20251223
GNE:GOAX066:X66:X66SA250720:O:81,0,0,0,0,0,1,0,20250720,20251223
GNE:GOAX066:X66:X66SA250720:O:82,0,0,0,0,0,1,0,20250720,20251223
GNE:GOAX066:X66:X66SA250720:O:83,0,0,0,0,0,1,0,20250720,20251223
GNE:GOAX066:X66:X66SA250720:O:84,0,0,0,0,0,1,0,20250720,20251223
GNE:GOAX066:X66:X66SA250720:O:85,0,0,0,0,0,1,0,20250720,20251223
GNE:GOAX066:X66:X66SA250720:O:86,0,0,0,0,0,1,0,20250720,20251223
GNE:GOAX066:X66:X66SA250720:O:87,0,0,0,0,0,1,0,20250720,20251223
GNE:GOAX066:X66:X66SA250720:O:88,0,0,0,0,0,1,0,20250720,20251223
GNE:GOAX066:X66:X66SA250720:O:89,0,0,0,0,0,1,0,20250720,20251223
GNE:GOAX066:X66:X66SA250720:I:1,0,0,0,0,0,1,0,20250720,20251223
GNE:GOAX066:X66:X66SA250720:I:2,0,0,0,0,0,1,0,20250720,20251223
GNE:GOAX066:X66:X66SA250720:I:3,0,0,0,0,0,1,0,20250720,20251223
GNE:GOAX066:X66:X66SA250720:I:4,0,0,0,0,0,1,0,20250720,20251223
GNE:GOAX066:X66:X66SA250720:I:5,0,0,0,0,0,1,0,20250720,20251223
GNE:GOAX066:X66:X66SA250720:I:6,0,0,0,0,0,1,0,20250720,20251223
GNE:GOAX066:X66:X66SA250720:I:7,0,0,0,0,0,1,0,20250720,20251223
GNE:GOAX066:X66:X66SA250720:I:8,0,0,0,0,0,1,0,20250720,20251223
GNE:GOAX066:X66:X66SA250720:I:9,0,0,0,0,0,1,0,20250720,20251223
GNE:GOAX066:X66:X66SA250720:I:10,0,0,0,0,0,1,0,20250720,20251223
GNE:GOAX066:X66:X66SA250720:I:11,0,0,0,0,0,1,0,20250720,20251223
GNE:GOAX066:X66:X66SA250720:I:12,0,0,0,0,0,1,0,20250720,20251223
GNE:GOAX066:X66:X66SA250720:I:13,0,0,0,0,0,1,0,20250720,20251223
GNE:GOAX066:X66:X66SA250720:I:14,0,0,0,0,0,1,0,20250720,20251223
GNE:GOAX066:X66:X66SA250720:I:15,0,0,0,0,0,1,0,20250720,20251223
GNE:GOAX066:X66:X66SA250720:I:16,0,0,0,0,0,1,0,20250720,20251223
GNE:GOAX066:X66:X66SA250720:I:17,0,0,0,0,0,1,0,20250720,20251223
GNE:GOAX066:X66:X66SA250720:I:18,0,0,0,0,0,1,0,20250720,20251223
GNE:GOAX066:X66:X66SA250720:I:19,0,0,0,0,0,1,0,20250720,20251223
GNE:GOAX066:X66:X66SA250720:I:20,0,0,0,0,0,1,0,20250720,20251223
GNE:GOAX066:X66:X66SA250720:I:21,0,0,0,0,0,1,0,20250720,20251223
GNE:GOAX066:X66:X66SA250720:I:22,0,0,0,0,0,1,0,20250720,20251223
GNE:GOAX066:X66:X66SA250720:I:23,0,0,0,0,0,1,0,20250720,20251223
GNE:GOAX066:X66:X66SA250720:I:24,0,0,0,0,0,1,0,20250720,20251223
GNE:GOAX066:X66:X66SA250720:I:25,0,0,0,0,0,1,0,20250720,20251223
GNE:GOAX066:X66:X66SA250720:I:26,0,0,0,0,0,1,0,20250720,20251223
GNE:GOAX066:X66:X66SA250720:I:27,0,0,0,0,0,1,0,20250720,20251223
GNE:GOAX066:X66:X66SA250720:I:28,0,0,0,0,0,1,0,20250720,20251223
GNE:GOAX066:X66:X66SA250720:I:29,0,0,0,0,0,1,0,20250720,20251223
GNE:GOAX066:X66:X66SA250720:I:30,0,0,0,0,0,1,0,20250720,20251223
GNE:GOAX066:X66:X66SA250720:I:31,0,0,0,0,0,1,0,20250720,20251223
GNE:GOAX066:X66:X66SA250720:I:32,0,0,0,0,0,1,0,20250720,20251223
GNE:GOAX066:X66:X66SA250720:I:33,0,0,0,0,0,1,0,20250720,20251223
GNE:GOAX066:X66:X66SA250720:I:34,0,0,0,0,0,1,0,20250720,20251223
GNE:GOAX066:X66:X66SA250720:I:35,0,0,0,0,0,1,0,20250720,20251223
GNE:GOAX066:X66:X66SA250720:I:36,0,0,0,0,0,1,0,20250720,20251223
GNE:GOAX066:X66:X66SA250720:I:37,0,0,0,0,0,1,0,20250720,20251223
GNE:GOAX066:X66:X66SA250720:I:38,0,0,0,0,0,1,0,20250720,20251223
GNE:GOAX066:X66:X66SA250720:I:39,0,0,0,0,0,1,0,20250720,20251223
GNE:GOAX066:X66:X66SA250720:I:40,0,0,0,0,0,1,0,20250720,20251223
GNE:GOAX066:X66:X66SA250720:I:41,0,0,0,0,0,1,0,20250720,20251223
GNE:GOAX066:X66:X66SA250720:I:42,0,0,0,0,0,1,0,20250720,20251223
GNE:GOAX066:X66:X66SA250720:I:43,0,0,0,0,0,1,0,20250720,20251223
GNE:GOAX066:X66:X66SA250720:I:44,0,0,0,0,0,1,0,20250720,20251223
GNE:GOAX066:X66:X66SA250720:I:45,0,0,0,0,0,1,0,20250720,20251223
GNE:GOAX066:X66:X66SA250720:I:46,0,0,0,0,0,1,0,20250720,20251223
GNE:GOAX066:X66:X66SA250720:I:47,0,0,0,0,0,1,0,20250720,20251223
GNE:GOAX066:X66:X66SA250720:I:48,0,0,0,0,0,1,0,20250720,20251223
GNE:GOAX066:X66:X66SA250720:I:49,0,0,0,0,0,1,0,20250720,20251223
GNE:GOAX066:X66:X66SA250720:I:50,0,0,0,0,0,1,0,20250720,20251223
GNE:GOAX066:X66:X66SA250720:I:51,0,0,0,0,0,1,0,20250720,20251223
GNE:GOAX066:X66:X66SA250720:I:52,0,0,0,0,0,1,0,20250720,20251223
GNE:GOAX066:X66:X66SA250720:I:53,0,0,0,0,0,1,0,20250720,20251223
GNE:GOAX066:X66:X66SA250720:I:54,0,0,0,0,0,1,0,20250720,20251223
GNE:GOAX066:X66:X66SA250720:I:55,0,0,0,0,0,1,0,20250720,20251223
GNE:GOAX066:X66:X66SA250720:I:56,0,0,0,0,0,1,0,20250720,20251223
GNE:GOAX066:X66:X66SA250720:I:57,0,0,0,0,0,1,0,20250720,20251223
GNE:GOAX066:X66:X66SA250720:I:58,0,0,0,0,0,1,0,20250720,20251223
GNE:GOAX066:X66:X66SA250720:I:59,0,0,0,0,0,1,0,20250720,20251223
GNE:GOAX066:X66:X66SA250720:I:60,0,0,0,0,0,1,0,20250720,20251223
GNE:GOAX066:X66:X66SA250720:I:61,0,0,0,0,0,1,0,20250720,20251223
GNE:GOAX066:X66:X66SA250720:I:62,0,0,0,0,0,1,0,20250720,20251223
GNE:GOAX066:X66:X66SA250720:I:63,0,0,0,0,0,1,0,20250720,20251223
GNE:GOAX066:X66:X66SA250720:I:64,0,0,0,0,0,1,0,20250720,20251223
GNE:GOAX066:X66:X66SA250720:I:65,0,0,0,0,0,1,0,20250720,20251223
GNE:GOAX066:X66:X66SA250720:I:66,0,0,0,0,0,1,0,20250720,20251223
GNE:GOAX066:X66:X66SA250720:I:67,0,0,0,0,0,1,0,20250720,20251223
GNE:GOAX066:X66:X66SA250720:I:68,0,0,0,0,0,1,0,20250720,20251223
GNE:GOAX066:X66:X66SA250720:I:69,0,0,0,0,0,1,0,20250720,20251223
GNE:GOAX066:X66:X66SA250720:I:70,0,0,0,0,0,1,0,20250720,20251223
GNE:GOAX066:X66:X66SA250720:I:71,0,0,0,0,0,1,0,20250720,20251223
GNE:GOAX066:X66:X66SA250720:I:72,0,0,0,0,0,1,0,20250720,20251223
GNE:GOAX066:X66:X66SA250720:I:73,0,0,0,0,0,1,0,20250720,20251223
GNE:GOAX066:X66:X66SA250720:I:74,0,0,0,0,0,1,0,20250720,20251223
GNE:GOAX066:X66:X66SA250720:I:75,0,0,0,0,0,1,0,20250720,20251223
GNE:GOAX066:X66:X66SA250720:I:76,0,0,0,0,0,1,0,20250720,20251223
GNE:GOAX066:X66:X66SA250720:I:77,0,0,0,0,0,1,0,20250720,20251223
GNE:GOAX066:X66:X66SA250720:I:78,0,0,0,0,0,1,0,20250720,20251223
GNE:GOAX066:X66:X66SA250720:I:79,0,0,0,0,0,1,0,20250720,20251223
GNE:GOAX066:X66:X66SA250720:I:80,0,0,0,0,0,1,0,20250720,20251223
GNE:GOAX066:X66:X66SA250720:I:81,0,0,0,0,0,1,0,20250720,20251223
GNE:GOAX066:X66:X66SA250720:I:82,0,0,0,0,0,1,0,20250720,20251223
GNE:GOAX066:X66:X66SA250720:I:83,0,0,0,0,0,1,0,20250720,20251223
GNE:GOAX066:X66:X66SA250720:I:84,0,0,0,0,0,1,0,20250720,20251223
GNE:GOAX066:X66:X66SA250720:I:85,0,0,0,0,0,1,0,20250720,20251223
GNE:GOAX066:X66:X66SA250720:I:86,0,0,0,0,0,1,0,20250720,20251223
GNE:GOAX066:X66:X66SA250720:I:87,0,0,0,0,0,1,0,20250720,20251223
GNE:GOAX066:X66:X66SA250720:I:88,0,0,0,0,0,1,0,20250720,20251223
GNE:GOAX066:X66:X66SA250720:I:89,0,0,0,0,0,1,0,20250720,20251223
GNE:GOAX066:X66:X66SA250720:I:90,0,0,0,0,0,1,0,20250720,20251223
GNE:GOAX066:X66:X66SU250720:O:1,0,0,0,0,0,0,1,20250720,20251223
GNE:GOAX066:X66:X66SU250720:O:2,0,0,0,0,0,0,1,20250720,20251223
GNE:GOAX066:X66:X66SU250720:O:3,0,0,0,0,0,0,1,20250720,20251223
GNE:GOAX066:X66:X66SU250720:O:4,0,0,0,0,0,0,1,20250720,20251223
GNE:GOAX066:X66:X66SU250720:O:5,0,0,0,0,0,0,1,20250720,20251223
GNE:GOAX066:X66:X66SU250720:O:6,0,0,0,0,0,0,1,20250720,20251223
GNE:GOAX066:X66:X66SU250720:O:7,0,0,0,0,0,0,1,20250720,20251223
GNE:GOAX066:X66:X66SU250720:O:8,0,0,0,0,0,0,1,20250720,20251223
GNE:GOAX066:X66:X66SU250720:O:9,0,0,0,0,0,0,1,20250720,20251223
GNE:GOAX066:X66:X66SU250720:O:10,0,0,0,0,0,0,1,20250720,20251223
GNE:GOAX066:X66:X66SU250720:O:11,0,0,0,0,0,0,1,20250720,20251223
GNE:GOAX066:X66:X66SU250720:O:12,0,0,0,0,0,0,1,20250720,20251223
GNE:GOAX066:X66:X66SU250720:O:13,0,0,0,0,0,0,1,20250720,20251223
GNE:GOAX066:X66:X66SU250720:O:14,0,0,0,0,0,0,1,20250720,20251223
GNE:GOAX066:X66:X66SU250720:O:15,0,0,0,0,0,0,1,20250720,20251223
GNE:GOAX066:X66:X66SU250720:O:16,0,0,0,0,0,0,1,20250720,20251223
GNE:GOAX066:X66:X66SU250720:O:17,0,0,0,0,0,0,1,20250720,20251223
GNE:GOAX066:X66:X66SU250720:O:18,0,0,0,0,0,0,1,20250720,20251223
GNE:GOAX066:X66:X66SU250720:O:19,0,0,0,0,0,0,1,20250720,20251223
GNE:GOAX066:X66:X66SU250720:O:20,0,0,0,0,0,0,1,20250720,20251223
GNE:GOAX066:X66:X66SU250720:O:21,0,0,0,0,0,0,1,20250720,20251223
GNE:GOAX066:X66:X66SU250720:O:22,0,0,0,0,0,0,1,20250720,20251223
GNE:GOAX066:X66:X66SU250720:O:23,0,0,0,0,0,0,1,20250720,20251223
GNE:GOAX066:X66:X66SU250720:O:24,0,0,0,0,0,0,1,20250720,20251223
GNE:GOAX066:X66:X66SU250720:O:25,0,0,0,0,0,0,1,20250720,20251223
GNE:GOAX066:X66:X66SU250720:O:26,0,0,0,0,0,0,1,20250720,20251223
GNE:GOAX066:X66:X66SU250720:O:27,0,0,0,0,0,0,1,20250720,20251223
GNE:GOAX066:X66:X66SU250720:O:28,0,0,0,0,0,0,1,20250720,20251223
GNE:GOAX066:X66:X66SU250720:O:29,0,0,0,0,0,0,1,20250720,20251223
GNE:GOAX066:X66:X66SU250720:O:30,0,0,0,0,0,0,1,20250720,20251223
GNE:GOAX066:X66:X66SU250720:O:31,0,0,0,0,0,0,1,20250720,20251223
GNE:GOAX066:X66:X66SU250720:O:32,0,0,0,0,0,0,1,20250720,20251223
GNE:GOAX066:X66:X66SU250720:O:33,0,0,0,0,0,0,1,20250720,20251223
GNE:GOAX066:X66:X66SU250720:O:34,0,0,0,0,0,0,1,20250720,20251223
GNE:GOAX066:X66:X66SU250720:O:35,0,0,0,0,0,0,1,20250720,20251223
GNE:GOAX066:X66:X66SU250720:O:36,0,0,0,0,0,0,1,20250720,20251223
GNE:GOAX066:X66:X66SU250720:O:37,0,0,0,0,0,0,1,20250720,20251223
GNE:GOAX066:X66:X66SU250720:O:38,0,0,0,0,0,0,1,20250720,20251223
GNE:GOAX066:X66:X66SU250720:O:39,0,0,0,0,0,0,1,20250720,20251223
GNE:GOAX066:X66:X66SU250720:O:40,0,0,0,0,0,0,1,20250720,20251223
GNE:GOAX066:X66:X66SU250720:O:41,0,0,0,0,0,0,1,20250720,20251223
GNE:GOAX066:X66:X66SU250720:O:42,0,0,0,0,0,0,1,20250720,20251223
GNE:GOAX066:X66:X66SU250720:O:43,0,0,0,0,0,0,1,20250720,20251223
GNE:GOAX066:X66:X66SU250720:O:44,0,0,0,0,0,0,1,20250720,20251223
GNE:GOAX066:X66:X66SU250720:O:45,0,0,0,0,0,0,1,20250720,20251223
GNE:GOAX066:X66:X66SU250720:O:46,0,0,0,0,0,0,1,20250720,20251223
GNE:GOAX066:X66:X66SU250720:O:47,0,0,0,0,0,0,1,20250720,20251223
GNE:GOAX066:X66:X66SU250720:O:48,0,0,0,0,0,0,1,20250720,20251223
GNE:GOAX066:X66:X66SU250720:O:49,0,0,0,0,0,0,1,20250720,20251223
GNE:GOAX066:X66:X66SU250720:O:50,0,0,0,0,0,0,1,20250720,20251223
GNE:GOAX066:X66:X66SU250720:O:51,0,0,0,0,0,0,1,20250720,20251223
GNE:GOAX066:X66:X66SU250720:O:52,0,0,0,0,0,0,1,20250720,20251223
GNE:GOAX066:X66:X66SU250720:O:53,0,0,0,0,0,0,1,20250720,20251223
GNE:GOAX066:X66:X66SU250720:O:54,0,0,0,0,0,0,1,20250720,20251223
GNE:GOAX066:X66:X66SU250720:O:55,0,0,0,0,0,0,1,20250720,20251223
GNE:GOAX066:X66:X66SU250720:O:56,0,0,0,0,0,0,1,20250720,20251223
GNE:GOAX066:X66:X66SU250720:O:57,0,0,0,0,0,0,1,20250720,20251223
GNE:GOAX066:X66:X66SU250720:O:58,0,0,0,0,0,0,1,20250720,20251223
GNE:GOAX066:X66:X66SU250720:O:59,0,0,0,0,0,0,1,20250720,20251223
GNE:GOAX066:X66:X66SU250720:O:60,0,0,0,0,0,0,1,20250720,20251223
GNE:GOAX066:X66:X66SU250720:O:61,0,0,0,0,0,0,1,20250720,20251223
GNE:GOAX066:X66:X66SU250720:O:62,0,0,0,0,0,0,1,20250720,20251223
GNE:GOAX066:X66:X66SU250720:O:63,0,0,0,0,0,0,1,20250720,20251223
GNE:GOAX066:X66:X66SU250720:O:64,0,0,0,0,0,0,1,20250720,20251223
GNE:GOAX066:X66:X66SU250720:O:65,0,0,0,0,0,0,1,20250720,20251223
GNE:GOAX066:X66:X66SU250720:O:66,0,0,0,0,0,0,1,20250720,20251223
GNE:GOAX066:X66:X66SU250720:O:67,0,0,0,0,0,0,1,20250720,20251223
GNE:GOAX066:X66:X66SU250720:O:68,0,0,0,0,0,0,1,20250720,20251223
GNE:GOAX066:X66:X66SU250720:O:69,0,0,0,0,0,0,1,20250720,20251223
GNE:GOAX066:X66:X66SU250720:O:70,0,0,0,0,0,0,1,20250720,20251223
GNE:GOAX066:X66:X66SU250720:I:1,0,0,0,0,0,0,1,20250720,20251223
GNE:GOAX066:X66:X66SU250720:I:2,0,0,0,0,0,0,1,20250720,20251223
GNE:GOAX066:X66:X66SU250720:I:3,0,0,0,0,0,0,1,20250720,20251223
GNE:GOAX066:X66:X66SU250720:I:4,0,0,0,0,0,0,1,20250720,20251223
GNE:GOAX066:X66:X66SU250720:I:5,0,0,0,0,0,0,1,20250720,20251223
GNE:GOAX066:X66:X66SU250720:I:6,0,0,0,0,0,0,1,20250720,20251223
GNE:GOAX066:X66:X66SU250720:I:7,0,0,0,0,0,0,1,20250720,20251223
GNE:GOAX066:X66:X66SU250720:I:8,0,0,0,0,0,0,1,20250720,20251223
GNE:GOAX066:X66:X66SU250720:I:9,0,0,0,0,0,0,1,20250720,20251223
GNE:GOAX066:X66:X66SU250720:I:10,0,0,0,0,0,0,1,20250720,20251223
GNE:GOAX066:X66:X66SU250720:I:11,0,0,0,0,0,0,1,20250720,20251223
GNE:GOAX066:X66:X66SU250720:I:12,0,0,0,0,0,0,1,20250720,20251223
GNE:GOAX066:X66:X66SU250720:I:13,0,0,0,0,0,0,1,20250720,20251223
GNE:GOAX066:X66:X66SU250720:I:14,0,0,0,0,0,0,1,20250720,20251223
GNE:GOAX066:X66:X66SU250720:I:15,0,0,0,0,0,0,1,20250720,20251223
GNE:GOAX066:X66:X66SU250720:I:16,0,0,0,0,0,0,1,20250720,20251223
GNE:GOAX066:X66:X66SU250720:I:17,0,0,0,0,0,0,1,20250720,20251223
GNE:GOAX066:X66:X66SU250720:I:18,0,0,0,0,0,0,1,20250720,20251223
GNE:GOAX066:X66:X66SU250720:I:19,0,0,0,0,0,0,1,20250720,20251223
GNE:GOAX066:X66:X66SU250720:I:20,0,0,0,0,0,0,1,20250720,20251223
GNE:GOAX066:X66:X66SU250720:I:21,0,0,0,0,0,0,1,20250720,20251223
GNE:GOAX066:X66:X66SU250720:I:22,0,0,0,0,0,0,1,20250720,20251223
GNE:GOAX066:X66:X66SU250720:I:23,0,0,0,0,0,0,1,20250720,20251223
GNE:GOAX066:X66:X66SU250720:I:24,0,0,0,0,0,0,1,20250720,20251223
GNE:GOAX066:X66:X66SU250720:I:25,0,0,0,0,0,0,1,20250720,20251223
GNE:GOAX066:X66:X66SU250720:I:26,0,0,0,0,0,0,1,20250720,20251223
GNE:GOAX066:X66:X66SU250720:I:27,0,0,0,0,0,0,1,20250720,20251223
GNE:GOAX066:X66:X66SU250720:I:28,0,0,0,0,0,0,1,20250720,20251223
GNE:GOAX066:X66:X66SU250720:I:29,0,0,0,0,0,0,1,20250720,20251223
GNE:GOAX066:X66:X66SU250720:I:30,0,0,0,0,0,0,1,20250720,20251223
GNE:GOAX066:X66:X66SU250720:I:31,0,0,0,0,0,0,1,20250720,20251223
GNE:GOAX066:X66:X66SU250720:I:32,0,0,0,0,0,0,1,20250720,20251223
GNE:GOAX066:X66:X66SU250720:I:33,0,0,0,0,0,0,1,20250720,20251223
GNE:GOAX066:X66:X66SU250720:I:34,0,0,0,0,0,0,1,20250720,20251223
GNE:GOAX066:X66:X66SU250720:I:35,0,0,0,0,0,0,1,20250720,20251223
GNE:GOAX066:X66:X66SU250720:I:36,0,0,0,0,0,0,1,20250720,20251223
GNE:GOAX066:X66:X66SU250720:I:37,0,0,0,0,0,0,1,20250720,20251223
GNE:GOAX066:X66:X66SU250720:I:38,0,0,0,0,0,0,1,20250720,20251223
GNE:GOAX066:X66:X66SU250720:I:39,0,0,0,0,0,0,1,20250720,20251223
GNE:GOAX066:X66:X66SU250720:I:40,0,0,0,0,0,0,1,20250720,20251223
GNE:GOAX066:X66:X66SU250720:I:41,0,0,0,0,0,0,1,20250720,20251223
GNE:GOAX066:X66:X66SU250720:I:42,0,0,0,0,0,0,1,20250720,20251223
GNE:GOAX066:X66:X66SU250720:I:43,0,0,0,0,0,0,1,20250720,20251223
GNE:GOAX066:X66:X66SU250720:I:44,0,0,0,0,0,0,1,20250720,20251223
GNE:GOAX066:X66:X66SU250720:I:45,0,0,0,0,0,0,1,20250720,20251223
GNE:GOAX066:X66:X66SU250720:I:46,0,0,0,0,0,0,1,20250720,20251223
GNE:GOAX066:X66:X66SU250720:I:47,0,0,0,0,0,0,1,20250720,20251223
GNE:GOAX066:X66:X66SU250720:I:48,0,0,0,0,0,0,1,20250720,20251223
GNE:GOAX066:X66:X66SU250720:I:49,0,0,0,0,0,0,1,20250720,20251223
GNE:GOAX066:X66:X66SU250720:I:50,0,0,0,0,0,0,1,20250720,20251223
GNE:GOAX066:X66:X66SU250720:I:51,0,0,0,0,0,0,1,20250720,20251223
GNE:GOAX066:X66:X66SU250720:I:52,0,0,0,0,0,0,1,20250720,20251223
GNE:GOAX066:X66:X66SU250720:I:53,0,0,0,0,0,0,1,20250720,20251223
GNE:GOAX066:X66:X66SU250720:I:54,0,0,0,0,0,0,1,20250720,20251223
GNE:GOAX066:X66:X66SU250720:I:55,0,0,0,0,0,0,1,20250720,20251223
GNE:GOAX066:X66:X66SU250720:I:56,0,0,0,0,0,0,1,20250720,20251223
GNE:GOAX066:X66:X66SU250720:I:57,0,0,0,0,0,0,1,20250720,20251223
GNE:GOAX066:X66:X66SU250720:I:58,0,0,0,0,0,0,1,20250720,20251223
GNE:GOAX066:X66:X66SU250720:I:59,0,0,0,0,0,0,1,20250720,20251223
GNE:GOAX066:X66:X66SU250720:I:60,0,0,0,0,0,0,1,20250720,20251223
GNE:GOAX066:X66:X66SU250720:I:61,0,0,0,0,0,0,1,20250720,20251223
GNE:GOAX066:X66:X66SU250720:I:62,0,0,0,0,0,0,1,20250720,20251223
GNE:GOAX066:X66:X66SU250720:I:63,0,0,0,0,0,0,1,20250720,20251223
GNE:GOAX066:X66:X66SU250720:I:64,0,0,0,0,0,0,1,20250720,20251223
GNE:GOAX066:X66:X66SU250720:I:65,0,0,0,0,0,0,1,20250720,20251223
GNE:GOAX066:X66:X66SU250720:I:66,0,0,0,0,0,0,1,20250720,20251223
GNE:GOAX066:X66:X66SU250720:I:67,0,0,0,0,0,0,1,20250720,20251223
GNE:GOAX066:X66:X66SU250720:I:68,0,0,0,0,0,0,1,20250720,20251223
GNE:GOAX066:X66:X66SU250720:I:69,0,0,0,0,0,0,1,20250720,20251223
GNE:GOAX066:X66:X66SU250720:I:70,0,0,0,0,0,0,1,20250720,20251223
GNE:GOAX066:X66:X66SU250720:I:71,0,0,0,0,0,0,1,20250720,20251223
GNE:GOAX066:X66:X67MF250720:O:1,0,0,0,0,0,0,0,20250720,20251223
GNE:GOAX066:X66:X67MF250720:I:1,0,0,0,0,0,0,0,20250720,20251223
GNE:GOAX070:X70:X70MF250720:O:1,1,1,1,1,1,0,0,20250720,20251223
GNE:GOAX070:X70:X70MF250720:O:2,1,1,1,1,1,0,0,20250720,20251223
GNE:GOAX070:X70:X70MF250720:O:3,1,1,1,1,1,0,0,20250720,20251223
GNE:GOAX070:X70:X70MF250720:O:4,1,1,1,1,1,0,0,20250720,20251223
GNE:GOAX070:X70:X70MF250720:O:5,1,1,1,1,1,0,0,20250720,20251223
GNE:GOAX070:X70:X70MF250720:O:6,1,1,1,1,1,0,0,20250720,20251223
GNE:GOAX070:X70:X70MF250720:O:7,1,1,1,1,1,0,0,20250720,20251223
GNE:GOAX070:X70:X70MF250720:O:8,1,1,1,1,1,0,0,20250720,20251223
GNE:GOAX070:X70:X70MF250720:O:9,1,1,1,1,1,0,0,20250720,20251223
GNE:GOAX070:X70:X70MF250720:O:10,1,1,1,1,1,0,0,20250720,20251223
GNE:GOAX070:X70:X70MF250720:O:11,1,1,1,1,1,0,0,20250720,20251223
GNE:GOAX070:X70:X70MF250720:O:12,1,1,1,1,1,0,0,20250720,20251223
GNE:GOAX070:X70:X70MF250720:I:1,1,1,1,1,1,0,0,20250720,20251223
GNE:GOAX070:X70:X70MF250720:I:2,1,1,1,1,1,0,0,20250720,20251223
GNE:GOAX070:X70:X70MF250720:I:3,1,1,1,1,1,0,0,20250720,20251223
GNE:GOAX070:X70:X70MF250720:I:4,1,1,1,1,1,0,0,20250720,20251223
GNE:GOAX070:X70:X70MF250720:I:5,1,1,1,1,1,0,0,20250720,20251223
GNE:GOAX070:X70:X70MF250720:I:6,1,1,1,1,1,0,0,20250720,20251223
GNE:GOAX070:X70:X70MF250720:I:7,1,1,1,1,1,0,0,20250720,20251223
GNE:GOAX070:X70:X70MF250720:I:8,1,1,1,1,1,0,0,20250720,20251223
GNE:GOAX070:X70:X70MF250720:I:9,1,1,1,1,1,0,0,20250720,20251223
GNE:GOAX070:X70:X70MF250720:I:10,1,1,1,1,1,0,0,20250720,20251223
GNE:GOAX070:X70:X70MF250720:I:11,1,1,1,1,1,0,0,20250720,20251223
GNE:GOAX070:X70:X70SA250720:O:1,0,0,0,0,0,1,0,20250720,20251223
GNE:GOAX070:X70:X70SA250720:O:2,0,0,0,0,0,1,0,20250720,20251223
GNE:GOAX070:X70:X70SA250720:O:3,0,0,0,0,0,1,0,20250720,20251223
GNE:GOAX070:X70:X70SA250720:O:4,0,0,0,0,0,1,0,20250720,20251223
GNE:GOAX070:X70:X70SA250720:O:5,0,0,0,0,0,1,0,20250720,20251223
GNE:GOAX070:X70:X70SA250720:O:6,0,0,0,0,0,1,0,20250720,20251223
GNE:GOAX070:X70:X70SA250720:O:7,0,0,0,0,0,1,0,20250720,20251223
GNE:GOAX070:X70:X70SA250720:O:8,0,0,0,0,0,1,0,20250720,20251223
GNE:GOAX070:X70:X70SA250720:O:9,0,0,0,0,0,1,0,20250720,20251223
GNE:GOAX070:X70:X70SA250720:O:10,0,0,0,0,0,1,0,20250720,20251223
GNE:GOAX070:X70:X70SA250720:O:11,0,0,0,0,0,1,0,20250720,20251223
GNE:GOAX070:X70:X70SA250720:O:12,0,0,0,0,0,1,0,20250720,20251223
GNE:GOAX070:X70:X70SA250720:I:1,0,0,0,0,0,1,0,20250720,20251223
GNE:GOAX070:X70:X70SA250720:I:2,0,0,0,0,0,1,0,20250720,20251223
GNE:GOAX070:X70:X70SA250720:I:3,0,0,0,0,0,1,0,20250720,20251223
GNE:GOAX070:X70:X70SA250720:I:4,0,0,0,0,0,1,0,20250720,20251223
GNE:GOAX070:X70:X70SA250720:I:5,0,0,0,0,0,1,0,20250720,20251223
GNE:GOAX070:X70:X70SA250720:I:6,0,0,0,0,0,1,0,20250720,20251223
GNE:GOAX070:X70:X70SA250720:I:7,0,0,0,0,0,1,0,20250720,20251223
GNE:GOAX070:X70:X70SA250720:I:8,0,0,0,0,0,1,0,20250720,20251223
GNE:GOAX070:X70:X70SA250720:I:9,0,0,0,0,0,1,0,20250720,20251223
GNE:GOAX070:X70:X70SA250720:I:10,0,0,0,0,0,1,0,20250720,20251223
GNE:GOAX070:X70:X70SA250720:I:11,0,0,0,0,0,1,0,20250720,20251223
GNE:GOAX071:X71:X71MF250720:O:2,1,1,1,1,1,0,0,20250720,20251223
GNE:GOAX071:X71:X71MF250720:O:3,1,1,1,1,1,0,0,20250720,20251223
GNE:GOAX071:X71:X71MF250720:O:4,1,1,1,1,1,0,0,20250720,20251223
GNE:GOAX071:X71:X71MF250720:O:5,1,1,1,1,1,0,0,20250720,20251223
GNE:GOAX071:X71:X71MF250720:O:6,1,1,1,1,1,0,0,20250720,20251223
GNE:GOAX071:X71:X71MF250720:O:7,1,1,1,1,1,0,0,20250720,20251223
GNE:GOAX071:X71:X71MF250720:O:8,1,1,1,1,1,0,0,20250720,20251223
GNE:GOAX071:X71:X71MF250720:O:9,1,1,1,1,1,0,0,20250720,20251223
GNE:GOAX071:X71:X71MF250720:O:10,1,1,1,1,1,0,0,20250720,20251223
GNE:GOAX071:X71:X71MF250720:O:11,1,1,1,1,1,0,0,20250720,20251223
GNE:GOAX071:X71:X71MF250720:O:12,1,1,1,1,1,0,0,20250720,20251223
GNE:GOAX071:X71:X71MF250720:O:13,1,1,1,1,1,0,0,20250720,20251223
GNE:GOAX071:X71:X71MF250720:I:1,1,1,1,1,1,0,0,20250720,20251223
GNE:GOAX071:X71:X71MF250720:I:2,1,1,1,1,1,0,0,20250720,20251223
GNE:GOAX071:X71:X71MF250720:I:3,1,1,1,1,1,0,0,20250720,20251223
GNE:GOAX071:X71:X71MF250720:I:4,1,1,1,1,1,0,0,20250720,20251223
GNE:GOAX071:X71:X71MF250720:I:5,1,1,1,1,1,0,0,20250720,20251223
GNE:GOAX071:X71:X71MF250720:I:6,1,1,1,1,1,0,0,20250720,20251223
GNE:GOAX071:X71:X71MF250720:I:7,1,1,1,1,1,0,0,20250720,20251223
GNE:GOAX071:X71:X71MF250720:I:8,1,1,1,1,1,0,0,20250720,20251223
GNE:GOAX071:X71:X71MF250720:I:9,1,1,1,1,1,0,0,20250720,20251223
GNE:GOAX071:X71:X71MF250720:I:10,1,1,1,1,1,0,0,20250720,20251223
GNE:GOAX071:X71:X71MF250720:I:11,1,1,1,1,1,0,0,20250720,20251223
GNE:GOAX071:X71:X71MF250720:I:12,1,1,1,1,1,0,0,20250720,20251223
GNE:GOAX071:X71:X71MF250720:I:13,1,1,1,1,1,0,0,20250720,20251223
GNE:GOAX071:X71:X71SA250720:O:1,0,0,0,0,0,1,0,20250720,20251223
GNE:GOAX071:X71:X71SA250720:O:2,0,0,0,0,0,1,0,20250720,20251223
GNE:GOAX071:X71:X71SA250720:O:3,0,0,0,0,0,1,0,20250720,20251223
GNE:GOAX071:X71:X71SA250720:O:4,0,0,0,0,0,1,0,20250720,20251223
GNE:GOAX071:X71:X71SA250720:O:5,0,0,0,0,0,1,0,20250720,20251223
GNE:GOAX071:X71:X71SA250720:O:6,0,0,0,0,0,1,0,20250720,20251223
GNE:GOAX071:X71:X71SA250720:O:7,0,0,0,0,0,1,0,20250720,20251223
GNE:GOAX071:X71:X71SA250720:O:8,0,0,0,0,0,1,0,20250720,20251223
GNE:GOAX071:X71:X71SA250720:O:9,0,0,0,0,0,1,0,20250720,20251223
GNE:GOAX071:X71:X71SA250720:O:10,0,0,0,0,0,1,0,20250720,20251223
GNE:GOAX071:X71:X71SA250720:O:11,0,0,0,0,0,1,0,20250720,20251223
GNE:GOAX071:X71:X71SA250720:O:12,0,0,0,0,0,1,0,20250720,20251223
GNE:GOAX071:X71:X71SA250720:I:1,0,0,0,0,0,1,0,20250720,20251223
GNE:GOAX071:X71:X71SA250720:I:2,0,0,0,0,0,1,0,20250720,20251223
GNE:GOAX071:X71:X71SA250720:I:3,0,0,0,0,0,1,0,20250720,20251223
GNE:GOAX071:X71:X71SA250720:I:4,0,0,0,0,0,1,0,20250720,20251223
GNE:GOAX071:X71:X71SA250720:I:5,0,0,0,0,0,1,0,20250720,20251223
GNE:GOAX071:X71:X71SA250720:I:6,0,0,0,0,0,1,0,20250720,20251223
GNE:GOAX071:X71:X71SA250720:I:7,0,0,0,0,0,1,0,20250720,20251223
GNE:GOAX071:X71:X71SA250720:I:8,0,0,0,0,0,1,0,20250720,20251223
GNE:GOAX071:X71:X71SA250720:I:9,0,0,0,0,0,1,0,20250720,20251223
GNE:GOAX071:X71:X71SA250720:I:10,0,0,0,0,0,1,0,20250720,20251223
GNE:GOAX071:X71:X71SA250720:I:11,0,0,0,0,0,1,0,20250720,20251223
GNE:GOAX071:X71:X71SA250720:I:12,0,0,0,0,0,1,0,20250720,20251223
GNE:GOAX071A:X71A:X71MF250720:O:1,1,1,1,1,1,0,0,20250720,20251223
GNE:GOAX071A:X71A:X71MF250720:I:14,1,1,1,1,1,0,0,20250720,20251223
GNE:GOAX071A:X71A:X71SA250720:I:13,0,0,0,0,0,1,0,20250720,20251223
GNE:GOAX072:X72:X72MF250720:O:1,1,1,1,1,1,0,0,20250720,20251223
GNE:GOAX072:X72:X72MF250720:O:2,1,1,1,1,1,0,0,20250720,20251223
GNE:GOAX072:X72:X72MF250720:O:3,1,1,1,1,1,0,0,20250720,20251223
GNE:GOAX072:X72:X72MF250720:O:4,1,1,1,1,1,0,0,20250720,20251223
GNE:GOAX072:X72:X72MF250720:O:5,1,1,1,1,1,0,0,20250720,20251223
GNE:GOAX072:X72:X72MF250720:O:6,1,1,1,1,1,0,0,20250720,20251223
GNE:GOAX072:X72:X72MF250720:I:1,1,1,1,1,1,0,0,20250720,20251223
GNE:GOAX072:X72:X72MF250720:I:2,1,1,1,1,1,0,0,20250720,20251223
GNE:GOAX072:X72:X72MF250720:I:3,1,1,1,1,1,0,0,20250720,20251223
GNE:GOAX072:X72:X72MF250720:I:4,1,1,1,1,1,0,0,20250720,20251223
GNE:GOAX072:X72:X72MF250720:I:5,1,1,1,1,1,0,0,20250720,20251223
GNE:GOAX072:X72:X72SA250720:O:1,0,0,0,0,0,1,0,20250720,20251223
GNE:GOAX072:X72:X72SA250720:O:2,0,0,0,0,0,1,0,20250720,20251223
GNE:GOAX072:X72:X72SA250720:O:3,0,0,0,0,0,1,0,20250720,20251223
GNE:GOAX072:X72:X72SA250720:O:4,0,0,0,0,0,1,0,20250720,20251223
GNE:GOAX072:X72:X72SA250720:O:5,0,0,0,0,0,1,0,20250720,20251223
GNE:GOAX072:X72:X72SA250720:O:6,0,0,0,0,0,1,0,20250720,20251223
GNE:GOAX072:X72:X72SA250720:I:1,0,0,0,0,0,1,0,20250720,20251223
GNE:GOAX072:X72:X72SA250720:I:2,0,0,0,0,0,1,0,20250720,20251223
GNE:GOAX072:X72:X72SA250720:I:3,0,0,0,0,0,1,0,20250720,20251223
GNE:GOAX072:X72:X72SA250720:I:4,0,0,0,0,0,1,0,20250720,20251223
GNE:GOAX072:X72:X72SA250720:I:5,0,0,0,0,0,1,0,20250720,20251223
GNE:GOAX072:X72:X72SU250720:O:1,0,0,0,0,0,0,1,20250720,20251223
GNE:GOAX072:X72:X72SU250720:O:2,0,0,0,0,0,0,1,20250720,20251223
GNE:GOAX072:X72:X72SU250720:O:3,0,0,0,0,0,0,1,20250720,20251223
GNE:GOAX072:X72:X72SU250720:O:4,0,0,0,0,0,0,1,20250720,20251223
GNE:GOAX072:X72:X72SU250720:O:5,0,0,0,0,0,0,1,20250720,20251223
GNE:GOAX072:X72:X72SU250720:O:6,0,0,0,0,0,0,1,20250720,20251223
GNE:GOAX072:X72:X72SU250720:O:7,0,0,0,0,0,0,1,20250720,20251223
GNE:GOAX072:X72:X72SU250720:O:8,0,0,0,0,0,0,1,20250720,20251223
GNE:GOAX072:X72:X72SU250720:O:9,0,0,0,0,0,0,1,20250720,20251223
GNE:GOAX072:X72:X72SU250720:O:10,0,0,0,0,0,0,1,20250720,20251223
GNE:GOAX072:X72:X72SU250720:O:11,0,0,0,0,0,0,1,20250720,20251223
GNE:GOAX072:X72:X72SU250720:O:12,0,0,0,0,0,0,1,20250720,20251223
GNE:GOAX072:X72:X72SU250720:I:1,0,0,0,0,0,0,1,20250720,20251223
GNE:GOAX072:X72:X72SU250720:I:2,0,0,0,0,0,0,1,20250720,20251223
GNE:GOAX072:X72:X72SU250720:I:3,0,0,0,0,0,0,1,20250720,20251223
GNE:GOAX072:X72:X72SU250720:I:4,0,0,0,0,0,0,1,20250720,20251223
GNE:GOAX072:X72:X72SU250720:I:5,0,0,0,0,0,0,1,20250720,20251223
GNE:GOAX072:X72:X72SU250720:I:6,0,0,0,0,0,0,1,20250720,20251223
GNE:GOAX072:X72:X72SU250720:I:7,0,0,0,0,0,0,1,20250720,20251223
GNE:GOAX072:X72:X72SU250720:I:8,0,0,0,0,0,0,1,20250720,20251223
GNE:GOAX072:X72:X72SU250720:I:9,0,0,0,0,0,0,1,20250720,20251223
GNE:GOAX072:X72:X72SU250720:I:10,0,0,0,0,0,0,1,20250720,20251223
GNE:GOAX072:X72:X72SU250720:I:11,0,0,0,0,0,0,1,20250720,20251223
GNE:GOAX072:X72:X72SU250720:I:12,0,0,0,0,0,0,1,20250720,20251223
GNE:GOAX073:X73:X73MF250720:O:1,1,1,1,1,1,0,0,20250720,20251223
GNE:GOAX073:X73:X73MF250720:O:2,1,1,1,1,1,0,0,20250720,20251223
GNE:GOAX073:X73:X73MF250720:O:3,1,1,1,1,1,0,0,20250720,20251223
GNE:GOAX073:X73:X73MF250720:O:4,1,1,1,1,1,0,0,20250720,20251223
GNE:GOAX073:X73:X73MF250720:O:5,1,1,1,1,1,0,0,20250720,20251223
GNE:GOAX073:X73:X73MF250720:O:6,1,1,1,1,1,0,0,20250720,20251223
GNE:GOAX073:X73:X73MF250720:O:7,1,1,1,1,1,0,0,20250720,20251223
GNE:GOAX073:X73:X73MF250720:O:8,1,1,1,1,1,0,0,20250720,20251223
GNE:GOAX073:X73:X73MF250720:O:9,1,1,1,1,1,0,0,20250720,20251223
GNE:GOAX073:X73:X73MF250720:O:10,1,1,1,1,1,0,0,20250720,20251223
GNE:GOAX073:X73:X73MF250720:O:11,1,1,1,1,1,0,0,20250720,20251223
GNE:GOAX073:X73:X73MF250720:O:12,1,1,1,1,1,0,0,20250720,20251223
GNE:GOAX073:X73:X73MF250720:O:13,1,1,1,1,1,0,0,20250720,20251223
GNE:GOAX073:X73:X73MF250720:I:1,1,1,1,1,1,0,0,20250720,20251223
GNE:GOAX073:X73:X73MF250720:I:2,1,1,1,1,1,0,0,20250720,20251223
GNE:GOAX073:X73:X73MF250720:I:3,1,1,1,1,1,0,0,20250720,20251223
GNE:GOAX073:X73:X73MF250720:I:4,1,1,1,1,1,0,0,20250720,20251223
GNE:GOAX073:X73:X73MF250720:I:5,1,1,1,1,1,0,0,20250720,20251223
GNE:GOAX073:X73:X73MF250720:I:6,1,1,1,1,1,0,0,20250720,20251223
GNE:GOAX073:X73:X73MF250720:I:7,1,1,1,1,1,0,0,20250720,20251223
GNE:GOAX073:X73:X73MF250720:I:8,1,1,1,1,1,0,0,20250720,20251223
GNE:GOAX073:X73:X73MF250720:I:9,1,1,1,1,1,0,0,20250720,20251223
GNE:GOAX073:X73:X73MF250720:I:10,1,1,1,1,1,0,0,20250720,20251223
GNE:GOAX073:X73:X73MF250720:I:11,1,1,1,1,1,0,0,20250720,20251223
GNE:GOAX073:X73:X73MF250720:I:12,1,1,1,1,1,0,0,20250720,20251223
GNE:GOAX073:X73:X73MF250720:I:13,1,1,1,1,1,0,0,20250720,20251223
GNE:GOAX073:X73:X73SA250720:O:1,0,0,0,0,0,1,0,20250720,20251223
GNE:GOAX073:X73:X73SA250720:O:2,0,0,0,0,0,1,0,20250720,20251223
GNE:GOAX073:X73:X73SA250720:O:3,0,0,0,0,0,1,0,20250720,20251223
GNE:GOAX073:X73:X73SA250720:O:4,0,0,0,0,0,1,0,20250720,20251223
GNE:GOAX073:X73:X73SA250720:O:5,0,0,0,0,0,1,0,20250720,20251223
GNE:GOAX073:X73:X73SA250720:O:6,0,0,0,0,0,1,0,20250720,20251223
GNE:GOAX073:X73:X73SA250720:O:7,0,0,0,0,0,1,0,20250720,20251223
GNE:GOAX073:X73:X73SA250720:O:8,0,0,0,0,0,1,0,20250720,20251223
GNE:GOAX073:X73:X73SA250720:O:9,0,0,0,0,0,1,0,20250720,20251223
GNE:GOAX073:X73:X73SA250720:O:10,0,0,0,0,0,1,0,20250720,20251223
GNE:GOAX073:X73:X73SA250720:O:11,0,0,0,0,0,1,0,20250720,20251223
GNE:GOAX073:X73:X73SA250720:O:12,0,0,0,0,0,1,0,20250720,20251223
GNE:GOAX073:X73:X73SA250720:O:13,0,0,0,0,0,1,0,20250720,20251223
GNE:GOAX073:X73:X73SA250720:I:1,0,0,0,0,0,1,0,20250720,20251223
GNE:GOAX073:X73:X73SA250720:I:2,0,0,0,0,0,1,0,20250720,20251223
GNE:GOAX073:X73:X73SA250720:I:3,0,0,0,0,0,1,0,20250720,20251223
GNE:GOAX073:X73:X73SA250720:I:4,0,0,0,0,0,1,0,20250720,20251223
GNE:GOAX073:X73:X73SA250720:I:5,0,0,0,0,0,1,0,20250720,20251223
GNE:GOAX073:X73:X73SA250720:I:6,0,0,0,0,0,1,0,20250720,20251223
GNE:GOAX073:X73:X73SA250720:I:7,0,0,0,0,0,1,0,20250720,20251223
GNE:GOAX073:X73:X73SA250720:I:8,0,0,0,0,0,1,0,20250720,20251223
GNE:GOAX073:X73:X73SA250720:I:9,0,0,0,0,0,1,0,20250720,20251223
GNE:GOAX073:X73:X73SA250720:I:10,0,0,0,0,0,1,0,20250720,20251223
GNE:GOAX073:X73:X73SA250720:I:11,0,0,0,0,0,1,0,20250720,20251223
GNE:GOAX073:X73:X73SA250720:I:12,0,0,0,0,0,1,0,20250720,20251223
GNE:GOAX075:X75:X75SA250720:O:1,0,0,0,0,0,0,0,20250720,20251223
GNE:GOAX075:X75:X75SA250720:O:2,0,0,0,0,0,0,0,20250720,20251223
GNE:GOAX075:X75:X75SA250720:O:3,0,0,0,0,0,0,0,20250720,20251223
GNE:GOAX075:X75:X75SA250720:O:4,0,0,0,0,0,0,0,20250720,20251223
GNE:GOAX075:X75:X75SA250720:I:1,0,0,0,0,0,0,0,20250720,20251223
GNE:GOAX075:X75:X75SA250720:I:2,0,0,0,0,0,0,0,20250720,20251223
GNE:GOAX075:X75:X75SA250720:I:3,0,0,0,0,0,0,0,20250720,20251223
GNE:GOAX075:X75:X75SA250720:I:4,0,0,0,0,0,0,0,20250720,20251223
GNE:GOAX085:X85:X85MF250720:O:1,1,1,1,1,1,0,0,20250720,20251223
GNE:GOAX085:X85:X85MF250720:I:1,1,1,1,1,1,0,0,20250720,20251223
