Depot,Allocated Depot,OperatingDepotCode,FleetNo,RegNumber,VehicleType Equinox,VehicleGroupDescription,VehicleAllocation,Branding,Service Specific Vehicle Type,Vehicle Class(HxGN),,,,,,,
Consett (ex Stanley),Consett,CONS,641,NL63YBA,Optare Solo SR Solo SR OM904LA S2100 9 5,Single Deck,Stage Carriage,,MBD,DDD,,,,,,,
Consett (ex Stanley),Consett,CONS,644,NL63XZR,Optare Solo SR Solo SR OM904LA S2100 9 5,Single Deck,Stage Carriage,,MBD,DDD,,,,,,,
Consett (ex Stanley),Consett,CONS,645,NL63XZS,Optare Solo SR Solo SR OM904LA S2100 9 5,Single Deck,Stage Carriage,,MBD,SDD,,,,,,,
Consett (ex Stanley),Consett,CONS,1065,EY67WVR,Ancillary,Ancillary,Ancillary,,AND,AND,,,,,,,
Consett (ex Stanley),Consett,CONS,1102,EJ14NBF,Ancillary,Ancillary,Ancillary,,AND,AND,,,,,,,
Consett (ex Stanley),Consett,CONS,1106,EK66CVL,Ancillary,Ancillary,Ancillary,,AND,AND,,,,,,,
Consett (ex Stanley),Consett,CONS,1117,EX66YEB,Ancillary,Ancillary,Ancillary,,AND,AND,,,,,,,
Consett (ex Stanley),Consett,CONS,1118,EX66YFT,Ancillary,Ancillary,Ancillary,,AND,AND,,,,,,,
Consett (ex Stanley),Consett,CONS,5400,NK15ENN,Wrightbus Streetlite DF Streetlite ISBe5 D854.5E 11.5 5,Single Deck,Stage Carriage,,SDD,SDD,,,,,,,
Consett (ex Stanley),Consett,CONS,5401,NK15ENO,Wrightbus Streetlite DF Streetlite ISBe5 D854.5E 11.5 5,Single Deck,Stage Carriage,,SDD,SDD,,,,,,,
Consett (ex Stanley),Consett,CONS,5402,NK15ENP,Wrightbus Streetlite DF Streetlite ISBe5 D854.5E 11.5 5,Single Deck,Stage Carriage,,SDD,SDD,,,,,,,
Consett (ex Stanley),Consett,CONS,5403,NK15ENR,Wrightbus Streetlite DF Streetlite ISBe5 D854.5E 11.5 5,Single Deck,Stage Carriage,,SDD,SDD,,,,,,,
Consett (ex Stanley),Consett,CONS,5404,NK15ENT,Wrightbus Streetlite DF Streetlite ISBe5 D854.5E 11.5 5,Single Deck,Stage Carriage,,SDD,SDD,,,,,,,
Consett (ex Stanley),Consett,CONS,5405,NK15ENU,Wrightbus Streetlite DF Streetlite ISBe5 D854.5E 11.5 5,Single Deck,Stage Carriage,,SDD,SDD,,,,,,,
Consett (ex Stanley),Consett,CONS,5406,NK15ENV,Wrightbus Streetlite DF Streetlite ISBe5 D854.5E 11.5 5,Single Deck,Stage Carriage,,SDD,SDD,,,,,,,
Consett (ex Stanley),Consett,CONS,5407,NK15ENW,Wrightbus Streetlite DF Streetlite ISBe5 D854.5E 11.5 5,Single Deck,Stage Carriage,,SDD,SDD,,,,,,,
Consett (ex Stanley),Consett,CONS,5408,NK15ENX,Wrightbus Streetlite DF Streetlite ISBe5 D854.5E 11.5 5,Single Deck,Stage Carriage,,SDD,SDD,,,,,,,
Consett (ex Stanley),Consett,CONS,5409,NK15ENY,Wrightbus Streetlite DF Streetlite ISBe5 D854.5E 11.5 5,Single Deck,Stage Carriage,,SDD,SDD,,,,,,,
Consett (ex Stanley),Consett,CONS,5410,NK15EOA,Wrightbus Streetlite DF Streetlite ISBe5 D854.5E 11.5 5,Single Deck,Stage Carriage,,SDD,SDD,,,,,,,
Consett (ex Stanley),Consett,CONS,5411,NK15EOB,Wrightbus Streetlite DF Streetlite ISBe5 D854.5E 11.5 5,Single Deck,Stage Carriage,,SDD,SDD,,,,,,,
Consett (ex Stanley),Consett,CONS,5412,NK15EOC,Wrightbus Streetlite DF Streetlite ISBe5 D854.5E 11.5 5,Single Deck,Stage Carriage,,SDD,SDD,,,,,,,
Consett (ex Stanley),Consett,CONS,5413,NK15EOD,Wrightbus Streetlite DF Streetlite ISBe5 D854.5E 11.5 5,Single Deck,Stage Carriage,,SDD,SDD,,,,,,,
Consett (ex Stanley),Consett,CONS,5490,NK69FBB,ADL Enviro 200 Enviro 200 ISB4.5 D824.6 11.6 6,Single Deck,Stage Carriage,,SDD,SDD,,,,,,,
Consett (ex Stanley),Consett,CONS,5492,NK69FBD,ADL Enviro 200 Enviro 200 ISB4.5 D824.6 11.6 6,Single Deck,Stage Carriage,,SDD,SDD,,,,,,,
Consett (ex Stanley),Consett,CONS,5493,NK69FBE,ADL Enviro 200 Enviro 200 ISB4.5 D824.6 11.6 6,Single Deck,Stage Carriage,,SDD,SDD,,,,,,,
Consett (ex Stanley),Consett,CONS,5494,NK69FBF,ADL Enviro 200 Enviro 200 ISB4.5 D824.6 11.6 6,Single Deck,Stage Carriage,,SDD,SDD,,,,,,,
Consett (ex Stanley),Consett,CONS,5495,NK69FBG,ADL Enviro 200 Enviro 200 ISB4.5 D824.6 11.6 6,Single Deck,Stage Carriage,,SDD,SDD,,,,,,,
Consett (ex Stanley),Consett,CONS,5497,NK69FBL,ADL Enviro 200 Enviro 200 ISB4.5 D824.6 11.6 6,Single Deck,Stage Carriage,,SDD,SDD,,,,,,,
Consett (ex Stanley),Consett,CONS,6043,NK12GCO,Volvo B9TL Eclipse Gemini 2 D9B 6AP1403B Ecolife 10.5 5 EEV,Double Decker,Stage Carriage,,DDD,DDD,,,,,,,
Consett (ex Stanley),Consett,CONS,6044,NK12GCU,Volvo B9TL Eclipse Gemini 2 D9B 6AP1403B Ecolife 10.5 5 EEV,Double Decker,Stage Carriage,,DDD,DDD,,,,,,,
Consett (ex Stanley),Consett,CONS,6045,NK12GCV,Volvo B9TL Eclipse Gemini 2 D9B 6AP1403B Ecolife 10.5 5 EEV,Double Decker,Stage Carriage,,DDD,DDD,,,,,,,
Consett (ex Stanley),Consett,CONS,6046,NK12GCX,Volvo B9TL Eclipse Gemini 2 D9B 6AP1403B Ecolife 10.5 5 EEV,Double Decker,Stage Carriage,,DDD,DDD,,,,,,,
Consett (ex Stanley),Consett,CONS,6047,NK12GCY,Volvo B9TL Eclipse Gemini 2 D9B 6AP1403B Ecolife 10.5 5 EEV,Double Decker,Stage Carriage,,DDD,DDD,,,,,,,
Consett (ex Stanley),Consett,CONS,6048,NK12GCZ,Volvo B9TL Eclipse Gemini 2 D9B 6AP1403B Ecolife 10.5 5 EEV,Double Decker,Stage Carriage,,DDD,DDD,,,,,,,
Consett (ex Stanley),Consett,CONS,6157,LJ62KXZ,Volvo B9TL Eclipse Gemini 2 D9B 6AP1403B Ecolife 10.4 5 EEV,Double Decker,Stage Carriage,,DDD,DDD,,,,,,,
Consett (ex Stanley),Consett,CONS,6177,SN57DFJ,Volvo B9TL Eclipse Gemini 2 D9B 6AP1403B Ecolife 10.5 5 EEV,Double Decker,Stage Carriage,,DDD,DDD,,,,,,,
Consett (ex Stanley),Consett,CONS,6179,SN57DFU,Volvo B9TL Eclipse Gemini 2 D9B 6AP1403B Ecolife 10.5 5 EEV,Double Decker,Stage Carriage,,DDD,DDD,,,,,,,
Consett (ex Stanley),Consett,CONS,6180,SN57DFV,Volvo B9TL Eclipse Gemini 2 D9B 6AP1403B Ecolife 10.5 5 EEV,Double Decker,Stage Carriage,,DDD,DDD,,,,,,,
Consett (ex Stanley),Consett,CONS,6181,SN57DFX,Volvo B9TL Eclipse Gemini 2 D9B 6AP1403B Ecolife 10.5 5 EEV,Double Decker,Stage Carriage,,DDD,DDD,,,,,,,
Consett (ex Stanley),Go North East Reserve Fleet,GNERF,6182,SN57DFY,Volvo B9TL Eclipse Gemini 2 D9B 6AP1403B Ecolife 10.5 5 EEV,Double Decker,Stage Carriage,,DDD,DDD,,,,,,,
Consett (ex Stanley),Consett,CONS,6183,MX07BRF,Volvo B9TL Eclipse Gemini D9B Ecolife 10.4 4,Double Decker,Stage Carriage,,DDD,DDD,,,,,,,
Consett (ex Stanley),Consett,CONS,6184,MX07BRV,Volvo B9TL Eclipse Gemini D9B Ecolife 10.4 4,Double Decker,Stage Carriage,,DDD,DDD,,,,,,,
Consett (ex Stanley),Consett,CONS,6185,MX07BRZ,Volvo B9TL Eclipse Gemini D9B Ecolife 10.4 4,Double Decker,Stage Carriage,,DDD,DDD,,,,,,,
Consett (ex Stanley),Consett,CONS,6189,MX07BUE,Volvo B9TL Eclipse Gemini D9B Ecolife 10.4 4,Double Decker,Stage Carriage,,DDD,DDD,,,,,,,
Consett (ex Stanley),Consett,CONS,6190,MX07BUU,Volvo B9TL Eclipse Gemini D9B Ecolife 10.4 4,Double Decker,Stage Carriage,,DDD,DDD,,,,,,,
Consett (ex Stanley),Consett,CONS,6191,MX07BUV,Volvo B9TL Eclipse Gemini D9B Ecolife 10.4 4,Double Decker,Stage Carriage,,DDD,DDD,,,,,,,
Consett (ex Stanley),Consett,CONS,6192,MX57HDZ,Volvo B9TL Eclipse Gemini D9B Ecolife 10.4 4,Double Decker,Stage Carriage,,DDD,DDD,,,,,,,
Consett (ex Stanley),Consett,CONS,6195,YX08FWG,Volvo B9TL Eclipse Gemini D9B 6AP1200B 10.4 4,Double Decker,Stage Carriage,,DDD,DDD,,,,,,,
Consett (ex Stanley),Consett,CONS,6216,LX59CZF,Volvo B9TL Eclipse Gemini 2 D9B 6AP1403B Ecolife 10.4 5 EEV (SCRT Emissions Upgrade to Euro 6),Double Decker,Stage Carriage,,DDD,DDD,,,,,,,
Consett (ex Stanley),Consett,CONS,6217,LX59CZG,Volvo B9TL Eclipse Gemini 2 D9B 6AP1403B Ecolife 10.4 5 EEV (SCRT Emissions Upgrade to Euro 6),Double Decker,Stage Carriage,,DDD,DDD,,,,,,,
Consett (ex Stanley),Consett,CONS,6218,LX59CZH,Volvo B9TL Eclipse Gemini 2 D9B 6AP1403B Ecolife 10.4 5 EEV (SCRT Emissions Upgrade to Euro 6),Double Decker,Stage Carriage,,DDD,DDD,,,,,,,
Consett (ex Stanley),Consett,CONS,6221,LX59CZR,Volvo B9TL Eclipse Gemini 2 D9B 6AP1403B Ecolife 10.4 5 EEV (SCRT Emissions Upgrade to Euro 6),Double Decker,Stage Carriage,,DDD,DDD,,,,,,,
Consett (ex Stanley),Consett,CONS,6232,SN61BGF,ADL Enviro 400 Enviro 400 ISBe6 6HP1203B 10.1 5 EEV (SCRT Emissions Upgrade to Euro 6),Double Decker,Stage Carriage,,DDD,DDD,,,,,,,
Consett (ex Stanley),Consett,CONS,6233,SN61BGK,ADL Enviro 400 Enviro 400 ISBe6 6HP1203B 10.1 5 EEV (SCRT Emissions Upgrade to Euro 6),Double Decker,Stage Carriage,,DDD,DDD,,,,,,,
Consett (ex Stanley),Consett,CONS,6234,SN61BGO,ADL Enviro 400 Enviro 400 ISBe6 6HP1203B 10.1 5 EEV (SCRT Emissions Upgrade to Euro 6),Double Decker,Stage Carriage,,DDD,DDD,,,,,,,
Consett (ex Stanley),Consett,CONS,6235,SN61BGU,ADL Enviro 400 Enviro 400 ISBe6 6HP1203B 10.1 5 EEV (SCRT Emissions Upgrade to Euro 6),Double Decker,Stage Carriage,,DDD,DDD,,,,,,,
Consett (ex Stanley),Consett,CONS,6236,SN61BGV,ADL Enviro 400 Enviro 400 ISBe6 6HP1203B 10.1 5 EEV (SCRT Emissions Upgrade to Euro 6),Double Decker,Stage Carriage,,DDD,DDD,,,,,,,
Consett (ex Stanley),Consett,CONS,6237,SN61BGX,ADL Enviro 400 Enviro 400 ISBe6 6HP1203B 10.1 5 EEV (SCRT Emissions Upgrade to Euro 6),Double Decker,Stage Carriage,,DDD,DDD,,,,,,,
Consett (ex Stanley),Consett,CONS,6238,SN61BGY,ADL Enviro 400 Enviro 400 ISBe6 6HP1203B 10.1 5 EEV (SCRT Emissions Upgrade to Euro 6),Double Decker,Stage Carriage,,DDD,DDD,,,,,,,
Consett (ex Stanley),Consett,CONS,6239,SN61BGZ,ADL Enviro 400 Enviro 400 ISBe6 6HP1203B 10.1 5 EEV (SCRT Emissions Upgrade to Euro 6),Double Decker,Stage Carriage,,DDD,DDD,,,,,,,
Consett (ex Stanley),Consett,CONS,6240,SN61BHA,ADL Enviro 400 Enviro 400 ISBe6 6HP1203B 10.1 5 EEV (SCRT Emissions Upgrade to Euro 6),Double Decker,Stage Carriage,,DDD,DDD,,,,,,,
Consett (ex Stanley),Consett,CONS,6336,YX64VOO,ADL Enviro 400 MMC Enviro 400 MMC ISB4.5 6AP1200B 10.9 6,Double Decker,Stage Carriage,,DDD,DDD,,,,,,,
Consett (ex Stanley),Consett,CONS,6337,YY64GWX,ADL Enviro 400 MMC Enviro 400 MMC ISB4.5 6AP1200B 10.9 6,Double Decker,Stage Carriage,,DDD,DDD,,,,,,,
Consett (ex Stanley),Consett,CONS,6338,YX69NPA,ADL Enviro 400 MMC Enviro 400 MMC ISBe6.7 6AP1203B 10.9 6,Double Decker,Stage Carriage,,DDD,DDD,,,,,,,
Consett (ex Stanley),Consett,CONS,6339,YX69NPC,ADL Enviro 400 MMC Enviro 400 MMC ISBe6.7 6AP1203B 10.9 6,Double Decker,Stage Carriage,,DDD,DDD,,,,,,,
Consett (ex Stanley),Consett,CONS,6340,YX69NPD,ADL Enviro 400 MMC Enviro 400 MMC ISBe6.7 6AP1203B 10.9 6,Double Decker,Stage Carriage,,DDD,DDD,,,,,,,
Consett (ex Stanley),Consett,CONS,6341,YX20OKA,ADL Enviro 400 MMC Enviro 400 MMC ISBe6.7 6AP1203B 10.9 6,Double Decker,Stage Carriage,,DDD,DDD,,,,,,,
Consett (ex Stanley),Consett,CONS,6342,YX20OKB,ADL Enviro 400 MMC Enviro 400 MMC ISBe6.7 6AP1203B 10.9 6,Double Decker,Stage Carriage,,DDD,DDD,,,,,,,
Consett (ex Stanley),Consett,CONS,6343,YX70OKJ,ADL Enviro 400 MMC Enviro 400 MMC ISBe6.7 6AP1203B 10.9 6,Double Decker,Stage Carriage,,DDD,DDD,,,,,,,
Consett (ex Stanley),Consett,CONS,6344,YX70OKK,ADL Enviro 400 MMC Enviro 400 MMC ISBe6.7 6AP1203B 10.9 6,Double Decker,Stage Carriage,,DDD,DDD,,,,,,,
Consett (ex Stanley),Consett,CONS,6345,YX20OKE,ADL Enviro 400 MMC Enviro 400 MMC ISBe6.7 6AP1203B 10.9 6,Double Decker,Stage Carriage,,DDD,DDD,,,,,,,
Consett (ex Stanley),Consett,CONS,6346,YX70OHW,ADL Enviro 400 MMC Enviro 400 MMC ISBe6.7 6AP1203B 10.9 6,Double Decker,Stage Carriage,,DDD,DDD,,,,,,,
Consett (ex Stanley),Consett,CONS,6347,YX20OKG,ADL Enviro 400 MMC Enviro 400 MMC ISBe6.7 6AP1203B 10.9 6,Double Decker,Stage Carriage,,DDD,DDD,,,,,,,
Consett (ex Stanley),Consett,CONS,6348,YX70OKL,ADL Enviro 400 MMC Enviro 400 MMC ISBe6.7 6AP1203B 10.9 6,Double Decker,Stage Carriage,,DDD,DDD,,,,,,,
Consett (ex Stanley),Consett,CONS,6349,YX20OKJ,ADL Enviro 400 MMC Enviro 400 MMC ISBe6.7 6AP1203B 10.9 6,Double Decker,Stage Carriage,,DDD,DDD,,,,,,,
Consett (ex Stanley),Consett,CONS,6350,YX20OKK,ADL Enviro 400 MMC Enviro 400 MMC ISBe6.7 6AP1203B 10.9 6,Double Decker,Stage Carriage,,DDD,DDD,,,,,,,
Consett (ex Stanley),Consett,CONS,6351,YX70OHY,ADL Enviro 400 MMC Enviro 400 MMC ISBe6.7 6AP1203B 10.9 6,Double Decker,Stage Carriage,,DDD,DDD,,,,,,,
Consett (ex Stanley),Consett,CONS,6949,LX08EBU,ADL Enviro 400 Enviro 400 ISBe4 5HP502 10.1 4 (SCRT Emissions Upgrade to Euro 6),Double Decker,Stage Carriage,,DDD,DDD,,,,,,,
Consett (ex Stanley),Consett,CONS,6950,LX08EBV,ADL Enviro 400 Enviro 400 ISBe4 5HP502 10.1 4 (SCRT Emissions Upgrade to Euro 6),Double Decker,Stage Carriage,,DDD,DDD,,,,,,,
Consett (ex Stanley),Consett,CONS,5496,NK69FBJ,ADL Enviro 200 Enviro 200 ISB4.5 D824.6 11.6 6,Single Deck,Stage Carriage,,SDD,,,,,,,,
Consett (ex Stanley),Consett,CONS,6219,LX59CZJ,Volvo B9TL Eclipse Gemini 2 D9B 6AP1403B Ecolife 10.4 5 EEV (SCRT Emissions Upgrade to Euro 6),Double Decker,Stage Carriage,,DDD,DDD,,,,,,,
,Consett,CONS,6378,MA75CRK,Wrightbus Ultroliner,Double Decker,Stage Carriage,,DDD,,,,,,,,
,Consett,CONS,6379,MA75CRU,Wrightbus Ultroliner,Double Decker,Stage Carriage,,DDD,,,,,,,,
,Consett,CONS,6380,MA75CRV,Wrightbus Ultroliner,Double Decker,Stage Carriage,,DDD,,,,,,,,
,Consett,CONS,6382,MA75CRZ,Wrightbus Ultroliner,Double Decker,Stage Carriage,,DDD,,,,,,,,
,Consett,CONS,6383,MA75CSF,Wrightbus Ultroliner,Double Decker,Stage Carriage,,DDD,,,,,,,,
,Consett,CONS,6384,MA75CSO,Wrightbus Ultroliner,Double Decker,Stage Carriage,,DDD,,,,,,,,
,Consett,CONS,6381,MA75CRX,Wrightbus Ultroliner,Double Decker,Stage Carriage,,DDD,,,,,,,,
Deptford,Deptford,DEPT,653,NK15GDE,Optare Solo SR Solo SR OM904LA S2100 9.2 5,Single Deck,Stage Carriage,,MBD,SDD,,,,,,,
Deptford,Deptford,DEPT,654,NK15GDF,Optare Solo SR Solo SR OM904LA S2100 9.2 5,Single Deck,Stage Carriage,,MBD,SDD,,,,,,,
Deptford,Deptford,DEPT,655,NK15GDJ,Optare Solo SR Solo SR OM904LA S2100 9.2 5,Single Deck,Stage Carriage,,MBD,DDD,,,,,,,
Deptford,Deptford,DEPT,656,NK15GDO,Optare Solo SR Solo SR OM904LA S2100 9.2 5,Single Deck,Stage Carriage,,MBD,SDD,,,,,,,
Deptford,Deptford,DEPT,657,NK15GEY,Optare Solo SR Solo SR OM904LA S2100 9.2 5,Single Deck,Stage Carriage,,MBD,SDD,,,,,,,
Deptford,Deptford,DEPT,658,NK15GFA,Optare Solo SR Solo SR OM904LA S2100 9.2 5,Single Deck,Stage Carriage,,MBD,DDD,,,,,,,
Deptford,Deptford,DEPT,659,NK15GFE,Optare Solo SR Solo SR OM904LA S2100 9.2 5,Single Deck,Stage Carriage,,MBD,DDD,,,,,,,
Deptford,Deptford,DEPT,660,NK15GFG,Optare Solo SR Solo SR OM904LA S2100 9.2 5,Single Deck,Stage Carriage,,MBD,DDD,,,,,,,
Deptford,Deptford,DEPT,662,NK15GFO,Optare Solo SR Solo SR OM904LA S2100 9.2 5,Single Deck,Stage Carriage,,MBD,SDD,,,,,,,
Deptford,Deptford,DEPT,663,NK15GFU,Optare Solo SR Solo SR OM904LA S2100 9.2 5,Single Deck,Stage Carriage,,MBD,SDD,,,,,,,
Deptford,Deptford,DEPT,673,NK16BXP,Optare Solo SR Solo SR OM904LA S2100 9.2 5,Single Deck,Stage Carriage,,MBD,DDD,,,,,,,
Deptford,Deptford,DEPT,674,NK16BXR,Optare Solo SR Solo SR OM904LA S2100 9.2 5,Single Deck,Stage Carriage,,MBD,DDD,,,,,,,
Deptford,Deptford,DEPT,675,NK16BXS,Optare Solo SR Solo SR OM904LA S2100 9.2 5,Single Deck,Stage Carriage,,MBD,DDD,,,,,,,
Deptford,Deptford,DEPT,676,NK16BXU,Optare Solo SR Solo SR OM904LA S2100 9.2 5,Single Deck,Stage Carriage,,MBD,DDD,,,,,,,
Deptford,Deptford,DEPT,677,NK16BXV,Optare Solo SR Solo SR OM904LA S2100 9.2 5,Single Deck,Stage Carriage,,MBD,DDD,,,,,,,
Deptford,Deptford,DEPT,678,NK16BXW,Optare Solo SR Solo SR OM904LA S2100 9.2 5,Single Deck,Stage Carriage,,MBD,DDD,,,,,,,
Deptford,Deptford,DEPT,679,NK16BXX,Optare Solo SR Solo SR OM904LA S2100 9.2 5,Single Deck,Stage Carriage,,MBD,DDD,,,,,,,
Deptford,Deptford,DEPT,682,NK66CWX,Optare Solo SR Solo SR OM904LA S2100 9.2 5,Single Deck,Stage Carriage,,MBD,DDD,,,,,,,
Deptford,Deptford,DEPT,728,NK68BZY,Optare Solo Solo OM934LA T2100 9.2 6,Single Deck,Stage Carriage,,MBD,DDD,,,,,,,
Deptford,Deptford,DEPT,1040,GV65CWA,Ancillary,Ancillary,Ancillary,,AND,AND,,,,,,,
Deptford,Deptford,DEPT,1041,GV65CXF,Ancillary,Ancillary,Ancillary,,AND,AND,,,,,,,
Deptford,Deptford,DEPT,1066,EY67ZCN,Ancillary,Ancillary,Ancillary,,AND,AND,,,,,,,
Deptford,Deptford,DEPT,1108,EK66UGE,Ancillary,Ancillary,Ancillary,,AND,AND,,,,,,,
Deptford,Deptford,DEPT,5369,NL63XAZ,Wrightbus Streetlite DF Streetlite ISBe5 D854.5E 11.5 5,Single Deck,Stage Carriage,,SDD,SDD,,,,,,,
Deptford,Deptford,DEPT,5370,NL63XBA,Wrightbus Streetlite DF Streetlite ISBe5 D854.5E 11.5 5,Single Deck,Stage Carriage,,SDD,SDD,,,,,,,
Deptford,Deptford,DEPT,5371,NL63XBB,Wrightbus Streetlite DF Streetlite ISBe5 D854.5E 11.5 5,Single Deck,Stage Carriage,,SDD,SDD,,,,,,,
Deptford,Deptford,DEPT,5372,NL63XBC,Wrightbus Streetlite DF Streetlite ISBe5 D854.5E 11.5 5,Single Deck,Stage Carriage,,SDD,SDD,,,,,,,
Deptford,Deptford,DEPT,5373,NL63XBD,Wrightbus Streetlite DF Streetlite ISBe5 D854.5E 11.5 5,Single Deck,Stage Carriage,,SDD,SDD,,,,,,,
Deptford,Deptford,DEPT,5374,NL63XBE,Wrightbus Streetlite DF Streetlite ISBe5 D854.5E 11.5 5,Single Deck,Stage Carriage,,SDD,SDD,,,,,,,
Deptford,Deptford,DEPT,5375,NL63XBF,Wrightbus Streetlite DF Streetlite ISBe5 D854.5E 11.5 5,Single Deck,Stage Carriage,,SDD,SDD,,,,,,,
Deptford,Deptford,DEPT,5376,NL63XBG,Wrightbus Streetlite DF Streetlite ISBe5 D854.5E 11.5 5,Single Deck,Stage Carriage,,SDD,SDD,,,,,,,
Deptford,Deptford,DEPT,5391,NK15EMV,Wrightbus Streetlite DF Streetlite ISBe5 D854.5E 11.5 5,Single Deck,Stage Carriage,,SDD,SDD,,,,,,,
Deptford,Deptford,DEPT,5392,NK15EMX,Wrightbus Streetlite DF Streetlite ISBe5 D854.5E 11.5 5,Single Deck,Stage Carriage,,SDD,SDD,,,,,,,
Deptford,Deptford,DEPT,5393,NK15ENC,Wrightbus Streetlite DF Streetlite ISBe5 D854.5E 11.5 5,Single Deck,Stage Carriage,,SDD,SDD,,,,,,,
Deptford,Deptford,DEPT,5394,NK15ENE,Wrightbus Streetlite DF Streetlite ISBe5 D854.5E 11.5 5,Single Deck,Stage Carriage,,SDD,SDD,,,,,,,
Deptford,Deptford,DEPT,5395,NK15ENF,Wrightbus Streetlite DF Streetlite ISBe5 D854.5E 11.5 5,Single Deck,Stage Carriage,,SDD,SDD,,,,,,,
Deptford,Deptford,DEPT,5396,NK15ENH,Wrightbus Streetlite DF Streetlite ISBe5 D854.5E 11.5 5,Single Deck,Stage Carriage,,SDD,SDD,,,,,,,
Deptford,Deptford,DEPT,5397,NK15ENJ,Wrightbus Streetlite DF Streetlite ISBe5 D854.5E 11.5 5,Single Deck,Stage Carriage,,SDD,SDD,,,,,,,
Deptford,Deptford,DEPT,5398,NK15ENL,Wrightbus Streetlite DF Streetlite ISBe5 D854.5E 11.5 5,Single Deck,Stage Carriage,,SDD,SDD,,,,,,,
Deptford,Deptford,DEPT,5399,NK15ENM,Wrightbus Streetlite DF Streetlite ISBe5 D854.5E 11.5 5,Single Deck,Stage Carriage,,SDD,SDD,,,,,,,
Deptford,Deptford,DEPT,5414,NK15EOE,Wrightbus Streetlite DF Streetlite ISBe5 D854.5E 11.5 5,Single Deck,Stage Carriage,,SDD,SDD,,,,,,,
Deptford,Deptford,DEPT,5415,NK15EOF,Wrightbus Streetlite DF Streetlite ISBe5 D854.5E 11.5 5,Single Deck,Stage Carriage,,SDD,SDD,,,,,,,
Deptford,Deptford,DEPT,5416,NK15EOG,Wrightbus Streetlite DF Streetlite ISBe5 D854.5E 11.5 5,Single Deck,Stage Carriage,,SDD,SDD,,,,,,,
Deptford,Deptford,DEPT,5417,NK15EOH,Wrightbus Streetlite DF Streetlite ISBe5 D854.5E 11.5 5,Single Deck,Stage Carriage,,SDD,SDD,,,,,,,
Deptford,Deptford,DEPT,5418,NK15EOJ,Wrightbus Streetlite DF Streetlite ISBe5 D854.5E 11.5 5,Single Deck,Stage Carriage,,SDD,SDD,,,,,,,
Deptford,Deptford,DEPT,5419,NK15EOL,Wrightbus Streetlite DF Streetlite ISBe5 D854.5E 11.5 5,Single Deck,Stage Carriage,,SDD,SDD,,,,,,,
Deptford,Deptford,DEPT,5420,NK16BYA,Wrightbus Streetlite DF Streetlite ISBe5 D854.5E 11.5 5,Single Deck,Stage Carriage,,SDD,SDD,,,,,,,
Deptford,Deptford,DEPT,5421,NK16BYB,Wrightbus Streetlite DF Streetlite ISBe5 D854.5E 11.5 5,Single Deck,Stage Carriage,,SDD,SDD,,,,,,,
Deptford,Deptford,DEPT,5422,NK16BYC,Wrightbus Streetlite DF Streetlite ISBe5 D854.5E 11.5 5,Single Deck,Stage Carriage,,SDD,SDD,,,,,,,
Deptford,Deptford,DEPT,5423,NK16BYD,Wrightbus Streetlite DF Streetlite ISBe5 D854.5E 11.5 5,Single Deck,Stage Carriage,,SDD,SDD,,,,,,,
Deptford,Deptford,DEPT,5424,NK16BYF,Wrightbus Streetlite DF Streetlite ISBe5 D854.5E 11.5 5,Single Deck,Stage Carriage,,SDD,SDD,,,,,,,
Deptford,Deptford,DEPT,5425,NK16BYG,Wrightbus Streetlite DF Streetlite ISBe5 D854.5E 11.5 5,Single Deck,Stage Carriage,,SDD,SDD,,,,,,,
Deptford,Deptford,DEPT,5426,NK16BYH,Wrightbus Streetlite DF Streetlite ISBe5 D854.5E 11.5 5,Single Deck,Stage Carriage,,SDD,SDD,,,,,,,
Deptford,Deptford,DEPT,5427,NK16BYJ,Wrightbus Streetlite DF Streetlite ISBe5 D854.5E 11.5 5,Single Deck,Stage Carriage,,SDD,SDD,,,,,,,
Deptford,Deptford,DEPT,5428,NK16BYL,Wrightbus Streetlite DF Streetlite ISBe5 D854.5E 11.5 5,Single Deck,Stage Carriage,,SDD,SDD,,,,,,,
Deptford,Deptford,DEPT,5429,NK16BYM,Wrightbus Streetlite DF Streetlite ISBe5 D854.5E 11.5 5,Single Deck,Stage Carriage,,SDD,SDD,,,,,,,
Deptford,Deptford,DEPT,5430,NK16BYN,Wrightbus Streetlite DF Streetlite ISBe5 D854.5E 11.5 5,Single Deck,Stage Carriage,,SDD,SDD,,,,,,,
Deptford,Deptford,DEPT,5431,NK16BYO,Wrightbus Streetlite DF Streetlite ISBe5 D854.5E 11.5 5,Single Deck,Stage Carriage,,SDD,SDD,,,,,,,
Deptford,Deptford,DEPT,5432,NK16BYP,Wrightbus Streetlite DF Streetlite ISBe5 D854.5E 11.5 5,Single Deck,Stage Carriage,,SDD,SDD,,,,,,,
Deptford,Deptford,DEPT,5433,NK16BYR,Wrightbus Streetlite DF Streetlite ISBe5 D854.5E 11.5 5,Single Deck,Stage Carriage,,SDD,SDD,,,,,,,
Deptford,Deptford,DEPT,5434,NK16BYS,Wrightbus Streetlite DF Streetlite ISBe5 D854.5E 11.5 5,Single Deck,Stage Carriage,,SDD,SDD,,,,,,,
Deptford,Deptford,DEPT,5435,NK16BYT,Wrightbus Streetlite DF Streetlite ISBe5 D854.5E 11.5 5,Single Deck,Stage Carriage,,SDD,SDD,,,,,,,
Deptford,Deptford,DEPT,5436,NK16BXZ,Wrightbus Streetlite DF Streetlite ISBe5 D854.5E 11.5 5,Single Deck,Stage Carriage,,SDD,SDD,,,,,,,
Deptford,Deptford,DEPT,5437,NK16BWY,Wrightbus Streetlite DF Streetlite ISBe5 D854.5E 11.5 5,Single Deck,Stage Carriage,,SDD,SDD,,,,,,,
Deptford,Deptford,DEPT,5438,NK16BWZ,Wrightbus Streetlite DF Streetlite ISBe5 D854.5E 11.5 5,Single Deck,Stage Carriage,,SDD,SDD,,,,,,,
Deptford,Deptford,DEPT,5439,NK16AZU,Wrightbus Streetlite DF Streetlite ISBe5 D854.5E 11.5 5,Single Deck,Stage Carriage,,SDD,SDD,,,,,,,
Deptford,Deptford,DEPT,5440,NK16AZV,Wrightbus Streetlite DF Streetlite ISBe5 D854.5E 11.5 5,Single Deck,Stage Carriage,,SDD,SDD,,,,,,,
Deptford,Deptford,DEPT,5441,NK16AZW,Wrightbus Streetlite DF Streetlite ISBe5 D854.5E 11.5 5,Single Deck,Stage Carriage,,SDD,SDD,,,,,,,
Deptford,Deptford,DEPT,5526,SK63KHG,Wrightbus Streetlite DF Streetlite OM934 D624.6E 10.8 6,Single Deck,Stage Carriage,,SDD,SDD,,,,,,,
Deptford,Deptford,DEPT,5527,SK63KHL,Wrightbus Streetlite DF Streetlite DF ISBe4 DIWA 11.6 5 (SCRT Emissions upgrade to Euro 6),Single Deck,Stage Carriage,,SDD,SDD,,,,,,,
Deptford,Deptford,DEPT,6001,NK11BGZ,Volvo B9TL Eclipse Gemini 2 D9B 6AP1403B Ecolife 10.4 5 EEV,Double Decker,Stage Carriage,,DDD,DDD,,,,,,,
Deptford,Deptford,DEPT,6086,NL63YHO,Volvo B9TL Eclipse Gemini 2 D9B 6AP1403B Ecolife 10.5 5 EEV,Double Decker,Stage Carriage,,DDD,DDD,,,,,,,
Deptford,Deptford,DEPT,6087,NL63YHP,Volvo B9TL Eclipse Gemini 2 D9B 6AP1403B Ecolife 10.5 5 EEV,Double Decker,Stage Carriage,,DDD,DDD,,,,,,,
Deptford,Deptford,DEPT,6088,NL63YHR,Volvo B9TL Eclipse Gemini 2 D9B 6AP1403B Ecolife 10.5 5 EEV,Double Decker,Stage Carriage,,DDD,DDD,,,,,,,
Deptford,Deptford,DEPT,6089,NL63YHS,Volvo B9TL Eclipse Gemini 2 D9B 6AP1403B Ecolife 10.5 5 EEV,Double Decker,Stage Carriage,,DDD,DDD,,,,,,,
Deptford,Deptford,DEPT,6090,NL63YHT,Volvo B9TL Eclipse Gemini 2 D9B 6AP1403B Ecolife 10.5 5 EEV,Double Decker,Stage Carriage,,DDD,DDD,,,,,,,
Deptford,Deptford,DEPT,6091,NL63YHU,Volvo B9TL Eclipse Gemini 2 D9B 6AP1403B Ecolife 10.5 5 EEV,Double Decker,Stage Carriage,,DDD,DDD,,,,,,,
Deptford,Deptford,DEPT,6092,NL63YHV,Volvo B9TL Eclipse Gemini 2 D9B 6AP1403B Ecolife 10.5 5 EEV,Double Decker,Stage Carriage,,DDD,DDD,,,,,,,
Deptford,Deptford,DEPT,6093,NL63YHW,Volvo B9TL Eclipse Gemini 2 D9B 6AP1403B Ecolife 10.5 5 EEV,Double Decker,Stage Carriage,,DDD,DDD,,,,,,,
Deptford,Deptford,DEPT,6094,NL63YHX,Volvo B9TL Eclipse Gemini 2 D9B 6AP1403B Ecolife 10.5 5 EEV,Double Decker,Stage Carriage,,DDD,DDD,,,,,,,
Deptford,Deptford,DEPT,6095,NL63YHY,Volvo B9TL Eclipse Gemini 2 D9B 6AP1403B Ecolife 10.5 5 EEV,Double Decker,Stage Carriage,,DDD,DDD,,,,,,,
Deptford,Deptford,DEPT,6096,NL63YHZ,Volvo B9TL Eclipse Gemini 2 D9B 6AP1403B Ecolife 10.5 5 EEV,Double Decker,Stage Carriage,,DDD,DDD,,,,,,,
Deptford,Deptford,DEPT,6097,NL63YJA,Volvo B9TL Eclipse Gemini 2 D9B 6AP1403B Ecolife 10.5 5 EEV,Double Decker,Stage Carriage,,DDD,DDD,,,,,,,
Deptford,Deptford,DEPT,6098,NL63YJB,Volvo B9TL Eclipse Gemini 2 D9B 6AP1403B Ecolife 10.5 5 EEV,Double Decker,Stage Carriage,,DDD,DDD,,,,,,,
Deptford,Deptford,DEPT,6099,NL63YJC,Volvo B9TL Eclipse Gemini 2 D9B 6AP1403B Ecolife 10.5 5 EEV,Double Decker,Stage Carriage,,DDD,DDD,,,,,,,
Deptford,Deptford,DEPT,6159,LJ62KYG,Volvo B9TL Eclipse Gemini 2 D9B 6AP1403B Ecolife 10.4 5 EEV,Double Decker,Stage Carriage,,DDD,DDD,,,,,,,
Deptford,Deptford,DEPT,6160,LJ62KZD,Volvo B9TL Eclipse Gemini 2 D9B 6AP1403B Ecolife 10.4 5 EEV,Double Decker,Stage Carriage,,DDD,DDD,,,,,,,
Deptford,Deptford,DEPT,6161,LJ62KZP,Volvo B9TL Eclipse Gemini 2 D9B 6AP1403B Ecolife 10.4 5 EEV,Double Decker,Stage Carriage,,DDD,DDD,,,,,,,
Deptford,Deptford,DEPT,6201,LX59CYC,Volvo B9TL Eclipse Gemini 2 D9B 6AP1403B Ecolife 10.4 5 EEV (SCRT Emissions Upgrade to Euro 6),Double Decker,Stage Carriage,,DDD,DDD,,,,,,,
Deptford,Deptford,DEPT,6202,LX59CYE,Volvo B9TL Eclipse Gemini 2 D9B 6AP1403B Ecolife 10.4 5 EEV (SCRT Emissions Upgrade to Euro 6),Double Decker,Stage Carriage,,DDD,DDD,,,,,,,
Deptford,Deptford,DEPT,6203,LX59CYF,Volvo B9TL Eclipse Gemini 2 D9B 6AP1403B Ecolife 10.4 5 EEV (SCRT Emissions Upgrade to Euro 6),Double Decker,Stage Carriage,,DDD,DDD,,,,,,,
Deptford,Deptford,DEPT,6204,LX59CYP,Volvo B9TL Eclipse Gemini 2 D9B 6AP1403B Ecolife 10.4 5 EEV (SCRT Emissions Upgrade to Euro 6),Double Decker,Stage Carriage,,DDD,DDD,,,,,,,
Deptford,Deptford,DEPT,6205,LX59CYS,Volvo B9TL Eclipse Gemini 2 D9B 6AP1403B Ecolife 10.4 5 EEV (SCRT Emissions Upgrade to Euro 6),Double Decker,Stage Carriage,,DDD,DDD,,,,,,,
Deptford,Deptford,DEPT,6308,NK67ECD,Volvo B5TL Eclipse Gemini 2 D5K240 6AP1003B 10.4 6,Double Decker,Stage Carriage,,DDD,DDD,,,,,,,
Deptford,Deptford,DEPT,6309,NK67ECE,Volvo B5TL Eclipse Gemini 2 D5K240 6AP1003B 10.4 6,Double Decker,Stage Carriage,,DDD,DDD,,,,,,,
Deptford,Deptford,DEPT,6310,NK67EBC,Volvo B5TL Eclipse Gemini 2 D5K240 6AP1003B 10.4 6,Double Decker,Stage Carriage,,DDD,DDD,,,,,,,
Deptford,Deptford,DEPT,6312,NK67EBF,Volvo B5TL Eclipse Gemini 2 D5K240 6AP1003B 10.4 6,Double Decker,Stage Carriage,,DDD,DDD,,,,,,,
Deptford,Deptford,DEPT,6313,NK67EBG,Volvo B5TL Eclipse Gemini 2 D5K240 6AP1003B 10.4 6,Double Decker,Stage Carriage,,DDD,DDD,,,,,,,
Deptford,Deptford,DEPT,6314,NK67EBJ,Volvo B5TL Eclipse Gemini 2 D5K240 6AP1003B 10.4 6,Double Decker,Stage Carriage,,DDD,DDD,,,,,,,
Deptford,Deptford,DEPT,8313,NK10GOC,Optare Versa V1110 Versa ISBe6 S2100 11.1 5,Single Deck,Stage Carriage,,SDD,SDD,,,,,,,
Deptford,Deptford,DEPT,8334,NK11HJE,Optare Versa V1110 Versa ISBe6 S2100 11.1 5,Single Deck,Stage Carriage,,SDD,SDD,,,,,,,
Deptford,Deptford,DEPT,8335,NK11HJF,Optare Versa V1110 Versa ISBe6 S2100 11.1 5,Single Deck,Stage Carriage,,SDD,SDD,,,,,,,
Deptford,Deptford,DEPT,8339,NL63XBH,Wrightbus Streetlite DF Streetlite ISBe5 D854.5E 10.8 5,Single Deck,Stage Carriage,,SDD,SDD,,,,,,,
Deptford,Deptford,DEPT,8340,NL63XBJ,Wrightbus Streetlite DF Streetlite ISBe5 D854.5E 10.8 5,Single Deck,Stage Carriage,,SDD,SDD,,,,,,,
Deptford,Deptford,DEPT,8341,NL63XBK,Wrightbus Streetlite DF Streetlite ISBe5 D854.5E 10.8 5,Single Deck,Stage Carriage,,SDD,SDD,,,,,,,
Deptford,Deptford,DEPT,5528,NK16BYL,Wrightbus Streetlite DF Streetlite ISBe5 D854.5E 11.5 5,Single Deck,Stage Carriage,,SDD,,,,,,,,
Deptford,Deptford,DEPT,5529,NK16BYM,Wrightbus Streetlite DF Streetlite ISBe5 D854.5E 11.5 5,Single Deck,Stage Carriage,,SDD,,,,,,,,
Deptford,Deptford,DEPT,5530,NK16BYN,Wrightbus Streetlite DF Streetlite ISBe5 D854.5E 11.5 5,Single Deck,Stage Carriage,,SDD,,,,,,,,
Deptford,Deptford,DEPT,5531,NK16BYO,Wrightbus Streetlite DF Streetlite ISBe5 D854.5E 11.5 5,Single Deck,Stage Carriage,,SDD,,,,,,,,
Deptford,Deptford,DEPT,5532,NK16BYP,Wrightbus Streetlite DF Streetlite ISBe5 D854.5E 11.5 5,Single Deck,Stage Carriage,,SDD,,,,,,,,
Deptford,Deptford,DEPT,5533,NK16BYR,Wrightbus Streetlite DF Streetlite ISBe5 D854.5E 11.5 5,Single Deck,Stage Carriage,,SDD,,,,,,,,
Deptford,Deptford,DEPT,5534,NK16BYS,Wrightbus Streetlite DF Streetlite ISBe5 D854.5E 11.5 5,Single Deck,Stage Carriage,,SDD,,,,,,,,
Deptford,Deptford,DEPT,5535,NK16BYT,Wrightbus Streetlite DF Streetlite ISBe5 D854.5E 11.5 5,Single Deck,Stage Carriage,,SDD,,,,,,,,
Deptford,Deptford,DEPT,5536,NK16BXZ,Wrightbus Streetlite DF Streetlite ISBe5 D854.5E 11.5 5,Single Deck,Stage Carriage,,SDD,,,,,,,,
Deptford,Deptford,DEPT,5537,NK16BWY,Wrightbus Streetlite DF Streetlite ISBe5 D854.5E 11.5 5,Single Deck,Stage Carriage,,SDD,,,,,,,,
Deptford,Deptford,DEPT,6311,NK67EBD,Volvo B5TL Eclipse Gemini 2 D5K240 6AP1003B 10.4 6,Double Decker,Stage Carriage,,DDD,DDD,,,,,,,
Deptford,Deptford,DEPT,638,NK12HCE,Optare Solo SR Solo SR OM904LA S2100 9 5 (SCRT Emisssions Upgrade to Euro 6),Single Deck,Stage Carriage,,SDD,,,,,,,,
Deptford,Deptford,DEPT,8348,SK63GAA,Wrightbus Streetlite DF Streetlite ISBe5 D823.3E 10.5 5,Single Deck,Stage Carriage,,SDD,,,,,,,,
Deptford,Deptford,DEPT,8349,WX12GDO,Wrightbus Streetlite DF Streetlite ISBe5 D823.3E 10.5 5,Single Deck,Stage Carriage,,SDD,,,,,,,,
Deptford,Deptford,DEPT,8350,WX12GDU,Wrightbus Streetlite DF Streetlite ISBe5 D823.3E 10.5 5,Single Deck,Stage Carriage,,SDD,,,,,,,,
Deptford,Deptford,DEPT,8351,WX12GDV,Wrightbus Streetlite DF Streetlite ISBe5 D823.3E 10.5 5,Single Deck,Stage Carriage,,SDD,,,,,,,,
Deptford,Deptford,DEPT,8352,WX12GDY,Wrightbus Streetlite DF Streetlite ISBe5 D823.3E 10.5 5,Single Deck,Stage Carriage,,SDD,,,,,,,,
Deptford,Deptford,DEPT,8353,WX12GDZ,Wrightbus Streetlite DF Streetlite ISBe5 D823.3E 10.5 5,Single Deck,Stage Carriage,,SDD,,,,,,,,
Deptford,Deptford,DEPT,8354,WX12GEJ,Wrightbus Streetlite DF Streetlite ISBe5 D823.3E 10.5 5,Single Deck,Stage Carriage,,SDD,,,,,,,,
Gateshead Riverside,Gateshead Riverside,RIVE,690,NK66CXF,Optare Solo SR Solo SR OM904LA S2100 9.2 5,Single Deck,Stage Carriage,,MBD,SDD,,,,,,,
Bensham Head Office,Gateshead Riverside,BENH,730,NK69FAF,Mercedes Sprinter Atlas 516 340 7.3 6,Minibus,Stage Carriage,,MBD,MBD,,,,,,,
Gateshead Riverside,Gateshead Riverside,RIVE,1001,T488TTW,Ancillary,Ancillary,Ancillary,,AND,AND,,,,,,,
Gateshead Riverside,Gateshead Riverside,RIVE,1067,EY67WUH,Ancillary,Ancillary,Ancillary,,AND,AND,,,,,,,
Gateshead Riverside,Gateshead Riverside,RIVE,1107,EK66CWE,Ancillary,Ancillary,Ancillary,,AND,AND,,,,,,,
Gateshead Riverside,Gateshead Riverside,RIVE,3941,NK05GZO,Volvo B7TL Eclipse Gemini D7C 6HP500 10.7 3,Double Decker,Stage Carriage,,DDD,DDD,,,,,,,
Gateshead Riverside,Go North East Reserve Fleet,GNERF,3942,NK05GZP,Volvo B7TL Eclipse Gemini D7C 6HP500 10.7 3,Double Decker,Stage Carriage,,DDD,DDD,,,,,,,
Gateshead Riverside,Gateshead Riverside,RIVE,3943,NK05GZR,Volvo B7TL Eclipse Gemini D7C 6HP500 10.7 3,Double Decker,Stage Carriage,,DDD,DDD,,,,,,,
Gateshead Riverside,Gateshead Riverside,RIVE,3962,NK06JXE,Volvo B7TL Eclipse Gemini D7C 6HP500 10.7 3,Double Decker,Stage Carriage,,DDD,DDD,,,,,,,
Gateshead Riverside,Gateshead Riverside,RIVE,3963,NK06JXD,Volvo B7TL Eclipse Gemini D7C 6HP500 10.7 3,Double Decker,Stage Carriage,,DDD,DDD,,,,,,,
Gateshead Riverside,Gateshead Riverside,RIVE,3964,NK06JXC,Volvo B7TL Eclipse Gemini D7C 6HP500 10.7 3,Double Decker,Stage Carriage,,DDD,DDD,,,,,,,
Gateshead Riverside,Gateshead Riverside,RIVE,3965,NK06JXB,Volvo B7TL Eclipse Gemini D7C 6HP500 10.7 3,Double Decker,Stage Carriage,,DDD,DDD,,,,,,,
Bensham Head Office,Gateshead Riverside,BENH,5210,NK54NVE,Scania L94UB Solar DC901 4HP502 12 3,Single Deck,Stage Carriage,Bensham HO - TRN,TRN-VEH,SDD,,,,,,,
Bensham Head Office,Gateshead Riverside,BENH,5243,NK56KHM,Scania CN230UB Omnicity DC916 5HP502 12 4,Single Deck,Stage Carriage,Bensham HO - TRN,TRN-VEH,SDD,,,,,,,
Bensham Head Office,Gateshead Riverside,BENH,5244,NK56KHO,Scania CN230UB Omnicity DC916 5HP502 12 4,Single Deck,Stage Carriage,Bensham HO - TRN,TRN-VEH,SDD,,,,,,,
Gateshead Riverside,Gateshead Riverside,RIVE,5245,NK56KHP,Scania CN230UB Omnicity DC916 5HP502 12 4,Single Deck,Stage Carriage,,SDD,SDD,,,,,,,
Bensham Head Office,Gateshead Riverside,BENH,5246,NK56KHR,Scania CN230UB Omnicity DC916 5HP502 12 4,Single Deck,Stage Carriage,Bensham HO - TRN,TRN-VEH,SDD,,,,,,,
Bensham Head Office,Gateshead Riverside,BENH,5254,NK56KJA,Scania CN230UB Omnicity DC916 5HP502 12 4,Single Deck,Stage Carriage,Bensham HO - TRN,TRN-VEH,SDD,,,,,,,
Bensham Head Office,Gateshead Riverside,BENH,5255,NK56KJE,Scania CN230UB Omnicity DC916 5HP502 12 4,Single Deck,Stage Carriage,Bensham HO - TRN,TRN-VEH,SDD,,,,,,,
Gateshead Riverside,Gateshead Riverside,RIVE,5381,NL63YAG,Optare Versa V1170 Versa ISBe6 S2100 11.7 5,Single Deck,Stage Carriage,,SDD,SDD,,,,,,,
Gateshead Riverside,Gateshead Riverside,RIVE,5382,NL63YAH,Optare Versa V1170 Versa ISBe6 S2100 11.7 5,Single Deck,Stage Carriage,,SDD,SDD,,,,,,,
Gateshead Riverside,Gateshead Riverside,RIVE,5383,NL63YAJ,Optare Versa V1170 Versa ISBe6 S2100 11.7 5,Single Deck,Stage Carriage,,SDD,SDD,,,,,,,
Gateshead Riverside,Gateshead Riverside,RIVE,5384,NL63YAK,Optare Versa V1170 Versa ISBe6 S2100 11.7 5,Single Deck,Stage Carriage,,SDD,SDD,,,,,,,
Gateshead Riverside,Gateshead Riverside,RIVE,5385,NL63YAO,Optare Versa V1170 Versa ISBe6 S2100 11.7 5,Single Deck,Stage Carriage,,SDD,SDD,,,,,,,
Gateshead Riverside,Gateshead Riverside,RIVE,5386,NL63YAU,Optare Versa V1170 Versa ISBe6 S2100 11.7 5,Single Deck,Stage Carriage,,SDD,SDD,,,,,,,
Gateshead Riverside,Gateshead Riverside,RIVE,5387,NL63YAV,Optare Versa V1170 Versa ISBe6 S2100 11.7 5,Single Deck,Stage Carriage,,SDD,SDD,,,,,,,
Gateshead Riverside,Gateshead Riverside,RIVE,5388,NL63YAW,Optare Versa V1170 Versa ISBe6 S2100 11.7 5,Single Deck,Stage Carriage,,SDD,SDD,,,,,,,
Gateshead Riverside,Gateshead Riverside,RIVE,5389,NL63YAX,Optare Versa V1170 Versa ISBe6 S2100 11.7 5,Single Deck,Stage Carriage,,SDD,SDD,,,,,,,
Gateshead Riverside,Gateshead Riverside,RIVE,5390,NL63YAY,Optare Versa V1170 Versa ISBe6 S2100 11.7 5,Single Deck,Stage Carriage,,SDD,SDD,,,,,,,
Gateshead Riverside,Gateshead Riverside,RIVE,5488,NK69FAU,ADL Enviro 200 Enviro 200 ISB4.5 D824.6 11.6 6,Single Deck,Stage Carriage,,SDD,SDD,,,,,,,
Gateshead Riverside,Gateshead Riverside,RIVE,5491,NK69FBC,ADL Enviro 200 Enviro 200 ISB4.5 D824.6 11.6 6,Single Deck,Stage Carriage,,SDD,SDD,,,,,,,
Gateshead Riverside,Gateshead Riverside,RIVE,5498,NK69FBN,ADL Enviro 200 Enviro 200 ISB4.5 D824.6 11.6 6,Single Deck,Stage Carriage,,SDD,SDD,,,,,,,
Gateshead Riverside,Gateshead Riverside,RIVE,5499,YH66VMO,Yutong CB12 E11 ISB6.7 Ecolife 12 6,Single Deck,Stage Carriage,,SDD,SDD,,,,,,,
Gateshead Riverside,Gateshead Riverside,RIVE,5500,YD70CDZ,Yutong CB12 E11 ISB6.7 Ecolife 12 6,Single Deck,Stage Carriage,,SDD,SDD,,,,,,,
Bensham Head Office,Gateshead Riverside,BENH,5511,SM13NBA,Wrightbus Streetlite DF Streetlite DF ISBe4 DIWA 11.6 5 (SCRT Emissions upgrade to Euro 6),Single Deck,Stage Carriage,Bensham HO - TRN,TRN-VEH,SDD,,,,,,,
Bensham Head Office,Gateshead Riverside,BENH,5512,SM13NBB,Wrightbus Streetlite DF Streetlite DF ISBe4 DIWA 11.6 5 (SCRT Emissions upgrade to Euro 6),Single Deck,Stage Carriage,Bensham HO - TRN,TRN-VEH,SDD,,,,,,,
Bensham Head Office,Gateshead Riverside,BENH,5513,SM13NDK,Wrightbus Streetlite DF Streetlite DF ISBe4 DIWA 11.6 5 (SCRT Emissions upgrade to Euro 6),Single Deck,Stage Carriage,Bensham HO - TRN,TRN-VEH,SDD,,,,,,,
Bensham Head Office,Gateshead Riverside,BENH,5514,SM13NDL,Wrightbus Streetlite DF Streetlite DF ISBe4 DIWA 11.6 5 (SCRT Emissions upgrade to Euro 6),Single Deck,Stage Carriage,Bensham HO - TRN,TRN-VEH,SDD,,,,,,,
Bensham Head Office,Gateshead Riverside,BENH,5515,SM13NDN,Wrightbus Streetlite DF Streetlite DF ISBe4 DIWA 11.6 5 (SCRT Emissions upgrade to Euro 6),Single Deck,Stage Carriage,Bensham HO - TRN,TRN-VEH,SDD,,,,,,,
Bensham Head Office,Gateshead Riverside,BENH,5517,SM13NDU,Wrightbus Streetlite DF Streetlite DF ISBe4 DIWA 11.6 5 (SCRT Emissions upgrade to Euro 6),Single Deck,Stage Carriage,Bensham HO - TRN,TRN-VEH,SDD,,,,,,,
Bensham Head Office,Gateshead Riverside,BENH,5518,SM13NDV,Wrightbus Streetlite DF Streetlite DF ISBe4 DIWA 11.6 5 (SCRT Emissions upgrade to Euro 6),Single Deck,Stage Carriage,Bensham HO - TRN,TRN-VEH,SDD,,,,,,,
Bensham Head Office,Gateshead Riverside,BENH,5519,SM13NDX,Wrightbus Streetlite DF Streetlite OM934 D624.6E 10.8 6,Single Deck,Stage Carriage,Bensham HO - TRN,TRN-VEH,SDD,,,,,,,
Bensham Head Office,Gateshead Riverside,BENH,5520,SM13NDY,Wrightbus Streetlite DF Streetlite DF ISBe4 DIWA 11.6 5 (SCRT Emissions upgrade to Euro 6),Single Deck,Stage Carriage,Bensham HO - TRN,TRN-VEH,SDD,,,,,,,
Gateshead Riverside,Gateshead Riverside,RIVE,5522,SM13NEF,Wrightbus Streetlite DF Streetlite OM934 D624.6E 10.8 6,Single Deck,Stage Carriage,,SDD,SDD,,,,,,,
Gateshead Riverside,Gateshead Riverside,RIVE,5523,SM13NEN,Wrightbus Streetlite DF Streetlite DF ISBe4 DIWA 11.6 5 (SCRT Emissions upgrade to Euro 6),Single Deck,Stage Carriage,,SDD,SDD,,,,,,,
Gateshead Riverside,Gateshead Riverside,RIVE,5524,SM13NEY,Wrightbus Streetlite DF Streetlite DF ISBe4 DIWA 11.6 5 (SCRT Emissions upgrade to Euro 6),Single Deck,Stage Carriage,,SDD,SDD,,,,,,,
Gateshead Riverside,Gateshead Riverside,RIVE,5525,SK63KHF,Wrightbus Streetlite DF Streetlite DF ISBe4 DIWA 11.6 5 (SCRT Emissions upgrade to Euro 6),Single Deck,Stage Carriage,,SDD,SDD,,,,,,,
Gateshead Riverside,Gateshead Riverside,RIVE,5801,NL72ETR,Yutong E12 E12 12,Single Deck - Electric,Stage Carriage,,SDE,SDE,,,,,,,
Gateshead Riverside,Gateshead Riverside,RIVE,5802,NL72ETT,Yutong E12 E12 12,Single Deck - Electric,Stage Carriage,,SDE,SDE,,,,,,,
Gateshead Riverside,Gateshead Riverside,RIVE,5803,NL72ETU,Yutong E12 E12 12,Single Deck - Electric,Stage Carriage,,SDE,SDE,,,,,,,
Gateshead Riverside,Gateshead Riverside,RIVE,5804,NL72ETV,Yutong E12 E12 12,Single Deck - Electric,Stage Carriage,,SDE,SDE,,,,,,,
Gateshead Riverside,Gateshead Riverside,RIVE,5805,NL72EUA,Yutong E12 E12 12,Single Deck - Electric,Stage Carriage,,SDE,SDE,,,,,,,
Gateshead Riverside,Gateshead Riverside,RIVE,5806,NL72EUB,Yutong E12 E12 12,Single Deck - Electric,Stage Carriage,,SDE,SDE,,,,,,,
Gateshead Riverside,Gateshead Riverside,RIVE,5807,NL72EUC,Yutong E12 E12 12,Single Deck - Electric,Stage Carriage,,SDE,SDE,,,,,,,
Gateshead Riverside,Gateshead Riverside,RIVE,5808,NL72EUD,Yutong E12 E12 12,Single Deck - Electric,Stage Carriage,,SDE,SDE,,,,,,,
Gateshead Riverside,Gateshead Riverside,RIVE,5809,NL72EUE,Yutong E12 E12 12,Single Deck - Electric,Stage Carriage,,SDE,SDE,,,,,,,
Gateshead Riverside,Gateshead Riverside,RIVE,6002,NK11BHA,Volvo B9TL Eclipse Gemini 2 D9B 6AP1403B Ecolife 10.4 5 EEV,Double Decker,Stage Carriage,,DDD,DDD,,,,,,,
Gateshead Riverside,Gateshead Riverside,RIVE,6003,NK11BHD,Volvo B9TL Eclipse Gemini 2 D9B 6AP1403B Ecolife 10.4 5 EEV,Double Decker,Stage Carriage,,DDD,DDD,,,,,,,
Gateshead Riverside,Gateshead Riverside,RIVE,6004,NK11BHE,Volvo B9TL Eclipse Gemini 2 D9B 6AP1403B Ecolife 10.4 5 EEV,Double Decker,Stage Carriage,,DDD,DDD,,,,,,,
Gateshead Riverside,Gateshead Riverside,RIVE,6005,NK11BHF,Volvo B9TL Eclipse Gemini 2 D9B 6AP1403B Ecolife 10.4 5 EEV,Double Decker,Stage Carriage,,DDD,DDD,,,,,,,
Gateshead Riverside,Gateshead Riverside,RIVE,6006,NK11BHJ,Volvo B9TL Eclipse Gemini 2 D9B 6AP1403B Ecolife 10.4 5 EEV,Double Decker,Stage Carriage,,DDD,DDD,,,,,,,
Gateshead Riverside,Gateshead Riverside,RIVE,6007,NK11BHL,Volvo B9TL Eclipse Gemini 2 D9B 6AP1403B Ecolife 10.4 5 EEV,Double Decker,Stage Carriage,,DDD,DDD,,,,,,,
Gateshead Riverside,Gateshead Riverside,RIVE,6049,NK12GDA,Volvo B9TL Eclipse Gemini 2 D9B 6AP1403B Ecolife 10.5 5 EEV,Double Decker,Stage Carriage,,DDD,DDD,,,,,,,
Gateshead Riverside,Gateshead Riverside,RIVE,6050,NK12GDE,Volvo B9TL Eclipse Gemini 2 D9B 6AP1403B Ecolife 10.5 5 EEV,Double Decker,Stage Carriage,,DDD,DDD,,,,,,,
Gateshead Riverside,Gateshead Riverside,RIVE,6051,NK12GDF,Volvo B9TL Eclipse Gemini 2 D9B 6AP1403B Ecolife 10.5 5 EEV,Double Decker,Stage Carriage,,DDD,DDD,,,,,,,
Gateshead Riverside,Gateshead Riverside,RIVE,6052,NK12GDJ,Volvo B9TL Eclipse Gemini 2 D9B 6AP1403B Ecolife 10.5 5 EEV,Double Decker,Stage Carriage,,DDD,DDD,,,,,,,
Gateshead Riverside,Gateshead Riverside,RIVE,6053,NK12GDO,Volvo B9TL Eclipse Gemini 2 D9B 6AP1403B Ecolife 10.5 5 EEV,Double Decker,Stage Carriage,,DDD,DDD,,,,,,,
Gateshead Riverside,Gateshead Riverside,RIVE,6054,NK62EKD,Volvo B9TL Eclipse Gemini 2 D9B 6AP1403B Ecolife 10.5 5 EEV,Double Decker,Stage Carriage,,DDD,DDD,,,,,,,
Gateshead Riverside,Gateshead Riverside,RIVE,6055,NK62EJF,Volvo B9TL Eclipse Gemini 2 D9B 6AP1403B Ecolife 10.5 5 EEV,Double Decker,Stage Carriage,,DDD,DDD,,,,,,,
Gateshead Riverside,Gateshead Riverside,RIVE,6071,NK62FAA,Volvo B9TL Eclipse Gemini 2 D9B 6AP1403B Ecolife 10.5 5 EEV,Double Decker,Stage Carriage,,DDD,DDD,,,,,,,
Gateshead Riverside,Gateshead Riverside,RIVE,6076,NK62FEU,Volvo B9TL Eclipse Gemini 2 D9B 6AP1403B Ecolife 10.5 5 EEV,Double Decker,Stage Carriage,,DDD,DDD,,,,,,,
Gateshead Riverside,Gateshead Riverside,RIVE,6077,NK62FGJ,Volvo B9TL Eclipse Gemini 2 D9B 6AP1403B Ecolife 10.5 5 EEV,Double Decker,Stage Carriage,,DDD,DDD,,,,,,,
Gateshead Riverside,Gateshead Riverside,RIVE,6078,NK62FHE,Volvo B9TL Eclipse Gemini 2 D9B 6AP1403B Ecolife 10.5 5 EEV,Double Decker,Stage Carriage,,DDD,DDD,,,,,,,
Gateshead Riverside,Gateshead Riverside,RIVE,6079,NK62FHY,Volvo B9TL Eclipse Gemini 2 D9B 6AP1403B Ecolife 10.5 5 EEV,Double Decker,Stage Carriage,,DDD,DDD,,,,,,,
Gateshead Riverside,Gateshead Riverside,RIVE,6080,NK62FJE,Volvo B9TL Eclipse Gemini 2 D9B 6AP1403B Ecolife 10.5 5 EEV,Double Decker,Stage Carriage,,DDD,DDD,,,,,,,
Gateshead Riverside,Gateshead Riverside,RIVE,6081,NK62FKG,Volvo B9TL Eclipse Gemini 2 D9B 6AP1403B Ecolife 10.5 5 EEV,Double Decker,Stage Carriage,,DDD,DDD,,,,,,,
Gateshead Riverside,Gateshead Riverside,RIVE,6082,NK62FLF,Volvo B9TL Eclipse Gemini 2 D9B 6AP1403B Ecolife 10.5 5 EEV,Double Decker,Stage Carriage,,DDD,DDD,,,,,,,
Gateshead Riverside,Gateshead Riverside,RIVE,6083,NK13EJO,Volvo B9TL Eclipse Gemini 2 D9B 6AP1403B Ecolife 10.5 5 EEV,Double Decker,Stage Carriage,,DDD,DDD,,,,,,,
Gateshead Riverside,Gateshead Riverside,RIVE,6084,NL63XBS,Volvo B9TL Eclipse Gemini 2 D9B 6AP1403B Ecolife 10.5 5 EEV,Double Decker,Stage Carriage,,DDD,DDD,,,,,,,
Gateshead Riverside,Gateshead Riverside,RIVE,6085,NL63YHN,Volvo B9TL Eclipse Gemini 2 D9B 6AP1403B Ecolife 10.5 5 EEV,Double Decker,Stage Carriage,,DDD,DDD,,,,,,,
Gateshead Riverside,Gateshead Riverside,RIVE,6100,NL63YJD,Volvo B9TL Eclipse Gemini 2 D9B 6AP1403B Ecolife 10.5 5 EEV,Double Decker,Stage Carriage,,DDD,DDD,,,,,,,
Gateshead Riverside,Gateshead Riverside,RIVE,6149,LJ62KBY,Volvo B9TL Eclipse Gemini 2 D9B 6AP1403B Ecolife 10.4 5 EEV,Double Decker,Stage Carriage,,DDD,DDD,,,,,,,
Gateshead Riverside,Gateshead Riverside,RIVE,6150,LJ62KCU,Volvo B9TL Eclipse Gemini 2 D9B 6AP1403B Ecolife 10.4 5 EEV,Double Decker,Stage Carriage,,DDD,DDD,,,,,,,
Gateshead Riverside,Gateshead Riverside,RIVE,6151,LJ62KDV,Volvo B9TL Eclipse Gemini 2 D9B 6AP1403B Ecolife 10.4 5 EEV,Double Decker,Stage Carriage,,DDD,DDD,,,,,,,
Gateshead Riverside,Gateshead Riverside,RIVE,6152,LJ62KDZ,Volvo B9TL Eclipse Gemini 2 D9B 6AP1403B Ecolife 10.4 5 EEV,Double Decker,Stage Carriage,,DDD,DDD,,,,,,,
Gateshead Riverside,Gateshead Riverside,RIVE,6153,LJ62KLC,Volvo B9TL Eclipse Gemini 2 D9B 6AP1403B Ecolife 10.4 5 EEV,Double Decker,Stage Carriage,,DDD,DDD,,,,,,,
Gateshead Riverside,Gateshead Riverside,RIVE,6154,LJ62KLS,Volvo B9TL Eclipse Gemini 2 D9B 6AP1403B Ecolife 10.4 5 EEV,Double Decker,Stage Carriage,,DDD,DDD,,,,,,,
Gateshead Riverside,Gateshead Riverside,RIVE,6156,LJ62KXX,Volvo B9TL Eclipse Gemini 2 D9B 6AP1403B Ecolife 10.4 5 EEV,Double Decker,Stage Carriage,,DDD,DDD,,,,,,,
Gateshead Riverside,Gateshead Riverside,RIVE,6172,YN57FYP,Scania N270UD Omnidekka DC917 4HP592 10.8 4,Double Decker,Stage Carriage,,DDD,DDD,,,,,,,
Gateshead Riverside,Gateshead Riverside,RIVE,6173,YN57FYF,Scania N270UD Omnidekka DC917 4HP592 10.8 4,Double Decker,Stage Carriage,,DDD,DDD,,,,,,,
Gateshead Riverside,Gateshead Riverside,RIVE,6174,YN57FYG,Scania N270UD Omnidekka DC917 4HP592 10.8 4,Double Decker,Stage Carriage,,DDD,DDD,,,,,,,
Gateshead Riverside,Gateshead Riverside,RIVE,6175,YN57FYH,Scania N270UD Omnidekka DC917 4HP592 10.8 4,Double Decker,Stage Carriage,,DDD,DDD,,,,,,,
Gateshead Riverside,Gateshead Riverside,RIVE,6193,YX08FWE,Volvo B9TL Eclipse Gemini D9B 6AP1200B 10.4 4,Double Decker,Stage Carriage,,DDD,DDD,,,,,,,
Gateshead Riverside,Gateshead Riverside,RIVE,6194,YX08FWF,Volvo B9TL Eclipse Gemini D9B 6AP1200B 10.4 4,Double Decker,Stage Carriage,,DDD,DDD,,,,,,,
Gateshead Riverside,Gateshead Riverside,RIVE,6196,YX08FWH,Volvo B9TL Eclipse Gemini D9B 6AP1200B 10.4 4,Double Decker,Stage Carriage,,DDD,DDD,,,,,,,
Gateshead Riverside,Gateshead Riverside,RIVE,6220,LX59CZP,Volvo B9TL Eclipse Gemini 2 D9B 6AP1403B Ecolife 10.4 5 EEV (SCRT Emissions Upgrade to Euro 6),Double Decker,Stage Carriage,,DDD,DDD,,,,,,,
Gateshead Riverside,Gateshead Riverside,RIVE,6222,LX59CZT,Volvo B9TL Eclipse Gemini 2 D9B 6AP1403B Ecolife 10.4 5 EEV (SCRT Emissions Upgrade to Euro 6),Double Decker,Stage Carriage,,DDD,DDD,,,,,,,
Gateshead Riverside,Gateshead Riverside,RIVE,6223,LX59CZU,Volvo B9TL Eclipse Gemini 2 D9B 6AP1403B Ecolife 10.4 5 EEV (SCRT Emissions Upgrade to Euro 6),Double Decker,Stage Carriage,,DDD,DDD,,,,,,,
Gateshead Riverside,Gateshead Riverside,RIVE,6224,LX59CZV,Volvo B9TL Eclipse Gemini 2 D9B 6AP1403B Ecolife 10.4 5 EEV (SCRT Emissions Upgrade to Euro 6),Double Decker,Stage Carriage,,DDD,DDD,,,,,,,
Gateshead Riverside,Gateshead Riverside,RIVE,6225,LX59DDJ,Volvo B9TL Eclipse Gemini 2 D9B 6AP1403B Ecolife 10.4 5 EEV (SCRT Emissions Upgrade to Euro 6),Double Decker,Stage Carriage,,DDD,DDD,,,,,,,
Gateshead Riverside,Gateshead Riverside,RIVE,6226,LX60DXM,Volvo B9TL Eclipse Gemini 2 D9B 6AP1403B Ecolife 10.4 5 EEV (SCRT Emissions Upgrade to Euro 6),Double Decker,Stage Carriage,,DDD,DDD,,,,,,,
Gateshead Riverside,Gateshead Riverside,RIVE,6227,LX60DXO,Volvo B9TL Eclipse Gemini 2 D9B 6AP1403B Ecolife 10.4 5 EEV (SCRT Emissions Upgrade to Euro 6),Double Decker,Stage Carriage,,DDD,DDD,,,,,,,
Gateshead Riverside,Gateshead Riverside,RIVE,6228,LX60DXP,Volvo B9TL Eclipse Gemini 2 D9B 6AP1403B Ecolife 10.4 5 EEV (SCRT Emissions Upgrade to Euro 6),Double Decker,Stage Carriage,,DDD,DDD,,,,,,,
Gateshead Riverside,Gateshead Riverside,RIVE,6229,LX60DXR,Volvo B9TL Eclipse Gemini 2 D9B 6AP1403B Ecolife 10.4 5 EEV (SCRT Emissions Upgrade to Euro 6),Double Decker,Stage Carriage,,DDD,DDD,,,,,,,
Gateshead Riverside,Gateshead Riverside,RIVE,6230,LX60DXS,Volvo B9TL Eclipse Gemini 2 D9B 6AP1403B Ecolife 10.4 5 EEV (SCRT Emissions Upgrade to Euro 6),Double Decker,Stage Carriage,,DDD,DDD,,,,,,,
Gateshead Riverside,Gateshead Riverside,RIVE,6231,LX60DXT,Volvo B9TL Eclipse Gemini 2 D9B 6AP1403B Ecolife 10.4 5 EEV (SCRT Emissions Upgrade to Euro 6),Double Decker,Stage Carriage,,DDD,DDD,,,,,,,
Gateshead Riverside,Gateshead Riverside,RIVE,6315,NK67GMG,Wrightbus Streetdeck Streetdeck OM934 D854.6 11 6,Double Decker,Stage Carriage,,DDD,DDD,,,,,,,
Gateshead Riverside,Gateshead Riverside,RIVE,6316,NK67GMO,Wrightbus Streetdeck Streetdeck OM934 D854.6 11 6,Double Decker,Stage Carriage,,DDD,DDD,,,,,,,
Gateshead Riverside,Gateshead Riverside,RIVE,6317,NK67GMU,Wrightbus Streetdeck Streetdeck OM934 D854.6 11 6,Double Decker,Stage Carriage,,DDD,DDD,,,,,,,
Gateshead Riverside,Gateshead Riverside,RIVE,6318,NK67GMV,Wrightbus Streetdeck Streetdeck OM934 D854.6 11 6,Double Decker,Stage Carriage,,DDD,DDD,,,,,,,
Gateshead Riverside,Gateshead Riverside,RIVE,6319,NK67GMX,Wrightbus Streetdeck Streetdeck OM934 D854.6 11 6,Double Decker,Stage Carriage,,DDD,DDD,,,,,,,
Gateshead Riverside,Gateshead Riverside,RIVE,6320,NK67GMY,Wrightbus Streetdeck Streetdeck OM934 D854.6 11 6,Double Decker,Stage Carriage,,SDD,SDD,,,,,,,
Gateshead Riverside,Gateshead Riverside,RIVE,6321,NK67GMZ,Wrightbus Streetdeck Streetdeck OM934 D854.6 11 6,Double Decker,Stage Carriage,,DDD,DDD,,,,,,,
Gateshead Riverside,Gateshead Riverside,RIVE,6322,NK67GNF,Wrightbus Streetdeck Streetdeck OM934 D854.6 11 6,Double Decker,Stage Carriage,,DDD,DDD,,,,,,,
Gateshead Riverside,Gateshead Riverside,RIVE,6323,NK67GNJ,Wrightbus Streetdeck Streetdeck OM934 D854.6 11 6,Double Decker,Stage Carriage,,DDD,DDD,,,,,,,
Gateshead Riverside,Gateshead Riverside,RIVE,6324,NK67GNN,Wrightbus Streetdeck Streetdeck OM934 D854.6 11 6,Double Decker,Stage Carriage,,DDD,DDD,,,,,,,
Gateshead Riverside,Gateshead Riverside,RIVE,6325,NK67GNO,Wrightbus Streetdeck Streetdeck OM934 D854.6 11 6,Double Decker,Stage Carriage,,DDD,DDD,,,,,,,
Gateshead Riverside,Gateshead Riverside,RIVE,6326,NK67GNP,Wrightbus Streetdeck Streetdeck OM934 D854.6 11 6,Double Decker,Stage Carriage,,DDD,DDD,,,,,,,
Gateshead Riverside,Gateshead Riverside,RIVE,6327,NK67GNU,Wrightbus Streetdeck Streetdeck OM934 D854.6 11 6,Double Decker,Stage Carriage,,DDD,DDD,,,,,,,
Gateshead Riverside,Gateshead Riverside,RIVE,6328,NK67GNV,Wrightbus Streetdeck Streetdeck OM934 D854.6 11 6,Double Decker,Stage Carriage,,DDD,DDD,,,,,,,
Gateshead Riverside,Gateshead Riverside,RIVE,6329,NK67GNX,Wrightbus Streetdeck Streetdeck OM934 D854.6 11 6,Double Decker,Stage Carriage,,DDD,DDD,,,,,,,
Gateshead Riverside,Gateshead Riverside,RIVE,6330,NK67GNY,Wrightbus Streetdeck Streetdeck OM934 D854.6 11 6,Double Decker,Stage Carriage,,DDD,DDD,,,,,,,
Gateshead Riverside,Gateshead Riverside,RIVE,6352,YX70OKM,ADL Enviro 400 MMC Enviro 400 MMC ISBe6.7 6AP1203B 10.9 6,Double Decker,Stage Carriage,,DDD,DDD,,,,,,,
Gateshead Riverside,Gateshead Riverside,RIVE,6353,YX70OKN,ADL Enviro 400 MMC Enviro 400 MMC ISBe6.7 6AP1203B 10.9 6,Double Decker,Stage Carriage,,DDD,DDD,,,,,,,
Gateshead Riverside,Gateshead Riverside,RIVE,6354,YX70OKO,ADL Enviro 400 MMC Enviro 400 MMC ISBe6.7 6AP1203B 10.9 6,Double Decker,Stage Carriage,,DDD,DDD,,,,,,,
Gateshead Riverside,Gateshead Riverside,RIVE,6355,YX70OKP,ADL Enviro 400 MMC Enviro 400 MMC ISBe6.7 6AP1203B 10.9 6,Double Decker,Stage Carriage,,DDD,DDD,,,,,,,
Gateshead Riverside,Gateshead Riverside,RIVE,6356,NK20ELV,Wrightbus Streetdeck Streetdeck OM934 D854.6 11 6,Double Decker,Stage Carriage,,DDD,DDD,,,,,,,
Gateshead Riverside,Gateshead Riverside,RIVE,6357,NK20ELW,Wrightbus Streetdeck Streetdeck OM934 D854.6 11 6,Double Decker,Stage Carriage,,DDD,DDD,,,,,,,
Gateshead Riverside,Gateshead Riverside,RIVE,6358,NK20EMF,Wrightbus Streetdeck Streetdeck OM934 D854.6 11 6,Double Decker,Stage Carriage,,DDD,DDD,,,,,,,
Gateshead Riverside,Gateshead Riverside,RIVE,6359,NK20EMJ,Wrightbus Streetdeck Streetdeck OM934 D854.6 11 6,Double Decker,Stage Carriage,,DDD,DDD,,,,,,,
Gateshead Riverside,Gateshead Riverside,RIVE,6360,NK20EMV,Wrightbus Streetdeck Streetdeck OM934 D854.6 11 6,Double Decker,Stage Carriage,,DDD,DDD,,,,,,,
Gateshead Riverside,Gateshead Riverside,RIVE,6361,NK70BYJ,Wrightbus Streetdeck Streetdeck OM934 D854.6 11 6,Double Decker,Stage Carriage,,DDD,DDD,,,,,,,
Gateshead Riverside,Gateshead Riverside,RIVE,6362,NK70BYL,Wrightbus Streetdeck Streetdeck OM934 D854.6 11 6,Double Decker,Stage Carriage,,DDD,DDD,,,,,,,
Gateshead Riverside,Gateshead Riverside,RIVE,6363,NK70BYN,Wrightbus Streetdeck Streetdeck OM934 D854.6 11 6,Double Decker,Stage Carriage,,DDD,DDD,,,,,,,
Gateshead Riverside,Gateshead Riverside,RIVE,6377,NK70BYV,Wrightbus Streetdeck Streetdeck OM934 D854.6 11 6,Double Decker,Stage Carriage,,DDD,DDD,,,,,,,
Gateshead Riverside,Gateshead Riverside,RIVE,6944,LX57CHZ,ADL Enviro 400 Enviro 400 ISBe4 5HP502 10.1 4 (SCRT Emissions Upgrade to Euro 6),Double Decker,Stage Carriage,,DDD,DDD,,,,,,,
Gateshead Riverside,Gateshead Riverside,RIVE,6945,LX57CJE,ADL Enviro 400 Enviro 400 ISBe4 5HP502 10.1 4 (SCRT Emissions Upgrade to Euro 6),Double Decker,Stage Carriage,,DDD,DDD,,,,,,,
Gateshead Riverside,Go North East Reserve Fleet,GNERF,6946,LX57CKF,ADL Enviro 400 Enviro 400 ISBe4 5HP502 10.1 4 (SCRT Emissions Upgrade to Euro 6),Double Decker,Stage Carriage,,DDD,DDD,,,,,,,
Gateshead Riverside,Gateshead Riverside,RIVE,6947,LX57CKG,ADL Enviro 400 Enviro 400 ISBe4 5HP502 10.1 4 (SCRT Emissions Upgrade to Euro 6),Double Decker,Stage Carriage,,DDD,DDD,,,,,,,
Gateshead Riverside,Gateshead Riverside,RIVE,6948,LX57CLY,ADL Enviro 400 Enviro 400 ISBe4 5HP502 10.1 4 (SCRT Emissions Upgrade to Euro 6),Double Decker,Stage Carriage,,DDD,DDD,,,,,,,
Gateshead Riverside,Gateshead Riverside,RIVE,6951,LX08EBZ,ADL Enviro 400 Enviro 400 ISBe4 5HP502 10.1 4 (SCRT Emissions Upgrade to Euro 6),Double Decker,Stage Carriage,,DDD,DDD,,,,,,,
Gateshead Riverside,Gateshead Riverside,RIVE,6952,LX08ECA,ADL Enviro 400 Enviro 400 ISBe4 5HP502 10.1 4 (SCRT Emissions Upgrade to Euro 6),Double Decker,Stage Carriage,,DDD,DDD,,,,,,,
Gateshead Riverside,Gateshead Riverside,RIVE,6954,LX09FAJ,ADL Enviro 400 Enviro 400 ISBe4 5HP502 10.1 4 (SCRT Emissions Upgrade to Euro 6),Double Decker,Stage Carriage,,DDD,DDD,,,,,,,
Gateshead Riverside,Gateshead Riverside,RIVE,6955,LX09FAK,ADL Enviro 400 Enviro 400 ISBe4 5HP502 10.1 4 (SCRT Emissions Upgrade to Euro 6),Double Decker,Stage Carriage,,DDD,DDD,,,,,,,
Gateshead Riverside,Gateshead Riverside,RIVE,6956,LX09FAM,ADL Enviro 400 Enviro 400 ISBe4 5HP502 10.1 4 (SCRT Emissions Upgrade to Euro 6),Double Decker,Stage Carriage,,DDD,DDD,,,,,,,
Gateshead Riverside,Go North East Reserve Fleet,GNERF,6957,LX09FAO,ADL Enviro 400 Enviro 400 ISBe4 5HP502 10.1 4 (SCRT Emissions Upgrade to Euro 6),Double Decker,Stage Carriage,,DDD,DDD,,,,,,,
Gateshead Riverside,Gateshead Riverside,RIVE,6958,LX09FAU,ADL Enviro 400 Enviro 400 ISBe4 5HP502 10.1 4 (SCRT Emissions Upgrade to Euro 6),Double Decker,Stage Carriage,,DDD,DDD,,,,,,,
Gateshead Riverside,Gateshead Riverside,RIVE,6959,SN60BZB,ADL Enviro 400 Enviro 400 ISBe6 6HP1203B 10.1 5 EEV (SCRT Emissions Upgrade to Euro 6),Double Decker,Stage Carriage,,DDD,DDD,,,,,,,
Gateshead Riverside,Gateshead Riverside,RIVE,6960,SN60BZC,ADL Enviro 400 Enviro 400 ISBe6 6HP1203B 10.1 5 EEV (SCRT Emissions Upgrade to Euro 6),Double Decker,Stage Carriage,,DDD,DDD,,,,,,,
Gateshead Riverside,Gateshead Riverside,RIVE,6961,SN60BZD,ADL Enviro 400 Enviro 400 ISBe6 6HP1203B 10.1 5 EEV (SCRT Emissions Upgrade to Euro 6),Double Decker,Stage Carriage,,DDD,DDD,,,,,,,
Gateshead Riverside,Gateshead Riverside,RIVE,6962,SN60BZE,ADL Enviro 400 Enviro 400 ISBe6 6HP1203B 10.1 5 EEV (SCRT Emissions Upgrade to Euro 6),Double Decker,Stage Carriage,,DDD,DDD,,,,,,,
Gateshead Riverside,Gateshead Riverside,RIVE,6963,SN60BZF,ADL Enviro 400 Enviro 400 ISBe6 6HP1203B 10.1 5 EEV (SCRT Emissions Upgrade to Euro 6),Double Decker,Stage Carriage,,DDD,DDD,,,,,,,
Gateshead Riverside,Gateshead Riverside,RIVE,6964,SN60BZG,ADL Enviro 400 Enviro 400 ISBe6 6HP1203B 10.1 5 EEV (SCRT Emissions Upgrade to Euro 6),Double Decker,Stage Carriage,,DDD,DDD,,,,,,,
Gateshead Riverside,Gateshead Riverside,RIVE,6965,SN60BZH,ADL Enviro 400 Enviro 400 ISBe6 6HP1203B 10.1 5 EEV (SCRT Emissions Upgrade to Euro 6),Double Decker,Stage Carriage,,DDD,DDD,,,,,,,
Gateshead Riverside,Gateshead Riverside,RIVE,6966,SN60BZJ,ADL Enviro 400 Enviro 400 ISBe6 6HP1203B 10.1 5 EEV (SCRT Emissions Upgrade to Euro 6),Double Decker,Stage Carriage,,DDD,DDD,,,,,,,
Gateshead Riverside,Gateshead Riverside,RIVE,6967,LX06FKN,ADL Enviro 400 Enviro 400 ISBe4 D854.5E 10.1 4 (SCRT Emissions Upgrade to Euro 6),Double Decker,Stage Carriage,,DDD,DDD,,,,,,,
Gateshead Riverside,Gateshead Riverside,RIVE,6970,LX58CXG,ADL Enviro 400 Olympus ISBe4 5HP502 10.3 4 (SCRT Emissions Upgrade to Euro 6),Double Decker,Stage Carriage,,DDD,DDD,,,,,,,
Gateshead Riverside,Gateshead Riverside,RIVE,6973,LX58CXK,ADL Enviro 400 Olympus ISBe4 5HP502 10.3 4 (SCRT Emissions Upgrade to Euro 6),Double Decker,Stage Carriage,,DDD,DDD,,,,,,,
Gateshead Riverside,Gateshead Riverside,RIVE,6974,LX58CWP,ADL Enviro 400 Olympus ISBe4 5HP502 10.3 4 (SCRT Emissions Upgrade to Euro 6),Double Decker,Stage Carriage,,DDD,DDD,,,,,,,
Gateshead Riverside,Gateshead Riverside,RIVE,6975,LX58CXN,ADL Enviro 400 Olympus ISBe4 5HP502 10.3 4 (SCRT Emissions Upgrade to Euro 6),Double Decker,Stage Carriage,,DDD,DDD,,,,,,,
Gateshead Riverside,Gateshead Riverside,RIVE,6976,LX58CXP,ADL Enviro 400 Olympus ISBe4 5HP502 10.3 4 (SCRT Emissions Upgrade to Euro 6),Double Decker,Stage Carriage,,DDD,DDD,,,,,,,
Gateshead Riverside,Gateshead Riverside,RIVE,8316,NK10GOJ,Optare Versa V1110 Versa ISBe6 S2100 11.1 5,Single Deck,Stage Carriage,,SDD,SDD,,,,,,,
Gateshead Riverside,Gateshead Riverside,RIVE,8317,NK10GOP,Optare Versa V1110 Versa ISBe6 S2100 11.1 5,Single Deck,Stage Carriage,,SDD,SDD,,,,,,,
Gateshead Riverside,Gateshead Riverside,RIVE,8318,NK10GOU,Optare Versa V1110 Versa ISBe6 S2100 11.1 5,Single Deck,Stage Carriage,,SDD,SDD,,,,,,,
Gateshead Riverside,Gateshead Riverside,RIVE,8326,NK11GWX,Optare Versa V1110 Versa ISBe6 S2100 11.1 5,Single Deck,Stage Carriage,,SDD,SDD,,,,,,,
Gateshead Riverside,Gateshead Riverside,RIVE,8327,NK11GWY,Optare Versa V1110 Versa ISBe6 S2100 11.1 5,Single Deck,Stage Carriage,,SDD,SDD,,,,,,,
Gateshead Riverside,Gateshead Riverside,RIVE,8328,NK11HBC,Optare Versa V1110 Versa ISBe6 S2100 11.1 5,Single Deck,Stage Carriage,,SDD,SDD,,,,,,,
Gateshead Riverside,Gateshead Riverside,RIVE,8801,ND70AFA,Yutong E10 E10 10.9,Single Deck - Electric,Stage Carriage,,SDE,SDE,,,,,,,
Gateshead Riverside,Gateshead Riverside,RIVE,8802,ND70AET,Yutong E10 E10 10.9,Single Deck - Electric,Stage Carriage,,SDE,SDE,,,,,,,
Gateshead Riverside,Gateshead Riverside,RIVE,8803,ND70AEU,Yutong E10 E10 10.9,Single Deck - Electric,Stage Carriage,,SDE,SDE,,,,,,,
Gateshead Riverside,Gateshead Riverside,RIVE,8804,ND70AEV,Yutong E10 E10 10.9,Single Deck - Electric,Stage Carriage,,SDE,SDE,,,,,,,
Gateshead Riverside,Gateshead Riverside,RIVE,8805,ND70AEW,Yutong E10 E10 10.9,Single Deck - Electric,Stage Carriage,,SDE,SDE,,,,,,,
Gateshead Riverside,Gateshead Riverside,RIVE,8806,ND70AEX,Yutong E10 E10 10.9,Single Deck - Electric,Stage Carriage,,SDE,SDE,,,,,,,
Gateshead Riverside,Gateshead Riverside,RIVE,8807,ND70AEY,Yutong E10 E10 10.9,Single Deck - Electric,Stage Carriage,,SDE,SDE,,,,,,,
Gateshead Riverside,Gateshead Riverside,RIVE,8808,ND70AEZ,Yutong E10 E10 10.9,Single Deck - Electric,Stage Carriage,,SDE,SDE,,,,,,,
Gateshead Riverside,Gateshead Riverside,RIVE,8809,ND70AFK,Yutong E10 E10 10.9,Single Deck - Electric,Stage Carriage,,SDE,SDE,,,,,,,
,Gateshead Riverside,RIVE,6399,MA75EOR,Wrightbus Ultroliner,Double Decker,Stage Carriage,,DDD,,,,,,,,
,Gateshead Riverside,RIVE,6802,MA75CNN,Wrightbus Electroliner,Double Deck Electric,Stage Carriage,,DDE,,,,,,,,
,Gateshead Riverside,RIVE,6804,MA75CNU,Wrightbus Electroliner,Double Deck Electric,Stage Carriage,,DDE,,,,,,,,
,Gateshead Riverside,RIVE,6808,MA75CPE,Wrightbus Electroliner,Double Deck Electric,Stage Carriage,,DDE,,,,,,,,
,Gateshead Riverside,RIVE,6809,MA75CPF,Wrightbus Electroliner,Double Deck Electric,Stage Carriage,,DDE,,,,,,,,
,Gateshead Riverside,RIVE,6810,MA75CPK,Wrightbus Electroliner,Double Deck Electric,Stage Carriage,,DDE,,,,,,,,
,Gateshead Riverside,RIVE,6811,MA75CPN,Wrightbus Electroliner,Double Deck Electric,Stage Carriage,,DDE,,,,,,,,
,Gateshead Riverside,RIVE,6812,MA75CPO,Wrightbus Electroliner,Double Deck Electric,Stage Carriage,,DDE,,,,,,,,
,Gateshead Riverside,RIVE,6813,MA75CPU,Wrightbus Electroliner,Double Deck Electric,Stage Carriage,,DDE,,,,,,,,
,Gateshead Riverside,RIVE,6814,MA75CPV,Wrightbus Electroliner,Double Deck Electric,Stage Carriage,,DDE,,,,,,,,
,Gateshead Riverside,RIVE,6817,MA75CRF,Wrightbus Electroliner,Double Deck Electric,Stage Carriage,,DDE,,,,,,,,
,Gateshead Riverside,RIVE,6818,MA75CRJ,Wrightbus Electroliner,Double Deck Electric,Stage Carriage,,DDE,,,,,,,,
,Gateshead Riverside,RIVE,6819,MA75CUG,Wrightbus Electroliner,Double Deck Electric,Stage Carriage,,DDE,,,,,,,,
,Gateshead Riverside,RIVE,6820,MA75CUH,Wrightbus Electroliner,Double Deck Electric,Stage Carriage,,DDE,,,,,,,,
,Gateshead Riverside,RIVE,6821,MA75CUJ,Wrightbus Electroliner,Double Deck Electric,Stage Carriage,,DDE,,,,,,,,
,Gateshead Riverside,RIVE,6397,MA75EOO,Wrightbus Ultroliner,Double Decker,Stage Carriage,,DDD,,,,,,,,
,Gateshead Riverside,RIVE,6398,MA75EOP,Wrightbus Ultroliner,Double Decker,Stage Carriage,,DDD,,,,,,,,
,Gateshead Riverside,RIVE,6400,MA75EOS,Wrightbus Ultroliner,Double Decker,Stage Carriage,,DDD,,,,,,,,
,Gateshead Riverside,RIVE,6801,MA75CNK,Wrightbus Electroliner,Double Deck Electric,Stage Carriage,,DDE,,,,,,,,
,Gateshead Riverside,RIVE,6803,MA75CNO,Wrightbus Electroliner,Double Deck Electric,Stage Carriage,,DDE,,,,,,,,
,Gateshead Riverside,RIVE,6805,MA75CNV,Wrightbus Electroliner,Double Deck Electric,Stage Carriage,,DDE,,,,,,,,
,Gateshead Riverside,RIVE,6806,MA75CNX,Wrightbus Electroliner,Double Deck Electric,Stage Carriage,,DDE,,,,,,,,
,Gateshead Riverside,RIVE,6807,MA75CNZ,Wrightbus Electroliner,Double Deck Electric,Stage Carriage,,DDE,,,,,,,,
,Gateshead Riverside,RIVE,6815,MA75CPX,Wrightbus Electroliner,Double Deck Electric,Stage Carriage,,DDE,,,,,,,,
,Gateshead Riverside,RIVE,6816,MA75CPZ,Wrightbus Electroliner,Double Deck Electric,Stage Carriage,,DDE,,,,,,,,
,Gateshead Riverside,RIVE,6822,MA75CUK,Wrightbus Electroliner,Double Deck Electric,Stage Carriage,,DDE,,,,,,,,
,Gateshead Riverside,RIVE,6823,MA75CUO,Wrightbus Electroliner,Double Deck Electric,Stage Carriage,,DDE,,,,,,,,
,Gateshead Riverside,RIVE,6824,MA75EOH,Wrightbus Electroliner,Double Deck Electric,Stage Carriage,,DDE,,,,,,,,
,Gateshead Riverside,RIVE,6825,MA75EOJ,Wrightbus Electroliner,Double Deck Electric,Stage Carriage,,DDE,,,,,,,,
Go North East Coach,Go North East Coach,NATX,7128,BX16CKL,Volvo B11RT Levante D11K AT2412E 14.3 6,Coach,Scheduled Coach (National Express),Nat Ex,CD-NX,CD,,,,,,,
Go North East Coach,Go North East Coach,NATX,7132,BX16CLU,Volvo B11RT Levante D11K AT2412E 14.3 6,Coach,Scheduled Coach (National Express),Nat Ex,CD-NX,CD,,,,,,,
Go North East Coach,Go North East Coach,NATX,7135,BV17GVF,Volvo B11RT Levante D11K AT2412E 14.3 6,Coach,Scheduled Coach (National Express),Nat Ex,CD-NX,CD,,,,,,,
Go North East Coach,Go North East Coach,NATX,7136,BV17GVG,Volvo B11RT Levante D11K AT2412E 14.3 6,Coach,Scheduled Coach (National Express),Nat Ex,CD-NX,CD,,,,,,,
Go North East Coach,Go North East Coach,NATX,7137,BV17GVJ,Volvo B11RT Levante D11K AT2412E 14.3 6,Coach,Scheduled Coach (National Express),Nat Ex,CD-NX,CD,,,,,,,
Go North East Coach,Go North East Coach,NATX,7138,BM68AHA,Volvo B11RT Levante D11K AT2412E 14.3 6,Coach,Scheduled Coach (National Express),Nat Ex,CD-NX,CD,,,,,,,
Go North East Coach,Go North East Coach,NATX,7139,BM68AHC,Volvo B11RT Levante D11K AT2412E 14.3 6,Coach,Scheduled Coach (National Express),Nat Ex,CD-NX,CD,,,,,,,
Go North East Coach,Go North East Coach,NATX,7140,BM68AHD,Volvo B11RT Levante D11K AT2412E 14.3 6,Coach,Scheduled Coach (National Express),Nat Ex,CD-NX,CD,,,,,,,
Go North East Coach,Go North East Coach,NATX,7141,BM68AHE,Volvo B11RT Levante D11K AT2412E 14.3 6,Coach,Scheduled Coach (National Express),Nat Ex,CD-NX,CD,,,,,,,
Go North East Coach,Go North East Coach,NATX,7142,BM68AHF,Volvo B11RT Levante D11K AT2412E 14.3 6,Coach,Scheduled Coach (National Express),Nat Ex,CD-NX,CD,,,,,,,
Go North East Coach,Go North East Coach,NATX,7145,BV69KPF,Volvo B11RT Levante D11K AT2412E 14.3 6,Coach,Scheduled Coach (National Express),Nat Ex,CD-NX,CD,,,,,,,
Go North East Coach,Go North East Coach,NATX,7146,BV69KPG,Volvo B11RT Levante D11K AT2412E 14.3 6,Coach,Scheduled Coach (National Express),Nat Ex,CD-NX,CD,,,,,,,
Go North East Coach,Go North East Coach,NATX,7147,BV69KPJ,Volvo B11RT Levante D11K AT2412E 14.3 6,Coach,Scheduled Coach (National Express),Nat Ex,CD-NX,CD,,,,,,,
Go North East Coach,Go North East Coach,NATX,7148,BV69KPK,Volvo B11RT Levante D11K AT2412E 14.3 6,Coach,Scheduled Coach (National Express),Nat Ex,CD-NX,CD,,,,,,,
Go North East Coach,Go North East Coach,NATX,7149,BV69KRD,Volvo B11RT Levante D11K AT2412E 14.3 6,Coach,Scheduled Coach (National Express),Nat Ex,CD-NX,CD,,,,,,,
Go North East Coach,Go North East Coach,NATX,7158,BX65WAO,Volvo B8R Levante D8K350 At2412E 12.5 6,Coach,Contract Work,Nat Ex,CD-NX,CD,,,,,,,
Go North East Coach,Go North East Coach,NATX,7159,BX65WAU,Volvo B8R Levante D8K350 At2412E 12.5 6,Coach,Contract Work,Nat Ex,CD-NX,CD,,,,,,,
Go North East Coach,Go North East Coach,NATX,7160,BX65WCK,Volvo B8R Levante D8K350 At2412E 12.5 6,Coach,Contract Work,Nat Ex,CD-NX,CD,,,,,,,
Go North East Coach,Go North East Coach,NATX,7161,BV74LNR,Scania KEB6X2 CBRVAR008 GRS895R DC13 14.2 6,Coach  ,Scheduled Coach (National Express),Nat Ex,CD-NX,,,,,,,,
Go North East Coach,Go North East Coach,NATX,7162,BV74LNT,Scania KEB6X2 CBRVAR008 GRS895R DC13 14.2 6,Coach  ,Scheduled Coach (National Express),Nat Ex,CD-NX,,,,,,,,
Go North East Coach,Go North East Coach,NATX,7163,BV74LNU,Scania KEB6X2 CBRVAR008 GRS895R DC13 14.2 6,Coach  ,Scheduled Coach (National Express),Nat Ex,CD-NX,,,,,,,,
Go North East Coach,Go North East Coach,NATX,7164,BV74LNW,Scania KEB6X2 CBRVAR008 GRS895R DC13 14.2 6,Coach  ,Scheduled Coach (National Express),Nat Ex,CD-NX,,,,,,,,
Go North East Coach,Go North East Coach,NATX,7165,BV74LNX,Scania KEB6X2 CBRVAR008 GRS895R DC13 14.2 6,Coach  ,Scheduled Coach (National Express),Nat Ex,CD-NX,,,,,,,,
Go North East Coach,Go North East Coach,NATX,7166,BV74LNY,Scania KEB6X2 CBRVAR008 GRS895R DC13 14.2 6,Coach  ,Scheduled Coach (National Express),Nat Ex,CD-NX,,,,,,,,
Go North East Coach,Go North East Coach,NATX,7167,BV74LOF,Scania KEB6X2 CBRVAR008 GRS895R DC13 14.2 6,Coach  ,Scheduled Coach (National Express),Nat Ex,CD-NX,,,,,,,,
Go North East Coach,Go North East Coach,NATX,7168,BV74LOH,Scania KEB6X2 CBRVAR008 GRS895R DC13 14.2 6,Coach  ,Scheduled Coach (National Express),Nat Ex,CD-NX,,,,,,,,
Go North East Coach,Go North East Coach,NATX,7169,BV25KWB,Scania KEB6X2 CBRVAR008 GRS895R DC13 14.2 6,Coach,Scheduled Coach (National Express),Nat Ex,CD-NX,,,,,,,,
Go North East Coach,Go North East Coach,NATX,7170,BV25KWC,Scania KEB6X2 CBRVAR008 GRS895R DC13 14.2 6,Coach,Scheduled Coach (National Express),Nat Ex,CD-NX,,,,,,,,
Go North East Coach,Go North East Coach,NATX,7171,BV25KWD,Scania KEB6X2 CBRVAR008 GRS895R DC13 14.2 6,Coach,Scheduled Coach (National Express),Nat Ex,CD-NX,,,,,,,,
Go North East Coach,Go North East Coach,NATX,7172,BV25KWE,Scania KEB6X2 CBRVAR008 GRS895R DC13 14.2 6,Coach,Scheduled Coach (National Express),Nat Ex,CD-NX,,,,,,,,
Go North East Coach,Go North East Coach,NATX,7173,BV25KWF,Scania KEB6X2 CBRVAR008 GRS895R DC13 14.2 6,Coach,Scheduled Coach (National Express),Nat Ex,CD-NX,,,,,,,,
Go North East Coach,Go North East Coach,NATX,7174,BV25KWG,Scania KEB6X2 CBRVAR008 GRS895R DC13 14.2 6,Coach,Scheduled Coach (National Express),Nat Ex,CD-NX,,,,,,,,
Go North East Coach,Go North East Coach,NATX,7175,BV25KWH,Scania KEB6X2 CBRVAR008 GRS895R DC13 14.2 6,Coach,Scheduled Coach (National Express),Nat Ex,CD-NX,,,,,,,,
Go North East Coach,Go North East Coach,NATX,7176,BV25KWJ,Scania KEB6X2 CBRVAR008 GRS895R DC13 14.2 6,Coach,Scheduled Coach (National Express),Nat Ex,CD-NX,,,,,,,,
Go North East Reserve Fleet,Go North East Reserve Fleet,GNERF,6972,LX58CXJ,ADL Enviro 400 Olympus ISBe4 5HP502 10.3 4 (SCRT Emissions Upgrade to Euro 6),Double Decker,Stage Carriage,,DDD,DDD,,,,,,,
Hexham,Hexham,HEXH,664,NK15GFV,Optare Solo SR Solo SR OM904LA S2100 9.2 5,Single Deck,Stage Carriage,,MBD,SDD,,,,,,,
Hexham,Hexham,HEXH,665,NK15GFX,Optare Solo SR Solo SR OM904LA S2100 9.2 5,Single Deck,Stage Carriage,,MBD,SDD,,,,,,,
Hexham,Hexham,HEXH,666,NK15EMJ,Optare Solo SR Solo SR OM904LA S2100 9.2 5,Single Deck,Stage Carriage,,MBD,SDD,,,,,,,
Hexham,Hexham,HEXH,667,NK16BXH,Optare Solo SR Solo SR OM904LA S2100 9.2 5,Single Deck,Stage Carriage,,MBD,DDD,,,,,,,
Hexham,Hexham,HEXH,668,NK16BXJ,Optare Solo SR Solo SR OM904LA S2100 9.2 5,Single Deck,Stage Carriage,,MBD,DDD,,,,,,,
Hexham,Hexham,HEXH,669,NK16BXL,Optare Solo SR Solo SR OM904LA S2100 9.2 5,Single Deck,Stage Carriage,,MBD,DDD,,,,,,,
Hexham,Hexham,HEXH,670,NK16BXM,Optare Solo SR Solo SR OM904LA S2100 9.2 5,Single Deck,Stage Carriage,,MBD,DDD,,,,,,,
Hexham,Hexham,HEXH,671,NK16BXN,Optare Solo SR Solo SR OM904LA S2100 9.2 5,Single Deck,Stage Carriage,,MBD,DDD,,,,,,,
Hexham,Hexham,HEXH,721,KY63VTL,Optare Solo SR Solo SR OM904LA S2100 9 5,Single Deck,Stage Carriage,,MBD,DDD,,,,,,,
Hexham,Hexham,HEXH,723,YD63UZC,Optare Solo SR Solo SR OM904LA S2100 9 5,Single Deck,Stage Carriage,,MBD,DDD,,,,,,,
Hexham,Hexham,HEXH,1063,EY67WTW,Ancillary,Ancillary,Ancillary,,AND,AND,,,,,,,
Hexham,Hexham,HEXH,1101,EK61UDV,Ancillary,Ancillary,Ancillary,,AND,AND,,,,,,,
Hexham,Hexham,HEXH,5377,NL63YAA,Optare Versa V1170 Versa ISBe6 S2100 11.7 5,Single Deck,Stage Carriage,,SDD,SDD,,,,,,,
Hexham,Hexham,HEXH,5378,NL63YAD,Optare Versa V1170 Versa ISBe6 S2100 11.7 5,Single Deck,Stage Carriage,,SDD,SDD,,,,,,,
Hexham,Hexham,HEXH,5379,NL63YAE,Optare Versa V1170 Versa ISBe6 S2100 11.7 5,Single Deck,Stage Carriage,,SDD,SDD,,,,,,,
Hexham,Hexham,HEXH,5380,NL63YAF,Optare Versa V1170 Versa ISBe6 S2100 11.7 5,Single Deck,Stage Carriage,,SDD,SDD,,,,,,,
Hexham,Hexham,HEXH,6072,NK62FBA,Volvo B9TL Eclipse Gemini 2 D9B 6AP1403B Ecolife 10.5 5 EEV,Double Decker,Stage Carriage,,DDD,DDD,,,,,,,
Hexham,Hexham,HEXH,6073,NK62FCC,Volvo B9TL Eclipse Gemini 2 D9B 6AP1403B Ecolife 10.5 5 EEV,Double Decker,Stage Carriage,,DDD,DDD,,,,,,,
Hexham,Hexham,HEXH,6074,NK62FDM,Volvo B9TL Eclipse Gemini 2 D9B 6AP1403B Ecolife 10.5 5 EEV,Double Decker,Stage Carriage,,DDD,DDD,,,,,,,
Hexham,Hexham,HEXH,6075,NK62FDN,Volvo B9TL Eclipse Gemini 2 D9B 6AP1403B Ecolife 10.5 5 EEV,Double Decker,Stage Carriage,,DDD,DDD,,,,,,,
Hexham,Hexham,HEXH,6158,LJ62KYA,Volvo B9TL Eclipse Gemini 2 D9B 6AP1403B Ecolife 10.4 5 EEV,Double Decker,Stage Carriage,,DDD,DDD,,,,,,,
Percy Main,Percy Main,PERC,661,NK15GFJ,Optare Solo SR Solo SR OM904LA S2100 9.2 5,Single Deck,Stage Carriage,,MBD,SDD,,,,,,,
Percy Main,Percy Main,PERC,672,NK16BXO,Optare Solo SR Solo SR OM904LA S2100 9.2 5,Single Deck,Stage Carriage,,MBD,DDD,,,,,,,
Percy Main,Percy Main,PERC,680,NK16BXY,Optare Solo SR Solo SR OM904LA S2100 9.2 5,Single Deck,Stage Carriage,,MBD,SDD,,,,,,,
Percy Main,Percy Main,PERC,681,NK66CWW,Optare Solo SR Solo SR OM904LA S2100 9.2 5,Single Deck,Stage Carriage,,MBD,DDD,,,,,,,
Percy Main,Percy Main,PERC,726,NK68BZW,Optare Solo Solo OM934LA T2100 9.2 6,Single Deck,Stage Carriage,,MBD,DDD,,,,,,,
Percy Main,Percy Main,PERC,727,NK68BZX,Optare Solo Solo OM934LA T2100 9.2 6,Single Deck,Stage Carriage,,MBD,DDD,,,,,,,
Percy Main,Percy Main,PERC,1061,EY67ZCT,Ancillary,Ancillary,Ancillary,,AND,AND,,,,,,,
Percy Main,Percy Main,PERC,1103,EA66AYU,Ancillary,Ancillary,Ancillary,,AND,AND,,,,,,,
Percy Main,Percy Main,PERC,1104,EA66AZJ,Ancillary,Ancillary,Ancillary,,AND,AND,,,,,,,
Percy Main,Percy Main,PERC,1105,EA66AZN,Ancillary,Ancillary,Ancillary,,AND,AND,,,,,,,
Percy Main,Percy Main,PERC,1110,EO66YXS,Ancillary,Ancillary,Ancillary,,AND,AND,,,,,,,
Percy Main,Percy Main,PERC,1111,EO66YYB,Ancillary,Ancillary,Ancillary,,AND,AND,,,,,,,
Percy Main,Percy Main,PERC,1112,EX66PKE,Ancillary,Ancillary,Ancillary,,AND,AND,,,,,,,
Percy Main,Percy Main,PERC,5442,NK66EVB,Wrightbus Streetlite DF Streetlite OM934 D624.6E 10.8 6,Single Deck,Stage Carriage,,SDD,SDD,,,,,,,
Percy Main,Percy Main,PERC,5443,NK66EVC,Wrightbus Streetlite DF Streetlite OM934 D624.6E 10.8 6,Single Deck,Stage Carriage,,SDD,SDD,,,,,,,
Percy Main,Percy Main,PERC,5444,NK66EVD,Wrightbus Streetlite DF Streetlite OM934 D624.6E 10.8 6,Single Deck,Stage Carriage,,SDD,SDD,,,,,,,
Percy Main,Percy Main,PERC,5445,NK66EVF,Wrightbus Streetlite DF Streetlite OM934 D624.6E 10.8 6,Single Deck,Stage Carriage,,SDD,SDD,,,,,,,
Percy Main,Percy Main,PERC,5446,NK66EVG,Wrightbus Streetlite DF Streetlite OM934 D624.6E 10.8 6,Single Deck,Stage Carriage,,SDD,SDD,,,,,,,
Percy Main,Percy Main,PERC,5447,NK66EVH,Wrightbus Streetlite DF Streetlite OM934 D624.6E 10.8 6,Single Deck,Stage Carriage,,SDD,SDD,,,,,,,
Percy Main,Percy Main,PERC,5448,NK66EVJ,Wrightbus Streetlite DF Streetlite OM934 D624.6E 10.8 6,Single Deck,Stage Carriage,,SDD,SDD,,,,,,,
Percy Main,Percy Main,PERC,5449,NK66EVL,Wrightbus Streetlite DF Streetlite OM934 D624.6E 10.8 6,Single Deck,Stage Carriage,,SDD,SDD,,,,,,,
Percy Main,Percy Main,PERC,5450,NK66EVM,Wrightbus Streetlite DF Streetlite OM934 D624.6E 10.8 6,Single Deck,Stage Carriage,,SDD,SDD,,,,,,,
Percy Main,Percy Main,PERC,5451,NK66EVN,Wrightbus Streetlite DF Streetlite OM934 D624.6E 10.8 6,Single Deck,Stage Carriage,,SDD,SDD,,,,,,,
Percy Main,Percy Main,PERC,5452,NK66EWA,Wrightbus Streetlite DF Streetlite OM934 D624.6E 10.8 6,Single Deck,Stage Carriage,,SDD,SDD,,,,,,,
Percy Main,Percy Main,PERC,5453,NK66EWB,Wrightbus Streetlite DF Streetlite OM934 D624.6E 10.8 6,Single Deck,Stage Carriage,,SDD,SDD,,,,,,,
Percy Main,Percy Main,PERC,5454,NK66EWC,Wrightbus Streetlite DF Streetlite OM934 D624.6E 10.8 6,Single Deck,Stage Carriage,,SDD,SDD,,,,,,,
Percy Main,Percy Main,PERC,5455,NK66EWD,Wrightbus Streetlite DF Streetlite OM934 D624.6E 10.8 6,Single Deck,Stage Carriage,,SDD,SDD,,,,,,,
Percy Main,Percy Main,PERC,5456,NK66EWE,Wrightbus Streetlite DF Streetlite OM934 D624.6E 10.8 6,Single Deck,Stage Carriage,,SDD,SDD,,,,,,,
Percy Main,Percy Main,PERC,5460,NK66EWL,Wrightbus Streetlite DF Streetlite OM934 D624.6E 10.8 6,Single Deck,Stage Carriage,,SDD,SDD,,,,,,,
Percy Main,Percy Main,WASH,5466,NK17GHX,Wrightbus Streetlite DF Streetlite OM934 D624.6E 10.8 6,Single Deck,Stage Carriage,,SDD,SDD,,,,,,,
Percy Main,Percy Main,PERC,5470,NK17GJF,Wrightbus Streetlite DF Streetlite OM934 D624.6E 10.8 6,Single Deck,Stage Carriage,,SDD,SDD,,,,,,,
Percy Main,Percy Main,PERC,5471,NK17GJG,Wrightbus Streetlite DF Streetlite OM934 D624.6E 10.8 6,Single Deck,Stage Carriage,,SDD,SDD,,,,,,,
Percy Main,Percy Main,PERC,5472,NK17GJJ,Wrightbus Streetlite DF Streetlite OM934 D624.6E 10.8 6,Single Deck,Stage Carriage,,SDD,SDD,,,,,,,
Percy Main,Percy Main,PERC,5473,NK17GJO,Wrightbus Streetlite DF Streetlite OM934 D624.6E 10.8 6,Single Deck,Stage Carriage,,SDD,SDD,,,,,,,
Percy Main,Percy Main,PERC,5474,NK17GJU,Wrightbus Streetlite DF Streetlite OM934 D624.6E 10.8 6,Single Deck,Stage Carriage,,SDD,SDD,,,,,,,
Percy Main,Percy Main,PERC,5475,NK17GJV,Wrightbus Streetlite DF Streetlite OM934 D624.6E 10.8 6,Single Deck,Stage Carriage,,SDD,SDD,,,,,,,
Percy Main,Percy Main,PERC,5476,NK17GJX,Wrightbus Streetlite DF Streetlite OM934 D624.6E 10.8 6,Single Deck,Stage Carriage,,SDD,SDD,,,,,,,
Percy Main,Percy Main,PERC,5477,NK17GJY,Wrightbus Streetlite DF Streetlite OM934 D624.6E 10.8 6,Single Deck,Stage Carriage,,SDD,SDD,,,,,,,
Percy Main,Percy Main,PERC,5478,NK17GJZ,Wrightbus Streetlite DF Streetlite OM934 D624.6E 10.8 6,Single Deck,Stage Carriage,,SDD,SDD,,,,,,,
Percy Main,Percy Main,PERC,5479,NK17GKA,Wrightbus Streetlite DF Streetlite OM934 D624.6E 10.8 6,Single Deck,Stage Carriage,,SDD,SDD,,,,,,,
Percy Main,Percy Main,PERC,5480,NK17GKC,Wrightbus Streetlite DF Streetlite OM934 D624.6E 10.8 6,Single Deck,Stage Carriage,,SDD,SDD,,,,,,,
Percy Main,Percy Main,PERC,6101,NL63YJE,Volvo B9TL Eclipse Gemini 2 D9B 6AP1403B Ecolife 10.5 5 EEV,Double Decker,Stage Carriage,,SDD,SDD,,,,,,,
Percy Main,Percy Main,PERC,6102,NL63YJF,Volvo B9TL Eclipse Gemini 2 D9B 6AP1403B Ecolife 10.5 5 EEV,Double Decker,Stage Carriage,,SDD,SDD,,,,,,,
Percy Main,Percy Main,PERC,6103,NL63XBT,Volvo B9TL Eclipse Gemini 2 D9B 6AP1403B Ecolife 10.5 5 EEV,Double Decker,Stage Carriage,,SDD,SDD,,,,,,,
Percy Main,Percy Main,PERC,6104,NL63YJG,Volvo B9TL Eclipse Gemini 2 D9B 6AP1403B Ecolife 10.5 5 EEV,Double Decker,Stage Carriage,,SDD,SDD,,,,,,,
Percy Main,Percy Main,PERC,6105,NL63YJH,Volvo B9TL Eclipse Gemini 2 D9B 6AP1403B Ecolife 10.5 5 EEV,Double Decker,Stage Carriage,,SDD,SDD,,,,,,,
Percy Main,Percy Main,PERC,6106,NL63YCJ,Volvo B9TL Eclipse Gemini 2 D9B 6AP1403B Ecolife 10.5 5 EEV,Double Decker,Stage Carriage,,SDD,SDD,,,,,,,
Percy Main,Percy Main,PERC,6107,NL63YCK,Volvo B9TL Eclipse Gemini 2 D9B 6AP1403B Ecolife 10.5 5 EEV,Double Decker,Stage Carriage,,SDD,SDD,,,,,,,
Percy Main,Percy Main,PERC,6108,NL63YCM,Volvo B9TL Eclipse Gemini 2 D9B 6AP1403B Ecolife 10.5 5 EEV,Double Decker,Stage Carriage,,DDD,DDD,,,,,,,
Percy Main,Percy Main,PERC,6109,NL63YCN,Volvo B9TL Eclipse Gemini 2 D9B 6AP1403B Ecolife 10.5 5 EEV,Double Decker,Stage Carriage,,DDD,DDD,,,,,,,
Percy Main,Percy Main,PERC,6110,NL63YCO,Volvo B9TL Eclipse Gemini 2 D9B 6AP1403B Ecolife 10.5 5 EEV,Double Decker,Stage Carriage,,DDD,DDD,,,,,,,
Percy Main,Percy Main,PERC,6111,NL63XBV,Volvo B9TL Eclipse Gemini 2 D9B 6AP1403B Ecolife 10.5 5 EEV,Double Decker,Stage Carriage,,DDD,DDD,,,,,,,
Percy Main,Percy Main,PERC,6112,NL63XBW,Volvo B9TL Eclipse Gemini 2 D9B 6AP1403B Ecolife 10.5 5 EEV,Double Decker,Stage Carriage,,SDD,SDD,,,,,,,
Percy Main,Percy Main,PERC,6113,NL63XBX,Volvo B9TL Eclipse Gemini 2 D9B 6AP1403B Ecolife 10.5 5 EEV,Double Decker,Stage Carriage,,SDD,SDD,,,,,,,
Percy Main,Percy Main,PERC,6114,NL63XBY,Volvo B9TL Eclipse Gemini 2 D9B 6AP1403B Ecolife 10.5 5 EEV,Double Decker,Stage Carriage,,SDD,SDD,,,,,,,
Percy Main,Percy Main,PERC,6115,NL63XBZ,Volvo B9TL Eclipse Gemini 2 D9B 6AP1403B Ecolife 10.5 5 EEV,Double Decker,Stage Carriage,,SDD,SDD,,,,,,,
Percy Main,Percy Main,PERC,6116,NL63XCA,Volvo B9TL Eclipse Gemini 2 D9B 6AP1403B Ecolife 10.5 5 EEV,Double Decker,Stage Carriage,,SDD,SDD,,,,,,,
Percy Main,Percy Main,PERC,6117,NL63XCB,Volvo B9TL Eclipse Gemini 2 D9B 6AP1403B Ecolife 10.5 5 EEV,Double Decker,Stage Carriage,,SDD,SDD,,,,,,,
Percy Main,Percy Main,PERC,6197,BG59FXB,Volvo B9TL Eclipse Gemini 2 D9B 6AP1403B Ecolife 10.4 5 EEV (SCRT Emissions Upgrade to Euro 6),Double Decker,Stage Carriage,,DDD,DDD,,,,,,,
Percy Main,Percy Main,PERC,6198,LK59FDM,Volvo B9TL Eclipse Gemini 2 D9B 6AP1403B Ecolife 10.4 5 EEV (SCRT Emissions Upgrade to Euro 6),Double Decker,Stage Carriage,,DDD,DDD,,,,,,,
Percy Main,Percy Main,PERC,6199,LK59FDO,Volvo B9TL Eclipse Gemini 2 D9B 6AP1403B Ecolife 10.4 5 EEV (SCRT Emissions Upgrade to Euro 6),Double Decker,Stage Carriage,,DDD,DDD,,,,,,,
Percy Main,Percy Main,PERC,6200,LX59CYA,Volvo B9TL Eclipse Gemini 2 D9B 6AP1403B Ecolife 10.4 5 EEV (SCRT Emissions Upgrade to Euro 6),Double Decker,Stage Carriage,,DDD,DDD,,,,,,,
Percy Main,Percy Main,PERC,6206,LX59CYT,Volvo B9TL Eclipse Gemini 2 D9B 6AP1403B Ecolife 10.4 5 EEV (SCRT Emissions Upgrade to Euro 6),Double Decker,Stage Carriage,,DDD,DDD,,,,,,,
Percy Main,Percy Main,PERC,6207,LX59CYU,Volvo B9TL Eclipse Gemini 2 D9B 6AP1403B Ecolife 10.4 5 EEV (SCRT Emissions Upgrade to Euro 6),Double Decker,Stage Carriage,,DDD,DDD,,,,,,,
Percy Main,Percy Main,PERC,6210,CU7661,Volvo B9TL Eclipse Gemini 2 D9B 6AP1403B Ecolife 10.4 5 EEV (SCRT Emissions Upgrade to Euro 6),Double Decker,Stage Carriage,,DDD,DDD,,,,,,,
Percy Main,Percy Main,PERC,6211,CU6860,Volvo B9TL Eclipse Gemini 2 D9B 6AP1403B Ecolife 10.4 5 EEV (SCRT Emissions Upgrade to Euro 6),Double Decker,Stage Carriage,,DDD,DDD,,,,,,,
Percy Main,Percy Main,PERC,6212,JCN822,Volvo B9TL Eclipse Gemini 2 D9B 6AP1403B Ecolife 10.4 5 EEV (SCRT Emissions Upgrade to Euro 6),Double Decker,Stage Carriage,,DDD,DDD,,,,,,,
Percy Main,Percy Main,PERC,6996,LIG9116,Volvo B9TL Eclipse Gemini 2 D9B 6AP1403B Ecolife 10.5 5 EEV,Double Decker,Stage Carriage,,DDD,DDD,,,,,,,
Percy Main ,Percy Main,PERC,8314,NK10GOE,Optare Versa V1110 Versa ISBe6 S2100 11.1 5,Single Deck,Stage Carriage,,SDD,SDD,,,,,,,
Percy Main,Percy Main,PERC,8320,NK11FXC,Optare Versa V1110 Versa ISBe6 S2100 11.1 5,Single Deck,Stage Carriage,,SDD,SDD,,,,,,,
Percy Main,Percy Main,PERC,8321,NK11FXD,Optare Versa V1110 Versa ISBe6 S2100 11.1 5,Single Deck,Stage Carriage,,SDD,SDD,,,,,,,
Percy Main,Percy Main,PERC,8322,NK11FXE,Optare Versa V1110 Versa ISBe6 S2100 11.1 5,Single Deck,Stage Carriage,,SDD,SDD,,,,,,,
Percy Main,Percy Main,PERC,8323,NK11FXF,Optare Versa V1110 Versa ISBe6 S2100 11.1 5,Single Deck,Stage Carriage,,SDD,SDD,,,,,,,
Percy Main,Percy Main,PERC,8324,NK11FXG,Optare Versa V1110 Versa ISBe6 S2100 11.1 5,Single Deck,Stage Carriage,,SDD,SDD,,,,,,,
Percy Main,Percy Main,PERC,8325,NK11FXH,Optare Versa V1110 Versa ISBe6 S2100 11.1 5,Single Deck,Stage Carriage,,SDD,SDD,,,,,,,
Percy Main,Percy Main,PERC,8342,NL63XBM,Wrightbus Streetlite DF Streetlite ISBe5 D854.5E 10.8 5,Single Deck,Stage Carriage,,SDD,SDD,,,,,,,
Percy Main,Percy Main,PERC,8343,NL63XBN,Wrightbus Streetlite DF Streetlite ISBe5 D854.5E 10.8 5,Single Deck,Stage Carriage,,SDD,SDD,,,,,,,
Percy Main,Percy Main,PERC,8344,NL63XBO,Wrightbus Streetlite DF Streetlite ISBe5 D854.5E 10.8 5,Single Deck,Stage Carriage,,SDD,SDD,,,,,,,
Percy Main,Percy Main,PERC,8345,NL63XBP,Wrightbus Streetlite DF Streetlite ISBe5 D854.5E 10.8 5,Single Deck,Stage Carriage,,SDD,SDD,,,,,,,
Percy Main,Percy Main,PERC,8346,NL63XBR,Wrightbus Streetlite DF Streetlite ISBe5 D854.5E 10.8 5,Single Deck,Stage Carriage,,SDD,SDD,,,,,,,
Percy Main,Percy Main,PERC,6993,SNZ1104,Scania N230UD Enviro 400 DC930 5HP504 10.9 5 EEV (SCRT Emissions Upgrade to Euro 6),Double Decker,Stage Carriage,,DDD,,,,,,,,
Gateshead Riverside,Percy Main,PERC,6994,NLZ5111,Scania N230UD Enviro 400 DC930 5HP504 10.9 5 EEV (SCRT Emissions Upgrade to Euro 6),Double Decker,Stage Carriage,,DDD,,,,,,,,
Percy Main,Percy Main,PERC,6995,MIG7113,Volvo B9TL Eclipse Gemini 2 D9B 6AP1403B Ecolife 10.5 5 EEV,Double Decker,Stage Carriage,,DDD,,,,,,,,
Bensham Head Office,Percy Main ,BENH,5516,SM13NDO,Wrightbus Streetlite DF Streetlite OM934 D624.6E 10.8 6,Single Deck,Stage Carriage,Bensham HO - TRN,TRN-VEH,SDD,,,,,,,
Bensham Head Office,Percy Main ,BENH,5521,SM13NDZ,Wrightbus Streetlite DF Streetlite DF ISBe4 DIWA 11.6 5 (SCRT Emissions upgrade to Euro 6),Single Deck,Stage Carriage,Bensham HO - TRN,TRN-VEH,SDD,,,,,,,
Washington,Washington,WASH,683,NK66CWY,Optare Solo SR Solo SR OM904LA S2100 9.2 5,Single Deck,Stage Carriage,,MBD,DDD,,,,,,,
Washington,Washington,WASH,684,NK66CWZ,Optare Solo SR Solo SR OM904LA S2100 9.2 5,Single Deck,Stage Carriage,,MBD,DDD,,,,,,,
Washington,Washington,WASH,685,NK66CXA,Optare Solo SR Solo SR OM904LA S2100 9.2 5,Single Deck,Stage Carriage,,MBD,SDD,,,,,,,
Washington,Washington,WASH,686,NK66CXB,Optare Solo SR Solo SR OM904LA S2100 9.2 5,Single Deck,Stage Carriage,,MBD,SDD,,,,,,,
Washington,Washington,WASH,687,NK66CXC,Optare Solo SR Solo SR OM904LA S2100 9.2 5,Single Deck,Stage Carriage,,MBD,SDD,,,,,,,
Washington,Washington,WASH,688,NK66CXD,Optare Solo SR Solo SR OM904LA S2100 9.2 5,Single Deck,Stage Carriage,,MBD,SDD,,,,,,,
Washington,Washington,WASH,689,NK66CXE,Optare Solo SR Solo SR OM904LA S2100 9.2 5,Single Deck,Stage Carriage,,MBD,SDD,,,,,,,
Washington,Washington,WASH,709,WK58EAJ,Optare Solo Solo OM904LA S2000 8.8 4,Single Deck,Stage Carriage,,MBD,SDD,,,,,,,
Washington,Washington,WASH,729,NK69FAA,Mercedes Sprinter Atlas 516 340 7.3 6,Minibus,Stage Carriage,,MBD,MDB,,,,,,,
Washington,Washington,WASH,1064,EY67WSX,Ancillary,Ancillary,Ancillary,,AND,AND,,,,,,,
Washington,Washington,WASH,1109,EO66BUJ,Ancillary,Ancillary,Ancillary,,AND,AND,,,,,,,
Washington,Washington,WASH,1114,EX66PTO,Ancillary,Ancillary,Ancillary,,AND,AND,,,,,,,
Washington,Washington,WASH,1115,EX66PVU,Ancillary,Ancillary,Ancillary,,AND,AND,,,,,,,
Washington,Washington,WASH,1119,RE13CJZ,Ancillary,Ancillary,Ancillary,,AND,AND,,,,,,,
Washington,Washington,WASH,1120,EX66UYB,Ancillary,Ancillary,Ancillary,,AND,AND,,,,,,,
Washington,Washington,WASH,5358,BX63BCK,Mercedes 0530N Citaro OM906hLA 6HP502 12 5,Single Deck,Stage Carriage,,SDD,SDD,,,,,,,
Washington,Washington,WASH,5359,BX63BCO,Mercedes 0530N Citaro OM906hLA 6HP502 12 5,Single Deck,Stage Carriage,,SDD,SDD,,,,,,,
Washington,Washington,WASH,5360,BX63BCU,Mercedes 0530N Citaro OM906hLA 6HP502 12 5,Single Deck,Stage Carriage,,SDD,SDD,,,,,,,
Washington,Washington,WASH,5361,BX63BCV,Mercedes 0530N Citaro OM906hLA 6HP502 12 5,Single Deck,Stage Carriage,,SDD,SDD,,,,,,,
Washington,Washington,WASH,5362,BX63BCY,Mercedes 0530N Citaro OM906hLA 6HP502 12 5,Single Deck,Stage Carriage,,SDD,SDD,,,,,,,
Washington,Washington,WASH,5363,BX63BCZ,Mercedes 0530N Citaro OM906hLA 6HP502 12 5,Single Deck,Stage Carriage,,SDD,SDD,,,,,,,
Washington,Washington,WASH,5364,BX63BDE,Mercedes 0530N Citaro OM906hLA 6HP502 12 5,Single Deck,Stage Carriage,,SDD,SDD,,,,,,,
Washington,Washington,WASH,5365,BX63BDF,Mercedes 0530N Citaro OM906hLA 6HP502 12 5,Single Deck,Stage Carriage,,SDD,SDD,,,,,,,
Washington,Washington,WASH,5366,BX63BDO,Mercedes 0530N Citaro OM906hLA 6HP502 12 5,Single Deck,Stage Carriage,,SDD,SDD,,,,,,,
Washington,Washington,WASH,5367,BX63BDU,Mercedes 0530N Citaro OM906hLA 6HP502 12 5,Single Deck,Stage Carriage,,SDD,SDD,,,,,,,
Washington,Washington,WASH,5368,BX63BDV,Mercedes 0530N Citaro OM906hLA 6HP502 12 5,Single Deck,Stage Carriage,,SDD,SDD,,,,,,,
Washington,Washington,WASH,5457,NK66EWF,Wrightbus Streetlite DF Streetlite OM934 D624.6E 10.8 6,Single Deck,Stage Carriage,,SDD,SDD,,,,,,,
Washington,Washington,WASH,5458,NK66EWH,Wrightbus Streetlite DF Streetlite OM934 D624.6E 10.8 6,Single Deck,Stage Carriage,,SDD,SDD,,,,,,,
Washington,Washington,WASH,5459,NK66EWJ,Wrightbus Streetlite DF Streetlite OM934 D624.6E 10.8 6,Single Deck,Stage Carriage,,SDD,SDD,,,,,,,
Washington,Washington,WASH,5461,NK66EWM,Wrightbus Streetlite DF Streetlite OM934 D624.6E 10.8 6,Single Deck,Stage Carriage,,SDD,SDD,,,,,,,
Washington,Washington,WASH,5462,NK66EWN,Wrightbus Streetlite DF Streetlite OM934 D624.6E 10.8 6,Single Deck,Stage Carriage,,SDD,SDD,,,,,,,
Washington,Washington,WASH,5463,NK17GHO,Wrightbus Streetlite DF Streetlite OM934 D624.6E 10.8 6,Single Deck,Stage Carriage,,SDD,SDD,,,,,,,
Washington,Washington,WASH,5464,NK17GHU,Wrightbus Streetlite DF Streetlite OM934 D624.6E 10.8 6,Single Deck,Stage Carriage,,SDD,SDD,,,,,,,
Washington,Washington,WASH,5465,NK17GHV,Wrightbus Streetlite DF Streetlite OM934 D624.6E 10.8 6,Single Deck,Stage Carriage,,SDD,SDD,,,,,,,
Washington,Washington,WASH,5467,NK17GHY,Wrightbus Streetlite DF Streetlite OM934 D624.6E 10.8 6,Single Deck,Stage Carriage,,SDD,SDD,,,,,,,
Washington,Washington,WASH,5468,NK17GHZ,Wrightbus Streetlite DF Streetlite OM934 D624.6E 10.8 6,Single Deck,Stage Carriage,,SDD,SDD,,,,,,,
Washington,Washington,WASH,5469,NK17GJE,Wrightbus Streetlite DF Streetlite OM934 D624.6E 10.8 6,Single Deck,Stage Carriage,,SDD,SDD,,,,,,,
Washington,Washington,WASH,6155,LJ62KOX,Volvo B9TL Eclipse Gemini 2 D9B 6AP1403B Ecolife 10.4 5 EEV,Double Decker,Stage Carriage,,DDD,DDD,,,,,,,
Washington,Washington,WASH,6186,MX07BSO,Volvo B9TL Eclipse Gemini D9B Ecolife 10.4 4,Double Decker,Stage Carriage,,DDD,DDD,,,,,,,
Washington,Washington,WASH,6187,MX07BSU,Volvo B9TL Eclipse Gemini D9B Ecolife 10.4 4,Double Decker,Stage Carriage,,DDD,DDD,,,,,,,
Washington,Washington,WASH,6208,LX59CYV,Volvo B9TL Eclipse Gemini 2 D9B 6AP1403B Ecolife 10.4 5 EEV (SCRT Emissions Upgrade to Euro 6),Double Decker,Stage Carriage,,DDD,DDD,,,,,,,
Washington,Washington,WASH,6209,LX59CYW,Volvo B9TL Eclipse Gemini 2 D9B 6AP1403B Ecolife 10.4 5 EEV (SCRT Emissions Upgrade to Euro 6),Double Decker,Stage Carriage,,DDD,DDD,,,,,,,
Washington,Washington,WASH,6213,LX59CZB,Volvo B9TL Eclipse Gemini 2 D9B 6AP1403B Ecolife 10.4 5 EEV (SCRT Emissions Upgrade to Euro 6),Double Decker,Stage Carriage,,DDD,DDD,,,,,,,
Washington,Washington,WASH,6214,LX59CZC,Volvo B9TL Eclipse Gemini 2 D9B 6AP1403B Ecolife 10.4 5 EEV (SCRT Emissions Upgrade to Euro 6),Double Decker,Stage Carriage,,DDD,DDD,,,,,,,
Washington,Washington,WASH,6215,LX59CZD,Volvo B9TL Eclipse Gemini 2 D9B 6AP1403B Ecolife 10.4 5 EEV (SCRT Emissions Upgrade to Euro 6),Double Decker,Stage Carriage,,DDD,DDD,,,,,,,
Washington,Washington,WASH,6301,NK16BXA,Wrightbus Streetdeck Streetdeck OM934 D854.6 11 6,Double Decker,Stage Carriage,,DDD,DDD,,,,,,,
Washington,Washington,WASH,6302,NK16BXB,Wrightbus Streetdeck Streetdeck OM934 D854.6 11 6,Double Decker,Stage Carriage,,DDD,DDD,,,,,,,
Washington,Washington,WASH,6303,NK16BXC,Wrightbus Streetdeck Streetdeck OM934 D854.6 11 6,Double Decker,Stage Carriage,,DDD,DDD,,,,,,,
Washington,Washington,WASH,6304,NK16BXD,Wrightbus Streetdeck Streetdeck OM934 D854.6 11 6,Double Decker,Stage Carriage,,DDD,DDD,,,,,,,
Washington,Washington,WASH,6305,NK16BXE,Wrightbus Streetdeck Streetdeck OM934 D854.6 11 6,Double Decker,Stage Carriage,,DDD,DDD,,,,,,,
Washington,Washington,WASH,6306,NK16BXF,Wrightbus Streetdeck Streetdeck OM934 D854.6 11 6,Double Decker,Stage Carriage,,DDD,DDD,,,,,,,
Washington,Washington,WASH,6307,NK16BXG,Wrightbus Streetdeck Streetdeck OM934 D854.6 11 6,Double Decker,Stage Carriage,,DDD,DDD,,,,,,,
Washington,Washington,WASH,6331,NK67GNZ,Wrightbus Streetdeck Streetdeck OM934 D854.6 11 6,Double Decker,Stage Carriage,,DDD,DDD,,,,,,,
Washington,Washington,WASH,6332,NK67GOA,Wrightbus Streetdeck Streetdeck OM934 D854.6 11 6,Double Decker,Stage Carriage,,DDD,DDD,,,,,,,
Washington,Washington,WASH,6333,NK67GOC,Wrightbus Streetdeck Streetdeck OM934 D854.6 11 6,Double Decker,Stage Carriage,,DDD,DDD,,,,,,,
Washington,Washington,WASH,6364,NK70BYA,Wrightbus Streetdeck Streetdeck OM934 D854.6 11 6,Double Decker,Stage Carriage,,DDD,DDD,,,,,,,
Washington,Washington,WASH,6365,NK70BYB,Wrightbus Streetdeck Streetdeck OM934 D854.6 11 6,Double Decker,Stage Carriage,,DDD,DDD,,,,,,,
Washington,Washington,WASH,6366,NK70BYC,Wrightbus Streetdeck Streetdeck OM934 D854.6 11 6,Double Decker,Stage Carriage,,DDD,DDD,,,,,,,
Washington,Washington,WASH,6367,NK70BYD,Wrightbus Streetdeck Streetdeck OM934 D854.6 11 6,Double Decker,Stage Carriage,,DDD,DDD,,,,,,,
Washington,Washington,WASH,6368,NK70BYF,Wrightbus Streetdeck Streetdeck OM934 D854.6 11 6,Double Decker,Stage Carriage,,DDD,DDD,,,,,,,
Washington,Washington,WASH,6369,NK70BYG,Wrightbus Streetdeck Streetdeck OM934 D854.6 11 6,Double Decker,Stage Carriage,,DDD,DDD,,,,,,,
Washington,Deptford,DEPT,6370,NK70BYH,Wrightbus Streetdeck Streetdeck OM934 D854.6 11 6,Double Decker,Stage Carriage,,DDD,DDD,,,,,,,
Washington,Washington,WASH,6371,NK70BYM,Wrightbus Streetdeck Streetdeck OM934 D854.6 11 6,Double Decker,Stage Carriage,,DDD,DDD,,,,,,,
Washington,Washington,WASH,6372,NK70BYO,Wrightbus Streetdeck Streetdeck OM934 D854.6 11 6,Double Decker,Stage Carriage,,DDD,DDD,,,,,,,
Washington,Washington,WASH,6373,NK70BYP,Wrightbus Streetdeck Streetdeck OM934 D854.6 11 6,Double Decker,Stage Carriage,,DDD,DDD,,,,,,,
Washington,Washington,WASH,6374,NK70BYR,Wrightbus Streetdeck Streetdeck OM934 D854.6 11 6,Double Decker,Stage Carriage,,DDD,DDD,,,,,,,
Washington,Washington,WASH,6375,NK70BYT,Wrightbus Streetdeck Streetdeck OM934 D854.6 11 6,Double Decker,Stage Carriage,,DDD,DDD,,,,,,,
Washington,Washington,WASH,6376,NK70BYU,Wrightbus Streetdeck Streetdeck OM934 D854.6 11 6,Double Decker,Stage Carriage,,DDD,DDD,,,,,,,
Washington,Washington,WASH,8315,NK10GOH,Optare Versa V1110 Versa ISBe6 S2100 11.1 5,Single Deck,Stage Carriage,,SDD,SDD,,,,,,,
Washington,Washington,WASH,6188,GX03SUY,Volvo B9TL Eclipse Gemini D9B Ecolife 10.4 4,Double Decker,Stage Carriage,,DDD,,,,,,,,
,Washington,WASH,6385,MA75CSU,Wrightbus Ultroliner,Double Decker,Stage Carriage,,DDD,,,,,,,,
,Washington,WASH,6386,MA75CSV,Wrightbus Ultroliner,Double Decker,Stage Carriage,,DDD,,,,,,,,
,Washington,WASH,6387,MA75CSX,Wrightbus Ultroliner,Double Decker,Stage Carriage,,DDD,,,,,,,,
,Washington,WASH,6388,MA75CZS,Wrightbus Ultroliner,Double Decker,Stage Carriage,,DDD,,,,,,,,
,Washington,WASH,6389,MA75CTE,Wrightbus Ultroliner,Double Decker,Stage Carriage,,DDD,,,,,,,,
,Washington,WASH,6390,MA75CTV,Wrightbus Ultroliner,Double Decker,Stage Carriage,,DDD,,,,,,,,
,Washington,WASH,6391,MA75CTX,Wrightbus Ultroliner,Double Decker,Stage Carriage,,DDD,,,,,,,,
,Washington,WASH,6392,MA75CTZ,Wrightbus Ultroliner,Double Decker,Stage Carriage,,DDD,,,,,,,,
,Washington,WASH,6393,MA75CUC,Wrightbus Ultroliner,Double Decker,Stage Carriage,,DDD,,,,,,,,
,Washington,WASH,6394,MA75EOK,Wrightbus Ultroliner,Double Decker,Stage Carriage,,DDD,,,,,,,,
,Washington,WASH,6395,MA75EOL,Wrightbus Ultroliner,Double Decker,Stage Carriage,,DDD,,,,,,,,
,Washington,WASH,6396,MA75EOM,Wrightbus Ultroliner,Double Decker,Stage Carriage,,DDD,,,,,,,,
Saltmeadows Road Stores,,SMRS,133,NX58FJY,Ancillary,Ancillary,Ancillary,,AND,AND,,,,,,,
Go North East Reserve Fleet,,GNERF,618,NK55RUV,ADL Dart Pointer 2 ISBe4 AT545 8.8 3,Single Deck,Stage Carriage,,SDD,DDD,,,,,,,
Go North East Reserve Fleet,,GNERF,625,NK11HBB,Optare Solo SR Solo SR OM904LA S2100 9 5,Single Deck,Stage Carriage,,MBD,DDD,,,,,,,
Go North East Reserve Fleet,,GNERF,626,NK61DBX,Optare Solo SR Solo SR OM904LA S2100 9 5,Single Deck,Stage Carriage,,MBD,DDD,,,,,,,
Go North East Reserve Fleet,,GNERF,627,NK61DBY,Optare Solo SR Solo SR OM904LA S2100 9 5,Single Deck,Stage Carriage,,MBD,DDD,,,,,,,
Go North East Reserve Fleet,,GNERF,631,NK61FEU,Optare Solo SR Solo SR OM904LA S2100 9 5,Single Deck,Stage Carriage,,MBD,DDD,,,,,,,
Go North East Reserve Fleet,,GNERF,633,NK61FEX,Optare Solo SR Solo SR OM904LA S2100 9 5,Single Deck,Stage Carriage,,MBD,DDD,,,,,,,
Go North East Reserve Fleet,,GNERF,634,NK61FJO,Optare Solo SR Solo SR OM904LA S2100 9 5,Single Deck,Stage Carriage,,MBD,DDD,,,,,,,
Go North East Reserve Fleet,,GNERF,643,NL63XZP,Optare Solo SR Solo SR OM904LA S2100 9 5,Single Deck,Stage Carriage,,MBD,DDD,,,,,,,
Go North East Reserve Fleet,,GNERF,691,YJ13HNW,Optare Solo SR Solo SR OM904LA S2100 9 5,Single Deck,Stage Carriage,,MBD,SDD,,,,,,,
Go North East Reserve Fleet,,GNERF,692,YJ13HNX,Optare Solo SR Solo SR OM904LA S2100 9 5,Single Deck,Stage Carriage,,MBD,SDD,,,,,,,
Go North East Reserve Fleet,,GNERF,694,YJ13HNZ,Optare Solo SR Solo SR OM904LA S2100 9 5,Single Deck,Stage Carriage,,MBD,SDD,,,,,,,
Go North East Reserve Fleet,,GNERF,695,YJ13HOA,Optare Solo SR Solo SR OM904LA S2100 9 5,Single Deck,Stage Carriage,,MBD,SDD,,,,,,,
Go North East Reserve Fleet,,GNERF,696,YJ13HOH,Optare Solo SR Solo SR OM904LA S2100 9 5,Single Deck,Stage Carriage,,MBD,SDD,,,,,,,
Go North East Reserve Fleet,,GNERF,719,YJ62FME,Optare Solo SR Solo SR OM904LA S2100 9 5,Single Deck,Stage Carriage,,MBD,DDD,,,,,,,
Go North East Reserve Fleet,,GNERF,720,YJ62FYH,Optare Solo SR Solo SR OM904LA S2100 9 5,Single Deck,Stage Carriage,,MBD,DDD,,,,,,,
Go North East Reserve Fleet,,GNERF,722,KY63VTA,Optare Solo SR Solo SR OM904LA S2100 9 5,Single Deck,Stage Carriage,,MBD,DDD,,,,,,,
Go North East Reserve Fleet,,GNERF,724,YJ13HMY,Optare Solo SR Solo SR OM904LA S2100 9 5,Single Deck,Stage Carriage,,MBD,DDD,,,,,,,
Saltmeadows Road Stores,,SMRS,1008,EA60SZW,Ancillary,Ancillary,Ancillary,,AND,AND,,,,,,,
Go North East Reserve Fleet,,GNERF,1033,NA13EKH,Ancillary,Ancillary,Ancillary,,AND,AND,,,,,,,
Go North East Reserve Fleet,,GNERF,1042,EY67WTN,Ancillary,Ancillary,Ancillary,,AND,AND,,,,,,,
Go North East Reserve Fleet,,GNERF,1043,EY67WVC,Ancillary,Ancillary,Ancillary,,AND,AND,,,,,,,
Go North East Reserve Fleet,,GNERF,1044,EY67WTD,Ancillary,Ancillary,Ancillary,,AND,AND,,,,,,,
Go North East Reserve Fleet,,GNERF,1045,EY67WTU,Ancillary,Ancillary,Ancillary,,AND,AND,,,,,,,
Go North East Reserve Fleet,,GNERF,1047,EY67WUP,Ancillary,Ancillary,Ancillary,,AND,AND,,,,,,,
Go North East Reserve Fleet,,GNERF,1048,EY67WUX,Ancillary,Ancillary,Ancillary,,AND,AND,,,,,,,
Go North East Reserve Fleet,,GNERF,1049,EY67WVF,Ancillary,Ancillary,Ancillary,,AND,AND,,,,,,,
Go North East Reserve Fleet,,GNERF,1050,EY67WVK,Ancillary,Ancillary,Ancillary,,AND,AND,,,,,,,
Go North East Reserve Fleet,,GNERF,1051,EY67WVZ,Ancillary,Ancillary,Ancillary,,AND,AND,,,,,,,
Go North East Reserve Fleet,,GNERF,1052,EY67WWF,Ancillary,Ancillary,Ancillary,,AND,AND,,,,,,,
Go North East Reserve Fleet,,GNERF,1053,EY67WWJ,Ancillary,Ancillary,Ancillary,,AND,AND,,,,,,,
Go North East Reserve Fleet,,GNERF,1054,EY67WWO,Ancillary,Ancillary,Ancillary,,AND,AND,,,,,,,
Go North East Reserve Fleet,,GNERF,1055,EY67WXR,Ancillary,Ancillary,Ancillary,,AND,AND,,,,,,,
Go North East Reserve Fleet,,GNERF,1056,EY67WXT,Ancillary,Ancillary,Ancillary,,AND,AND,,,,,,,
Go North East Reserve Fleet,,GNERF,1057,EY67WXU,Ancillary,Ancillary,Ancillary,,AND,AND,,,,,,,
Go North East Reserve Fleet,,GNERF,1058,EY67WXS,Ancillary,Ancillary,Ancillary,,AND,AND,,,,,,,
Go North East Reserve Fleet,,GNERF,1059,EY67WYA,Ancillary,Ancillary,Ancillary,,AND,AND,,,,,,,
Go North East Reserve Fleet,,GNERF,1062,EY67WVM,Ancillary,Ancillary,Ancillary,,AND,AND,,,,,,,
Go North East Reserve Fleet,,GNERF,3201,MX07BPY,Volvo B9TL Eclipse Gemini D9B Ecolife 10.4 4,Double Decker,Stage Carriage,,DDD,DDD,,,,,,,
Go North East Reserve Fleet,,GNERF,3202,MX07BPZ,Volvo B9TL Eclipse Gemini D9B Ecolife 10.4 4,Double Decker,Stage Carriage,,DDD,DDD,,,,,,,
Go North East Reserve Fleet,,GNERF,3983,PJ02PZL,Volvo B7TL Vyking D7C D863.3 10.4 3,Double Decker,Stage Carriage,,DDD,DDD,,,,,,,
Go North East Reserve Fleet,,GNERF,3995,GX03SSZ,Scania N94UD Omnidekka DC902 4HP592 10.8 3 OTC,Double Deck - Open Top Convertible,Stage Carriage,,DDD,DDD,,,,,,,
Go North East Reserve Fleet,,GNERF,3997,REGX591EGK,Volvo B7TL President D7C 5HP502 10 2,Double Decker,Stage Carriage,,DDD,DDD,,,,,,,
Go North East Reserve Fleet,,GNERF,3999,X594EGK,Volvo B7TL President D7C 5HP502 10 2,Double Decker,Stage Carriage,,DDD,DDD,,,,,,,
Go North East Reserve Fleet,,GNERF,4938,NK51OKX,Scania L94UB Solar DC901 4HP502 12 3,Single Deck,Stage Carriage,,SDD,SDD,,,,,,,
Go North East Reserve Fleet,,GNERF,4944,NK51OLH,Scania L94UB Solar DC901 4HP502 12 3,Single Deck,Stage Carriage,,SDD,SDD,,,,,,,
Go North East Reserve Fleet,,GNERF,4947,NK51OLN,Scania L94UB Solar DC901 4HP502 12 3,Single Deck,Stage Carriage,,SDD,SDD,,,,,,,
Go North East Reserve Fleet,,GNERF,4948,NK51OLO,Scania L94UB Solar DC901 4HP502 12 3,Single Deck,Stage Carriage,,SDD,SDD,,,,,,,
Go North East Reserve Fleet,,GNERF,4961,NL52WVS,Scania L94UB Solar DC901 4HP502 12 3,Single Deck,Driver Training,,SDD,SDD,,,,,,,
Go North East Reserve Fleet,,GNERF,4967,NK53UNT,Scania L94UB Solar DC901 4HP502 12 3,Single Deck,Stage Carriage,,SDD,SDD,,,,,,,
Go North East Reserve Fleet,,GNERF,4969,NK53UNV,Scania L94UB Solar DC901 4HP502 12 3,Single Deck,Stage Carriage,,SDD,SDD,,,,,,,
Go North East Reserve Fleet,,GNERF,5201,NK54NUU,Scania L94UB Solar DC901 4HP502 12 3,Single Deck,Stage Carriage,,SDD,SDD,,,,,,,
Go North East Reserve Fleet,,GNERF,5202,NK54NUV,Scania L94UB Solar DC901 4HP502 12 3,Single Deck,Stage Carriage,,SDD,SDD,,,,,,,
Go North East Reserve Fleet,,GNERF,5206,NK54NVA,Scania L94UB Solar DC901 4HP502 12 3,Single Deck,Stage Carriage,,SDD,SDD,,,,,,,
Go North East Reserve Fleet,,GNERF,5213,NK54NVH,Scania L94UB Solar DC901 4HP502 12 3,Single Deck,Stage Carriage,,SDD,SDD,,,,,,,
Go North East Reserve Fleet,,GNERF,5214,NK54NVJ,Scania L94UB Solar DC901 4HP502 12 3,Single Deck,Stage Carriage,,SDD,SDD,,,,,,,
Go North East Reserve Fleet,,GNERF,5215,NK54NVL,Scania L94UB Solar DC901 4HP502 12 3,Single Deck,Stage Carriage,,SDD,SDD,,,,,,,
Go North East Reserve Fleet,,GNERF,5216,NK54NVM,Scania L94UB Solar DC901 4HP502 12 3,Single Deck,Stage Carriage,,SDD,SDD,,,,,,,
Go North East Reserve Fleet,,GNERF,5217,NK54NVN,Scania L94UB Solar DC901 4HP502 12 3,Single Deck,Stage Carriage,,SDD,SDD,,,,,,,
Go North East Reserve Fleet,,GNERF,5221,NK54NVU,Scania L94UB Solar DC901 4HP502 12 3,Single Deck,Stage Carriage,,SDD,SDD,,,,,,,
Go North East Reserve Fleet,,GNERF,5222,NK54NVV,Scania L94UB Solar DC901 4HP502 12 3,Single Deck,Stage Carriage,,SDD,SDD,,,,,,,
Go North East Reserve Fleet,,GNERF,5224,NK54NVX,Scania L94UB Solar DC901 4HP502 12 3,Single Deck,Stage Carriage,,SDD,SDD,,,,,,,
Go North East Reserve Fleet,,GNERF,5227,NK54NWA,Scania L94UB Solar DC901 4HP502 12 3,Single Deck,Stage Carriage,,SDD,SDD,,,,,,,
Go North East Reserve Fleet,,GNERF,5228,NK54NWB,Scania L94UB Solar DC901 4HP502 12 3,Single Deck,Stage Carriage,,SDD,SDD,,,,,,,
Go North East Reserve Fleet,,GNERF,5230,NK55OLH,Scania L94UB Solar DC901 4HP502 12 3,Single Deck,Stage Carriage,,SDD,SDD,,,,,,,
Go North East Reserve Fleet,,GNERF,5236,NK56KHD,Scania CN230UB Omnicity DC916 5HP502 12 4,Single Deck,Stage Carriage,,SDD,SDD,,,,,,,
Go North East Reserve Fleet,,GNERF,5247,NK56KHT,Scania CN230UB Omnicity DC916 5HP502 12 4,Single Deck,Stage Carriage,,SDD,SDD,,,,,,,
Go North East Reserve Fleet,,GNERF,5257,NK56KJJ,Scania CN230UB Omnicity DC916 5HP502 12 4,Single Deck,Stage Carriage,,SDD,SDD,,,,,,,
Go North East Reserve Fleet,,GNERF,5260,NK56KJU,Scania CN230UB Omnicity DC916 5HP502 12 4,Single Deck,Stage Carriage,,SDD,SDD,,,,,,,
Go North East Reserve Fleet,,GNERF,5262,NK56KJX,Scania CN230UB Omnicity DC916 5HP502 12 4,Single Deck,Stage Carriage,,SDD,SDD,,,,,,,
Go North East Reserve Fleet,,GNERF,5283,NK07KPU,Mercedes 0530N Citaro OM906hLA 6HP502 12 5,Single Deck,Stage Carriage,,SDD,SDD,,,,,,,
Go North East Reserve Fleet,,GNERF,5284,NK08CFP,Mercedes 0530N Citaro OM906hLA 6HP502 12 5,Single Deck,Stage Carriage,,SDD,SDD,,,,,,,
Go North East Reserve Fleet,,GNERF,5285,NK08CFU,Mercedes 0530N Citaro OM906hLA 6HP502 12 5,Single Deck,Stage Carriage,,SDD,SDD,,,,,,,
Go North East Reserve Fleet,,GNERF,5286,NK08CFV,Mercedes 0530N Citaro OM906hLA 6HP502 12 5,Single Deck,Stage Carriage,,SDD,SDD,,,,,,,
Go North East Reserve Fleet,,GNERF,5288,NK08CFZ,Mercedes 0530N Citaro OM906hLA 6HP502 12 5,Single Deck,Stage Carriage,,SDD,SDD,,,,,,,
Go North East Reserve Fleet,,GNERF,5290,NK08CGF,Mercedes 0530N Citaro OM906hLA 6HP502 12 5,Single Deck,Stage Carriage,,SDD,SDD,,,,,,,
Go North East Reserve Fleet,,GNERF,5292,NK08CGO,Mercedes 0530N Citaro OM906hLA 6HP502 12 5,Single Deck,Stage Carriage,,SDD,SDD,,,,,,,
Go North East Reserve Fleet,,GNERF,5294,NK08CGV,Mercedes 0530N Citaro OM906hLA 6HP502 12 5,Single Deck,Stage Carriage,,SDD,SDD,,,,,,,
Go North East Reserve Fleet,,GNERF,5295,NK08CGX,Mercedes 0530N Citaro OM906hLA 6HP502 12 5,Single Deck,Stage Carriage,,SDD,SDD,,,,,,,
Go North East Reserve Fleet,,GNERF,5296,NK08CGY,Mercedes 0530N Citaro OM906hLA 6HP502 12 5,Single Deck,Stage Carriage,,SDD,SDD,,,,,,,
Go North East Reserve Fleet,,GNERF,5297,NK08CGZ,Mercedes 0530N Citaro OM906hLA 6HP502 12 5,Single Deck,Stage Carriage,,SDD,SDD,,,,,,,
Go North East Reserve Fleet,,GNERF,5304,NK08CHL,Mercedes 0530N Citaro OM906hLA 6HP502 12 5,Single Deck,Stage Carriage,,SDD,SDD,,,,,,,
Go North East Reserve Fleet,,GNERF,5324,NK58DWA,Mercedes 0530N Citaro OM906hLA 6HP502 12 5,Single Deck,Stage Carriage,,SDD,SDD,,,,,,,
Go North East Reserve Fleet,,GNERF,5325,NK58DWC,Mercedes 0530N Citaro OM906hLA 6HP502 12 5,Single Deck,Stage Carriage,,SDD,SDD,,,,,,,
Go North East Reserve Fleet,,GNERF,5326,NK58DWD,Mercedes 0530N Citaro OM906hLA 6HP502 12 5,Single Deck,Stage Carriage,,SDD,SDD,,,,,,,
Go North East Reserve Fleet,,GNERF,5337,HF06FUA,Mercedes 0530N Citaro OM906hLA 6HP502 12 5,Single Deck,Stage Carriage,,SDD,SDD,,,,,,,
Go North East Reserve Fleet,,GNERF,5338,HF06FUB,Mercedes 0530N Citaro OM906hLA 6HP502 12 5,Single Deck,Stage Carriage,,SDD,SDD,,,,,,,
Go North East Reserve Fleet,,GNERF,5482,HW07CXS,Mercedes 0530N Citaro OM906hLA 5HP502 12 4,Single Deck,Stage Carriage,,SDD,SDD,,,,,,,
Go North East Reserve Fleet,,GNERF,5483,HW07CXT,Mercedes 0530N Citaro OM906hLA 5HP502 12 4,Single Deck,Stage Carriage,,SDD,SDD,,,,,,,
Go North East Reserve Fleet,,GNERF,5489,NK69FBA,ADL Enviro 200 Enviro 200 ISB4.5 D824.6 11.6 6,Single Deck,Stage Carriage,,SDD,SDD,,,,,,,
Go North East Reserve Fleet,,GNERF,5507,YJ62FFB,Optare Versa V1170 Versa ISBe6 S2100 11.7 5,Single Deck,Stage Carriage,,SDD,SDD,,,,,,,
Go North East Reserve Fleet,,GNERF,5508,YJ62FLD,Optare Versa V1170 Versa ISBe6 S2100 11.7 5,Single Deck,Stage Carriage,,SDD,SDD,,,,,,,
Go North East Reserve Fleet,,GNERF,6010,V310LGC,Volvo B7TL President D7C 5HP500 10 2,Double Decker,Stage Carriage,,DDD,DDD,,,,,,,
Go North East Reserve Fleet,,GNERF,6056,NK62CBV,Volvo B5LH Eclipse Gemini 2 D5F AT2412D 10.4 5 EEV,Double Deck - Hybrid,Stage Carriage,,DDH,DDHY,,,,,,,
Go North East Reserve Fleet,,GNERF,6057,NK62CCV,Volvo B5LH Eclipse Gemini 2 D5F AT2412D 10.4 5 EEV,Double Deck - Hybrid,Stage Carriage,,DDH,DDHY,,,,,,,
Go North East Reserve Fleet,,GNERF,6058,NK62CCY,Volvo B5LH Eclipse Gemini 2 D5F AT2412D 10.4 5 EEV,Double Deck - Hybrid,Stage Carriage,,DDH,DDHY,,,,,,,
Go North East Reserve Fleet,,GNERF,6059,NK62CEN,Volvo B5LH Eclipse Gemini 2 D5F AT2412D 10.4 5 EEV,Double Deck - Hybrid,Stage Carriage,,DDH,DDHY,,,,,,,
Go North East Reserve Fleet,,GNERF,6060,NK62CFN,Volvo B5LH Eclipse Gemini 2 D5F AT2412D 10.4 5 EEV,Double Deck - Hybrid,Stage Carriage,,DDH,DDHY,,,,,,,
Go North East Reserve Fleet,,GNERF,6061,NK62CJE,Volvo B5LH Eclipse Gemini 2 D5F AT2412D 10.4 5 EEV,Double Deck - Hybrid,Stage Carriage,,DDH,DDHY,,,,,,,
Go North East Reserve Fleet,,GNERF,6062,NK62CJJ,Volvo B5LH Eclipse Gemini 2 D5F AT2412D 10.4 5 EEV,Double Deck - Hybrid,Stage Carriage,,DDH,DDHY,,,,,,,
Go North East Reserve Fleet,,GNERF,6063,NK62CKC,Volvo B5LH Eclipse Gemini 2 D5F AT2412D 10.4 5 EEV,Double Deck - Hybrid,Stage Carriage,,DDH,DDHY,,,,,,,
Go North East Reserve Fleet,,GNERF,6065,NK62CME,Volvo B5LH Eclipse Gemini 2 D5F AT2412D 10.4 5 EEV,Double Deck - Hybrid,Stage Carriage,,DDH,DDHY,,,,,,,
Go North East Reserve Fleet,,GNERF,6066,NK62CYC,Volvo B5LH Eclipse Gemini 2 D5F AT2412D 10.4 5 EEV,Double Deck - Hybrid,Stage Carriage,,DDH,DDHY,,,,,,,
Go North East Reserve Fleet,,GNERF,6067,NK62CYE,Volvo B5LH Eclipse Gemini 2 D5F AT2412D 10.4 5 EEV,Double Deck - Hybrid,Stage Carriage,,DDH,DDHY,,,,,,,
Go North East Reserve Fleet,,GNERF,6068,NK62CYF,Volvo B5LH Eclipse Gemini 2 D5F AT2412D 10.4 5 EEV,Double Deck - Hybrid,Stage Carriage,,DDH,DDHY,,,,,,,
Go North East Reserve Fleet,,GNERF,6069,NK62CZA,Volvo B5LH Eclipse Gemini 2 D5F AT2412D 10.4 5 EEV,Double Deck - Hybrid,Stage Carriage,,DDH,DDHY,,,,,,,
Go North East Reserve Fleet,,GNERF,6070,NK62CZL,Volvo B5LH Eclipse Gemini 2 D5F AT2412D 10.4 5 EEV,Double Deck - Hybrid,Stage Carriage,,DDH,DDHY,,,,,,,
Go North East Reserve Fleet,,GNERF,6126,GX03SUY,Scania N94UD Omnidekka DC902 4HP592 10.8 3,Double Decker,Stage Carriage,,DDD,DDD,,,,,,,
Go North East Reserve Fleet,,GNERF,6127,GX03SVA,Scania N94UD Omnidekka DC902 4HP592 10.8 3,Double Decker,Stage Carriage,,DDD,SDD,,,,,,,
Go North East Reserve Fleet,,GNERF,6129,GX03SVD,Scania N94UD Omnidekka DC902 4HP592 10.8 3,Double Decker,Stage Carriage,,DDD,DDD,,,,,,,
Go North East Reserve Fleet,,GNERF,6131,YN04GJE,Scania N94UD Omnidekka DC902 4HP592 10.8 3,Double Decker,Stage Carriage,,DDD,DDD,,,,,,,
Go North East Reserve Fleet,,GNERF,6132,YN04GJF,Scania N94UD Omnidekka DC902 4HP592 10.8 3,Double Decker,Stage Carriage,,DDD,DDD,,,,,,,
Go North East Reserve Fleet,,GNERF,6134,YN04GJU,Scania N94UD Omnidekka DC902 4HP592 10.8 3,Double Decker,Stage Carriage,,DDD,DDD,,,,,,,
Go North East Reserve Fleet,,GNERF,6135,YN04GJV,Scania N94UD Omnidekka DC902 4HP592 10.8 3,Double Decker,Stage Carriage,,DDD,DDD,,,,,,,
Go North East Reserve Fleet,,GNERF,6140,YN04GJJ,Scania N94UD Omnidekka DC902 4HP592 10.8 3,Double Decker,Stage Carriage,,DDD,DDD,,,,,,,
Go North East Reserve Fleet,,GNERF,6141,YN04GJY,Scania N94UD Omnidekka DC902 4HP592 10.8 3,Double Decker,Stage Carriage,,DDD,DDD,,,,,,,
Go North East Reserve Fleet,,GNERF,6142,YN04GJZ,Scania N94UD Omnidekka DC902 4HP592 10.8 3,Double Decker,Stage Carriage,,DDD,DDD,,,,,,,
Go North East Reserve Fleet,,GNERF,6143,YN04GKA,Scania N94UD Omnidekka DC902 4HP592 10.8 3,Double Decker,Stage Carriage,,DDD,DDD,,,,,,,
Go North East Reserve Fleet,,GNERF,6146,YN55NFE,Scania N94UD Omnidekka DC902 4HP592 10.8 3,Double Decker,Stage Carriage,,DDD,DDD,,,,,,,
Go North East Reserve Fleet,,GNERF,6147,YN05GZP,Scania N94UD Omnidekka DC902 4HP592 10.8 3,Double Decker,Stage Carriage,,DDD,DDD,,,,,,,
Go North East Reserve Fleet,,GNERF,6148,YN05GZR,Scania N94UD Omnidekka DC902 4HP592 10.8 3,Double Decker,Stage Carriage,,DDD,DDD,,,,,,,
Go North East Reserve Fleet,,GNERF,6162,YN04GJK,Scania N94UD Omnidekka DC902 4HP592 10.8 3 (SCRT Emissions Upgrade to Euro 5),Double Decker,Stage Carriage,,DDD,DDD,,,,,,,
Go North East Reserve Fleet,,GNERF,6163,YN54AOM,Scania N94UD Omnidekka DC902 4HP592 10.8 3 (SCRT Emissions Upgrade to Euro 5),Double Decker,Stage Carriage,,DDD,DDD,,,,,,,
Go North East Reserve Fleet,,GNERF,6164,YN54AOP,Scania N94UD Omnidekka DC902 4HP592 10.8 3 (SCRT Emissions Upgrade to Euro 5),Double Decker,Stage Carriage,,DDD,DDD,,,,,,,
Go North East Reserve Fleet,,GNERF,6165,YN54AOR,Scania N94UD Omnidekka DC902 4HP592 10.8 3 (SCRT Emissions Upgrade to Euro 5),Double Decker,Stage Carriage,,DDD,DDD,,,,,,,
Go North East Reserve Fleet,,GNERF,6166,YN54AOT,Scania N94UD Omnidekka DC902 4HP592 10.8 3 (SCRT Emissions Upgrade to Euro 5),Double Decker,Stage Carriage,,DDD,DDD,,,,,,,
Go North East Reserve Fleet,,GNERF,6167,YN56FFG,Scania N94UD Omnidekka DC902 5HP592 12 3,Double Decker,Stage Carriage,,DDD,DDD,,,,,,,
Go North East Reserve Fleet,,GNERF,6168,YN56FFH,Scania N94UD Omnidekka DC902 5HP592 12 3,Double Decker,Stage Carriage,,DDD,DDD,,,,,,,
Go North East Reserve Fleet,,GNERF,6169,YN56FFJ,Scania N94UD Omnidekka DC902 5HP592 12 3,Double Decker,Stage Carriage,,DDD,DDD,,,,,,,
Go North East Reserve Fleet,,GNERF,6171,YN56FFL,Scania N94UD Omnidekka DC902 5HP592 12 3,Double Decker,Stage Carriage,,DDD,DDD,,,,,,,
Go North East Reserve Fleet,,GNERF,6176,YN56FFS,Scania N94UD Omnidekka DC902 5HP592 12 3,Double Decker,Stage Carriage,,DDD,DDD,,,,,,,
Go North East Reserve Fleet,,GNERF,6178,SN57DFP,Volvo B9TL Eclipse Gemini 2 D9B 6AP1403B Ecolife 10.5 5 EEV,Double Decker,Stage Carriage,,DDD,DDD,,,,,,,
Go North East Reserve Fleet,,GNERF,6666,TESTVEH,Volvo B9R Levante D9B AT2412C 12.5 5,Coach,Stage Carriage,,CD,CD,,,,,,,
Go North East Reserve Fleet,,GNERF,6900,LF52ZNR,Volvo B7TL Eclipse Gemini D7C D863.3E 10.1 3,Double Decker,Private Hire,,DDD,DDD,,,,,,,
Go North East Reserve Fleet,,GNERF,6919,LX06ECD,Volvo B7TL Eclipse Gemini D7C D863.4E 10.1 3,Double Decker,Stage Carriage,,DDD,DDD,,,,,,,
Go North East Reserve Fleet,,GNERF,6920,LX54GYV,Volvo B7TL President D7C 5HP502 10 3,Double Decker,Stage Carriage,,DDD,DDD,,,,,,,
Go North East Reserve Fleet,,GNERF,6921,LX54GYW,Volvo B7TL President D7C 5HP502 10 3,Double Decker,Stage Carriage,,DDD,DDD,,,,,,,
Go North East Reserve Fleet,,GNERF,6935,X508EGK,Volvo B7TL President D7C 5HP502 10 2,Double Decker,Stage Carriage,,DDD,DDD,,,,,,,
Go North East Reserve Fleet,,GNERF,6953,LX08ECC,ADL Enviro 400 Enviro 400 ISBe4 5HP502 10.1 4 (SCRT Emissions Upgrade to Euro 6),Double Decker,Stage Carriage,,DDD,DDD,,,,,,,
Go North East Reserve Fleet,,GNERF,6997,LJ51DJZ,DAF DB250 Plaxton President ISBe4 DIWA851.3 10.5 6,Double Deck - Open Top,Stage Carriage,,DDD-OT,DDD,,,,,,,
Go North East Reserve Fleet,,GNERF,6998,LJ51DKF,DAF DB250 Plaxton President ISBe4 DIWA851.3 10.5 6,Double Deck - Open Top,Stage Carriage,,DDD-OT,DDD,,,,,,,
Go North East Reserve Fleet,,GNERF,6999,LJ51DKV,DAF DB250 Plaxton President ISBe4 DIWA851.3 10.5 6,Double Deck - Open Top,Stage Carriage,,DDD-OT,DDD,,,,,,,
Go North East Reserve Fleet,,GNERF,7099,FJ08KMU,Scania K340EB Levante DC1210 6HP604 14.2 4,Coach,Contract Work,,CD,CD,,,,,,,
Go North East Reserve Fleet,,GNERF,7101,FJ08KNV,Scania K340EB Levante DC1210 6HP604 14.2 4,Coach,Contract Work,,CD,CD,,,,,,,
Go North East Reserve Fleet,,GNERF,7152,XL09NCL,Volvo B11R Elite Interdeck DC11C370 6AP2000B 15 5,Coach Interdeck,Scheduled Coach (Commercial Services),,CD,CD,,,,,,,
Go North East Reserve Fleet,,GNERF,8297,NK09FUV,Optare Versa V1110 Versa ISBe6 S2100 11.1 4,Single Deck,Stage Carriage,,SDD,SDD,,,,,,,
Go North East Reserve Fleet,,GNERF,8301,NK09FVB,Optare Versa V1110 Versa ISBe6 S2100 11.1 4,Single Deck,Stage Carriage,,SDD,SDD,,,,,,,
Go North East Reserve Fleet,,GNERF,8305,NK09FVF,Optare Versa V1110 Versa ISBe6 S2100 11.1 4,Single Deck,Stage Carriage,,SDD,SDD,,,,,,,
Go North East Reserve Fleet,,GNERF,8306,NK09FVG,Optare Versa V1110 Versa ISBe6 S2100 11.1 4,Single Deck,Stage Carriage,,SDD,SDD,,,,,,,
Go North East Reserve Fleet,,GNERF,8307,NK09FVH,Optare Versa V1110 Versa ISBe6 S2100 11.1 4,Single Deck,Stage Carriage,,SDD,SDD,,,,,,,
Go North East Reserve Fleet,,GNERF,8308,NK09FVJ,Optare Versa V1110 Versa ISBe6 S2100 11.1 4,Single Deck,Stage Carriage,,SDD,SDD,,,,,,,
Go North East Reserve Fleet,,GNERF,8309,NK09FVL,Optare Versa V1110 Versa ISBe6 S2100 11.1 4,Single Deck,Stage Carriage,,SDD,SDD,,,,,,,
Go North East Reserve Fleet,,GNERF,8310,NK10GNY,Optare Versa V1110 Versa ISBe6 S2100 11.1 5,Single Deck,Stage Carriage,,SDD,SDD,,,,,,,
Go North East Reserve Fleet,,GNERF,8311,NK10GNZ,Optare Versa V1110 Versa ISBe6 S2100 11.1 5,Single Deck,Stage Carriage,,SDD,SDD,,,,,,,
Go North East Reserve Fleet,,GNERF,8312,NK10GOA,Optare Versa V1110 Versa ISBe6 S2100 11.1 5,Single Deck,Stage Carriage,,SDD,SDD,,,,,,,
Go North East Reserve Fleet,,GNERF,8319,NK11FXB,Optare Versa V1110 Versa ISBe6 S2100 11.1 5,Single Deck,Stage Carriage,,SDD,SDD,,,,,,,
Go North East Reserve Fleet,,GNERF,8329,NK11HDN,Optare Versa V1110 Versa ISBe6 S2100 11.1 5,Single Deck,Stage Carriage,,SDD,SDD,,,,,,,
Go North East Reserve Fleet,,GNERF,8331,NK11HJX,Optare Versa V1110 Versa ISBe6 S2100 11.1 5,Single Deck,Stage Carriage,,SDD,SDD,,,,,,,
Go North East Reserve Fleet,,GNERF,8332,NK11HJC,Optare Versa V1110 Versa ISBe6 S2100 11.1 5,Single Deck,Stage Carriage,,SDD,SDD,,,,,,,
Go North East Reserve Fleet,,GNERF,8333,NK11HJV,Optare Versa V1110 Versa ISBe6 S2100 11.1 5,Single Deck,Stage Carriage,,SDD,SDD,,,,,,,
Go North East Reserve Fleet,,GNERF,8336,NK11HJG,Optare Versa V1110 Versa ISBe6 S2100 11.1 5,Single Deck,Stage Carriage,,SDD,SDD,,,,,,,
Go North East Reserve Fleet,,GNERF,8337,NK11HKP,Optare Versa V1110 Versa ISBe6 S2100 11.1 5,Single Deck,Stage Carriage,,SDD,SDD,,,,,,,
Go North East Reserve Fleet,,GNERF,8338,NK11HKT,Optare Versa V1110 Versa ISBe6 S2100 11.1 5,Single Deck,Stage Carriage,,SDD,SDD,,,,,,,
Go North East Reserve Fleet,,GNERF,8347,YD63UZN,Optare Versa V1110 Versa ISBe6 S2100 11.1 5,Single Deck,Stage Carriage,,SDD,SDD,,,,,,,
Go North East Reserve Fleet,,GNERF,9052,KX58BGY,ADL Enviro 200 Enviro 200 ISBe4 S2000 8.9 4,Single Deck,Stage Carriage,,SDD,SDD,,,,,,,
Go North East Reserve Fleet,,GNERF,637,NK12HCD,Optare Solo SR Solo SR OM904LA S2100 9 5 (SCRT Emisssions Upgrade to Euro 6),Single Deck,Stage Carriage,,SDD,,,,,,,,
Go North East Reserve Fleet,,GNERF,8889 RENTAL,WV21XMA,Ancillary,Ancillary,Ancillary,,AND,AND,,,,,,,
,,,,,,,,,,,,,,,,,
,,,,,,,,,,,,,,,,,
,,,,,,,,,,,,,,,,,
,,,,,,,,,,,,,,,,,
,,,,,,,,,,,,,,,,,
,,,,,,,,,,,,,,,,,
,,,,,,,,,,,,,,,,,
,,,,,,,,,,,,,,,,,
,,,,,,,,,,,,,,,,,
,,,,,,,,,,,,,,,,,
,,,,,,,,,,,,,,,,,
,,,,,,,,,,,,,,,,,
,,,,,,,,,,,,,,,,,
,,,,,,,,,,,,,,,,,
,,,,,,,,,,,,,,,,,
,,,,,,,,,,,,,,,,,
,,,,,,,,,,,,,,,,,
,,,,,,,,,,,,,,,,,
,,,,,,,,,,,,,,,,,
,,,,,,,,,,,,,,,,,
,,,,,,,,,,,,,,,,,
,,,,,,,,,,,,,,,,,
,,,,,,,,,,,,,,,,,
,,,,,,,,,,,,,,,,,
,,,,,,,,,,,,,,,,,
,,,,,,,,,,,,,,,,,
,,,,,,,,,,,,,,,,,
,,,,,,,,,,,,,,,,,
,,,,,,,,,,,,,,,,,
,,,,,,,,,,,,,,,,,
,,,,,,,,,,,,,,,,,
,,,,,,,,,,,,,,,,,
,,,,,,,,,,,,,,,,,
,,,,,,,,,,,,,,,,,
,,,,,,,,,,,,,,,,,
,,,,,,,,,,,,,,,,,
,,,,,,,,,,,,,,,,,
,,,,,,,,,,,,,,,,,
,,,,,,,,,,,,,,,,,
,,,,,,,,,,,,,,,,,
,,,,,,,,,,,,,,,,,
,,,,,,,,,,,,,,,,,
,,,,,,,,,,,,,,,,,
,,,,,,,,,,,,,,,,,
,,,,,,,,,,,,,,,,,
,,,,,,,,,,,,,,,,,
,,,,,,,,,,,,,,,,,
,,,,,,,,,,,,,,,,,
,,,,,,,,,,,,,,,,,
,,,,,,,,,,,,,,,,,
,,,,,,,,,,,,,,,,,
,,,,,,,,,,,,,,,,,
,,,,,,,,,,,,,,,,,
,,,,,,,,,,,,,,,,,
,,,,,,,,,,,,,,,,,
,,,,,,,,,,,,,,,,,
,,,,,,,,,,,,,,,,,
,,,,,,,,,,,,,,,,,
,,,,,,,,,,,,,,,,,
,,,,,,,,,,,,,,,,,
,,,,,,,,,,,,,,,,,
,,,,,,,,,,,,,,,,,
,,,,,,,,,,,,,,,,,
,,,,,,,,,,,,,,,,,
,,,,,,,,,,,,,,,,,
,,,,,,,,,,,,,,,,,
,,,,,,,,,,,,,,,,,
,,,,,,,,,,,,,,,,,
,,,,,,,,,,,,,,,,,
,,,,,,,,,,,,,,,,,
,,,,,,,,,,,,,,,,,
,,,,,,,,,,,,,,,,,
,,,,,,,,,,,,,,,,,
,,,,,,,,,,,,,,,,,
,,,,,,,,,,,,,,,,,
,,,,,,,,,,,,,,,,,
,,,,,,,,,,,,,,,,,
,,,,,,,,,,,,,,,,,
,,,,,,,,,,,,,,,,,
,,,,,,,,,,,,,,,,,
,,,,,,,,,,,,,,,,,
,,,,,,,,,,,,,,,,,
,,,,,,,,,,,,,,,,,
,,,,,,,,,,,,,,,,,
,,,,,,,,,,,,,,,,,
,,,,,,,,,,,,,,,,,
,,,,,,,,,,,,,,,,,
,,,,,,,,,,,,,,,,,
,,,,,,,,,,,,,,,,,
,,,,,,,,,,,,,,,,,
,,,,,,,,,,,,,,,,,
,,,,,,,,,,,,,,,,,
,,,,,,,,,,,,,,,,,
,,,,,,,,,,,,,,,,,
,,,,,,,,,,,,,,,,,
,,,,,,,,,,,,,,,,,
,,,,,,,,,,,,,,,,,
,,,,,,,,,,,,,,,,,
,,,,,,,,,,,,,,,,,
,,,,,,,,,,,,,,,,,
,,,,,,,,,,,,,,,,,
,,,,,,,,,,,,,,,,,
,,,,,,,,,,,,,,,,,
,,,,,,,,,,,,,,,,,
,,,,,,,,,,,,,,,,,
,,,,,,,,,,,,,,,,,
,,,,,,,,,,,,,,,,,
,,,,,,,,,,,,,,,,,